user,avg_login_hour,login_variance,avg_logout_hour,logout_variance,avg_session_hours,max_session_hours,min_session_hours,session_variance,total_logins,working_days,avg_logins_per_day,unique_pcs,primary_pc,primary_pc_percentage,device_switches,night_login_count,offhour_percentage,weekend_logins,weekday_logins,first_login,last_login,anomaly_score,anomaly
DTAA/CGM0994,11.29666274817137,6.5146438745368815,12.798347701149424,6.72567587730692,1.8121218652037616,11.321111111111112,0.0002777777777777,3.6337023178469927,2552,345,7.397101449275362,935,PC-3883,13.518808777429468,2551,549,61.71630094043887,0,2552,2010-01-04 07:34:58,2011-05-13 18:28:08,-0.2883445095956564,Anomaly
DTAA/DSM0990,11.668666399143929,6.5355357315838285,13.156413857677904,6.884289695888242,1.8826391118245047,11.311388888888889,0.0083333333333333,3.697323195199237,2492,346,7.202312138728324,886,PC-4863,14.92776886035313,2483,525,50.0,1,2491,2010-01-04 03:26:35,2011-05-13 23:16:06,-0.2828031164862542,Anomaly
DTAA/JCC0998,11.573279785809907,6.669615525451457,12.78831325301205,6.652278833586989,1.5813481704596162,9.315833333333334,0.0083333333333333,2.99872826445193,2490,345,7.217391304347826,881,PC-2843,13.855421686746988,2488,519,63.77510040160642,0,2490,2010-01-04 04:20:52,2011-05-13 22:56:24,-0.28059350036413977,Anomaly
DTAA/BJM0992,11.40812610409023,6.567539242024265,12.435908411468947,6.737505172009128,1.4583341260134983,8.3075,0.0083333333333333,2.673671397648615,2453,345,7.110144927536232,866,PC-2364,14.145943742356298,2452,539,49.123522217692624,0,2453,2010-01-04 01:57:30,2011-05-13 23:29:54,-0.2768897500099119,Anomaly
DTAA/ARS0993,11.589217330538084,6.630742104628168,12.99590496156534,6.745220502644336,1.769133240158398,10.320277777777775,0.0086111111111111,3.401072464132153,2385,345,6.913043478260869,856,PC-3965,14.507337526205449,2382,496,63.9832285115304,0,2385,2010-01-04 06:46:51,2011-05-13 23:46:33,-0.2759091284631018,Anomaly
DTAA/CLB0995,11.362356916287409,6.608313824373263,12.646393600882638,6.565782237737967,1.6119536385785869,9.31861111111111,0.0083333333333333,3.0343140801487163,2417,345,7.005797101449275,851,PC-2437,14.273893256102609,2416,501,64.29458005792304,0,2417,2010-01-04 02:01:26,2011-05-13 21:44:09,-0.2750676934624844,Anomaly
DTAA/CRC0996,11.63407898370616,6.535682193055372,13.03142087821044,6.996097172862767,1.9040071803369232,11.288611111111113,0.0097222222222222,3.732433267138345,2414,345,6.9971014492753625,859,PC-1046,14.374482187241094,2412,506,50.28997514498757,0,2414,2010-01-04 02:39:10,2011-05-13 19:49:44,-0.2738509232056924,Anomaly
DTAA/CLN0999,11.641697241473029,6.4151762995383175,13.220865606740048,6.902096184887227,1.872750600172125,11.305,0.0083333333333333,3.710358660739145,2453,345,7.110144927536232,869,PC-2365,14.105177333876886,2452,507,49.28658785161028,0,2453,2010-01-04 03:16:08,2011-05-13 20:07:15,-0.2738509232056924,Anomaly
DTAA/KEE0997,11.562955465587043,6.472022951645471,12.62114709851552,6.468633226623271,1.447089968511021,8.3075,0.0058333333333333,2.661650504720303,2470,345,7.159420289855072,917,PC-3083,14.048582995951415,2467,506,54.33198380566802,0,2470,2010-01-04 00:10:37,2011-05-13 23:06:21,-0.27372531964474556,Anomaly
DTAA/ELD1000,11.59482782087927,6.661254817183532,12.880624744793794,6.760928034619906,1.599509323533415,9.30861111111111,0.0083333333333333,3.016415495545007,2449,345,7.098550724637681,877,PC-3390,14.16904859126174,2448,521,51.77623519804002,0,2449,2010-01-04 08:22:09,2011-05-13 22:28:40,-0.2722276044585421,Anomaly
DTAA/IRC0991,11.907822410147991,6.450459184941247,12.67215644820296,6.597630106495735,1.078741367159972,9.286111111111111,0.0083333333333333,1.862236155485236,2365,345,6.855072463768116,872,PC-1118,14.587737843551796,2363,507,53.02325581395348,0,2365,2010-01-04 03:04:45,2011-05-13 20:10:22,-0.27202055252388857,Anomaly
DTAA/JTT0989,11.441975308641975,6.522482842321105,12.797002743484224,6.462516037650093,1.601949702789209,9.303611111111111,0.0083333333333333,3.02079321373474,2430,345,7.043478260869565,866,PC-0989,14.238683127572015,2429,491,62.34567901234568,0,2430,2010-01-04 07:08:27,2011-05-13 18:57:55,-0.26666805879721744,Anomaly
DTAA/NDS0490,9.852088078967348,3.389408484009193,19.020690964312838,5.360770275212233,9.823981270564415,12.305833333333334,0.0563888888888888,4.348590699222872,439,353,1.2436260623229465,37,PC-2549,90.8883826879271,80,35,13.66742596810934,7,432,2010-01-04 09:30:19,2011-05-13 21:39:47,-0.14552777225563085,Anomaly
DTAA/CDZ0056,11.56591052299937,3.912201201407617,15.193163201008192,4.563409057128637,4.398417349296366,10.302222222222222,0.0116666666666666,2.970758984819103,529,354,1.4943502824858756,66,PC-4052,77.50472589792061,229,35,24.57466918714556,9,520,2010-01-04 10:59:25,2011-05-13 17:30:16,-0.13881438367246024,Anomaly
DTAA/BFO0974,7.219545454545456,3.5535095996028305,16.419545454545453,4.320959078168111,10.073694444444444,11.273333333333332,0.0638888888888888,2.8865779967566656,110,98,1.1224489795918366,1,PC-2099,100.0,0,7,100.0,0,110,2010-01-04 06:37:06,2010-05-20 17:54:49,-0.13837175997344653,Anomaly
DTAA/AJC0399,13.144444444444446,3.3249210667473146,15.502,4.217854015075972,3.9566259259259264,10.374444444444444,0.0633333333333333,2.857090001961276,75,49,1.530612244897959,20,PC-1746,74.66666666666667,36,1,9.333333333333334,0,75,2010-01-04 14:21:29,2010-03-11 17:53:15,-0.12495603213297113,Anomaly
DTAA/LJR0772,8.343861788617886,3.628851773135894,17.273739837398374,4.496544158551402,9.632449864498644,11.305555555555555,0.0086111111111111,3.389768828365224,410,354,1.1581920903954803,18,PC-3780,95.85365853658536,34,28,95.85365853658536,9,401,2010-01-04 07:52:22,2011-05-13 18:45:43,-0.11396042268256645,Anomaly
DTAA/AFF0760,10.87892156862745,3.690361721055404,15.175735294117649,4.179295720366219,4.649362745098039,9.175555555555556,0.1497222222222222,2.2808765234583723,68,61,1.1147540983606556,2,PC-2804,98.52941176470588,2,6,27.94117647058824,2,66,2010-01-04 12:01:26,2010-03-25 16:31:44,-0.11102612132017575,Anomaly
DTAA/MRL0518,7.810416666666667,1.0945265420511647,15.128645833333334,1.372745687870229,7.316901041666667,8.241111111111111,0.3013888888888889,2.2114824271592317,32,29,1.103448275862069,4,PC-2827,90.625,5,0,90.625,0,32,2010-01-04 07:37:58,2010-02-11 15:37:12,-0.10942812665899226,Anomaly
DTAA/HDB0655,8.407772435897435,1.5528685231074155,14.13261217948718,1.52674431913743,5.724760950854701,7.307222222222222,0.0438888888888888,2.651516697619738,208,166,1.2530120481927711,35,PC-2605,79.8076923076923,83,0,79.8076923076923,0,208,2010-01-04 07:39:29,2010-08-26 14:47:02,-0.1030762575731271,Anomaly
DTAA/BTW0973,11.143795620437958,4.242847963014926,15.817680454176802,4.900662769686797,5.7840362260070295,10.283888888888889,0.0530555555555555,2.433380851089736,411,355,1.1577464788732394,1,PC-4462,100.0,0,41,33.81995133819951,10,401,2010-01-04 12:57:12,2011-05-13 17:41:23,-0.0979804642950548,Normal
DTAA/PJL0320,11.236253894080996,3.9486640277941367,16.367406542056074,5.020526442921986,6.4766251298027,11.31,0.0605555555555555,2.945332764654886,428,356,1.202247191011236,22,PC-1233,94.39252336448598,48,32,32.94392523364486,10,418,2010-01-04 12:47:43,2011-05-13 18:29:26,-0.09728101812890866,Normal
DTAA/HCG0731,11.91139630390144,4.05265704117931,15.824366872005475,4.894593510948463,4.947812000912617,10.283055555555556,0.0091666666666666,2.9515203730524693,487,354,1.3757062146892656,54,PC-4643,85.21560574948666,141,37,14.37371663244353,8,479,2010-01-04 12:31:37,2011-05-13 18:20:45,-0.09667220850464309,Normal
DTAA/COS0121,11.530072463768114,3.853977816651292,13.682806324110672,4.107468277577352,3.575842116820378,11.969722222222222,0.0152777777777777,2.463903280428166,506,349,1.4498567335243553,62,PC-0462,82.01581027667984,176,19,27.27272727272727,4,502,2010-01-04 12:04:11,2011-05-13 15:15:19,-0.09097550834606527,Normal
DTAA/IRH0176,12.59043209876543,2.466055937167593,18.69691358024691,2.17137870314567,6.107145061728393,11.223055555555556,0.0016666666666666,3.2952569087433967,54,44,1.2272727272727273,11,PC-4706,81.48148148148148,20,0,1.851851851851852,0,54,2010-01-04 12:12:59,2010-03-04 19:26:06,-0.09005186979247815,Normal
DTAA/CWG0305,12.530616382806166,3.872020760300373,18.28434712084347,5.096846325490215,6.62977561503109,11.317222222222222,0.0475,2.9666082996392085,411,354,1.1610169491525424,14,PC-1107,96.83698296836984,26,28,13.381995133819952,8,403,2010-01-04 09:16:15,2011-05-13 20:19:06,-0.08708684206221262,Normal
DTAA/LKY0181,12.794301994301998,3.326577321832182,15.302136752136752,4.004772977564057,4.149169040835707,9.440555555555555,0.2788888888888889,2.0244270551643004,117,103,1.135922330097087,1,PC-2856,100.0,0,1,11.11111111111111,0,117,2010-01-04 13:19:31,2010-05-28 03:09:15,-0.08696711719104133,Normal
DTAA/FKR0550,11.050143369175627,3.857312397944932,14.311648745519712,4.236792347122751,4.242173835125448,9.301388888888887,0.0047222222222222,2.5217156696049865,465,354,1.3135593220338984,53,PC-2469,86.23655913978494,122,26,27.09677419354839,9,456,2010-01-04 11:01:45,2011-05-13 16:01:52,-0.08398461099100862,Normal
DTAA/DDK0417,12.374519549370444,3.5083912036695404,16.41464546056991,4.238346755986938,4.708429423459245,10.258055555555556,0.005,3.075768357386702,503,349,1.4412607449856734,70,PC-0980,77.13717693836978,226,23,8.548707753479125,4,499,2010-01-04 12:28:30,2011-05-14 06:12:50,-0.08357187106307684,Normal
DTAA/BIR0534,11.687851997380484,3.458455835785438,14.753700065487884,4.019969829867732,4.009410609037327,10.563055555555556,0.0211111111111111,2.6606831519354546,509,351,1.4501424501424502,63,PC-1834,77.79960707269156,220,25,22.98624754420432,5,504,2010-01-04 12:34:34,2011-05-14 05:01:17,-0.08236500724238804,Normal
DTAA/HTS0265,9.370568927789936,3.860103570909136,15.518745441283734,4.554481082988645,7.303357038657914,10.613611111111112,0.0438888888888888,3.226131986863808,457,348,1.3132183908045978,40,PC-1744,89.71553610503283,94,34,14.22319474835886,3,454,2010-01-04 08:32:35,2011-05-13 17:28:00,-0.07797428807178186,Normal
DTAA/CHA0174,12.277531857813546,3.382772212054009,15.55784708249497,3.980713741571944,3.85979767493852,9.444722222222222,0.0161111111111111,2.637244741310343,497,350,1.42,72,PC-2751,78.26961770623743,209,22,8.853118712273641,4,493,2010-01-04 12:27:38,2011-05-13 17:32:14,-0.0764437918647336,Normal
DTAA/SRN0275,11.617056074766356,3.3680067982950086,18.07834890965732,4.622150064651465,6.853757139148494,12.274722222222222,0.0619444444444444,3.401309315359294,428,353,1.2124645892351276,41,PC-3531,88.3177570093458,97,23,16.355140186915886,7,421,2010-01-04 11:58:58,2011-05-14 06:18:12,-0.07474018853770703,Normal
DTAA/SJC0487,8.610823970037453,2.436439935599584,17.279700374531835,2.6399380547742792,8.66905243445693,11.305833333333334,0.0138888888888888,4.408366875131078,445,345,1.289855072463768,70,PC-0996,77.52808988764045,198,0,78.65168539325843,0,445,2010-01-04 07:36:48,2011-05-13 18:29:53,-0.07470665356851369,Normal
DTAA/DFZ0063,12.215683865683864,3.869764466791112,14.411998361998362,3.742124376245123,3.375438847938848,12.862222222222222,0.0816666666666666,2.3044335349182297,407,352,1.15625,8,PC-4442,98.28009828009829,14,25,12.776412776412776,7,400,2010-01-04 12:24:55,2011-05-14 02:26:46,-0.07272250217814558,Normal
DTAA/QKR0651,9.41433734939759,2.4615745158070217,19.50602409638554,2.668454737574133,10.091125167336012,12.324444444444444,0.0125,4.336953746048047,415,345,1.2028985507246377,48,PC-4881,83.13253012048193,139,0,3.132530120481928,0,415,2010-01-04 08:23:21,2011-05-13 20:38:26,-0.07127473495387404,Normal
DTAA/LBB0095,12.58611683848797,2.5126328517436134,17.994054982817865,2.908784241522416,5.407492554410081,11.2975,0.0225,3.643816540184816,485,345,1.4057971014492754,99,PC-2780,71.1340206185567,259,0,2.268041237113402,0,485,2010-01-04 13:22:31,2011-05-13 19:28:34,-0.07110477530149506,Normal
DTAA/MIC0914,12.446957403651115,3.204247968208474,16.650135226504393,3.8588471336901673,4.592361392832997,10.281666666666666,0.0055555555555555,2.9950858336600974,493,348,1.4166666666666667,74,PC-3326,76.26774847870182,231,18,6.288032454361055,3,490,2010-01-04 13:39:16,2011-05-13 18:25:40,-0.0699372313271529,Normal
DTAA/BBM0499,8.851367890568753,2.298587003645811,16.47649388048956,2.5704133967526266,7.624652027837773,10.323611111111113,0.0066666666666666,4.144233945160775,463,345,1.3420289855072465,63,PC-4683,74.51403887688986,236,0,75.16198704103671,0,463,2010-01-04 07:45:33,2011-05-13 17:40:32,-0.06821027449569173,Normal
DTAA/HNF0812,11.88888888888889,2.020332781570057,15.448456790123457,1.907821983262188,3.558855452674897,8.268611111111111,0.0338888888888888,2.337751666781685,108,88,1.2272727272727273,21,PC-4760,81.48148148148148,39,0,0.0,0,108,2010-01-04 10:56:41,2010-05-06 16:13:02,-0.06816674462069006,Normal
DTAA/KAD0059,11.37629716981132,3.872412532641659,15.198820754716982,4.452525740789375,4.727986111111111,11.568055555555556,0.0080555555555555,2.4521628245145446,424,353,1.2011331444759208,14,PC-4031,96.69811320754717,28,36,32.78301886792453,8,416,2010-01-04 12:28:02,2011-05-13 16:42:37,-0.0679888754100606,Normal
DTAA/CTH0856,8.474543946932007,3.566656975053544,14.793656716417908,4.057131207957394,7.333616639027087,11.982222222222225,0.0463888888888888,2.1023389105800074,402,352,1.1420454545454546,1,PC-4677,100.0,0,28,61.19402985074627,7,395,2010-01-04 07:54:06,2011-05-13 15:58:52,-0.06672340171152358,Normal
DTAA/WTA0867,8.025396825396827,2.8432533323677904,15.021252204585537,3.122262713480704,7.630185920047031,10.847777777777775,0.0577777777777777,1.6180329591831508,378,352,1.0738636363636365,1,PC-1522,100.0,0,18,100.0,7,371,2010-01-04 07:51:26,2011-05-13 15:53:50,-0.0665249935038601,Normal
DTAA/JRM0902,7.992361111111111,0.105750043303136,16.05763888888889,0.0804545009995021,8.064293981481482,8.2575,7.819444444444445,0.1424148326625772,24,24,1.0,1,PC-0517,100.0,0,0,50.0,0,24,2010-01-04 07:53:09,2010-02-04 15:59:49,-0.06649440407661833,Normal
DTAA/NHL0253,12.12514367816092,2.9192380895070014,14.35305316091954,2.932288763395623,2.640903376436781,10.92388888888889,0.0,2.13003495034044,464,352,1.318181818181818,60,PC-3339,81.89655172413794,163,17,6.896551724137931,7,457,2010-01-04 13:34:24,2011-05-13 15:39:51,-0.06536735141640648,Normal
DTAA/PUH0847,7.806607744107744,3.7847397667481135,13.852819865319866,3.7884989238139415,7.439553872053873,10.798333333333334,0.1405555555555555,1.8741039868025584,396,346,1.1445086705202312,1,PC-2550,100.0,0,22,98.48484848484848,1,395,2010-01-04 07:09:30,2011-05-13 14:55:46,-0.06494731229801332,Normal
DTAA/NDH0807,12.11103752759382,2.071212641244003,16.010706401766004,2.467198399422774,3.8984565857247975,9.293888888888889,0.1105555555555555,2.631421967809522,151,112,1.3482142857142858,33,PC-3527,74.17218543046357,77,0,0.0,0,151,2010-01-04 08:21:36,2010-06-10 17:19:48,-0.06441029892361916,Normal
DTAA/CTF0687,8.62419627749577,2.8281834132724946,17.24505076142132,4.499355045694436,9.107304709531869,10.304444444444444,0.0286111111111111,2.621757677655751,394,353,1.1161473087818696,1,PC-2959,100.0,0,32,12.436548223350254,8,386,2010-01-04 08:39:35,2011-05-13 18:53:35,-0.064259583895388,Normal
DTAA/PCM0846,11.86048387096774,3.793501871616432,17.139400921658986,4.9713598834862,5.997450716845878,11.309166666666666,0.0422222222222222,2.9558034327103058,434,351,1.2364672364672364,24,PC-1898,94.23963133640552,49,36,14.97695852534562,5,429,2010-01-04 09:25:16,2011-05-13 19:19:15,-0.0639788948113934,Normal
DTAA/GKC0919,7.57108108108108,2.4476454225348734,18.522522522522525,3.3661660262073254,11.341116366366364,12.312222222222225,0.0047222222222222,2.667557147569465,370,346,1.069364161849711,9,PC-3647,97.83783783783784,16,9,97.83783783783784,1,369,2010-01-04 07:20:07,2011-05-13 19:16:02,-0.06391517464408392,Normal
DTAA/AFG0122,8.653566229985444,1.9590394432213611,15.590720524017463,2.378806791346801,6.937555191654536,9.321944444444444,0.0022222222222222,3.702812353203154,458,345,1.327536231884058,74,PC-4492,75.32751091703057,226,0,75.54585152838428,0,458,2010-01-04 07:45:01,2011-05-13 16:40:20,-0.06369066524658817,Normal
DTAA/DLM0723,8.755639913232104,2.103026231400604,15.631995661605204,2.308263880916237,6.876274403470716,9.325833333333334,0.0013888888888888,3.736536530690488,461,345,1.336231884057971,68,PC-0290,74.83731019522777,232,0,75.92190889370933,0,461,2010-01-04 07:54:02,2011-05-13 16:53:12,-0.06107756561208788,Normal
DTAA/MND0048,10.884803921568627,1.95088846049794,15.019607843137257,0.0677277412881024,4.135457516339869,8.179166666666667,2.214722222222222,1.9310431921534972,34,34,1.0,1,PC-4163,100.0,0,0,17.647058823529413,0,34,2010-01-04 12:51:42,2010-02-18 15:02:55,-0.060666524531746036,Normal
DTAA/ASO0023,11.44873188405797,3.604253950060481,14.116630434782609,3.848769322162964,3.816314009661836,12.59722222222222,0.0227777777777777,2.457862850605203,460,347,1.3256484149855907,45,PC-3990,86.52173913043478,122,23,27.608695652173918,2,458,2010-01-04 12:08:19,2011-05-13 15:48:03,-0.06060729576834922,Normal
DTAA/RBY0065,8.0148369132856,2.808647142401737,16.102028639618137,3.291480148589051,8.488444709626094,10.306944444444444,0.0344444444444444,3.454793613374122,419,349,1.2005730659025788,44,PC-2214,87.58949880668257,104,12,88.54415274463007,4,415,2010-01-04 07:08:03,2011-05-14 04:35:48,-0.05982425040618122,Normal
DTAA/DWF0128,12.91186274509804,2.0965677770830604,17.069117647058825,2.1249424030286184,4.157040849673202,9.292777777777776,0.0380555555555555,2.6651631169813537,170,131,1.297709923664122,35,PC-0346,77.05882352941177,77,0,0.0,0,170,2010-01-04 15:06:03,2010-07-08 18:04:50,-0.059608267442838536,Normal
DTAA/KIN0073,8.70302037845706,2.036320753612875,15.627074235807862,2.3227499649719623,6.923915574963611,9.300555555555556,0.0063888888888888,3.708850601615131,458,345,1.327536231884058,69,PC-3757,75.32751091703057,225,0,76.63755458515283,0,458,2010-01-04 07:37:24,2011-05-13 16:45:42,-0.059507978589612875,Normal
DTAA/JMM0759,12.60738592420727,3.70734120142604,15.103209590100542,4.3183594161055545,3.776855503995875,11.22222222222222,0.0352777777777777,2.1723555208103686,431,354,1.2175141242937852,22,PC-3490,94.89559164733178,44,23,14.849187935034802,8,423,2010-01-04 12:19:47,2011-05-14 00:56:38,-0.058830540777037976,Normal
DTAA/DAO0613,7.604889975550122,2.059779068125522,15.68797881010595,2.444903248814572,8.083681744091278,10.3225,0.0033333333333333,3.8618278989755535,409,325,1.2584615384615383,59,PC-4598,79.46210268948656,168,0,82.64058679706602,0,409,2010-01-04 06:49:04,2011-04-14 16:41:06,-0.05871825152983223,Normal
DTAA/WCN0570,7.507322551662174,1.9082162687735291,17.832165318957774,3.0356023314884517,10.389788110212638,11.3075,0.0338888888888888,2.435952794425225,371,349,1.0630372492836675,8,PC-3651,98.1132075471698,14,16,98.1132075471698,4,367,2010-01-04 07:21:55,2011-05-13 18:32:06,-0.0585303277018594,Normal
DTAA/HNS0858,11.80716440422323,4.026684136910026,15.117760180995472,4.562146323127279,4.559148441427853,9.484444444444444,0.0208333333333333,2.377278202310702,442,350,1.262857142857143,31,PC-3790,93.21266968325791,60,35,21.04072398190045,5,437,2010-01-04 13:57:47,2011-05-13 17:02:16,-0.057171319652141506,Normal
DTAA/RAH0968,9.304944178628388,3.2859687669874837,16.388237639553427,3.920102223538608,7.771976342371079,10.022222222222222,0.0769444444444444,2.9673755827573287,418,354,1.1807909604519775,31,PC-3119,92.58373205741628,62,22,10.047846889952153,9,409,2010-01-04 08:54:49,2011-05-13 17:45:28,-0.05640954582345015,Normal
DTAA/DIS0382,11.846227867590454,4.137453907021785,14.676250962278676,4.334265822228297,3.9383339748524495,9.945833333333333,0.04,2.2738627395771345,433,351,1.2336182336182335,15,PC-2501,96.53579676674366,30,32,23.556581986143183,6,427,2010-01-04 12:07:18,2011-05-14 05:16:52,-0.05475324654718028,Normal
DTAA/CIB0489,8.991666666666665,0.1022886257751221,19.0625,0.0416666666666671,10.069375,10.143611111111111,9.886388888888888,0.1227650770622112,4,4,1.0,1,PC-4452,100.0,0,0,0.0,0,4,2010-01-04 08:55:46,2010-01-07 19:03:20,-0.053537172500677355,Normal
DTAA/UGW0223,7.4875,0.0866491484978387,16.528409090909093,0.0775579757688134,9.0416351010101,9.305555555555555,8.832777777777778,0.1094598589583776,44,44,1.0,1,PC-3346,100.0,0,0,100.0,0,44,2010-01-04 07:34:43,2010-03-04 16:37:56,-0.05347989154965116,Normal
DTAA/CGM0343,11.676570048309175,2.390035029258675,16.932367149758452,3.0410186009631115,5.25610248447205,11.29527777777778,0.0077777777777777,3.4757087795503367,483,345,1.4,89,PC-3039,71.42857142857143,266,0,14.699792960662524,0,483,2010-01-04 12:54:51,2011-05-13 18:33:33,-0.051916575655802544,Normal
DTAA/AQG0678,11.760109289617484,1.986144103368046,15.669672131147538,1.3150956844619217,3.90971766848816,8.185,0.1227777777777777,2.1918268506778125,122,112,1.0892857142857142,11,PC-1127,91.8032786885246,20,0,10.655737704918032,0,122,2010-01-04 13:07:20,2010-06-10 16:06:53,-0.051065896748375916,Normal
DTAA/EMR0242,8.75255795363709,3.4825755004533923,15.800599520383694,4.420586104130034,7.911604050093258,9.313888888888888,0.0133333333333333,2.6672126309654494,417,351,1.188034188034188,13,PC-1306,97.12230215827336,24,32,14.388489208633093,5,412,2010-01-04 08:39:44,2011-05-13 17:37:55,-0.05029978423593218,Normal
DTAA/SMC0139,9.055311355311355,2.261017620428444,16.785347985347986,2.5580746533745105,7.7302857142857135,10.296388888888888,0.0116666666666666,4.097504885730474,455,345,1.318840579710145,74,PC-0577,75.82417582417582,219,0,37.582417582417584,0,455,2010-01-04 08:01:54,2011-05-13 17:58:50,-0.05014862052814406,Normal
DTAA/SJH0588,12.136004784688996,3.854044790197413,17.665271132376393,5.105209383493088,6.276258639021797,11.286666666666669,0.0180555555555555,2.8064439552224454,418,350,1.1942857142857144,20,PC-2512,94.97607655502392,42,32,12.91866028708134,4,414,2010-01-04 08:45:31,2011-05-13 19:54:33,-0.05003630942678372,Normal
DTAA/MCH0530,10.736099585062242,3.0118596644347235,14.459405255878284,3.18470502553855,4.221081143384048,9.317777777777778,0.0122222222222222,2.8136113702819454,482,346,1.393063583815029,79,PC-4577,76.34854771784232,222,6,25.72614107883817,0,482,2010-01-04 06:49:10,2011-05-13 15:48:16,-0.04834471915453187,Normal
DTAA/IKH0904,12.393236714975846,3.7424902878297273,15.614906832298136,4.386332823431563,4.315364044168392,10.131944444444445,0.0155555555555555,2.706141991547535,483,350,1.38,56,PC-3664,83.22981366459628,161,26,11.801242236024844,3,480,2010-01-04 12:32:54,2011-05-13 17:45:14,-0.047939940529470815,Normal
DTAA/CTH0082,8.915713101160863,3.303662384546354,17.931177446102822,4.903568240200838,9.850940436705365,11.303055555555556,0.0680555555555555,3.086624719713571,402,347,1.15850144092219,9,PC-4582,98.0099502487562,16,28,12.18905472636816,2,400,2010-01-04 08:43:11,2011-05-13 19:47:25,-0.04787895327364633,Normal
DTAA/EOS0972,11.908194444444444,3.724043389757028,14.829270833333334,4.333000394123897,4.121343171296297,11.272222222222222,0.0036111111111111,2.586170582972785,480,348,1.3793103448275863,56,PC-4981,83.75,152,22,25.416666666666664,3,477,2010-01-04 07:53:54,2011-05-13 16:46:18,-0.04780905921450984,Normal
DTAA/JHN0241,10.963194444444444,2.1086776035965817,17.278472222222224,0.0681854473732804,6.315729166666666,10.188888888888888,3.883333333333333,2.0940361052830005,24,24,1.0,1,PC-2064,100.0,0,0,20.833333333333336,0,24,2010-01-04 11:24:10,2010-02-04 17:13:25,-0.04534892987574235,Normal
DTAA/AKS0283,12.479148471615725,3.5500690970059985,16.923034934497817,4.226725729182391,4.914726467734109,10.2925,0.0113888888888888,2.7750919203561044,458,352,1.3011363636363635,45,PC-3049,85.1528384279476,133,24,9.82532751091703,7,451,2010-01-04 14:25:31,2011-05-13 18:41:55,-0.044987355161582365,Normal
DTAA/YJJ0129,8.106225831399845,2.097013820372928,16.248453209590103,2.386223147437992,8.141330239752513,10.321111111111112,0.0025,3.8195989778882975,431,345,1.2492753623188406,59,PC-0075,80.04640371229699,172,0,82.13457076566125,0,431,2010-01-04 07:07:16,2011-05-13 17:10:29,-0.04497388154809456,Normal
DTAA/RTH0376,8.249242424242425,0.0914959329982851,18.266287878787875,0.0677707638942239,10.017948232323231,10.298333333333334,9.823611111111113,0.1090836208953921,44,44,1.0,1,PC-0763,100.0,0,0,0.0,0,44,2010-01-04 08:06:21,2010-03-04 18:10:43,-0.04492368266192581,Normal
DTAA/AJP0553,9.462871674491392,3.4459231299815998,17.224647887323943,4.119667344100945,8.493718049034952,10.313888888888888,0.0013888888888888,3.3701996540587675,426,348,1.2241379310344829,39,PC-1270,90.84507042253522,78,23,10.7981220657277,3,423,2010-01-04 08:54:23,2011-05-13 22:48:47,-0.043480496102053956,Normal
DTAA/CSR0189,7.542602262837249,3.239065435820696,15.187293298520451,3.439599470306956,8.396636930664346,10.286111111111111,0.0202777777777777,2.1354845178147133,383,346,1.106936416184971,5,PC-3494,98.9556135770235,8,16,98.69451697127938,1,382,2010-01-04 07:08:16,2011-05-13 16:06:45,-0.04325465805766038,Normal
DTAA/BGW0009,8.994915254237286,0.1056477120172702,17.02994350282486,0.0660009622750693,8.035494350282486,8.26,7.826944444444444,0.1020905243876436,59,59,1.0,1,PC-0292,100.0,0,0,0.0,0,59,2010-01-04 09:06:35,2010-03-25 17:08:10,-0.042892386489157275,Normal
DTAA/AJA0220,11.378341194968552,3.8377715219553976,14.8437106918239,4.369620270970694,4.823413915094339,11.366666666666667,0.0816666666666666,2.34240867010661,424,353,1.2011331444759208,18,PC-3872,95.75471698113208,36,29,29.009433962264158,6,418,2010-01-04 11:45:54,2011-05-13 16:32:25,-0.0426801977036001,Normal
DTAA/KJG0378,8.63123188405797,1.8373894997143216,14.782246376811596,2.0055198041880504,6.151038647342996,8.318888888888889,0.0011111111111111,3.288880145470248,460,345,1.3333333333333333,66,PC-4895,75.0,229,0,75.43478260869566,0,460,2010-01-04 07:52:10,2011-05-13 15:50:21,-0.04260206743956785,Normal
DTAA/ARC0677,12.942686682063124,2.447286677296752,19.77609699769053,2.8873257850698697,6.833599563767,12.298055555555557,0.0105555555555555,3.671930544634604,433,345,1.255072463768116,61,PC-0465,79.67667436489607,173,0,2.771362586605081,0,433,2010-01-04 14:42:53,2011-05-13 21:07:08,-0.04229537784688697,Normal
DTAA/IAG0152,7.961974977658624,2.1919593891151146,18.020151921358355,3.817734321194736,10.380038725052133,11.318333333333332,0.1175,2.403028932493592,373,350,1.0657142857142856,1,PC-3521,100.0,0,20,58.71313672922251,5,368,2010-01-04 07:58:03,2011-05-13 19:02:23,-0.040620294715482896,Normal
DTAA/VNM0127,8.671180555555555,2.570170970447118,18.333723958333334,4.449147507116408,10.162297453703705,11.301944444444445,0.025,2.7051324049248544,384,350,1.0971428571428572,1,PC-3456,100.0,0,24,10.15625,5,379,2010-01-04 08:37:54,2011-05-13 19:44:23,-0.03968579617291468,Normal
DTAA/RLC0442,7.847814910025708,3.5309418487251216,15.135689802913454,3.810517152261146,8.39878391888032,9.310555555555556,0.0558333333333333,2.0252499925946985,389,346,1.1242774566473988,1,PC-1467,100.0,0,21,99.74293059125964,1,388,2010-01-04 07:23:36,2011-05-13 16:11:31,-0.03941993042341441,Normal
DTAA/AGW0182,11.5125,2.865067686957268,16.03184027777778,3.2690392258181538,4.819043402777778,10.306944444444444,0.0102777777777777,3.181471581924982,480,346,1.3872832369942196,66,PC-4531,75.41666666666667,231,6,21.45833333333333,1,479,2010-01-04 12:35:11,2011-05-13 17:33:39,-0.039404092043764716,Normal
DTAA/PJS0809,10.307622173595917,2.238296861972126,18.006053975200583,2.562387698105788,7.698095672258692,10.31611111111111,0.0027777777777777,4.119299960408555,457,345,1.3246376811594205,63,PC-0823,75.49234135667396,224,0,0.437636761487965,0,457,2010-01-04 09:14:19,2011-05-13 19:10:54,-0.039131666706476054,Normal
DTAA/SDC0032,11.961623325453113,4.050914873615954,15.421079590228526,4.503664059255748,4.707989887050171,9.32,0.0222222222222222,2.3228098171966614,423,350,1.2085714285714286,18,PC-3081,95.74468085106383,36,26,23.64066193853428,5,418,2010-01-04 07:51:09,2011-05-14 04:17:20,-0.038138041184039184,Normal
DTAA/TKH0211,11.353690186536902,4.006950334538264,16.67169505271695,4.88211634637249,6.486458502297919,11.275277777777776,0.0422222222222222,2.7860370415189166,411,350,1.1742857142857144,14,PC-0719,96.35036496350364,30,26,30.900243309002438,5,406,2010-01-04 07:28:45,2011-05-14 04:59:02,-0.03689776437241943,Normal
DTAA/XCB0445,8.433947583947583,2.4178724763662336,16.834889434889433,2.82911988119895,8.637034534534534,10.727222222222222,0.0091666666666666,3.3984927632612663,407,346,1.176300578034682,50,PC-2710,87.46928746928747,100,6,87.96068796068795,1,406,2010-01-04 07:47:39,2011-05-13 17:50:26,-0.03665126404558228,Normal
DTAA/SXH0895,6.923978201634879,0.8338124171925702,13.565395095367847,0.9807024884212088,6.64134574629125,7.295277777777778,0.0547222222222222,1.551418829785125,367,345,1.063768115942029,19,PC-4647,94.00544959128064,44,0,95.36784741144416,0,367,2010-01-04 06:51:23,2011-05-13 13:51:18,-0.03653231009005309,Normal
DTAA/BAF0379,9.010689655172412,3.16198923441702,15.786283524904212,3.791413697450382,7.493236909323117,9.543888888888889,0.0111111111111111,3.1847691126954687,435,348,1.25,40,PC-3645,88.04597701149424,104,20,8.735632183908045,3,432,2010-01-04 08:12:29,2011-05-13 17:18:55,-0.03618235795853797,Normal
DTAA/OLR0984,6.498401826484018,0.0992950008411463,17.535159817351598,0.0698142935576035,11.037064307458143,11.294166666666667,10.765555555555556,0.1201559797049181,146,146,1.0,1,PC-0846,100.0,0,0,100.0,0,146,2010-01-04 06:35:41,2010-07-29 17:32:09,-0.03594443608572073,Normal
DTAA/SSV0560,7.993851132686085,0.0979359504377121,19.03106796116505,0.0765560634305409,11.037230312837108,11.281666666666666,10.768888888888888,0.1328639184683993,103,103,1.0,1,PC-1609,100.0,0,0,49.51456310679612,0,103,2010-01-04 07:56:27,2010-05-27 19:03:37,-0.03586586221574506,Normal
DTAA/AIB0797,11.921641156462584,3.579832652240333,17.98873299319728,4.661984761270295,6.6181462585034,11.283333333333331,0.0797222222222222,2.4842872023105547,392,348,1.1264367816091954,1,PC-4147,100.0,0,32,11.989795918367346,3,389,2010-01-04 14:15:37,2011-05-14 06:11:32,-0.03480352908415596,Normal
DTAA/SHR0025,11.644575303354744,3.2120030873760728,15.3406852248394,3.666023575629351,4.15940697121104,9.3125,0.0383333333333333,2.6537177247328154,467,351,1.3304843304843306,60,PC-0288,81.37044967880087,170,22,14.346895074946469,5,462,2010-01-04 07:57:29,2011-05-13 17:05:01,-0.03444108526281742,Normal
DTAA/IJJ0342,7.241164658634538,0.0981998318442471,17.270481927710843,0.0759013275626841,10.030763052208837,10.30861111111111,9.790277777777778,0.122182765275663,83,83,1.0,1,PC-3239,100.0,0,0,100.0,0,83,2010-01-04 07:23:13,2010-04-29 17:11:31,-0.03389638052207866,Normal
DTAA/JHD0512,11.98051391862955,3.421246767543833,16.503640256959315,3.976854060368552,5.036874256483464,10.291666666666666,0.0044444444444444,3.107347509955225,467,351,1.3304843304843306,57,PC-2683,82.01284796573876,164,18,8.137044967880087,6,461,2010-01-04 09:17:41,2011-05-13 18:22:31,-0.03309383288728096,Normal
DTAA/SES0660,8.515789473684212,0.0985189215721137,17.528070175438597,0.0711572401552412,9.01358187134503,9.272222222222222,8.823333333333334,0.1197360027135672,19,19,1.0,1,PC-2111,100.0,0,0,0.0,0,19,2010-01-04 08:39:24,2010-01-28 17:31:34,-0.03188833454952078,Normal
DTAA/BNW0850,7.99203431372549,0.0962457184503257,19.030514705882357,0.0644557827528548,11.038966503267972,11.303611111111111,10.813055555555556,0.1094150839603602,136,136,1.0,1,PC-2260,100.0,0,0,52.20588235294118,0,136,2010-01-04 08:00:29,2010-07-15 19:02:52,-0.03172600737001763,Normal
DTAA/LMJ0323,7.724299065420562,0.0891751266730116,17.78130841121495,0.0780968020096823,10.057505192107996,10.275277777777776,9.806944444444444,0.1234496447447399,107,107,1.0,1,PC-2875,100.0,0,0,100.0,0,107,2010-01-04 07:36:08,2010-06-03 17:44:58,-0.031562076471689515,Normal
DTAA/VAH0262,13.318089430894307,2.3068467025156463,20.29577235772358,2.597020373237621,6.977568428184282,12.307222222222222,0.0480555555555555,3.385466038059586,410,345,1.1884057971014492,51,PC-1398,84.14634146341463,129,0,2.9268292682926838,0,410,2010-01-04 13:45:07,2011-05-13 21:22:43,-0.03117359669569153,Normal
DTAA/SAM0954,9.281213450292398,1.727567654742843,15.501059941520468,2.0895421263382605,6.2194377436647175,8.328888888888889,0.0219444444444444,3.236065120875513,456,345,1.3217391304347823,76,PC-3599,75.6578947368421,222,0,0.0,0,456,2010-01-04 08:23:54,2011-05-13 16:32:51,-0.030663166593598135,Normal
DTAA/WOT0549,11.58943181818182,3.3373499043556984,14.133295454545454,3.5387487866509524,3.689286616161616,12.28138888888889,0.0011111111111111,2.313832990758085,440,345,1.2753623188405796,47,PC-0304,87.5,108,15,22.954545454545457,0,440,2010-01-04 13:11:59,2011-05-13 15:34:25,-0.030324799246990275,Normal
DTAA/ODW0839,9.311232876712328,1.5432036697057585,20.71986301369863,1.494592556640481,11.4085700152207,12.314166666666669,0.0280555555555555,2.637351603991756,365,345,1.0579710144927537,19,PC-1940,94.52054794520548,40,0,1.36986301369863,0,365,2010-01-04 08:51:39,2011-05-13 20:56:14,-0.028009997188596203,Normal
DTAA/SAH0192,12.527011494252871,3.9308129598747295,15.483949096880131,4.093545761787654,4.197914614121511,10.908611111111112,0.0702777777777777,2.311819198692904,406,350,1.16,1,PC-4079,100.0,0,19,14.285714285714285,5,401,2010-01-04 12:45:39,2011-05-13 16:27:01,-0.027954590004133695,Normal
DTAA/WFL0495,11.520348837209305,2.2527506847366587,17.053197674418602,1.710398323383748,5.533428617571059,10.243333333333334,0.0508333333333333,2.67963767566914,172,151,1.1390728476821192,22,PC-2899,87.79069767441861,42,0,18.023255813953487,0,172,2010-01-04 07:23:34,2010-08-05 17:27:45,-0.027134928007513937,Normal
DTAA/MSV0506,11.601364764267991,4.121805956208376,16.31645988420182,4.3409170259304055,5.906650124069479,10.318055555555556,0.0247222222222222,2.4119638384104127,403,351,1.148148148148148,1,PC-3240,100.0,0,22,33.49875930521092,5,398,2010-01-04 11:11:29,2011-05-14 04:59:36,-0.026675118279921195,Normal
DTAA/VMM0309,8.920643528561097,1.919296833156086,15.056941431670282,2.0007115332590844,6.1364220294046765,8.303888888888888,0.0105555555555555,3.273264446022457,461,345,1.336231884057971,69,PC-0574,74.83731019522777,231,0,36.22559652928417,0,461,2010-01-04 07:50:08,2011-05-13 16:08:00,-0.02664532283039922,Normal
DTAA/OYR0801,11.991304347826086,4.027096254152912,17.110346215781,4.910569978357271,6.62574409554482,11.29527777777778,0.0091666666666666,2.7214070357717657,414,349,1.186246418338109,12,PC-0088,97.10144927536231,24,24,22.70531400966184,4,410,2010-01-04 13:21:51,2011-05-13 18:55:16,-0.026481582161693162,Normal
DTAA/RES0962,7.430436607892527,1.337473320049379,14.494374475230895,1.5773453069758925,7.064187657430731,8.323055555555555,0.0225,2.54361406501004,397,345,1.1507246376811595,43,PC-3736,86.90176322418137,104,0,88.16120906801007,0,397,2010-01-04 06:59:32,2011-05-13 15:02:57,-0.026297120673972163,Normal
DTAA/TRT0979,7.475983436853001,0.0935199904450189,15.536542443064182,0.0771118309473307,8.06101966873706,8.315277777777778,7.7652777777777775,0.1270819435883236,161,161,1.0,1,PC-1846,100.0,0,0,100.0,0,161,2010-01-04 07:27:55,2010-08-19 15:38:57,-0.025292618153691104,Normal
DTAA/DCC0600,8.403066989507668,1.9219064466082785,16.852905569007262,2.429657563062587,8.449510357815443,10.328333333333331,0.0013888888888888,3.6018056978124835,413,345,1.1971014492753622,62,PC-4072,83.53510895883777,131,0,84.26150121065376,0,413,2010-01-04 07:42:17,2011-05-13 17:46:36,-0.024979031300417565,Normal
DTAA/AMA0191,11.116266666666665,3.306807647144136,18.19537777777778,4.036815238619013,7.654937037037037,12.299166666666666,0.0444444444444444,2.460933600922741,375,349,1.0744985673352436,1,PC-4736,100.0,0,18,24.0,4,371,2010-01-04 13:17:22,2011-05-13 19:20:38,-0.023670325755612787,Normal
DTAA/PDB0413,8.508333333333335,0.0923774416795904,17.549242424242422,0.0770880353021866,9.04005681818182,9.285,8.798333333333334,0.1304985660918516,44,44,1.0,1,PC-3571,100.0,0,0,0.0,0,44,2010-01-04 08:38:33,2010-03-04 17:25:14,-0.023650732265799834,Normal
DTAA/AJB0016,13.06201095461659,2.3449508765031832,19.752895148669797,2.522421176539744,6.691141105894627,12.300277777777778,0.0011111111111111,3.453322584096608,426,345,1.2347826086956522,56,PC-1116,80.98591549295774,154,0,3.051643192488263,0,426,2010-01-04 08:49:29,2011-05-13 20:42:14,-0.023286560093553677,Normal
DTAA/SOM0478,9.045833333333334,1.3701262965779375,14.788618827160493,1.6990150675670943,5.7423135288065845,7.307777777777778,0.0036111111111111,2.6198844361241527,432,345,1.2521739130434784,59,PC-3348,79.86111111111111,174,0,0.0,0,432,2010-01-04 08:26:36,2011-05-13 15:39:38,-0.02251779516817043,Normal
DTAA/MZW0111,8.094955609362389,1.5634777775746198,14.899677158999191,1.6057873532606366,6.8046139359698685,8.321944444444444,0.0005555555555555,2.8068917971145715,413,345,1.1971014492753622,50,PC-0698,83.53510895883777,136,0,84.98789346246973,0,413,2010-01-04 07:32:52,2011-05-13 15:28:44,-0.02244809767920064,Normal
DTAA/NHH0566,10.659957264957264,3.9515701973687447,15.245641025641024,4.387452842733798,6.12365527065527,10.295555555555556,0.0630555555555555,2.312611041246124,390,348,1.1206896551724137,1,PC-1651,100.0,0,13,31.794871794871792,3,387,2010-01-04 10:46:50,2011-05-14 01:13:26,-0.021912542398797585,Normal
DTAA/SAE0683,7.496780303030303,0.0970463528484416,17.541856060606058,0.0728893875926988,10.04453914141414,10.3125,9.771666666666668,0.123640965200849,88,88,1.0,1,PC-0827,100.0,0,0,100.0,0,88,2010-01-04 07:39:42,2010-05-06 17:34:58,-0.021447363252097507,Normal
DTAA/JCS0873,10.947004219409283,3.7688314757112096,13.97523206751055,3.646190004155405,4.000452180028129,8.832777777777778,0.0322222222222222,2.114373347412366,395,345,1.144927536231884,1,PC-1560,100.0,0,20,27.34177215189873,0,395,2010-01-04 06:53:56,2011-05-13 14:42:23,-0.020517264753558306,Normal
DTAA/TPC0102,11.696179039301311,3.0246717222604524,15.307023289665212,3.4261469114486505,4.134890223192625,10.445833333333333,0.0116666666666666,2.5705519063293125,458,352,1.3011363636363635,56,PC-1945,81.6593886462882,163,15,20.087336244541483,5,453,2010-01-04 07:51:41,2011-05-13 16:54:06,-0.020170639821758374,Normal
DTAA/JLL0301,8.715452261306533,2.7566837189998,17.15309882747069,3.62112298257268,8.859549832495812,10.307222222222222,0.0591666666666666,3.0636630860374305,398,350,1.1371428571428572,26,PC-0807,93.71859296482413,50,14,7.035175879396985,5,393,2010-01-04 08:20:17,2011-05-13 23:40:21,-0.019841357475579358,Normal
DTAA/JHC0703,8.678212290502794,1.1447678650808035,20.296415270018624,1.3923461466924714,11.617946927374303,12.315277777777778,0.0563888888888888,2.167247626512637,358,345,1.03768115942029,11,PC-2149,96.36871508379888,26,0,0.5586592178770949,0,358,2010-01-04 08:29:03,2011-05-13 20:27:57,-0.019484522092778955,Normal
DTAA/NAT0252,9.244213836477988,0.0964219973631716,21.289811320754715,0.0745565314811958,12.046122641509433,12.308055555555557,11.765,0.1249097885093185,265,265,1.0,1,PC-1796,100.0,0,0,0.0,0,265,2010-01-04 09:17:07,2011-01-20 21:15:19,-0.019201919107456167,Normal
DTAA/RBC0583,13.336814814814815,2.6108458283473843,17.25459259259259,2.943078508231121,4.290966666666667,10.631666666666666,0.0063888888888888,2.75061086448854,450,347,1.2968299711815563,62,PC-1380,79.77777777777779,176,5,3.111111111111111,2,448,2010-01-04 13:42:44,2011-05-13 18:36:44,-0.019193834999083004,Normal
DTAA/XIN0791,8.049861111111111,1.8823885632443471,18.459027777777777,2.8849301849313784,10.675672839506174,11.315833333333334,0.1122222222222222,1.7804770125650011,360,349,1.0315186246418335,1,PC-2332,100.0,0,10,52.77777777777778,4,356,2010-01-04 08:06:29,2011-05-13 19:03:33,-0.01804783134137322,Normal
DTAA/ZAB0889,11.86186224489796,3.6808093934052057,16.65174319727891,4.292529272246574,5.830809948979591,10.301944444444445,0.0186111111111111,2.317921741636941,392,351,1.1168091168091168,1,PC-2844,100.0,0,23,21.428571428571427,6,386,2010-01-04 07:58:05,2011-05-13 18:08:01,-0.01804746745032304,Normal
DTAA/BTH0004,11.942735042735045,1.904180197662361,18.04002849002849,0.0713867773348528,6.0965360873694205,10.26388888888889,4.045,1.910175057970389,117,117,1.0,1,PC-2468,100.0,0,0,5.128205128205128,0,117,2010-01-04 12:46:47,2010-06-17 18:05:39,-0.01802975544515706,Normal
DTAA/DGM0240,13.187859195402298,2.073530975952131,17.184231321839082,2.1897545501291145,3.996648706896552,9.30888888888889,0.0305555555555555,2.6854626812199567,464,345,1.344927536231884,72,PC-3547,74.35344827586206,226,0,0.0,0,464,2010-01-04 09:23:50,2011-05-13 18:21:44,-0.017560775381831317,Normal
DTAA/JGC0775,11.10921375921376,3.713535226638064,16.58235053235053,4.579975526602656,6.416918509418508,11.295555555555556,0.0097222222222222,2.8099649375800992,407,348,1.1695402298850577,18,PC-2680,95.82309582309584,34,24,28.746928746928745,3,404,2010-01-04 11:12:46,2011-05-13 18:22:24,-0.017309437298087982,Normal
DTAA/DJW0368,11.915899403239557,3.6905130909109136,15.962958226768968,4.030174616227176,4.906537368570617,10.140277777777778,0.0180555555555555,2.181928389197229,391,350,1.1171428571428572,1,PC-2518,100.0,0,20,20.971867007672635,5,386,2010-01-04 13:40:18,2011-05-13 16:59:54,-0.016979766034940336,Normal
DTAA/BMM0247,8.555405405405406,1.3762938305332106,17.97612612612613,1.3584994062994602,9.420888030888031,10.328888888888889,0.1044444444444444,2.376166298506873,259,243,1.0658436213991769,17,PC-3084,93.82239382239382,32,0,0.0,0,259,2010-01-04 08:20:16,2010-12-16 18:22:15,-0.016629773335093412,Normal
DTAA/AMA0606,7.528958333333333,1.5483607265432469,15.383874999999998,1.7865019160370073,7.855440277777777,9.309722222222222,0.0091666666666666,2.9745957892004284,400,345,1.1594202898550725,41,PC-1514,86.25,110,0,87.75,0,400,2010-01-04 06:56:46,2011-05-13 16:06:56,-0.0164069903597982,Normal
DTAA/JAH0544,12.097449712643678,3.6543475670732577,16.379094827586208,4.1127608744816095,5.05701089559387,10.498611111111112,0.0025,2.8365007231034123,464,349,1.329512893982808,51,PC-4081,84.91379310344827,139,22,18.53448275862069,2,462,2010-01-04 13:22:03,2011-05-13 17:59:06,-0.015955572547030172,Normal
DTAA/JBL0450,8.99027409372237,2.6812067056957947,17.832714412024757,4.0799191001960535,9.415064102564104,10.29861111111111,0.0827777777777777,2.155520206560382,377,349,1.0802292263610316,1,PC-2338,100.0,0,21,8.488063660477453,4,373,2010-01-04 09:04:25,2011-05-13 19:05:48,-0.015542018155918047,Normal
DTAA/DMR0377,12.115236051502148,2.27542800817439,17.544670958512157,2.9230950518959893,5.429129113018599,11.312777777777775,0.0019444444444444,3.3705944071908465,466,345,1.3507246376811597,67,PC-2173,74.0343347639485,231,0,7.081545064377683,0,466,2010-01-04 13:50:28,2011-05-13 18:59:14,-0.015192292905109817,Normal
DTAA/ACH0803,8.164841849148418,1.8217420102451596,16.671451743714517,2.2174596847959744,8.506652473641525,10.321111111111112,0.0122222222222222,3.511293528178486,411,345,1.191304347826087,48,PC-4334,83.94160583941606,132,0,84.91484184914842,0,411,2010-01-04 07:27:37,2011-05-13 17:26:06,-0.01508264840707585,Normal
DTAA/CJG0638,13.049490538573506,2.008805011943781,16.28245997088792,2.051610224073585,3.233107714701601,8.322222222222223,0.0088888888888888,2.319577609071609,458,345,1.327536231884058,72,PC-2542,75.32751091703057,218,0,0.0,0,458,2010-01-04 14:55:11,2011-05-13 17:16:48,-0.014565293697541781,Normal
DTAA/KSP0927,9.074937965260546,2.746466993350127,16.472828784119105,3.2707220814988776,7.9938544251447485,9.957222222222224,0.0211111111111111,2.711838236429608,403,349,1.154727793696275,35,PC-2221,91.3151364764268,70,10,5.707196029776675,4,399,2010-01-04 08:31:10,2011-05-13 17:27:57,-0.013488100634872269,Normal
DTAA/JCC0140,12.444974692697036,2.2691092829046258,17.91876355748373,2.750539989015152,5.4736828151361765,11.261944444444444,0.0047222222222222,3.339042565266884,461,345,1.336231884057971,62,PC-2950,74.83731019522777,227,0,0.6507592190889371,0,461,2010-01-04 11:52:50,2011-05-13 19:18:06,-0.013422493909401534,Normal
DTAA/JHA0404,10.413757183908046,2.114566150478129,14.4433908045977,2.1898980269455888,4.02966415229885,9.304722222222225,0.0005555555555555,2.6958080466355634,464,345,1.344927536231884,72,PC-3676,74.35344827586206,229,0,18.96551724137931,0,464,2010-01-04 09:54:57,2011-05-13 15:37:32,-0.012773963251959009,Normal
DTAA/BAM0466,8.374653739612189,1.810099430753776,19.88240997229917,0.8393380383176636,11.50805324715297,12.296944444444444,0.0825,2.4417280195917823,361,345,1.046376811594203,17,PC-3011,95.56786703601108,32,0,45.15235457063712,0,361,2010-01-04 07:58:16,2011-05-13 20:05:19,-0.012547713540979277,Normal
DTAA/CHS0324,11.448308580858086,3.4718249185651904,15.415552805280528,3.727975964820879,4.739696094609461,10.30861111111111,0.0286111111111111,2.2634832909286056,404,351,1.150997150997151,15,PC-3251,96.53465346534654,28,21,25.99009900990099,6,398,2010-01-04 11:45:52,2011-05-13 16:38:32,-0.010387501593803083,Normal
DTAA/HCM0681,10.991138211382117,1.9579316617676383,13.74808943089431,1.4126450930028602,2.7570006775067744,7.315277777777778,0.0433333333333333,2.065450389350386,410,345,1.1884057971014492,48,PC-3591,84.14634146341463,127,0,17.560975609756095,0,410,2010-01-04 12:21:01,2011-05-13 14:15:05,-0.01037105945989969,Normal
DTAA/LCK0666,11.930871670702178,2.379005733128797,18.978087167070218,2.743105887172616,7.047337906914178,12.306666666666668,0.0061111111111111,3.492102992064048,413,345,1.1971014492753622,49,PC-3245,83.53510895883777,134,0,8.958837772397095,0,413,2010-01-04 13:25:49,2011-05-13 20:09:56,-0.010033852651932684,Normal
DTAA/TLB0017,9.003802588996763,1.338388266964481,14.99389158576052,1.4073186782807086,5.990307443365696,7.321944444444444,0.0280555555555555,2.398993502971528,412,345,1.1942028985507247,49,PC-0053,83.7378640776699,134,0,0.0,0,412,2010-01-04 08:22:00,2011-05-13 15:35:40,-0.010013799438880588,Normal
DTAA/AJN0804,11.9242784992785,2.349452205374803,17.377417027417028,2.864971141742314,5.453330327080327,11.319166666666666,0.0066666666666666,3.370611245209028,462,345,1.3391304347826087,71,PC-0585,74.67532467532467,225,0,14.71861471861472,0,462,2010-01-04 07:38:41,2011-05-13 18:46:55,-0.00988647187611047,Normal
DTAA/GML0105,12.944781144781144,2.4747432676146914,17.511503928170598,2.6872134775827514,4.72725495697718,9.258333333333333,0.0222222222222222,2.320167245279035,297,265,1.120754716981132,24,PC-0268,92.25589225589226,46,5,3.0303030303030303,0,297,2010-01-04 14:20:56,2011-01-20 18:20:02,-0.009514562772689916,Normal
DTAA/NSP0910,8.961523588553751,1.693851161102071,15.50707656612529,1.8095767523943729,6.545803686517143,8.315833333333334,0.0216666666666666,3.0160808721511723,431,345,1.2492753623188406,58,PC-4479,80.04640371229699,172,0,0.0,0,431,2010-01-04 08:21:08,2011-05-13 16:12:10,-0.008078266440518012,Normal
DTAA/AKW0582,12.278776041666667,3.4451910928113594,15.487934027777778,3.6278832195593314,3.958884548611111,8.268611111111111,0.0244444444444444,2.067739370345878,384,347,1.106628242074928,1,PC-0891,100.0,0,21,10.15625,2,382,2010-01-04 13:13:46,2011-05-13 16:32:30,-0.007105746296646065,Normal
DTAA/MQL0135,11.724633936261844,2.944210745955543,15.000559862187773,2.9031704230972317,4.020506029285099,8.533611111111112,0.0336111111111111,2.090641484963021,387,350,1.1057142857142856,18,PC-4656,95.60723514211888,34,10,22.22222222222222,4,383,2010-01-04 12:53:27,2011-05-13 15:42:23,-0.006135317188003309,Normal
DTAA/BMR0412,12.872870778267252,1.964791589740192,16.10051395007342,1.914381426835703,3.227148188937836,8.260555555555555,0.0066666666666666,2.3378509991507914,454,345,1.3159420289855073,62,PC-3501,75.99118942731278,209,0,0.0,0,454,2010-01-04 09:04:17,2011-05-13 17:01:44,-0.005694264926764725,Normal
DTAA/GRG0693,9.358897569444444,2.9053769515434285,18.02434895833333,4.080973582735744,9.352787181712964,10.303611111111111,0.1530555555555555,2.1766675694830333,384,347,1.106628242074928,1,PC-3411,100.0,0,23,10.15625,2,382,2010-01-04 09:19:19,2011-05-13 19:24:16,-0.005690936089166931,Normal
DTAA/TQC0249,7.1844748858447485,1.012116494423398,14.801415525114155,1.1551314771443502,7.617040334855403,8.314722222222223,0.0647222222222222,1.796281237405206,365,345,1.0579710144927537,21,PC-1513,94.52054794520548,40,0,96.16438356164385,0,365,2010-01-04 07:03:13,2011-05-13 15:02:57,-0.005292409817587607,Normal
DTAA/MCF0427,8.951329787234043,2.563711950998219,17.87668439716312,3.904389567650888,9.499385342789598,10.321944444444444,0.0205555555555555,1.9480523989802163,376,348,1.0804597701149423,1,PC-3754,100.0,0,21,8.24468085106383,3,373,2010-01-04 09:04:57,2011-05-13 19:01:18,-0.004942702642703578,Normal
DTAA/ABS0726,8.819543147208122,3.031751941698153,17.139382402707277,4.247778369508757,9.05085448392555,10.302222222222222,0.0602777777777777,2.7404955233662407,394,349,1.1289398280802292,11,PC-3698,97.46192893401016,20,20,9.898477157360407,3,391,2010-01-04 08:39:59,2011-05-13 18:32:58,-0.0036497685939762547,Normal
DTAA/CMF0339,11.282528180354266,3.653682255380523,15.813003220611916,4.031542385278139,5.458102522812667,10.637222222222222,0.0469444444444444,2.535860169237697,414,351,1.1794871794871795,18,PC-1939,95.16908212560386,40,19,27.05314009661836,5,409,2010-01-04 11:58:19,2011-05-13 17:06:00,-0.0035134781247451174,Normal
DTAA/TJP0714,11.95220458553792,2.5618832794260995,14.842592592592592,2.066609503597039,3.208253968253968,12.894444444444444,0.1038888888888888,2.174502651794608,378,346,1.092485549132948,19,PC-2079,94.97354497354496,38,6,2.6455026455026456,1,377,2010-01-04 13:38:18,2011-05-13 15:21:03,-0.003474473504725739,Normal
DTAA/MVW0630,11.609712230215829,3.359304612727469,16.156674660271783,4.215008044488989,5.352705835331735,10.27777777777778,0.0316666666666666,2.575141174911756,417,350,1.1914285714285715,26,PC-2005,93.04556354916068,58,26,24.70023980815348,5,412,2010-01-04 12:33:41,2011-05-13 17:41:58,-0.0032792801797952853,Normal
DTAA/MGY0732,12.448298122065728,1.9580604748718045,16.744776995305163,1.988339859208048,4.296096439749609,9.250277777777775,0.0116666666666666,2.4480677088207945,284,238,1.1932773109243695,42,PC-1199,83.80281690140845,90,0,0.0,0,284,2010-01-04 13:40:47,2010-12-09 17:39:14,-0.003035689985024348,Normal
DTAA/STF0145,12.325418760469011,3.601920458378512,16.16000837520938,4.027301653234203,4.799713149078727,10.360555555555557,0.0333333333333333,2.205791518449264,398,350,1.1371428571428572,8,PC-0191,97.98994974874373,15,18,11.306532663316585,4,394,2010-01-04 12:09:42,2011-05-13 17:33:19,-0.00277069164917898,Normal
DTAA/CJW0317,11.315533625730994,2.3996289513416715,16.932456140350876,2.858372097564128,5.616742811890839,11.313888888888888,0.0047222222222222,3.407820604582694,456,345,1.3217391304347823,70,PC-1900,75.6578947368421,212,0,19.29824561403509,0,456,2010-01-04 11:22:48,2011-05-13 18:23:10,-0.0020284576610608562,Normal
DTAA/HTC0607,11.916557734204792,2.912451620586389,15.605700798838054,3.3303095180804467,4.107334785766158,9.312777777777775,0.0027777777777777,2.6297296294710195,459,347,1.3227665706051874,60,PC-1033,80.3921568627451,176,11,12.200435729847497,2,457,2010-01-04 13:05:14,2011-05-13 17:09:58,-0.0016667833529102616,Normal
DTAA/ASC0132,8.311278195488722,1.7086253770948652,16.20417710944027,1.711110305225665,7.892666388192704,9.326666666666666,0.0063888888888888,2.938366965734704,399,345,1.1565217391304348,44,PC-2960,86.46616541353383,108,0,86.71679197994987,0,399,2010-01-04 07:54:01,2011-05-13 16:45:06,-0.000640329326503597,Normal
DTAA/MST0883,7.4860441767068275,0.0938030068665011,16.527710843373494,0.0683020183695802,9.04149096385542,9.320833333333333,8.801388888888889,0.1179413501553907,166,166,1.0,1,PC-3200,100.0,0,0,100.0,0,166,2010-01-04 07:30:07,2010-08-26 16:38:39,-0.0005220615776952986,Normal
DTAA/DSH0627,8.231227106227108,2.2490579238544424,17.491712454212454,2.7344242650994555,9.721329365079365,10.32638888888889,0.0305555555555555,1.6032198033386076,364,348,1.0459770114942528,1,PC-2474,100.0,0,8,53.02197802197802,3,361,2010-01-04 08:06:51,2011-05-13 18:08:32,0.00018182327087690187,Normal
DTAA/EBP0037,6.736510128913444,1.1920106490945717,16.30635359116022,1.1490322022219364,9.57045349907919,10.304444444444444,0.0852777777777777,2.0927691241678845,362,345,1.0492753623188409,18,PC-2088,95.30386740331492,34,0,95.58011049723756,0,362,2010-01-04 06:27:35,2011-05-13 16:32:20,0.0004126308557430014,Normal
DTAA/AAA0371,11.408523344191096,2.0271842425511672,14.571335504885992,0.960556485857288,3.162754252623959,7.311388888888889,0.0844444444444444,2.0825628191332326,307,290,1.0586206896551724,16,PC-1689,94.46254071661238,34,0,19.86970684039088,0,307,2010-01-04 12:43:44,2011-02-24 14:41:12,0.0005220849846303,Normal
DTAA/CLK0383,11.297660098522169,3.619470002424089,16.207553366174054,4.069203368819971,5.441786398467434,10.290277777777778,0.0183333333333333,2.561642861786741,406,350,1.16,18,PC-0419,95.5665024630542,36,26,27.093596059113302,4,402,2010-01-04 11:02:29,2011-05-13 17:33:27,0.0007167824018149971,Normal
DTAA/HDR0823,12.447706093189964,2.1531901830072755,17.093691756272403,2.41841858132014,4.645589008363203,10.262777777777778,0.0027777777777777,2.9458290727538845,465,345,1.3478260869565215,70,PC-3236,74.19354838709677,231,0,0.0,0,465,2010-01-04 12:23:20,2011-05-13 18:20:54,0.0008438990090064435,Normal
DTAA/PBH0441,8.740203562340968,0.0921924369084013,18.783842239185752,0.0721447657683352,10.0439631043257,10.313333333333333,9.776666666666667,0.1190601242309697,131,131,1.0,1,PC-0264,100.0,0,0,0.0,0,131,2010-01-04 08:46:23,2010-07-08 18:42:46,0.0010325751094376057,Normal
DTAA/KGS0398,12.260262529832936,2.66000802643836,18.371996817820207,3.029996142768041,6.111607000795545,11.309444444444445,0.0666666666666666,3.126827282845205,419,347,1.207492795389049,44,PC-1620,84.24821002386635,132,7,2.863961813842482,2,417,2010-01-04 12:54:06,2011-05-13 19:27:51,0.0019830434818248754,Normal
DTAA/NRM0093,7.146594005449591,0.8504890165440615,15.6858310626703,1.4594927104954536,8.539198455949137,9.315555555555555,0.0130555555555555,2.044535795361325,367,345,1.063768115942029,21,PC-2882,94.00544959128064,44,0,95.36784741144416,0,367,2010-01-04 07:03:17,2011-05-13 16:04:14,0.0022362883261954902,Normal
DTAA/PKM0092,11.948704663212435,2.759905114278814,18.53924870466321,3.245529545619917,6.776873200921129,11.315277777777778,0.0019444444444444,2.773699320618198,386,348,1.1091954022988506,24,PC-0731,93.52331606217616,50,11,4.145077720207254,3,383,2010-01-04 13:39:16,2011-05-13 19:36:29,0.002336995172271261,Normal
DTAA/HCJ0171,8.644416456759027,2.3732995630608427,17.322502099076406,2.41090866529152,8.859420654911839,10.302777777777775,0.0527777777777777,3.147555170222556,397,346,1.1473988439306355,43,PC-0149,88.9168765743073,88,4,50.12594458438288,1,396,2010-01-04 07:51:12,2011-05-13 17:59:08,0.002422563416023815,Normal
DTAA/KRC0021,10.829649499284692,2.083916367722476,14.815021459227466,2.3940923731251127,3.9858881735813063,9.319444444444445,0.0033333333333333,2.6709598033379085,466,345,1.3507246376811597,68,PC-1203,74.0343347639485,234,0,17.59656652360515,0,466,2010-01-04 06:58:01,2011-05-13 16:02:58,0.002864521373664275,Normal
DTAA/RBC0879,11.789865996649915,3.5117611411957266,16.82353433835846,4.285919678223402,5.636970268006699,10.2875,0.0238888888888888,2.389001114412671,398,346,1.1502890173410405,10,PC-1261,97.73869346733667,18,27,11.055276381909549,1,397,2010-01-04 13:36:34,2011-05-13 18:12:12,0.0038422385056877117,Normal
DTAA/BHH0460,8.753309692671396,0.0988669913409407,18.77872340425532,0.0721579611756503,10.026672576832151,10.305833333333334,9.821388888888889,0.1180703560660985,141,141,1.0,1,PC-2630,100.0,0,0,0.0,0,141,2010-01-04 08:38:35,2010-07-22 18:42:01,0.004253946333445724,Normal
DTAA/ERP0254,8.145138888888889,1.419596196250898,16.30516493055556,1.6030943846296797,8.15978515625,9.305277777777778,0.0511111111111111,2.6056708668552875,384,345,1.1130434782608696,37,PC-3959,89.84375,77,0,90.36458333333334,0,384,2010-01-04 07:44:53,2011-05-13 16:51:32,0.004294037131317041,Normal
DTAA/KAG0880,11.215912356321835,2.23199621083338,15.420366379310348,2.2463064817697327,4.204704262452108,9.28888888888889,0.0119444444444444,2.871363186807388,464,345,1.344927536231884,69,PC-4400,74.35344827586206,227,0,20.04310344827586,0,464,2010-01-04 09:43:47,2011-05-13 16:34:04,0.0053738560229651955,Normal
DTAA/XQW0354,12.840972222222222,1.9691506541624355,16.19849537037037,1.894770601513016,3.3577231224279838,8.311944444444444,0.0083333333333333,2.2632809348486997,432,345,1.2521739130434784,69,PC-4067,79.86111111111111,168,0,0.0,0,432,2010-01-04 08:56:20,2011-05-13 16:57:45,0.006929970690240983,Normal
DTAA/CHM0645,8.625786924939467,1.7270197767822837,16.268805488297012,1.9858989481456413,7.643475248856605,9.310555555555556,0.0080555555555555,3.165737628296441,413,345,1.1971014492753622,49,PC-1775,83.53510895883777,136,0,43.583535108958834,0,413,2010-01-04 07:55:31,2011-05-13 16:55:08,0.009152426319341711,Normal
DTAA/GRS0372,11.927738927738927,2.5945590265542093,15.276340326340325,2.671866823619715,3.628138435638436,8.975,0.0016666666666666,2.343555684295469,429,348,1.2327586206896552,52,PC-2242,83.91608391608392,136,7,3.4965034965034967,2,427,2010-01-04 11:54:33,2011-05-13 16:18:53,0.009251703803732914,Normal
DTAA/GSL0697,7.683022222222222,1.708231893282632,16.957422222222224,1.3653358127437754,9.274191851851851,10.314444444444444,0.0133333333333333,2.610502941102948,375,345,1.0869565217391304,27,PC-3442,92.0,60,0,92.26666666666668,0,375,2010-01-04 07:16:23,2011-05-13 17:12:14,0.009507875618384454,Normal
DTAA/FTB0295,8.483989501312337,0.0976668195911174,17.530971128608925,0.0738439536788505,9.046940069991251,9.317777777777778,8.764444444444445,0.1243283591463415,127,127,1.0,1,PC-0793,100.0,0,0,0.0,0,127,2010-01-04 08:39:46,2010-07-01 17:33:20,0.010544435163009236,Normal
DTAA/RIG0024,7.999877450980394,0.1010336765664427,18.03676470588235,0.0716391749469054,10.036509395424837,10.316944444444443,9.773888888888887,0.1234140853711577,136,136,1.0,1,PC-3418,100.0,0,0,44.85294117647059,0,136,2010-01-04 07:51:42,2010-07-15 17:58:14,0.010957339812267597,Normal
DTAA/DAW0123,7.50151515151515,0.0945910435654876,18.529848484848483,0.0739065549615758,11.028558080808082,11.307222222222222,10.788055555555555,0.1153449813919327,220,220,1.0,1,PC-3401,100.0,0,0,100.0,0,220,2010-01-04 07:35:29,2010-11-11 18:38:53,0.011487003704448717,Normal
DTAA/DRN0845,12.541336270190897,2.17204705273725,17.413399412628486,2.4116253210793706,4.872400269211944,10.302777777777775,0.0005555555555555,2.968133499042912,454,345,1.3159420289855073,63,PC-1345,75.99118942731278,215,0,0.0,0,454,2010-01-04 08:26:29,2011-05-13 18:32:56,0.012740100255781261,Normal
DTAA/SAP0304,11.886675461741426,3.371489809140493,16.001671064204047,3.693094413593733,5.001396951040751,9.321111111111112,0.0355555555555555,2.122391314924192,379,350,1.082857142857143,1,PC-1331,100.0,0,15,17.41424802110818,3,376,2010-01-04 11:28:56,2011-05-13 16:56:18,0.012781467722416062,Normal
DTAA/LTM0418,11.730519480519485,2.1932636452720926,15.915295815295815,2.2667933158732687,4.184887566137566,9.281944444444443,0.0022222222222222,2.808752285436529,462,345,1.3391304347826087,72,PC-4820,74.67532467532467,228,0,8.441558441558442,0,462,2010-01-04 13:09:14,2011-05-13 17:01:02,0.013452541102725424,Normal
DTAA/BPC0533,12.663078149920256,2.258136931650672,18.82978468899521,2.3671997083598058,6.166450691121743,11.285,0.0030555555555555,3.2393619753929053,418,345,1.211594202898551,55,PC-1229,82.53588516746412,141,0,1.1961722488038278,0,418,2010-01-04 08:52:42,2011-05-13 19:50:20,0.013861508238748266,Normal
DTAA/CRM0058,8.995906432748537,0.093267520656211,19.02992202729045,0.0733626975223875,10.03435510071475,10.301388888888887,9.770555555555555,0.1208844105665405,171,171,1.0,1,PC-1892,100.0,0,0,0.0,0,171,2010-01-04 09:08:27,2010-09-02 19:07:24,0.014165036147948618,Normal
DTAA/AFO0022,11.50004105090312,3.23224887391846,16.580377668308703,3.620763853915504,5.493890941434045,10.290833333333332,0.0097222222222222,2.55173056547652,406,348,1.1666666666666667,25,PC-2218,93.10344827586206,56,21,24.63054187192118,2,404,2010-01-04 13:07:07,2011-05-13 17:44:23,0.01443992869678995,Normal
DTAA/FDP0500,11.995314900153607,2.277761150568348,17.78590629800307,2.347400499462511,5.790737327188941,11.293611111111112,0.0027777777777777,3.2360514476906044,434,345,1.2579710144927536,74,PC-4873,79.49308755760369,171,0,14.746543778801843,0,434,2010-01-04 12:12:14,2011-05-13 18:46:25,0.015191190146246036,Normal
DTAA/RVS0852,12.01367243867244,2.0909153554909348,16.681637806637806,2.632282643961297,4.668097643097643,10.307222222222222,0.0022222222222222,2.967705279106492,462,345,1.3391304347826087,76,PC-2420,74.67532467532467,224,0,7.35930735930736,0,462,2010-01-04 09:21:59,2011-05-13 18:02:12,0.015482838922640296,Normal
DTAA/NGC0624,12.985016420361246,2.319487559236439,19.28834154351396,2.094917315696065,6.302671045429665,11.301666666666666,0.0525,3.125043353762955,406,345,1.1768115942028985,51,PC-3879,84.97536945812809,116,0,2.2167487684729066,0,406,2010-01-04 10:37:10,2011-05-13 20:07:17,0.01569225419981879,Normal
DTAA/DAW0199,8.000114155251143,0.0978797560725491,17.041095890410958,0.0727975301558224,9.04154109589041,9.295555555555556,8.766944444444444,0.116269974559329,146,146,1.0,1,PC-0735,100.0,0,0,47.26027397260274,0,146,2010-01-04 07:58:28,2010-07-29 16:55:59,0.015789217079336393,Normal
DTAA/GYT0279,11.905124892334197,2.8138633596047526,15.48479758828596,2.500855497395696,3.8899303761125466,9.65611111111111,0.0611111111111111,2.099763062161979,387,348,1.112068965517241,23,PC-2791,94.31524547803618,44,10,12.919896640826872,3,384,2010-01-04 11:25:11,2011-05-13 15:59:14,0.01613517698972705,Normal
DTAA/KDL0806,11.946688264938809,2.0840653431480645,15.924586033117352,2.2941934075555954,3.977761579073674,9.288611111111113,0.0016666666666666,2.616371529720598,463,345,1.3420289855072465,73,PC-1649,74.51403887688986,226,0,7.127429805615551,0,463,2010-01-04 11:56:35,2011-05-13 16:57:23,0.016261041537308507,Normal
DTAA/MXM0271,11.979862617498194,2.023691503151011,15.950903832248734,2.176100371916324,3.9708809351651,9.272777777777778,0.0027777777777777,2.6407818812149024,461,345,1.336231884057971,74,PC-1011,74.83731019522777,226,0,8.24295010845987,0,461,2010-01-04 11:57:57,2011-05-13 17:08:17,0.016313088017981925,Normal
DTAA/SEF0446,11.069483568075118,2.5091375779898293,15.898650234741783,2.0117409442423764,5.082858959311424,9.309722222222222,0.0777777777777777,2.366150351041622,284,265,1.0716981132075472,15,PC-2477,95.07042253521126,28,1,24.295774647887324,0,284,2010-01-04 11:25:28,2011-01-20 16:20:06,0.01696440108828312,Normal
DTAA/JLC0744,8.553764805414552,1.7240939436261362,17.411844331641284,1.8708708213597145,8.858223350253809,10.320277777777775,0.0066666666666666,3.163481911670729,394,345,1.1420289855072463,37,PC-4788,87.56345177664974,98,0,45.431472081218274,0,394,2010-01-04 08:03:55,2011-05-13 18:07:18,0.017284420473865525,Normal
DTAA/QLW0941,12.34120583717358,1.9722640834090632,15.664516129032258,1.9286501197587491,3.3231618023553504,8.24388888888889,0.0175,2.255305371919186,434,345,1.2579710144927536,60,PC-2395,79.49308755760369,177,0,0.0,0,434,2010-01-04 13:09:36,2011-05-13 16:26:17,0.017428651619944502,Normal
DTAA/BLS0098,8.319982316534041,1.3043911334415317,17.52550839964633,1.8211161876810245,9.205277040966696,10.310555555555556,0.0505555555555555,2.760420135931528,377,345,1.092753623188406,32,PC-1776,91.51193633952256,64,0,43.76657824933687,0,377,2010-01-04 07:58:11,2011-05-13 18:09:07,0.017531641340770676,Normal
DTAA/CSC0297,10.77852733686067,3.023072145933002,15.199029982363315,2.860411605552706,4.928216490299824,9.306666666666668,0.0391666666666666,2.2057426836250698,378,347,1.0893371757925072,11,PC-2848,96.82539682539682,24,8,23.015873015873016,2,376,2010-01-04 10:55:55,2011-05-13 15:51:51,0.017673165814517555,Normal
DTAA/MAB0532,8.531654072208228,1.6169942155279515,16.43761544920235,1.7343993163836449,7.905368737755387,9.311944444444444,0.015,2.909783500483466,397,345,1.1507246376811595,39,PC-0797,86.90176322418137,104,0,42.56926952141058,0,397,2010-01-04 08:00:53,2011-05-13 17:05:57,0.0183489302478127,Normal
DTAA/PMB0702,12.824031007751936,2.9115407018757424,17.83604651162791,3.30918332226437,5.694086993970715,10.507222222222222,0.0341666666666666,2.337095069052888,387,346,1.1184971098265897,19,PC-1792,95.09043927648578,38,9,5.943152454780361,1,386,2010-01-04 14:26:34,2011-05-13 18:48:24,0.01838739896864916,Normal
DTAA/CCM0827,11.887745098039217,2.1714389558961917,18.83496732026144,0.968619216484154,6.947282135076253,11.27111111111111,0.0966666666666666,2.5321850870261597,306,290,1.0551724137931036,17,PC-3355,94.77124183006536,32,0,12.418300653594772,0,306,2010-01-04 13:29:44,2011-02-24 19:09:56,0.01910842658544948,Normal
DTAA/DAW0221,8.948935185185185,1.7403546658242843,18.50481481481481,2.702744566577864,9.755594907407408,10.29888888888889,0.25,1.505364700095908,360,346,1.0404624277456649,1,PC-4162,100.0,0,9,4.166666666666666,1,359,2010-01-04 09:01:53,2011-05-13 19:07:43,0.01943753130366055,Normal
DTAA/JLM0053,11.956142857142858,2.572586707442133,16.606285714285715,2.579826503700126,4.787546825396825,9.266111111111112,0.0180555555555555,2.235894794028849,350,321,1.0903426791277258,19,PC-1334,94.85714285714286,36,10,3.428571428571429,1,349,2010-01-04 14:11:00,2011-04-07 17:15:47,0.019514999536079602,Normal
DTAA/OUS0565,11.18983333333333,2.0240132874633083,16.5265,0.0728150943665928,5.337711111111112,9.318333333333332,2.9775,2.0256982206765,200,200,1.0,1,PC-2171,100.0,0,0,21.0,0,200,2010-01-04 11:38:11,2010-10-14 16:30:47,0.020285074458139707,Normal
DTAA/JAD0531,8.350043859649123,1.3826438600759212,17.50574561403509,1.84083534237848,9.155469298245611,10.313333333333333,0.0288888888888888,2.7799507051285897,380,345,1.1014492753623188,30,PC-0578,90.78947368421052,70,0,44.47368421052632,0,380,2010-01-04 07:54:56,2011-05-13 17:56:14,0.020483343935577547,Normal
DTAA/SKL0881,13.117777777777777,1.911502451894934,21.28903381642512,0.0715600014075286,8.171106280193237,12.244444444444444,5.854444444444445,1.9147793471096255,345,345,1.0,1,PC-1581,100.0,0,0,0.0,0,345,2010-01-04 09:16:15,2011-05-13 21:20:36,0.020837777586117545,Normal
DTAA/SCW0707,11.918697318007665,1.9982225432598,15.246283524904214,1.841271282236648,3.327609833971904,8.313055555555556,0.0497222222222222,2.2513877289176287,435,345,1.2608695652173914,61,PC-1217,79.3103448275862,176,0,7.816091954022989,0,435,2010-01-04 11:40:48,2011-05-13 15:58:50,0.022559071620468163,Normal
DTAA/EDH0146,12.182063125481136,2.280343587189347,17.992301770592764,2.497596790035601,5.81009173723377,11.248888888888889,0.0033333333333333,3.185688069560473,433,345,1.255072463768116,64,PC-3973,79.67667436489607,173,0,6.235565819861432,0,433,2010-01-04 13:11:12,2011-05-13 19:08:58,0.022721195273196604,Normal
DTAA/CDK0329,7.670092592592593,1.0869419894082035,17.32578703703704,1.1578367262153415,9.65567901234568,10.329444444444444,0.0919444444444444,1.9156063670009724,360,345,1.0434782608695652,15,PC-1183,95.83333333333334,30,0,96.38888888888889,0,360,2010-01-04 07:35:39,2011-05-13 17:31:40,0.02314616285778265,Normal
DTAA/PSP0555,11.683441793203182,2.0437918517154383,15.611605206073754,2.3251003151870635,3.928566522053506,9.282222222222222,0.0127777777777777,2.645416580340718,461,345,1.336231884057971,70,PC-0017,74.83731019522777,223,0,13.882863340563992,0,461,2010-01-04 12:51:43,2011-05-13 16:42:39,0.023280374577107077,Normal
DTAA/ALK0520,12.155516705516703,2.2023830960362587,17.971522921522922,2.4901186569219425,5.815894198394197,11.273888888888887,0.0002777777777777,3.1835678661493354,429,345,1.2434782608695651,64,PC-3889,80.41958041958041,163,0,7.459207459207459,0,429,2010-01-04 13:27:18,2011-05-13 19:00:58,0.02392030086114938,Normal
DTAA/MMF0289,11.987755847953215,2.3210625662031306,16.862719298245615,2.471066566530049,4.875159600389864,10.300833333333332,0.0241666666666666,3.0852026617758663,456,345,1.3217391304347823,69,PC-1734,75.6578947368421,217,0,9.649122807017545,0,456,2010-01-04 12:33:37,2011-05-13 18:00:28,0.02418001925265517,Normal
DTAA/KPB0665,7.983153153153152,0.0953950150928063,17.032792792792794,0.0733494445144321,9.049447447447449,9.324166666666668,8.757777777777777,0.1268899130924512,185,185,1.0,1,PC-4755,100.0,0,0,52.972972972972975,0,185,2010-01-04 07:57:10,2010-09-23 17:09:24,0.024302028828034783,Normal
DTAA/SSH0144,11.826557632398751,1.9315150103704584,15.26553738317757,1.8445383641001387,3.438792185877466,8.325555555555555,0.0047222222222222,2.19336675642259,428,345,1.2405797101449276,56,PC-4673,80.60747663551402,164,0,6.5420560747663545,0,428,2010-01-04 11:40:04,2011-05-13 16:03:43,0.0250581694385017,Normal
DTAA/TAO0639,9.554697380307136,1.395680742348104,18.966440831074976,1.407436612148903,9.412521830773864,10.314722222222224,0.0527777777777777,2.446460135110187,369,345,1.0695652173913044,24,PC-2198,93.4959349593496,48,0,0.2710027100271002,0,369,2010-01-04 09:08:16,2011-05-13 19:22:19,0.02535134648132481,Normal
DTAA/RAC0282,12.674858757062148,2.458458844217823,17.437193973634653,2.1799373869576635,5.032902542372882,9.290277777777778,0.2902777777777778,1.9786508436918384,354,348,1.0172413793103448,1,PC-3185,100.0,0,4,2.5423728813559325,3,351,2010-01-04 12:44:19,2011-05-13 17:40:51,0.025519093055527242,Normal
DTAA/SBH0674,10.609685230024214,2.085453699723177,14.367110573042776,1.6953249512347142,3.75727199354318,8.303333333333333,0.0033333333333333,2.4249680893090715,413,345,1.1971014492753622,48,PC-0750,83.53510895883777,134,0,21.307506053268767,0,413,2010-01-04 07:23:32,2011-05-13 15:04:38,0.025713922228339958,Normal
DTAA/KRC0455,11.827119883040934,2.134356528722761,15.860855263157893,2.4452744738096945,4.034179459064328,9.285833333333333,0.0030555555555555,2.6539364581165343,456,345,1.3217391304347823,73,PC-2286,75.6578947368421,215,0,7.236842105263158,0,456,2010-01-04 08:00:17,2011-05-13 17:02:04,0.026134067029465913,Normal
DTAA/KKT0039,11.95829694323144,2.1912201440197334,16.76451965065502,2.5619569689114465,4.806107472100922,10.296388888888888,0.0063888888888888,3.042172704468216,458,345,1.327536231884058,69,PC-4115,75.32751091703057,218,0,7.20524017467249,0,458,2010-01-04 07:53:08,2011-05-13 18:07:12,0.026533482969929023,Normal
DTAA/ABB0272,12.042086068563092,2.171481374551104,16.827498176513494,2.4826510580196413,4.785402382689035,10.234722222222222,0.0011111111111111,2.974392243151083,457,345,1.3246376811594205,73,PC-0726,75.49234135667396,218,0,6.564551422319474,0,457,2010-01-04 13:28:02,2011-05-13 18:07:51,0.026548751560873163,Normal
DTAA/VCG0663,11.557890685142414,2.014496706579823,14.955581216320246,1.9385509965408607,3.3975481139337957,8.279444444444444,0.0063888888888888,2.313749333258374,433,345,1.255072463768116,60,PC-2219,79.67667436489607,170,0,16.166281755196305,0,433,2010-01-04 12:10:24,2011-05-13 15:43:10,0.026807487915263606,Normal
DTAA/SKH0467,11.693148148148149,1.965481512570846,14.678287037037038,0.6326194464219358,2.985061728395062,7.282777777777778,0.1488888888888888,1.998907031936455,360,345,1.0434782608695652,15,PC-1582,95.83333333333334,30,0,17.77777777777778,0,360,2010-01-04 12:17:53,2011-05-13 14:53:29,0.027010175582582507,Normal
DTAA/CAC0854,11.865176908752328,1.986653871173209,19.8030260707635,1.280870044987993,7.937532588454377,12.293055555555556,0.1111111111111111,2.403176463466436,358,345,1.03768115942029,12,PC-0303,96.36871508379888,26,0,8.659217877094973,0,358,2010-01-04 12:24:53,2011-05-13 19:55:22,0.027032055924544662,Normal
DTAA/NDM0893,11.491309823677582,3.161657728654515,16.52371956339211,3.3983101889044693,5.576745731877975,10.2875,0.0794444444444444,2.514133922275797,397,346,1.1473988439306355,22,PC-0322,93.70277078085644,50,13,23.425692695214103,1,396,2010-01-04 07:37:58,2011-05-13 17:30:14,0.027285878322438673,Normal
DTAA/HKM0260,13.190861618798955,2.0542668418233365,18.78633594429939,1.7380399435982197,5.595875398897592,10.306111111111113,0.0155555555555555,2.542828459205674,383,345,1.1101449275362318,39,PC-4359,90.07832898172325,74,0,0.5221932114882507,0,383,2010-01-04 14:49:41,2011-05-13 19:10:11,0.027308932471319325,Normal
DTAA/THL0671,9.107985143918292,0.7137655070356099,15.893268337975856,0.7813003227941174,6.78504255648406,7.310555555555555,0.0022222222222222,1.272151583530415,359,345,1.0405797101449274,14,PC-3221,96.10027855153204,28,0,0.0,0,359,2010-01-04 09:06:56,2011-05-13 16:00:48,0.0273316138028053,Normal
DTAA/HAG0649,11.92908950617284,2.784510427048682,15.80991512345679,3.095808577436366,4.380901491769548,10.682777777777778,0.0069444444444444,2.4833557279542493,432,345,1.2521739130434784,51,PC-1350,84.95370370370371,128,10,12.26851851851852,0,432,2010-01-04 12:33:16,2011-05-13 17:08:14,0.02756635173197941,Normal
DTAA/ECB0185,8.383028720626632,1.3729945637840408,16.567145343777195,1.555403210686376,8.184420510588918,9.32611111111111,0.0008333333333333,2.5670316473710364,383,345,1.1101449275362318,36,PC-3713,90.07832898172325,75,0,46.21409921671018,0,383,2010-01-04 07:58:43,2011-05-13 16:56:27,0.02836760181655168,Normal
DTAA/RQH0770,11.536020036429877,2.809165999760305,16.186429872495445,2.779786979525132,5.109748785670917,11.000555555555556,0.0805555555555555,2.1085705376924277,366,346,1.0578034682080926,1,PC-4225,100.0,0,12,23.49726775956284,1,365,2010-01-04 13:19:48,2011-05-13 16:53:06,0.029269180106718806,Normal
DTAA/IMB0473,11.593672014260248,2.7902998181801606,17.036497326203207,3.0409276920574246,5.827797831253714,10.312222222222225,0.0230555555555555,2.3053527818282533,374,347,1.0778097982708934,14,PC-4682,96.524064171123,26,9,21.65775401069519,2,372,2010-01-04 11:49:17,2011-05-13 17:52:40,0.029408833291336922,Normal
DTAA/MEV0886,11.143667546174145,2.6627287512995874,15.627176781002635,2.6787932887684573,4.863979771328056,9.274444444444445,0.0036111111111111,2.186078402111027,379,347,1.0922190201729107,18,PC-0565,94.9868073878628,38,7,20.844327176781004,2,377,2010-01-04 11:45:29,2011-05-13 16:18:42,0.02976275451424132,Normal
DTAA/YVF0045,11.592487235594456,2.1151029619994017,15.843946024799417,2.3674286443247192,4.251159737417944,9.247777777777776,0.0119444444444444,2.800867090347401,457,345,1.3246376811594205,67,PC-3949,75.49234135667396,217,0,8.971553610503284,0,457,2010-01-04 13:03:31,2011-05-13 16:56:04,0.029846664938203593,Normal
DTAA/BLB0079,11.47315668202765,2.04553645626792,14.890706605222734,1.975198261667529,3.417837301587302,8.310555555555556,0.0,2.3698078995359526,434,345,1.2579710144927536,62,PC-1320,79.49308755760369,174,0,16.129032258064516,0,434,2010-01-04 13:13:10,2011-05-13 15:46:27,0.029852284398966422,Normal
DTAA/SJA0691,11.576289134438309,1.971794872359388,14.599079189686924,0.933337824413588,3.02240561694291,7.3075,0.0363888888888888,1.9909888592353877,362,345,1.0492753623188409,17,PC-3231,95.30386740331492,34,0,17.403314917127073,0,362,2010-01-04 11:52:51,2011-05-13 14:51:52,0.029898033858624884,Normal
DTAA/QNC0832,11.72952380952381,2.2007602572952387,16.52714285714286,2.579718022143324,4.797836385836386,10.311666666666667,0.0091666666666666,3.001506762915041,455,345,1.318840579710145,68,PC-0711,75.82417582417582,210,0,15.604395604395604,0,455,2010-01-04 13:21:48,2011-05-13 17:47:30,0.030080329593361876,Normal
DTAA/AJC0266,12.318849206349206,2.016964612010136,15.836666666666666,1.757493936741266,3.517449074074074,8.312222222222223,0.0016666666666666,2.277632514758732,420,345,1.2173913043478262,55,PC-4661,82.14285714285714,148,0,0.0,0,420,2010-01-04 08:36:54,2011-05-13 16:31:39,0.03020498191458748,Normal
DTAA/BCJ0800,8.525516621743037,1.2873111376483004,17.90943396226415,1.5378193123035937,9.3838244983528,10.312777777777775,0.02,2.427771995704416,371,345,1.0753623188405796,24,PC-2703,92.99191374663071,52,0,0.0,0,371,2010-01-04 08:06:41,2011-05-13 18:12:05,0.03107336221272311,Normal
DTAA/HBB0402,11.543754789272027,2.0576788983448626,15.212567049808433,1.835006337695555,3.668572796934866,8.293611111111112,0.0211111111111111,2.481059783326564,435,345,1.2608695652173914,61,PC-0834,79.3103448275862,178,0,9.885057471264368,0,435,2010-01-04 12:40:58,2011-05-13 16:06:04,0.031087467239591438,Normal
DTAA/JSW0180,12.303591160220993,2.0013078967148434,15.374907918968692,0.7778068191689594,3.070994475138121,7.226944444444444,0.0225,2.055028824780404,362,345,1.0492753623188409,17,PC-2587,95.30386740331492,34,0,0.0,0,362,2010-01-04 14:29:33,2011-05-13 15:36:45,0.031230796030540353,Normal
DTAA/ATJ0284,7.768518518518518,1.2173561864368558,16.61367521367521,1.6118951904531835,8.91298116492561,9.315,0.115,1.0347875150195551,351,346,1.0144508670520231,1,PC-4337,100.0,0,4,100.0,1,350,2010-01-04 07:39:16,2011-05-13 16:44:32,0.031800963925028736,Normal
DTAA/GLB0715,12.75375968992248,2.069257205163701,16.982015503875967,1.919917231382969,4.227875322997416,9.301111111111112,0.0052777777777777,2.5700975229298764,430,345,1.2463768115942029,57,PC-4221,80.23255813953489,165,0,0.0,0,430,2010-01-04 08:42:43,2011-05-13 17:52:14,0.031831511831312,Normal
DTAA/GHC0041,10.507824074074074,2.2365357076156576,18.566759259259257,1.215183648916875,8.059459104938272,12.303888888888888,0.0947222222222222,2.6203424783130016,360,345,1.0434782608695652,16,PC-1139,95.83333333333334,30,0,22.5,0,360,2010-01-04 10:41:41,2011-05-13 18:42:53,0.03185941746222154,Normal
DTAA/MNB0956,8.305525846702318,1.2489968830851066,16.676559714795008,1.4007982703835695,8.370998217468806,9.304722222222225,0.0047222222222222,2.3085858417869023,374,345,1.0840579710144929,26,PC-0701,92.24598930481284,58,0,42.513368983957214,0,374,2010-01-04 08:09:12,2011-05-13 17:03:32,0.03236919115630155,Normal
DTAA/LDB0961,11.91058394160584,2.278518045140034,18.198256285482564,2.192704474867361,6.287595971884292,11.244722222222222,0.0077777777777777,3.2073834432749404,411,345,1.191304347826087,51,PC-4678,83.94160583941606,129,0,9.48905109489051,0,411,2010-01-04 07:56:24,2011-05-13 18:59:57,0.032576253870900074,Normal
DTAA/USB0641,7.499251497005988,0.0978340949408097,19.530389221556884,0.0688129112425845,12.031305721889554,12.30638888888889,11.766944444444444,0.1171764744877053,334,334,1.0,1,PC-1302,100.0,0,0,100.0,0,334,2010-01-04 07:39:35,2011-04-28 19:32:12,0.033491312253029926,Normal
DTAA/VFP0669,11.724118942731277,2.1110392059049388,16.527202643171808,2.554051398184832,4.802912383749389,10.26,0.0366666666666666,2.9937019520794115,454,345,1.3159420289855073,67,PC-1717,75.99118942731278,208,0,14.757709251101325,0,454,2010-01-04 13:32:54,2011-05-13 17:49:12,0.03368096518177749,Normal
DTAA/LRH0747,11.845467836257308,2.0174326158270515,15.921783625730994,2.243458135627882,4.076256700779728,9.256666666666666,0.0147222222222222,2.625046482773344,456,345,1.3217391304347823,64,PC-2216,75.6578947368421,216,0,7.236842105263158,0,456,2010-01-04 13:40:57,2011-05-13 16:59:56,0.03378332924329158,Normal
DTAA/NHL0521,11.779112833763996,2.3622555499852047,16.30913006029285,2.5017334039028665,4.653765432098765,10.47,0.0288888888888888,2.318366712647803,387,347,1.1152737752161384,29,PC-2511,91.7312661498708,64,7,10.07751937984496,2,385,2010-01-04 13:28:20,2011-05-13 17:04:58,0.034602481325290146,Normal
DTAA/NWT0708,7.238095238095238,0.0962894053782932,17.282212885154063,0.0733860918911838,10.043530578898226,10.308055555555557,9.77111111111111,0.123772489036266,238,238,1.0,1,PC-1857,100.0,0,0,100.0,0,238,2010-01-04 07:09:57,2010-12-09 17:19:54,0.03503990531896123,Normal
DTAA/OJH0425,11.403453815261043,2.3211093099679623,17.638032128514055,2.320536569874914,6.234601740294512,11.261388888888888,0.0219444444444444,3.237885670230386,415,345,1.2028985507246377,57,PC-1730,83.13253012048193,136,0,19.518072289156628,0,415,2010-01-04 08:06:53,2011-05-13 18:31:53,0.035423654644537894,Normal
DTAA/HCC0258,12.023413566739608,2.1130990720929903,16.813347921225382,2.49458439736486,4.789876610746415,10.256666666666666,0.0069444444444444,2.9678145831127254,457,345,1.3246376811594205,62,PC-3668,75.49234135667396,217,0,6.564551422319474,0,457,2010-01-04 12:48:48,2011-05-13 18:00:33,0.03563945146356173,Normal
DTAA/DBF0903,11.75036791758646,2.0125414577115603,16.550257542310522,2.504205765629639,4.800184571989208,10.295555555555556,0.0158333333333333,2.918729223456683,453,345,1.3130434782608695,63,PC-2783,76.15894039735099,206,0,13.245033112582782,0,453,2010-01-04 11:53:42,2011-05-13 17:51:14,0.036149683937320876,Normal
DTAA/AZC0030,8.347894265232975,1.384475995076608,16.770206093189962,1.1371606478253076,8.421742831541218,9.303888888888888,0.0522222222222222,2.205130722776396,372,345,1.0782608695652174,26,PC-4724,92.74193548387096,54,0,43.27956989247312,0,372,2010-01-04 07:59:00,2011-05-13 16:55:31,0.03617273899779194,Normal
DTAA/BWS0872,12.842424242424242,2.2371626285011432,18.279320229320227,2.0689795183200754,5.436493993993994,10.27138888888889,0.0130555555555555,2.9020639939362987,407,345,1.1797101449275362,50,PC-3302,84.76658476658476,119,0,0.2457002457002457,0,407,2010-01-04 14:40:53,2011-05-13 19:00:50,0.03654760375673366,Normal
DTAA/ANC0012,12.551256038647344,1.997219490111836,20.78086956521739,0.072634203006258,8.22937117552335,12.293333333333331,5.924722222222222,1.9957580004064084,345,345,1.0,1,PC-0964,100.0,0,0,0.0,0,345,2010-01-04 13:17:49,2011-05-13 20:48:42,0.036574501717759944,Normal
DTAA/FHM0931,9.413055555555555,1.0039341908144317,19.05407407407408,1.2497156869139947,9.64091589506173,10.311388888888889,0.1866666666666666,1.9023660255457,360,345,1.0434782608695652,15,PC-3359,95.83333333333334,30,0,0.0,0,360,2010-01-04 09:24:56,2011-05-13 19:19:29,0.03672837066826584,Normal
DTAA/NMC0251,7.940055248618785,0.98271108691691,16.560036832412525,1.1140401706722156,8.620070595457335,9.325277777777778,0.0538888888888888,1.883671534938114,362,345,1.0492753623188409,18,PC-0318,95.30386740331492,34,0,95.30386740331492,0,362,2010-01-04 07:54:13,2011-05-13 16:51:58,0.03675632748070795,Normal
DTAA/DRP0428,10.802486402486402,2.132025137407122,15.124397824397825,2.1492102757001006,4.322299922299922,9.279722222222222,0.0038888888888888,2.6399285826385817,429,345,1.2434782608695651,59,PC-2979,80.41958041958041,163,0,19.81351981351981,0,429,2010-01-04 06:59:23,2011-05-13 15:55:37,0.03710385736010263,Normal
DTAA/LPG0099,11.935685805422647,2.021945063223755,15.558612440191387,1.7901599138539768,3.622435539606592,8.28,0.0113888888888888,2.352223766038246,418,345,1.211594202898551,51,PC-2359,82.53588516746412,145,0,0.0,0,418,2010-01-04 13:43:13,2011-05-13 16:24:08,0.03725061734122975,Normal
DTAA/PKH0542,12.081147540983606,2.0465897398650448,19.28071038251366,0.0724748261247969,7.200321493624773,11.285277777777775,4.871944444444445,2.0465065411617087,305,305,1.0,1,PC-2052,100.0,0,0,0.0,0,305,2010-01-04 12:11:27,2011-03-17 19:21:08,0.037503200777472656,Normal
DTAA/WDW0485,11.859500805152978,2.0751057015774608,15.5805152979066,1.7960715816319746,3.720806494900698,8.279722222222222,0.0119444444444444,2.391769277648688,414,345,1.2,50,PC-3096,83.33333333333334,134,0,0.0,0,414,2010-01-04 08:20:42,2011-05-13 16:10:08,0.03807527811674932,Normal
DTAA/DCB0462,11.348310502283104,2.1365566396676305,19.20123287671233,1.5815642234228573,7.852228310502284,12.305555555555555,0.0072222222222222,2.642919903756211,365,345,1.0579710144927537,20,PC-2659,94.52054794520548,40,0,20.0,0,365,2010-01-04 12:59:06,2011-05-13 19:28:20,0.03823831522819948,Normal
DTAA/TRB0414,10.65823754789272,2.0962827558546864,15.71007662835249,2.378650614267385,5.051906768837804,10.321388888888889,0.0097222222222222,2.924896806709262,435,345,1.2608695652173914,63,PC-3114,79.3103448275862,175,0,18.160919540229887,0,435,2010-01-04 12:07:11,2011-05-13 16:53:39,0.03829206436045923,Normal
DTAA/MIK0034,11.047046925566343,2.1115540469193834,14.834870550161812,1.8028387124339704,3.787664509169363,8.305,0.0047222222222222,2.413168374755186,412,345,1.1942028985507247,49,PC-0845,83.7378640776699,128,0,21.35922330097087,0,412,2010-01-04 10:58:33,2011-05-13 15:35:53,0.03925147529553652,Normal
DTAA/BDH0038,11.479397590361446,1.979621226354463,15.141084337349398,1.6538057014120524,3.6616633199464528,8.308055555555555,0.0316666666666666,2.294625304265083,415,345,1.2028985507246377,49,PC-0877,83.13253012048193,138,0,16.626506024096386,0,415,2010-01-04 13:37:48,2011-05-13 15:44:49,0.039576696232731634,Normal
DTAA/BPB0808,11.2944578313253,2.1107618117530524,15.112329317269076,1.760950306968481,3.8179076305220887,8.29,0.0305555555555555,2.4231951736603645,415,345,1.2028985507246377,49,PC-0969,83.13253012048193,137,0,20.96385542168675,0,415,2010-01-04 11:50:49,2011-05-13 15:49:48,0.04033461077637279,Normal
DTAA/TUA0298,11.70168970814132,2.311287519861573,16.642933947772658,2.632403046372716,4.996663466461854,10.255833333333332,0.0313888888888888,2.8614049641862893,434,346,1.254335260115607,53,PC-3426,80.87557603686636,163,5,16.589861751152075,1,433,2010-01-04 12:22:39,2011-05-13 17:43:40,0.04039792476765802,Normal
DTAA/ICB0779,9.237909604519777,0.1029366578031574,20.282881355932204,0.0724906687953911,11.04512429378531,11.318888888888887,10.772222222222222,0.1214155236181544,295,295,1.0,1,PC-3766,100.0,0,0,0.0,0,295,2010-01-04 09:24:35,2011-03-03 20:22:47,0.04068184659590102,Normal
DTAA/LDM0318,7.243141025641025,0.0983724557594251,16.286730769230765,0.0730692870782293,9.043779914529916,9.301388888888887,8.774722222222222,0.1291901061665851,260,260,1.0,1,PC-1591,100.0,0,0,100.0,0,260,2010-01-04 07:16:10,2011-01-13 16:21:36,0.04195543506114413,Normal
DTAA/MAG0290,8.721486486486485,0.9644431552905433,16.259054054054054,1.160445994103316,7.538092342342343,8.30888888888889,0.0027777777777777,1.8849898984123008,370,345,1.072463768115942,22,PC-4646,93.24324324324324,50,0,0.0,0,370,2010-01-04 08:23:20,2011-05-13 16:38:42,0.042217665501844026,Normal
DTAA/CVW0133,11.792708333333332,2.023612874503017,18.23012152777778,1.8545191237716256,6.437328559027779,11.281666666666666,0.0019444444444444,2.722332952340474,384,345,1.1130434782608696,36,PC-0282,89.84375,78,0,15.364583333333334,0,384,2010-01-04 13:23:17,2011-05-13 18:44:03,0.04257209331788725,Normal
DTAA/MCM0346,11.871172248803829,2.247755260654349,17.913995215311004,2.192314267397068,6.043182482721956,11.307222222222222,0.0002777777777777,3.1439629978306223,418,345,1.211594202898551,52,PC-2974,82.53588516746412,142,0,16.507177033492823,0,418,2010-01-04 11:32:48,2011-05-13 18:43:20,0.04293966089402035,Normal
DTAA/PIP0746,12.500090579710143,2.034378312265522,19.221105072463768,1.372837771518285,6.720884661835749,11.270833333333334,0.0147222222222222,2.4672184501983887,368,345,1.0666666666666669,21,PC-0416,93.75,46,0,0.5434782608695652,0,368,2010-01-04 12:59:58,2011-05-13 19:39:32,0.04323562125829944,Normal
DTAA/QGF0292,12.062709284627092,2.1625489396330915,17.051141552511414,2.258010283553652,4.987909056316591,10.31638888888889,0.0497222222222222,2.8830424906225827,438,345,1.2695652173913043,59,PC-4358,78.76712328767124,181,0,6.621004566210045,0,438,2010-01-04 07:57:17,2011-05-13 18:07:29,0.04324720444834518,Normal
DTAA/DSB0887,8.136985018726593,0.9151202962356594,17.878885767790262,0.9645215185179632,9.741772784019975,10.3075,0.0288888888888888,1.665863046741352,356,345,1.0318840579710145,12,PC-1158,96.91011235955057,22,0,47.752808988764045,0,356,2010-01-04 08:01:17,2011-05-13 18:06:45,0.0433800847623011,Normal
DTAA/VMF0423,8.479918699186992,0.0968835964767692,17.531219512195122,0.0726923715462942,9.05119918699187,9.318888888888887,8.78138888888889,0.1263301121294353,205,205,1.0,1,PC-4970,100.0,0,0,0.0,0,205,2010-01-04 08:35:04,2010-10-21 17:27:11,0.043418900801848515,Normal
DTAA/DBB0235,12.36872852233677,2.2042115845222945,18.157173539518897,1.9576522852513345,5.7882345360824745,10.266666666666667,0.0041666666666666,2.7764971506400844,388,345,1.1246376811594203,38,PC-0309,88.91752577319588,85,0,0.0,0,388,2010-01-04 08:44:18,2011-05-13 18:48:18,0.043425847741716705,Normal
DTAA/ZKH0388,10.759778911564627,2.071038923914277,17.122321428571432,1.9989283636163988,6.362456065759637,11.280833333333334,0.0355555555555555,2.8376526856118267,392,345,1.136231884057971,44,PC-1021,88.01020408163265,91,0,17.091836734693878,0,392,2010-01-04 12:27:47,2011-05-13 17:43:29,0.0436952303572809,Normal
DTAA/CTR0537,11.816856060606058,2.295715450017576,16.735037878787878,1.0932804704118275,5.100030513468013,9.254722222222222,0.7022222222222222,1.9801635225382708,264,260,1.015384615384615,1,PC-1160,100.0,0,0,19.318181818181817,0,264,2010-01-04 11:36:03,2011-01-13 16:52:01,0.04373736639639986,Normal
DTAA/DNS0937,12.297757153905648,2.078662390866749,17.25862335653519,2.361344000908451,4.960875870069605,10.275555555555556,0.0088888888888888,2.8090213856123003,431,345,1.2492753623188406,56,PC-0856,80.04640371229699,166,0,0.0,0,431,2010-01-04 12:05:15,2011-05-13 18:23:09,0.044290267536856,Normal
DTAA/RME0699,11.926129283489097,2.245352420205552,17.123831775700936,2.2123451469963067,5.197981568016616,10.327222222222222,0.0297222222222222,2.982712186154485,428,345,1.2405797101449276,70,PC-2049,80.60747663551402,160,0,8.411214953271028,0,428,2010-01-04 12:45:07,2011-05-13 18:08:20,0.04455745722275728,Normal
DTAA/JSE0020,11.787538580246917,2.3959213723607298,16.00810185185185,2.5694017122621524,4.386597865226338,9.276944444444444,0.0616666666666666,2.671974839219632,432,345,1.2521739130434784,57,PC-2745,81.48148148148148,156,3,10.185185185185183,0,432,2010-01-04 12:23:40,2011-05-13 16:57:53,0.044696004658794586,Normal
DTAA/HED0802,12.196870109546166,2.033627908029768,16.437323943661973,2.061739156945945,4.240379499217528,9.276388888888889,0.0238888888888888,2.497159082674105,426,345,1.2347826086956522,59,PC-3229,80.98591549295774,159,0,0.0,0,426,2010-01-04 13:37:59,2011-05-13 17:11:52,0.04480041729447182,Normal
DTAA/TNB0740,9.0240790655885,1.169474618716382,16.540296495956877,1.058632554206381,7.516515423779575,8.32611111111111,0.0238888888888888,1.9365920561979053,371,345,1.0753623188405796,25,PC-2015,92.99191374663071,52,0,0.0,0,371,2010-01-04 08:49:09,2011-05-13 16:41:24,0.04485648475053633,Normal
DTAA/HNR0891,12.220338164251206,2.066317576865901,20.529806763285027,0.0740549503925239,8.309537037037037,12.31638888888889,5.838888888888889,2.072014062916184,345,345,1.0,1,PC-2784,100.0,0,0,0.0,0,345,2010-01-04 14:17:01,2011-05-13 20:39:40,0.045002279330918604,Normal
DTAA/ARK0026,8.088623595505616,0.6626375500296443,17.83665730337079,1.1567596936950495,9.748259207240949,10.303888888888888,0.0105555555555555,1.6427729060151477,356,345,1.0318840579710145,12,PC-2707,96.91011235955057,22,0,48.03370786516854,0,356,2010-01-04 07:55:32,2011-05-13 18:09:19,0.045666231820228054,Normal
DTAA/MJF0892,11.840114942528736,2.0026136562731773,16.0988122605364,2.0905917781455674,4.258679438058748,9.311111111111112,0.0011111111111111,2.568244508312264,435,345,1.2608695652173914,62,PC-3210,79.3103448275862,172,0,9.42528735632184,0,435,2010-01-04 11:13:29,2011-05-13 16:59:49,0.04574422103974035,Normal
DTAA/TGC0670,11.610498084291187,2.138933852598058,15.877164750957856,2.10328197497163,4.266986590038314,9.303055555555556,0.0008333333333333,2.639250971399428,435,345,1.2608695652173914,56,PC-4332,79.3103448275862,175,0,17.011494252873565,0,435,2010-01-04 09:53:54,2011-05-13 16:48:33,0.046608338010205475,Normal
DTAA/ECM0214,11.886946386946388,2.01358587172216,16.100660450660452,2.160383041198128,4.214127169127169,9.283333333333331,0.0011111111111111,2.552924967830176,429,345,1.2434782608695651,64,PC-1433,80.41958041958041,164,0,7.226107226107226,0,429,2010-01-04 12:09:26,2011-05-13 16:59:09,0.047322720155011155,Normal
DTAA/JZO0727,11.598143459915612,2.0817156322915142,15.522320675105483,1.491173632651759,3.9238839662447256,8.29,0.0097222222222222,2.370102031763996,395,345,1.144927536231884,39,PC-2134,87.34177215189874,99,0,9.873417721518988,0,395,2010-01-04 08:06:55,2011-05-13 16:04:14,0.047384216153611214,Normal
DTAA/SGG0584,13.02502415458937,2.050921566285675,20.28526570048309,0.0743151457681179,7.259651368760064,11.290277777777778,4.948055555555555,2.0513897608698493,345,345,1.0,1,PC-1946,100.0,0,0,0.0,0,345,2010-01-04 14:12:34,2011-05-13 20:16:02,0.047967596885837516,Normal
DTAA/PID0096,11.197971014492754,1.9281797136681336,14.284251207729469,0.0718770215039194,3.086083735909824,7.251111111111111,0.8966666666666666,1.924849938701387,345,345,1.0,1,PC-3167,100.0,0,0,17.101449275362317,0,345,2010-01-04 12:25:41,2011-05-13 14:17:59,0.04841036912975183,Normal
DTAA/MDT0356,11.85442648190916,2.348919293532142,17.118090839107005,2.2108004851046674,5.263643187066974,10.281944444444443,0.0213888888888888,3.061191172076884,433,345,1.255072463768116,54,PC-0029,79.67667436489607,173,0,9.699769053117784,0,433,2010-01-04 11:51:03,2011-05-13 17:57:48,0.04875195298360635,Normal
DTAA/HER0860,7.997424892703863,0.0973083498595832,18.030615164520743,0.0725972278351769,10.033681449690034,10.311944444444444,9.7775,0.1246918029820913,233,233,1.0,1,PC-1902,100.0,0,0,47.63948497854077,0,233,2010-01-04 07:57:22,2010-12-02 18:05:16,0.04888789889605255,Normal
DTAA/JXC0393,12.140250809061488,1.999352089345158,16.536529126213594,1.9354893751567808,4.395776024811219,9.2825,0.0027777777777777,2.484716779704099,412,345,1.1942028985507247,50,PC-2734,83.7378640776699,130,0,0.0,0,412,2010-01-04 12:46:13,2011-05-13 17:16:16,0.049512269299551215,Normal
DTAA/MSM0226,11.807250221043324,2.129701837958988,15.864102564102565,1.5254381314883692,4.056567933981728,8.328333333333333,0.0597222222222222,2.347473071053989,377,345,1.092753623188406,31,PC-1732,91.51193633952256,64,0,0.0,0,377,2010-01-04 14:15:30,2011-05-13 16:23:55,0.04999556637654806,Normal
DTAA/CBP0628,6.498502415458937,0.0949220001970542,18.53314009661836,0.0717533369425682,12.034719806763285,12.321111111111112,11.764444444444443,0.1200009616741415,345,345,1.0,1,PC-4750,100.0,0,0,100.0,0,345,2010-01-04 06:26:16,2011-05-13 18:35:06,0.05025754570994834,Normal
DTAA/LDG0406,12.118534080298788,1.8937882059217523,16.152287581699348,0.7445758258969645,4.033404917522565,8.315555555555555,0.0677777777777777,1.9743032195765968,357,345,1.0347826086956522,12,PC-4454,96.63865546218489,24,0,0.0,0,357,2010-01-04 11:52:01,2011-05-13 16:12:04,0.05037617707623182,Normal
DTAA/RAY0882,13.008743961352655,1.9953090256156447,16.280048309178746,0.0720937624162841,3.270800322061192,7.315555555555555,0.9344444444444444,1.9872394842759245,345,345,1.0,1,PC-1169,100.0,0,0,0.0,0,345,2010-01-04 14:41:05,2011-05-13 16:14:45,0.051107852622528094,Normal
DTAA/NFD0706,12.069546850998464,2.111785246020119,17.01424731182796,2.3372577597559347,4.944397721454173,10.295,0.0080555555555555,2.845248891099433,434,345,1.2579710144927536,59,PC-4804,79.49308755760369,175,0,6.912442396313365,0,434,2010-01-04 13:07:19,2011-05-13 18:06:24,0.051139217296162165,Normal
DTAA/NRS0477,6.742801932367149,0.0942836845618035,18.781400966183572,0.0714341952408631,12.038178743961351,12.303333333333333,11.768055555555556,0.12256435657855,345,345,1.0,1,PC-0672,100.0,0,0,100.0,0,345,2010-01-04 06:47:48,2011-05-13 18:48:53,0.0514420491768629,Normal
DTAA/ARR0977,11.93954475308642,2.1817594082640244,17.018942901234567,2.3455242989575438,5.079827674897119,10.298055555555557,0.0102777777777777,2.9373238749193304,432,345,1.2521739130434784,61,PC-1074,79.86111111111111,165,0,9.722222222222223,0,432,2010-01-04 13:22:38,2011-05-13 18:07:38,0.05198744760889784,Normal
DTAA/CBR0104,12.104632152588556,2.145542542453318,18.937465940054494,1.605341823710053,6.833706478958522,11.303333333333333,0.0063888888888888,2.5597917607559264,367,345,1.063768115942029,23,PC-0775,94.00544959128064,44,0,0.2724795640326975,0,367,2010-01-04 12:12:41,2011-05-13 19:24:04,0.05230687314577548,Normal
DTAA/HSD0519,12.20239837398374,2.192674219328578,16.810365853658535,1.9383962601653109,4.607832655826559,9.305277777777778,0.02,2.656557947083164,410,345,1.1884057971014492,51,PC-2047,84.14634146341463,129,0,0.0,0,410,2010-01-04 12:37:38,2011-05-13 17:36:04,0.05263316145140473,Normal
DTAA/CGC0877,8.744396135265701,0.0994453168553046,20.78574879227053,0.0703601019497061,12.04139694041868,12.311388888888889,11.777222222222225,0.1222743272168756,345,345,1.0,1,PC-2894,100.0,0,0,0.0,0,345,2010-01-04 08:35:04,2011-05-13 20:40:52,0.052701855918815044,Normal
DTAA/CDE0193,12.611974977658624,2.077085154182046,18.393252904378908,1.587597039648265,5.781159517426273,10.25611111111111,0.0216666666666666,2.4572646074690985,373,345,1.0811594202898551,26,PC-3996,92.49329758713137,56,0,0.0,0,373,2010-01-04 08:52:00,2011-05-13 18:49:14,0.05279440983011069,Normal
DTAA/AFH0331,11.924351851851853,2.065665183926402,18.813148148148148,1.1780752560207306,6.888656635802469,11.290833333333332,0.0625,2.373868810276273,360,345,1.0434782608695652,13,PC-0850,95.83333333333334,30,0,8.333333333333332,0,360,2010-01-04 13:30:19,2011-05-13 19:06:28,0.05296953694569562,Normal
DTAA/CPP0761,8.591263057929723,0.7869448379044114,18.46538461538461,0.5816894681551638,9.873657803102247,10.313333333333333,0.2430555555555555,1.2355398795220924,351,345,1.017391304347826,7,PC-2665,98.29059829059828,12,0,0.0,0,351,2010-01-04 08:32:13,2011-05-13 18:33:58,0.05301399929587197,Normal
DTAA/GVH0277,8.898245614035087,0.910129891692986,17.56163434903047,1.1792744973084308,8.663813481071099,9.31611111111111,0.0508333333333333,1.7845856699091398,361,345,1.046376811594203,15,PC-3870,95.56786703601108,32,0,0.0,0,361,2010-01-04 08:40:04,2011-05-13 17:46:08,0.053592588350084736,Normal
DTAA/RXM0204,12.82121693121693,1.9673868109685144,18.025502645502648,0.0754466734949753,5.204347442680776,9.26,2.9408333333333334,1.967330877216195,315,315,1.0,1,PC-4875,100.0,0,0,0.0,0,315,2010-01-04 08:55:57,2011-03-31 18:08:15,0.05364581999719947,Normal
DTAA/ASV0049,12.00678391959799,2.2737212508457088,17.69175041876047,1.7824818250753265,5.684654522613066,10.286388888888888,0.0166666666666666,2.836279992348479,398,345,1.153623188405797,42,PC-2492,86.68341708542714,105,0,0.0,0,398,2010-01-04 10:03:31,2011-05-13 18:14:17,0.05402245887863333,Normal
DTAA/MMH0581,11.252072072072073,2.148637426168173,18.12009009009009,1.7020977344657042,6.867404654654655,11.301388888888887,0.0166666666666666,2.6586826816337723,370,345,1.072463768115942,21,PC-3464,93.24324324324324,50,0,21.62162162162162,0,370,2010-01-04 07:25:25,2011-05-13 18:35:21,0.05481655802989094,Normal
DTAA/MBR0166,12.260152740341422,2.1092582148346786,16.244339622641508,1.222600366971029,3.984509583707698,8.290833333333333,0.0611111111111111,2.25749698926293,371,345,1.0753623188405796,25,PC-3669,92.99191374663071,52,0,0.0,0,371,2010-01-04 08:25:41,2011-05-13 16:33:51,0.054936990165368293,Normal
DTAA/JNF0543,10.921603375527424,1.9698736264017267,15.502025316455695,1.6197121364257303,4.579597046413501,9.321111111111112,0.0061111111111111,2.388319094884544,395,345,1.144927536231884,41,PC-1389,87.34177215189874,99,0,17.21518987341772,0,395,2010-01-04 07:00:10,2011-05-13 16:05:21,0.05508199414318504,Normal
DTAA/DDD0915,12.006925207756233,2.049545205711447,18.82945521698984,1.1391315643531164,6.822910126192674,11.305,0.0008333333333333,2.3709428713137144,361,345,1.046376811594203,14,PC-3632,95.56786703601108,32,0,8.310249307479225,0,361,2010-01-04 12:32:50,2011-05-13 18:56:48,0.05567046465904091,Normal
DTAA/FUA0154,12.162205387205388,2.024418727891712,16.717676767676767,1.7064802742721608,4.555681116722783,9.293055555555556,0.0205555555555555,2.4216755824427727,396,345,1.1478260869565218,40,PC-1985,87.12121212121212,100,0,0.0,0,396,2010-01-04 11:08:57,2011-05-13 17:18:14,0.05574806069612831,Normal
DTAA/GNH0394,11.088076588337684,2.068591820484003,15.868842471714531,1.5160690268588497,4.78080649840441,9.323055555555555,0.0033333333333333,2.3819245164004568,383,345,1.1101449275362318,36,PC-2161,90.07832898172325,76,0,19.06005221932115,0,383,2010-01-04 13:07:09,2011-05-13 16:20:32,0.05656904345189462,Normal
DTAA/BKM0116,11.79591121495327,2.0735448798826903,16.83177570093458,2.222104706025254,5.036184449636552,10.331666666666669,0.005,2.8454133302133093,428,345,1.2405797101449276,62,PC-3391,80.60747663551402,163,0,14.95327102803738,0,428,2010-01-04 09:59:24,2011-05-13 17:50:33,0.057813962577964007,Normal
DTAA/EMZ0196,11.719765494137354,2.2407061905974834,17.422738693467338,1.793133452150956,5.703096035734227,10.3025,0.0025,2.859291598802801,398,345,1.153623188405797,42,PC-1479,86.68341708542714,106,0,12.060301507537687,0,398,2010-01-04 12:54:59,2011-05-13 18:04:55,0.05818816076836342,Normal
DTAA/FFP0721,11.074590163934428,2.1400175817369997,15.280282331511838,1.1644913624240985,4.205752884031573,8.308333333333334,0.0005555555555555,2.2777498819291053,366,345,1.0608695652173914,20,PC-0690,94.26229508196722,41,0,23.770491803278688,0,366,2010-01-04 11:46:28,2011-05-13 15:37:10,0.05871754232314047,Normal
DTAA/LAT0452,7.488260869565217,0.0938252001508666,19.52309178743961,0.0749015694331326,12.034777777777776,12.319444444444445,11.768611111111111,0.116324087511945,345,345,1.0,1,PC-0256,100.0,0,0,100.0,0,345,2010-01-04 07:32:54,2011-05-13 19:39:05,0.05897749736815944,Normal
DTAA/CYK0330,11.80687702265372,2.18567521956697,17.240291262135923,2.041281547366653,5.432983414239483,10.282777777777778,0.0069444444444444,2.9110091880580096,412,345,1.1942028985507247,49,PC-4246,83.7378640776699,132,0,9.70873786407767,0,412,2010-01-04 13:11:40,2011-05-13 18:01:52,0.05899007252175009,Normal
DTAA/CGM0319,11.0182808716707,2.085386387406791,16.339346246973363,2.296138362223324,5.321691552327146,10.287777777777778,0.0069444444444444,2.8665300053742326,413,345,1.1971014492753622,48,PC-3173,83.53510895883777,133,0,19.128329297820823,0,413,2010-01-04 11:01:24,2011-05-13 17:18:34,0.059200841201666854,Normal
DTAA/NSC0842,11.662692619626926,2.1649953892882,16.31236820762368,1.9275570181269377,4.649070694782374,9.305,0.0025,2.6641896465907227,411,345,1.191304347826087,47,PC-4132,83.94160583941606,129,0,10.46228710462287,0,411,2010-01-04 08:09:51,2011-05-13 17:02:12,0.05920163742443296,Normal
DTAA/EBS0287,12.086328502415457,1.9461307223342648,15.282125603864731,0.0739001417308086,3.195924315619968,7.281388888888888,0.8991666666666667,1.952498403737088,345,345,1.0,1,PC-2785,100.0,0,0,0.0,0,345,2010-01-04 11:48:51,2011-05-13 15:22:45,0.05951853775778437,Normal
DTAA/YQW0689,10.958454106280191,2.128573603138872,16.239694041867956,2.0707248325270187,5.281013150831991,10.281666666666666,0.0108333333333333,2.794197497156621,414,345,1.2,52,PC-1761,83.33333333333334,133,0,17.391304347826086,0,414,2010-01-04 07:05:32,2011-05-13 17:08:09,0.059548647323058645,Normal
DTAA/UMB0449,11.639634703196348,2.088065655387771,15.799086757990866,1.1265468622327537,4.159420852359209,8.327777777777778,0.0086111111111111,2.194140607412728,365,345,1.0579710144927537,21,PC-3960,94.52054794520548,40,0,9.58904109589041,0,365,2010-01-04 13:49:13,2011-05-13 16:02:28,0.05957467004054978,Normal
DTAA/RDP0855,7.493236714975846,0.0991696322507725,14.529710144927536,0.0718137555166599,7.036202898550726,7.327222222222222,6.755,0.1255776974435359,345,345,1.0,1,PC-2975,100.0,0,0,100.0,0,345,2010-01-04 07:29:32,2011-05-13 14:31:39,0.06000865448213499,Normal
DTAA/ULB0178,12.979745685740236,2.068375445688688,18.0236148955495,1.098884879129557,5.04357629427793,9.309444444444445,0.1008333333333333,2.325532586255684,367,345,1.063768115942029,19,PC-1859,94.00544959128064,44,0,0.0,0,367,2010-01-04 15:04:22,2011-05-13 18:10:32,0.06004338675938348,Normal
DTAA/JJR0278,11.450312989045385,2.084507723858793,16.5962441314554,2.240413180584492,5.146081768388108,10.316944444444443,0.0044444444444444,2.8674275058201686,426,345,1.2347826086956522,58,PC-1005,80.98591549295774,158,0,17.136150234741784,0,426,2010-01-04 11:28:40,2011-05-13 17:31:50,0.06048027959881619,Normal
DTAA/NAC0161,11.248781446540882,2.065477417412353,16.33679245283019,2.2580980755349414,5.087765330188678,10.31,0.0208333333333333,2.8041032729494484,424,345,1.228985507246377,55,PC-1120,81.36792452830188,154,0,15.09433962264151,0,424,2010-01-04 12:10:18,2011-05-13 17:23:53,0.06109206945485007,Normal
DTAA/BML0618,7.4914975845410625,0.0969171711276906,19.529130434782605,0.0757022509937943,12.037248792270534,12.321388888888889,11.766666666666667,0.1235395227218296,345,345,1.0,1,PC-0659,100.0,0,0,100.0,0,345,2010-01-04 07:27:24,2011-05-13 19:33:33,0.06112561445675441,Normal
DTAA/RBB0229,7.494879227053141,0.0946886979463793,19.528019323671497,0.0695995347164431,12.033123188405796,12.297777777777778,11.7825,0.1156476658416635,345,345,1.0,1,PC-0696,100.0,0,0,100.0,0,345,2010-01-04 07:22:32,2011-05-13 19:35:03,0.061614430797655384,Normal
DTAA/CBR0439,11.615893719806763,1.9412135699944504,19.787149758454103,0.0726200230837676,8.171289049919485,12.288333333333334,5.845277777777778,1.936949536605263,345,345,1.0,1,PC-4135,100.0,0,0,18.26086956521739,0,345,2010-01-04 11:44:07,2011-05-13 19:53:17,0.0616957321510988,Normal
DTAA/NBB0501,7.494106280193235,0.0970364234865152,14.536521739130436,0.0684911082296627,7.043049114331724,7.316111111111111,6.775,0.1179967818191994,345,345,1.0,1,PC-0457,100.0,0,0,100.0,0,345,2010-01-04 07:27:51,2011-05-13 14:26:44,0.06198455231899275,Normal
DTAA/KFF0225,7.989420289855072,0.0969661834713311,20.04256038647343,0.0688314819643664,12.05362077294686,12.320833333333333,11.776388888888889,0.1158254474960406,345,345,1.0,1,PC-0452,100.0,0,0,51.8840579710145,0,345,2010-01-04 08:07:43,2011-05-13 20:03:23,0.06219213838761334,Normal
DTAA/VMA0051,12.643230625583566,1.976493040648916,17.629645191409896,0.9393995604542896,4.986586523498288,9.269166666666669,0.0341666666666666,2.108716025134089,357,345,1.0347826086956522,12,PC-1950,96.63865546218489,24,0,0.0,0,357,2010-01-04 13:53:21,2011-05-13 17:47:48,0.062273349717631654,Normal
DTAA/JDR0685,11.705301204819278,2.058246054604464,16.950682730923695,2.1555198064068377,5.245342704149932,10.311944444444444,0.0027777777777777,2.7674840146921453,415,345,1.2028985507246377,50,PC-2507,83.13253012048193,138,0,14.93975903614458,0,415,2010-01-04 12:34:09,2011-05-13 17:51:32,0.0627197365558953,Normal
DTAA/LLB0843,11.591545893719807,2.1096558480150263,15.03623188405797,0.0744248251634271,3.444721417069243,7.306666666666667,0.8513888888888889,2.110460667458145,345,345,1.0,1,PC-3755,100.0,0,0,12.46376811594203,0,345,2010-01-04 07:58:17,2011-05-13 14:59:53,0.06275934320630083,Normal
DTAA/GDG0184,11.73168776371308,2.036752892338548,16.42426160337553,1.7833424210838595,4.692943741209564,9.291944444444445,0.04,2.467198049539067,395,345,1.144927536231884,41,PC-1808,87.34177215189874,97,0,8.860759493670885,0,395,2010-01-04 13:21:03,2011-05-13 17:04:49,0.06283376657354173,Normal
DTAA/AEG0905,8.49927536231884,0.0944877211394669,20.532463768115942,0.0715680143383095,12.03343880837359,12.323611111111113,11.770277777777778,0.1210546931185976,345,345,1.0,1,PC-0211,100.0,0,0,0.0,0,345,2010-01-04 08:32:05,2011-05-13 20:39:48,0.06287739942582254,Normal
DTAA/NNB0443,11.61536231884058,2.006003764654633,14.781884057971013,0.073484864278698,3.166429951690821,7.311944444444444,0.8363888888888888,2.006047067166849,345,345,1.0,1,PC-4625,100.0,0,0,19.130434782608692,0,345,2010-01-04 11:59:33,2011-05-13 14:51:56,0.06293466902622735,Normal
DTAA/KMG0002,8.489227053140096,0.0937090046931122,20.5324154589372,0.0726258242957819,12.042954911433172,12.306111111111113,11.773888888888887,0.1174362801776644,345,345,1.0,1,PC-4856,100.0,0,0,0.0,0,345,2010-01-04 08:37:13,2011-05-13 20:38:22,0.06298617426990766,Normal
DTAA/LID0942,11.819625,2.1440027287411145,16.484958333333335,1.6717772934165211,4.66551875,9.2875,0.005,2.5516558068857207,400,345,1.1594202898550725,45,PC-3769,86.25,108,0,9.75,0,400,2010-01-04 12:39:35,2011-05-13 17:01:52,0.06312280041852703,Normal
DTAA/ARG0405,8.490628019323673,0.0967616403308081,20.53265700483092,0.0733420971466665,12.041607890499195,12.308055555555557,11.763333333333334,0.1236261817904252,345,345,1.0,1,PC-3289,100.0,0,0,0.0,0,345,2010-01-04 08:27:34,2011-05-13 20:28:03,0.06337277074940378,Normal
DTAA/PXB0069,12.143167128347184,2.22614468475981,18.328347183748846,1.1514422282748478,6.185133117882426,10.294166666666667,0.0583333333333333,2.447098148773092,361,345,1.046376811594203,16,PC-1972,95.56786703601108,32,0,0.0,0,361,2010-01-04 08:34:27,2011-05-13 18:33:09,0.06371153764585591,Normal
DTAA/MVP0572,11.840273843248347,1.969140831156611,15.920254957507083,0.8207081687151891,4.079390934844193,8.313055555555556,0.0691666666666666,2.022373231308188,353,345,1.0231884057971017,9,PC-3653,97.73371104815864,16,0,10.48158640226629,0,353,2010-01-04 12:26:54,2011-05-13 15:58:48,0.06394873139649737,Normal
DTAA/LMH0690,7.9972946859903375,0.0952561407583268,20.033236714975843,0.0689646836334397,12.03663768115942,12.278888888888888,11.766666666666667,0.1169036869633079,345,345,1.0,1,PC-2166,100.0,0,0,48.11594202898551,0,345,2010-01-04 08:04:14,2011-05-13 20:01:28,0.06414862849295733,Normal
DTAA/RXE0207,11.684844444444444,2.1274545289679643,17.58106666666667,1.7119837447376622,5.895977037037038,10.306666666666668,0.1677777777777777,2.533971494228418,375,345,1.0869565217391304,27,PC-0650,92.0,60,0,10.933333333333334,0,375,2010-01-04 11:39:40,2011-05-13 18:00:52,0.06432884031462882,Normal
DTAA/LVC0027,7.998502415458938,0.0939987633788787,20.024444444444445,0.0728030214420655,12.026105475040255,12.325277777777778,11.759722222222225,0.122445531384885,345,345,1.0,1,PC-1310,100.0,0,0,46.95652173913044,0,345,2010-01-04 07:53:58,2011-05-13 20:07:06,0.06444619866732221,Normal
DTAA/CDE0810,12.620386473429951,1.9002336943381868,19.78613526570048,0.0716649161233963,7.16499114331723,11.1675,4.825555555555556,1.8979857208308544,345,345,1.0,1,PC-3344,100.0,0,0,0.0,0,345,2010-01-04 13:22:40,2011-05-13 19:43:53,0.06445241403884239,Normal
DTAA/JAM0392,11.341551246537396,1.9819257050984724,15.359695290858728,0.883209215308321,4.018104801477378,8.256388888888889,0.0530555555555555,2.1080428926484736,361,345,1.046376811594203,16,PC-0209,95.56786703601108,32,0,18.83656509695291,0,361,2010-01-04 12:01:52,2011-05-13 15:34:00,0.0646918596106939,Normal
DTAA/OHW0215,8.491014492753623,0.0972810340999265,20.52917874396136,0.0731940312698654,12.038175523349436,12.306111111111113,11.777222222222225,0.1219937216214744,345,345,1.0,1,PC-3457,100.0,0,0,0.0,0,345,2010-01-04 08:30:01,2011-05-13 20:34:37,0.06471348429947077,Normal
DTAA/MTM0239,8.491304347826087,0.0955066345614447,20.53845410628019,0.0699727238066388,12.047550724637684,12.320555555555556,11.776944444444444,0.1194465096341845,345,345,1.0,1,PC-3013,100.0,0,0,0.0,0,345,2010-01-04 08:29:54,2011-05-13 20:38:47,0.06534484778863442,Normal
DTAA/EGM0401,10.810347985347985,1.9948248934336863,17.683699633699636,1.607425526395463,6.872953296703297,11.325555555555557,0.0386111111111111,2.443430359149736,364,345,1.055072463768116,18,PC-0936,94.78021978021978,38,0,19.230769230769237,0,364,2010-01-04 12:25:59,2011-05-13 18:00:31,0.06579295323883999,Normal
DTAA/SPK0818,11.792541436464088,2.0266399647201334,15.787384898710863,1.2153294640413903,3.994374616329036,8.322222222222223,0.0847222222222222,2.124015341573983,362,345,1.0492753623188409,16,PC-1938,95.30386740331492,34,0,9.668508287292818,0,362,2010-01-04 11:35:52,2011-05-13 16:02:15,0.06588672801420487,Normal
DTAA/JSB0493,12.138337924701563,2.1113552415656875,18.260835629017446,1.2942115568711527,6.122497704315885,10.270555555555555,0.0761111111111111,2.411653138226819,363,345,1.0521739130434782,17,PC-2493,95.0413223140496,36,0,0.0,0,363,2010-01-04 13:41:54,2011-05-13 18:35:17,0.06640428994831249,Normal
DTAA/CRF0074,13.039613526570047,2.0344400292544966,19.277729468599038,0.0738881687669168,6.237895330112722,10.312222222222225,3.886944444444445,2.037117222466575,345,345,1.0,1,PC-2490,100.0,0,0,0.0,0,345,2010-01-04 09:14:35,2011-05-13 19:19:25,0.06682691823151721,Normal
DTAA/KLS0717,11.803358522250209,2.073238146838257,17.11112510495382,2.0140113356769254,5.308166806605095,10.28472222222222,0.0475,2.6368236266567853,397,345,1.1507246376811595,52,PC-3136,86.90176322418137,101,0,15.113350125944583,0,397,2010-01-04 07:45:28,2011-05-13 17:44:38,0.0672258891352841,Normal
DTAA/MIH0429,8.244685990338166,0.0946609597454455,20.283574879227054,0.0707502221958045,12.039336553945253,12.308055555555557,11.780555555555557,0.121636352342143,345,345,1.0,1,PC-4650,100.0,0,0,0.0,0,345,2010-01-04 08:21:07,2011-05-13 20:23:42,0.06779637481769762,Normal
DTAA/JBA0373,10.534991039426524,2.0364864641871216,16.35564516129032,1.6653510806308962,5.820529420549581,10.249444444444444,0.0327777777777777,2.414282196815786,372,345,1.0782608695652174,25,PC-4398,92.74193548387096,54,0,19.892473118279568,0,372,2010-01-04 10:36:24,2011-05-13 16:40:22,0.06838081774537019,Normal
DTAA/IAH0822,11.469146005509645,2.0237638169783536,15.578282828282829,1.0172049214691703,4.109921181512091,8.297222222222222,0.0502777777777777,2.137951777631622,363,345,1.0521739130434782,19,PC-3293,95.0413223140496,36,0,20.110192837465565,0,363,2010-01-04 07:48:04,2011-05-13 15:45:29,0.06839718073593265,Normal
DTAA/ESB0080,11.700238095238094,2.1499174311258025,17.924142857142858,0.8866921662451108,6.224220634920634,10.216666666666669,0.4966666666666666,2.231545321025202,350,345,1.0144927536231885,6,PC-2529,98.57142857142858,10,0,10.571428571428571,0,350,2010-01-04 07:52:08,2011-05-13 18:07:43,0.06849945215254843,Normal
DTAA/EWR0504,11.430185185185186,2.121759669322525,15.591388888888888,1.026128738899773,4.161250771604939,8.311388888888889,0.0413888888888888,2.2234859142928998,360,345,1.0434782608695652,15,PC-4580,95.83333333333334,30,0,21.944444444444443,0,360,2010-01-04 12:05:58,2011-05-13 15:42:51,0.06855376178931627,Normal
DTAA/ROM0419,7.487294685990339,0.0956520451821025,14.52685990338164,0.0706418617290316,7.03918035426731,7.331388888888889,6.794444444444444,0.1215534304434595,345,345,1.0,1,PC-3957,100.0,0,0,100.0,0,345,2010-01-04 07:23:31,2011-05-13 14:33:05,0.06857825587402416,Normal
DTAA/ZKE0662,11.363623188405798,2.006406787616497,19.530289855072464,0.0750511004435576,8.166980676328503,12.29,5.873888888888889,2.003419275535964,345,345,1.0,1,PC-0434,100.0,0,0,19.130434782608692,0,345,2010-01-04 12:10:01,2011-05-13 19:26:37,0.06914083176685282,Normal
DTAA/OJG0866,7.746038647342996,0.096199209496366,19.779855072463764,0.0736581837310583,12.033783413848631,12.321944444444444,11.769722222222224,0.1233203702510665,345,345,1.0,1,PC-2583,100.0,0,0,100.0,0,345,2010-01-04 07:41:32,2011-05-13 19:48:26,0.06916628065086905,Normal
DTAA/CBB0075,11.382898550724638,1.949843208518249,19.53652173913044,0.0710602493544054,8.153662640901773,12.244722222222222,5.885833333333333,1.947551870669892,345,345,1.0,1,PC-3548,100.0,0,0,18.26086956521739,0,345,2010-01-04 11:34:35,2011-05-13 19:32:13,0.0693465578820619,Normal
DTAA/LSV0944,6.482657004830918,0.0990076402419237,14.537584541062804,0.072266920307029,8.05434380032206,8.321944444444444,7.761666666666667,0.1236804360502124,345,345,1.0,1,PC-2992,100.0,0,0,100.0,0,345,2010-01-04 06:30:27,2011-05-13 14:26:19,0.06949133375905964,Normal
DTAA/HBL0517,11.701629422718806,2.1180635638143976,17.85190875232775,1.0950154104842558,6.149511949099938,10.310833333333331,0.0022222222222222,2.316534243040829,358,345,1.03768115942029,14,PC-1343,96.36871508379888,26,0,9.217877094972067,0,358,2010-01-04 07:59:47,2011-05-13 18:07:40,0.06980554833806313,Normal
DTAA/JMR0906,7.74632850241546,0.0987783010299943,14.78512077294686,0.0731855887271097,7.039207729468599,7.328055555555555,6.763888888888889,0.122610642073246,345,345,1.0,1,PC-1037,100.0,0,0,100.0,0,345,2010-01-04 07:44:00,2011-05-13 14:47:59,0.06993112295848108,Normal
DTAA/JLV0465,7.977962962962963,0.0949845455084499,17.035740740740742,0.0704280201112983,9.057838477366252,9.293888888888889,8.769166666666667,0.1137931062092867,270,270,1.0,1,PC-1637,100.0,0,0,55.92592592592592,0,270,2010-01-04 07:57:35,2011-01-27 16:55:10,0.07001020183894507,Normal
DTAA/JGB0062,11.684688346883467,2.123322291854029,17.634778681120146,1.636683478463293,5.949539295392954,10.3025,0.0511111111111111,2.5383138757107355,369,345,1.0695652173913044,25,PC-3269,93.4959349593496,48,0,11.38211382113821,0,369,2010-01-04 11:57:11,2011-05-13 18:01:10,0.07031684003019667,Normal
DTAA/WKH0407,12.864251207729469,2.1190135987769567,19.279082125603864,0.0758434145653816,6.415462157809984,10.305,3.888888888888889,2.1142496538044546,345,345,1.0,1,PC-3822,100.0,0,0,0.0,0,345,2010-01-04 13:50:50,2011-05-13 19:11:30,0.07045214582906434,Normal
DTAA/MMH0612,12.10465009208103,2.172843815503016,17.31929097605893,1.073932155489176,5.214778238182935,9.299722222222222,0.1055555555555555,2.35351630047092,362,345,1.0492753623188409,17,PC-2886,95.30386740331492,34,0,0.0,0,362,2010-01-04 12:24:43,2011-05-13 17:37:59,0.07056658573838104,Normal
DTAA/KGC0456,7.744444444444444,0.0964513551507808,14.776280193236715,0.0738838922381754,7.031522544283415,7.326111111111111,6.783888888888889,0.1141029395338288,345,345,1.0,1,PC-4369,100.0,0,0,100.0,0,345,2010-01-04 07:51:54,2011-05-13 14:41:43,0.07110070550357761,Normal
DTAA/MCR0375,11.74372759856631,2.022194037928855,16.4502688172043,1.3726770252512952,4.706919802867384,9.29527777777778,0.0888888888888888,2.2317528912725435,372,345,1.0782608695652174,24,PC-0281,92.74193548387096,54,0,17.473118279569892,0,372,2010-01-04 11:46:42,2011-05-13 16:49:06,0.07144392710865843,Normal
DTAA/OKG0160,10.893417366946778,1.9797069163934704,15.87843137254902,0.9331661658276396,4.985441954559602,9.294444444444444,0.1605555555555555,2.1176845334301917,357,345,1.0347826086956522,11,PC-1360,96.63865546218489,24,0,17.92717086834734,0,357,2010-01-04 11:07:52,2011-05-13 15:56:55,0.07172452486963105,Normal
DTAA/KSB0673,11.333102493074792,2.155805922377944,17.548014773776547,1.248352580488873,6.214512927054479,10.28138888888889,0.0011111111111111,2.391680018668467,361,345,1.046376811594203,17,PC-0847,95.56786703601108,32,0,23.26869806094183,0,361,2010-01-04 07:44:35,2011-05-13 17:49:35,0.07182495155973034,Normal
DTAA/TZB0870,7.737149758454106,0.096032865017866,14.785652173913045,0.0743909472465809,7.0483663446054745,7.313888888888889,6.7844444444444445,0.1174459944546748,345,345,1.0,1,PC-2534,100.0,0,0,100.0,0,345,2010-01-04 07:48:16,2011-05-13 14:45:28,0.072276665389582,Normal
DTAA/GTJ0243,7.745652173913044,0.0985215390277608,14.782512077294683,0.0702533386267947,7.036880032206119,7.321111111111111,6.760277777777778,0.1212917636705923,345,345,1.0,1,PC-1337,100.0,0,0,100.0,0,345,2010-01-04 07:50:57,2011-05-13 14:48:54,0.07256896699112497,Normal
DTAA/WJG0153,13.120579710144929,1.9671864012792035,17.27961352657005,0.0719772794503132,4.159219001610306,8.309166666666666,1.9202777777777775,1.9738681168294965,345,345,1.0,1,PC-3249,100.0,0,0,0.0,0,345,2010-01-04 13:24:02,2011-05-13 17:18:03,0.07282359393608884,Normal
DTAA/BGV0046,11.610720720720725,2.1677463969557613,16.66189189189189,1.5387006998588728,5.05087912912913,9.301388888888887,0.0866666666666666,2.453895126370326,370,345,1.072463768115942,26,PC-3080,93.24324324324324,50,0,11.081081081081082,0,370,2010-01-04 12:56:35,2011-05-13 17:02:25,0.07318392500271376,Normal
DTAA/LCL0792,6.489710144927537,0.0957827455466571,14.53328502415459,0.0735595804183611,8.043459742351047,8.324722222222222,7.762222222222222,0.1224022722009538,345,345,1.0,1,PC-1506,100.0,0,0,100.0,0,345,2010-01-04 06:30:30,2011-05-13 14:30:34,0.07364966571020132,Normal
DTAA/HIP0929,7.73792270531401,0.0980051372534139,14.781980676328502,0.0712325023634024,7.04406119162641,7.321944444444444,6.770277777777777,0.1193252094556091,345,345,1.0,1,PC-3338,100.0,0,0,100.0,0,345,2010-01-04 07:41:29,2011-05-13 14:43:31,0.07397269656666916,Normal
DTAA/SHS0608,7.74743961352657,0.0961754844739743,14.779806763285023,0.0728345530071254,7.032528180354266,7.322222222222222,6.768888888888889,0.1166294482066529,345,345,1.0,1,PC-1394,100.0,0,0,100.0,0,345,2010-01-04 07:38:31,2011-05-13 14:41:56,0.07434469908662195,Normal
DTAA/SSC0047,12.94352657004831,1.974327714385668,19.038840579710143,0.0729053448285686,6.09558615136876,10.29111111111111,3.88,1.9758524947689224,345,345,1.0,1,PC-1537,100.0,0,0,0.0,0,345,2010-01-04 12:45:08,2011-05-13 19:07:21,0.07446155087659545,Normal
DTAA/AUM0365,11.570572207084467,2.1624913965686283,16.738919164396002,1.3197025756225165,5.168174386920981,9.319166666666666,0.0213888888888888,2.3955043716960223,367,345,1.063768115942029,20,PC-0338,94.00544959128064,43,0,11.1716621253406,0,367,2010-01-04 12:43:19,2011-05-13 17:01:18,0.07494810677087471,Normal
DTAA/MJM0228,9.110842803030302,1.451243591300321,17.886742424242424,1.5262909814710024,8.912600220959597,9.298333333333334,0.0180555555555555,0.9428362626899042,352,345,1.0202898550724635,1,PC-2127,100.0,0,2,1.9886363636363635,0,352,2010-01-04 09:05:05,2011-05-13 18:05:17,0.07550383023438145,Normal
DTAA/KKW0945,11.513269054178146,2.063938248759012,17.54072543617998,1.2345321659349875,6.027601775329049,10.273888888888887,0.0016666666666666,2.3506031233035647,363,345,1.0521739130434782,18,PC-2333,95.0413223140496,36,0,19.83471074380165,0,363,2010-01-04 07:38:18,2011-05-13 17:50:41,0.07587017353255343,Normal
DTAA/TCR0218,7.989464285714287,0.0956600595208917,17.029345238095235,0.0738846972235391,9.040092261904762,9.321111111111112,8.768888888888888,0.1267564023059689,280,280,1.0,1,PC-0655,100.0,0,0,48.57142857142857,0,280,2010-01-04 07:56:40,2011-02-10 17:04:18,0.07599648102605011,Normal
DTAA/CCG0876,11.597237569060775,2.1195469484983693,17.72661141804788,1.4407379002284162,6.129289441375077,10.32,0.0027777777777777,2.4153683000769512,362,345,1.0492753623188409,18,PC-3910,95.30386740331492,34,0,11.60220994475138,0,362,2010-01-04 11:55:52,2011-05-13 18:09:35,0.0762540457791071,Normal
DTAA/GHB0863,11.6158014571949,2.147766531968888,16.78670309653916,1.1486081307124003,5.171126290224652,9.268611111111111,0.0422222222222222,2.367610002492435,366,345,1.0608695652173914,19,PC-2847,94.26229508196722,42,0,12.295081967213116,0,366,2010-01-04 12:03:00,2011-05-13 16:59:37,0.07707548075728787,Normal
DTAA/RHP0688,11.856736526946108,2.0984268926667378,16.282235528942117,0.0735359319094056,4.425118097139055,8.301111111111112,1.9447222222222225,2.1035418970157536,334,334,1.0,1,PC-2436,100.0,0,0,0.0,0,334,2010-01-04 12:25:01,2011-04-28 16:22:38,0.07794379299556953,Normal
DTAA/AAS0709,11.816894977168948,2.0536625111336755,16.78808219178082,1.1699216651672288,4.971444444444445,9.315555555555555,0.0022222222222222,2.257255480605728,365,345,1.0579710144927537,19,PC-2967,94.52054794520548,40,0,9.315068493150685,0,365,2010-01-04 12:04:55,2011-05-13 17:07:55,0.07852141648430216,Normal
DTAA/AJB0370,11.17797783933518,2.114653593206373,16.34376731301939,0.98680121206154,5.16565866420437,9.283888888888889,0.0411111111111111,2.288192672504437,361,345,1.046376811594203,17,PC-0054,95.56786703601108,32,0,22.1606648199446,0,361,2010-01-04 07:33:19,2011-05-13 16:28:43,0.07857760242744516,Normal
DTAA/AFN0918,11.89406392694064,1.983161660820241,16.76013698630137,1.2638998167382436,4.866127092846272,9.323333333333334,0.0011111111111111,2.1901168335185583,365,345,1.0579710144927537,18,PC-3425,94.52054794520548,40,0,8.493150684931507,0,365,2010-01-04 13:03:37,2011-05-13 17:04:57,0.07921244426366242,Normal
DTAA/DST0527,6.731256038647343,0.0938415383411919,14.781352657004833,0.0731695644050587,8.050863123993558,8.321388888888889,7.78,0.1131047791611629,345,345,1.0,1,PC-0745,100.0,0,0,100.0,0,345,2010-01-04 06:50:18,2011-05-13 14:50:09,0.07930382214542303,Normal
DTAA/LTB0150,9.488599033816424,0.0948724252153767,20.534685990338165,0.0685638926655146,11.046280998389694,11.323055555555555,10.782777777777778,0.1170511708962086,345,345,1.0,1,PC-1814,100.0,0,0,0.0,0,345,2010-01-04 09:32:02,2011-05-13 20:29:24,0.08006562788647426,Normal
DTAA/NJS0448,12.587487922705314,2.088108203016674,19.034830917874395,0.0721476025983265,6.446962157809984,10.283888888888889,3.878888888888889,2.086685347535313,345,345,1.0,1,PC-1589,100.0,0,0,0.0,0,345,2010-01-04 13:10:49,2011-05-13 19:02:38,0.08028769364274274,Normal
DTAA/DRO0126,11.747145488029467,2.186725350894762,16.855248618784533,1.0049477856578777,5.109159760589319,9.285555555555556,0.0069444444444444,2.3406638657305106,362,345,1.0492753623188409,18,PC-3212,95.30386740331492,34,0,10.773480662983426,0,362,2010-01-04 12:14:01,2011-05-13 17:01:56,0.08051627757552093,Normal
DTAA/ECT0491,8.232028985507247,0.0927215856154963,15.288115942028984,0.0685925275724854,7.056400966183574,7.310833333333333,6.750555555555556,0.115951392189883,345,345,1.0,1,PC-2368,100.0,0,0,0.0,0,345,2010-01-04 08:20:37,2011-05-13 15:10:23,0.08059472681152002,Normal
DTAA/MRM0205,7.98280193236715,0.1000591284952128,15.039758454106282,0.0702623333738877,7.05661191626409,7.319444444444445,6.785,0.122991705621108,345,345,1.0,1,PC-0221,100.0,0,0,53.91304347826087,0,345,2010-01-04 08:02:39,2011-05-13 15:04:32,0.0807481597009077,Normal
DTAA/BNM0353,11.90512077294686,1.8755234910657483,19.03512077294686,0.0738336957971067,7.129902576489532,11.314166666666669,4.990555555555556,1.8696328772173076,345,345,1.0,1,PC-0237,100.0,0,0,7.536231884057972,0,345,2010-01-04 13:42:54,2011-05-13 18:55:45,0.08137146149238339,Normal
DTAA/CKR0296,11.863478260869565,2.136841791217136,19.278599033816427,0.0736756584472956,7.415751207729469,11.279166666666669,4.823333333333333,2.139683054487775,345,345,1.0,1,PC-4152,100.0,0,0,0.0,0,345,2010-01-04 12:36:53,2011-05-13 19:21:33,0.08159359761676999,Normal
DTAA/QOH0361,12.09734299516908,2.2304074884437286,16.537874396135265,0.0725837550039208,4.440210950080515,8.319166666666666,1.8944444444444444,2.2342950922495133,345,345,1.0,1,PC-3747,100.0,0,0,0.0,0,345,2010-01-04 12:10:49,2011-05-13 16:37:48,0.0817834506683272,Normal
DTAA/HJK0057,10.87111111111111,2.1048910731441413,15.28782608695652,0.0730911833774654,4.41654347826087,8.293611111111112,1.866111111111111,2.1083832761187304,345,345,1.0,1,PC-1587,100.0,0,0,23.47826086956522,0,345,2010-01-04 11:51:10,2011-05-13 15:22:56,0.0819479296280099,Normal
DTAA/OBD0786,12.421449275362315,1.9192438418561788,16.53280193236715,0.0695631050029427,4.111214975845411,8.28111111111111,1.936388888888889,1.9148099718316076,345,345,1.0,1,PC-1924,100.0,0,0,0.0,0,345,2010-01-04 12:30:02,2011-05-13 16:37:28,0.08249945619884458,Normal
DTAA/BGF0236,12.448357487922706,1.890566017194568,16.531980676328505,0.0726134478165359,4.084132850241546,8.323611111111111,1.9208333333333332,1.8899270798667696,345,345,1.0,1,PC-1848,100.0,0,0,0.0,0,345,2010-01-04 13:24:55,2011-05-13 16:34:56,0.08253271242960275,Normal
DTAA/KJM0614,11.59463768115942,2.156924521310439,19.03840579710145,0.0723757259219554,7.443926731078904,11.314444444444444,4.961388888888889,2.1559945920439514,345,345,1.0,1,PC-4423,100.0,0,0,12.173913043478262,0,345,2010-01-04 13:22:35,2011-05-13 18:58:25,0.08274679074089447,Normal
DTAA/CLP0332,12.662560386473432,1.9322888906394764,16.788357487922706,0.0738753384380065,4.12508615136876,8.253333333333334,1.9258333333333333,1.931187777326772,345,345,1.0,1,PC-1179,100.0,0,0,0.0,0,345,2010-01-04 14:03:31,2011-05-13 16:51:30,0.08281040894730801,Normal
DTAA/HPN0821,8.238937198067633,0.0890527468205589,15.285362318840582,0.0727643034752649,7.046070853462158,7.312777777777778,6.772222222222222,0.1170530917675981,345,345,1.0,1,PC-3644,100.0,0,0,0.0,0,345,2010-01-04 08:11:15,2011-05-13 15:23:34,0.08297691933235196,Normal
DTAA/BMK0943,12.658840579710144,1.949410633297036,18.77579710144928,0.070833110291288,6.117296296296296,10.255277777777778,3.8466666666666662,1.9523964962905531,345,345,1.0,1,PC-3319,100.0,0,0,0.0,0,345,2010-01-04 13:24:10,2011-05-13 18:42:40,0.08355252801417035,Normal
DTAA/BGN0054,7.981690821256039,0.096124218441203,15.032222222222222,0.0706962117068415,7.050338164251208,7.315555555555555,6.763611111111112,0.1171929121830439,345,345,1.0,1,PC-0553,100.0,0,0,55.65217391304348,0,345,2010-01-04 08:01:40,2011-05-13 15:05:31,0.08502141504317917,Normal
DTAA/EJS0513,12.556376811594202,1.9665947085714304,16.78463768115942,0.0711029237963187,4.227916264090178,8.2875,1.8919444444444444,1.970558926687339,345,345,1.0,1,PC-0668,100.0,0,0,0.0,0,345,2010-01-04 08:50:12,2011-05-13 16:54:07,0.08506342376233156,Normal
DTAA/SAS0433,8.242222222222223,0.1002172489412748,15.284444444444444,0.0701688317133312,7.041731078904992,7.317777777777778,6.7725,0.124779630477485,345,345,1.0,1,PC-4670,100.0,0,0,0.0,0,345,2010-01-04 08:05:23,2011-05-13 15:18:10,0.08513851368225456,Normal
DTAA/HDR0261,11.85256038647343,2.016931492071668,19.028743961352657,0.0709093332576719,7.176714170692432,11.29,4.843611111111112,2.0183323777496387,345,345,1.0,1,PC-2506,100.0,0,0,11.594202898550725,0,345,2010-01-04 12:52:43,2011-05-13 19:04:38,0.08514857082613025,Normal
DTAA/KRD0507,11.02903381642512,2.113391311703875,15.534830917874396,0.0697113285309064,4.505916264090177,8.2925,1.8544444444444443,2.123150990116436,345,345,1.0,1,PC-3424,100.0,0,0,24.347826086956523,0,345,2010-01-04 11:43:30,2011-05-13 15:30:30,0.08588322776614682,Normal
DTAA/YCS0667,7.989516908212561,0.0974501717276128,15.037246376811597,0.0711772465533638,7.047450080515299,7.310277777777777,6.765833333333333,0.1212567824396751,345,345,1.0,1,PC-2615,100.0,0,0,50.72463768115942,0,345,2010-01-04 08:04:50,2011-05-13 15:07:35,0.08595476615007125,Normal
DTAA/AMM0340,11.354057971014496,2.100221385337895,18.784299516908213,0.075036815790158,7.43023349436393,11.320833333333333,4.979722222222223,2.103985223319086,345,345,1.0,1,PC-0831,100.0,0,0,23.47826086956522,0,345,2010-01-04 11:19:53,2011-05-13 18:46:17,0.08596003937035002,Normal
DTAA/TSM0130,11.734541062801933,2.041707242992969,19.029855072463768,0.0726759532474748,7.295723832528181,11.303888888888888,4.925555555555556,2.0469312944092666,345,345,1.0,1,PC-0633,100.0,0,0,10.72463768115942,0,345,2010-01-04 11:48:25,2011-05-13 19:03:12,0.08600581445998584,Normal
DTAA/VAP0168,11.695748792270532,2.021352337577134,19.030338164251205,0.0729414850953297,7.334547504025767,11.310277777777776,4.988055555555556,2.0174654179289075,345,345,1.0,1,PC-2033,100.0,0,0,10.434782608695652,0,345,2010-01-04 11:53:52,2011-05-13 18:59:46,0.08618712076357532,Normal
DTAA/DBM0698,10.940483091787438,2.0464093211313203,15.283623188405798,0.0738493541563742,4.343045088566828,8.319166666666666,1.9372222222222224,2.040854482064835,345,345,1.0,1,PC-1444,100.0,0,0,21.44927536231884,0,345,2010-01-04 13:04:48,2011-05-13 15:10:43,0.08618799818842221,Normal
DTAA/QLC0632,7.990676328502415,0.0974274720470481,15.036618357487924,0.0715653979697648,7.046268921095008,7.325833333333334,6.771944444444444,0.1210556301247959,345,345,1.0,1,PC-2855,100.0,0,0,48.98550724637681,0,345,2010-01-04 08:06:35,2011-05-13 15:03:50,0.0863134317387847,Normal
DTAA/HJP0784,11.159323671497583,2.117618474556346,18.530772946859905,0.0721288166481653,7.370687600644122,11.28111111111111,4.894166666666667,2.1219293810815705,345,345,1.0,1,PC-0028,100.0,0,0,23.18840579710145,0,345,2010-01-04 11:38:04,2011-05-13 18:28:35,0.08662784981366745,Normal
DTAA/LGA0042,8.243526570048308,0.096799367713761,15.281980676328509,0.072178447667436,7.038727858293076,7.316111111111111,6.755277777777778,0.1250498178594474,345,345,1.0,1,PC-0768,100.0,0,0,0.0,0,345,2010-01-04 08:24:11,2011-05-13 15:13:44,0.08707693678248851,Normal
DTAA/ZCA0652,12.398695652173911,1.9274999051025443,16.534782608695654,0.0711625460856842,4.13583574879227,8.280833333333334,1.801388888888889,1.928365058366056,345,345,1.0,1,PC-4944,100.0,0,0,0.0,0,345,2010-01-04 12:42:47,2011-05-13 16:38:34,0.08724187409433981,Normal
DTAA/RZW0369,11.452173913043476,2.049216213221382,18.787536231884054,0.073296000393913,7.33521497584541,11.278055555555556,4.908333333333333,2.0539403484492658,345,345,1.0,1,PC-0825,100.0,0,0,21.44927536231884,0,345,2010-01-04 12:25:02,2011-05-13 18:41:51,0.08725133604491342,Normal
DTAA/ONB0177,10.983333333333333,2.0444483502518582,15.279468599033814,0.071457291025476,4.296772946859904,8.276388888888889,1.9075,2.0458414664433944,345,345,1.0,1,PC-0232,100.0,0,0,21.15942028985507,0,345,2010-01-04 07:20:24,2011-05-13 15:21:34,0.08840069460020467,Normal
DTAA/SML0086,11.349082125603864,2.1735645924348383,15.77719806763285,0.0731150362332325,4.427424315619968,8.314444444444444,1.9,2.1762949628613457,345,345,1.0,1,PC-1586,100.0,0,0,24.92753623188406,0,345,2010-01-04 13:30:49,2011-05-13 15:53:05,0.08857742363097476,Normal
DTAA/MRS0395,8.485555555555555,0.0898240935740019,15.539420289855071,0.0729587785852722,7.054404991948471,7.313055555555556,6.775555555555556,0.122008344807874,345,345,1.0,1,PC-3976,100.0,0,0,0.0,0,345,2010-01-04 08:33:08,2011-05-13 15:39:29,0.0892447412565398,Normal
DTAA/UBH0964,12.37743961352657,2.004063390377413,18.535700483091787,0.0733344376442471,6.157872785829307,10.310277777777776,3.963333333333333,2.0043380704419094,345,345,1.0,1,PC-4473,100.0,0,0,0.0,0,345,2010-01-04 12:24:04,2011-05-13 18:36:57,0.08933787997358678,Normal
DTAA/SLM0781,11.15062801932367,1.945764239047022,18.286231884057973,0.0751482450558465,7.135731078904992,11.308055555555557,4.828333333333333,1.9450649931632429,345,345,1.0,1,PC-2034,100.0,0,0,17.971014492753625,0,345,2010-01-04 07:23:20,2011-05-13 18:16:58,0.08936620249334604,Normal
DTAA/DSS0112,11.047874396135263,1.933366827681534,15.286425120772948,0.0709963214658757,4.237805958132045,8.267222222222221,1.9502777777777776,1.925224757159881,345,345,1.0,1,PC-3385,100.0,0,0,18.55072463768116,0,345,2010-01-04 11:26:06,2011-05-13 15:18:11,0.08965992484197488,Normal
DTAA/DRM0312,11.329371980676328,1.954734138970719,15.53487922705314,0.0682765402820705,4.20512962962963,8.261388888888888,2.001388888888889,1.954352546619318,345,345,1.0,1,PC-2580,100.0,0,0,18.55072463768116,0,345,2010-01-04 07:38:20,2011-05-13 15:37:26,0.09119713003329882,Normal
DTAA/RDT0659,12.696908212560384,2.002899651787225,18.03400966183575,0.0708101414612888,5.337461352657005,9.285833333333333,2.966111111111111,2.0086024782106,345,345,1.0,1,PC-1382,100.0,0,0,0.0,0,345,2010-01-04 08:58:02,2011-05-13 18:02:05,0.09182325444127881,Normal
DTAA/WSL0470,12.073574879227053,1.9412660796175192,16.27690821256039,0.0722790646826706,4.203458132045089,8.3125,1.9097222222222223,1.939641761064644,345,345,1.0,1,PC-4692,100.0,0,0,0.0,0,345,2010-01-04 08:16:14,2011-05-13 16:18:12,0.09186655436999064,Normal
DTAA/LQA0232,12.119710144927536,2.0710961330236684,18.53695652173913,0.0705202591761742,6.416927536231884,10.287222222222224,3.804444444444445,2.069551239143549,345,345,1.0,1,PC-1045,100.0,0,0,0.0,0,345,2010-01-04 12:03:49,2011-05-13 18:34:02,0.09207489848034733,Normal
DTAA/ACD0647,6.49328502415459,0.0937268365072738,17.53816425120773,0.0722527330918285,11.044503220611915,11.320277777777775,10.781666666666666,0.1187055744015009,345,345,1.0,1,PC-3117,100.0,0,0,100.0,0,345,2010-01-04 06:36:26,2011-05-13 17:31:32,0.09253123009534159,Normal
DTAA/ZGH0528,12.614106280193235,1.9398069865330505,17.783091787439613,0.0695763268546505,5.1691239935587765,9.225555555555555,2.9055555555555554,1.941768726018969,345,345,1.0,1,PC-4270,100.0,0,0,0.0,0,345,2010-01-04 13:32:01,2011-05-13 17:40:33,0.09298245379743852,Normal
DTAA/HAS0430,11.92111111111111,1.9694008279211128,16.028212560386475,0.075061515922125,4.107172302737521,8.305555555555555,1.8869444444444443,1.968028018913324,345,345,1.0,1,PC-4046,100.0,0,0,9.855072463768115,0,345,2010-01-04 13:31:40,2011-05-13 16:07:55,0.09306600632922096,Normal
DTAA/JCG0817,9.000917874396135,0.098182587214644,20.040096618357488,0.0736922397088838,11.039140901771336,11.321944444444444,10.780833333333334,0.1273424546466302,345,345,1.0,1,PC-4339,100.0,0,0,0.0,0,345,2010-01-04 08:55:33,2011-05-13 19:59:11,0.09329564079864,Normal
DTAA/GBR0420,11.661739130434784,1.9096505058487168,15.779468599033818,0.0714233818819807,4.118053945249597,8.263055555555555,1.7769444444444444,1.9130575841951871,345,345,1.0,1,PC-4664,100.0,0,0,17.391304347826086,0,345,2010-01-04 12:04:48,2011-05-13 15:41:14,0.09337906558581943,Normal
DTAA/KKW0676,12.109710144927538,1.9564104644485745,18.2836231884058,0.0731903537667863,6.174025764895331,10.261388888888888,3.863611111111111,1.9573699711299668,345,345,1.0,1,PC-4445,100.0,0,0,0.0,0,345,2010-01-04 14:05:00,2011-05-13 18:18:23,0.0939016600332776,Normal
DTAA/LCG0546,11.912270531400967,1.955829051328668,16.033333333333335,0.0739045756696401,4.120938003220612,8.29,1.8588888888888888,1.9620399464957776,345,345,1.0,1,PC-0030,100.0,0,0,10.144927536231885,0,345,2010-01-04 12:02:40,2011-05-13 16:08:00,0.09390661568078457,Normal
DTAA/WNS0816,12.661787439613525,1.896518091661506,17.781932367149757,0.0720935676229426,5.120161030595813,9.32,2.8647222222222224,1.8984514841376008,345,345,1.0,1,PC-1040,100.0,0,0,0.0,0,345,2010-01-04 12:37:30,2011-05-13 17:44:31,0.09397301134808406,Normal
DTAA/ADR0219,8.749855072463767,0.0975680289778387,15.784975845410628,0.0709651604762722,7.035128019323671,7.321388888888888,6.7588888888888885,0.1248303288980989,345,345,1.0,1,PC-2943,100.0,0,0,0.0,0,345,2010-01-04 08:39:22,2011-05-13 15:53:51,0.09399006390470982,Normal
DTAA/HSM0389,11.334782608695653,1.9145002483647409,15.53565217391304,0.0717160104778464,4.200984702093398,8.304722222222223,1.895,1.911071258985307,345,345,1.0,1,PC-1057,100.0,0,0,17.971014492753625,0,345,2010-01-04 13:19:53,2011-05-13 15:35:00,0.09399466097218034,Normal
DTAA/HWG0148,11.951014492753623,1.9743914694231617,16.034589371980672,0.0742427348112026,4.083599033816426,8.284166666666666,1.8752777777777776,1.9797916178838384,345,345,1.0,1,PC-4448,100.0,0,0,11.594202898550725,0,345,2010-01-04 12:36:39,2011-05-13 16:09:32,0.09400334899380242,Normal
DTAA/MCF0985,12.126811594202898,2.037286111756808,16.532512077294683,0.0730040302706381,4.405967793880837,8.323333333333334,1.886388888888889,2.032176490938069,345,345,1.0,1,PC-1294,100.0,0,0,0.0,0,345,2010-01-04 08:33:00,2011-05-13 16:33:15,0.09418521353353615,Normal
DTAA/IGC0415,6.493816425120773,0.0967933468292788,17.530193236714975,0.0714194493455574,11.03592914653784,11.317777777777778,10.765555555555556,0.1236902056142932,345,345,1.0,1,PC-4041,100.0,0,0,100.0,0,345,2010-01-04 06:23:16,2011-05-13 17:33:11,0.0945379559094065,Normal
DTAA/GRC0474,11.40101449275362,1.9804412912587648,15.532995169082126,0.0703951217614465,4.1320853462157805,8.314166666666667,1.9197222222222223,1.9849212741597635,345,345,1.0,1,PC-4438,100.0,0,0,18.55072463768116,0,345,2010-01-04 11:47:18,2011-05-13 15:36:41,0.09457876357394002,Normal
DTAA/EEK0031,8.749565217391304,0.0976994961681536,15.78207729468599,0.0718100725150995,7.032773752012883,7.295,6.7575,0.1178238976995665,345,345,1.0,1,PC-2889,100.0,0,0,0.0,0,345,2010-01-04 08:44:55,2011-05-13 15:53:08,0.09458101709466643,Normal
DTAA/NRH0276,8.73975845410628,0.0973806147117293,15.786521739130436,0.0706042460132971,7.047420289855071,7.3180555555555555,6.776111111111111,0.1240036488179733,345,345,1.0,1,PC-3882,100.0,0,0,0.0,0,345,2010-01-04 08:46:38,2011-05-13 15:42:55,0.09482142418111494,Normal
DTAA/ARM0416,11.689371980676327,1.99927670023022,15.781449275362318,0.073557353084429,4.092223027375201,8.308333333333334,1.8472222222222223,1.9959495873828248,345,345,1.0,1,PC-1249,100.0,0,0,18.55072463768116,0,345,2010-01-04 12:10:08,2011-05-13 15:40:45,0.09538885146760856,Normal
DTAA/TCH0230,9.485555555555557,0.0974392188911749,16.53270531400966,0.0720372502744625,7.047214170692431,7.316388888888889,6.775,0.1249079726108333,345,345,1.0,1,PC-3052,100.0,0,0,0.0,0,345,2010-01-04 09:34:26,2011-05-13 16:37:49,0.09549686833393795,Normal
DTAA/THS0006,8.989516908212561,0.097367274270877,16.03487922705314,0.0729645849418165,7.044808373590982,7.328055555555555,6.759166666666666,0.1214191945832969,345,345,1.0,1,PC-3234,100.0,0,0,0.0,0,345,2010-01-04 08:51:42,2011-05-13 15:57:12,0.09577581517072353,Normal
DTAA/PVW0713,7.73816425120773,0.0940279664399414,18.775507246376808,0.0667388806728237,11.037408212560386,11.321944444444444,10.76,0.111389430905461,345,345,1.0,1,PC-4069,100.0,0,0,100.0,0,345,2010-01-04 07:41:11,2011-05-13 18:52:33,0.09580498409392557,Normal
DTAA/AHV0103,12.356666666666664,2.1619662042263874,17.779227053140097,0.0730145133698833,5.423227053140097,9.292222222222222,2.838611111111111,2.1675127661577083,345,345,1.0,1,PC-0201,100.0,0,0,0.0,0,345,2010-01-04 12:32:29,2011-05-13 17:49:09,0.09585446999518149,Normal
DTAA/DAV0579,11.868840579710144,1.9255559640529596,16.038695652173914,0.0711959877130865,4.170404991948471,8.294722222222223,1.8175,1.9280150146515216,345,345,1.0,1,PC-1701,100.0,0,0,9.27536231884058,0,345,2010-01-04 08:02:32,2011-05-13 16:07:46,0.09586110531483255,Normal
DTAA/WMJ0364,11.89463768115942,1.981543409088768,16.029468599033816,0.0713328786943189,4.13489694041868,8.2975,1.783611111111111,1.991282380385956,345,345,1.0,1,PC-4532,100.0,0,0,10.434782608695652,0,345,2010-01-04 12:08:34,2011-05-13 16:03:49,0.09589138492793314,Normal
DTAA/ALW0834,12.575942028985509,1.952350077087349,17.787536231884058,0.0716131316495019,5.211277777777778,9.325555555555557,2.9133333333333336,1.9510078382314755,345,345,1.0,1,PC-0557,100.0,0,0,0.0,0,345,2010-01-04 14:12:00,2011-05-13 17:45:54,0.09651281061105005,Normal
DTAA/SML0486,11.899951690821256,2.070526722482024,18.28202898550725,0.0730190972491634,6.3817286634460535,10.328333333333331,3.836944444444444,2.072299708861041,345,345,1.0,1,PC-0001,100.0,0,0,0.0,0,345,2010-01-04 08:19:38,2011-05-13 18:22:19,0.09729183370219852,Normal
DTAA/BCM0558,11.82632850241546,1.9388666427015369,16.03676328502415,0.0702661308102847,4.210809983896941,8.30861111111111,1.8702777777777777,1.940626070362072,345,345,1.0,1,PC-3916,100.0,0,0,9.27536231884058,0,345,2010-01-04 11:56:08,2011-05-13 16:04:42,0.09734157120198383,Normal
DTAA/DFW0798,12.395169082125603,2.126182034540445,17.781884057971016,0.0713891287732186,5.386730273752013,9.2825,2.8830555555555555,2.122113596917897,345,345,1.0,1,PC-3141,100.0,0,0,0.0,0,345,2010-01-04 08:39:37,2011-05-13 17:50:03,0.09737717579494565,Normal
DTAA/NCW0246,11.851014492753622,1.9155658537789888,16.034299516908213,0.0715103339265947,4.182797906602255,8.30861111111111,1.9333333333333331,1.916320620185603,345,345,1.0,1,PC-4174,100.0,0,0,7.82608695652174,0,345,2010-01-04 13:59:52,2011-05-13 16:02:15,0.09739334200381494,Normal
DTAA/VUF0522,11.638695652173912,2.1147666056364285,18.03396135265701,0.0721380642298258,6.395438003220612,10.282222222222222,3.785833333333333,2.1151453577466235,345,345,1.0,1,PC-3818,100.0,0,0,12.46376811594203,0,345,2010-01-04 07:53:58,2011-05-13 18:08:08,0.09801964156045628,Normal
DTAA/MJM0469,11.633381642512076,1.964829444435688,17.7775845410628,0.0689878936922183,6.1442165861513685,10.280277777777778,3.8975,1.9690006737210064,345,345,1.0,1,PC-1592,100.0,0,0,18.26086956521739,0,345,2010-01-04 07:41:50,2011-05-13 17:52:18,0.09833457312348243,Normal
DTAA/NLD0701,6.484975845410628,0.0944890092257938,15.534444444444444,0.0693818839652453,9.04930193236715,9.324166666666668,8.768888888888888,0.1199006036626695,345,345,1.0,1,PC-1189,100.0,0,0,100.0,0,345,2010-01-04 06:30:25,2011-05-13 15:31:44,0.09850242035763612,Normal
DTAA/KMW0755,9.24231884057971,0.0943225271631055,20.27917874396136,0.0715200541912444,11.037595813204508,11.296944444444444,10.767777777777775,0.1169873065881384,345,345,1.0,1,PC-1519,100.0,0,0,0.0,0,345,2010-01-04 09:11:33,2011-05-13 20:23:16,0.09851180190362507,Normal
DTAA/AMS0897,11.664541062801932,1.9269349960519813,17.780531400966183,0.0734456134550591,6.116280998389692,10.326666666666666,3.891944444444445,1.9332436377448088,345,345,1.0,1,PC-0508,100.0,0,0,17.391304347826086,0,345,2010-01-04 11:24:48,2011-05-13 17:49:53,0.09868713629541859,Normal
DTAA/JCT0410,11.065410628019324,1.8799650112756263,17.284106280193235,0.0739987973214304,6.218826892109502,10.310833333333331,3.8986111111111112,1.8863644558271804,345,345,1.0,1,PC-1699,100.0,0,0,17.681159420289855,0,345,2010-01-04 11:05:53,2011-05-13 17:11:21,0.09895825547257864,Normal
DTAA/HCR0795,7.243091787439614,0.0938419124649053,15.289420289855071,0.0706648852564956,8.046678743961353,8.320277777777777,7.765,0.1127774777993224,345,345,1.0,1,PC-2757,100.0,0,0,100.0,0,345,2010-01-04 07:21:34,2011-05-13 15:14:43,0.09907693061006417,Normal
DTAA/CDS0110,11.8812077294686,1.9211731627802608,18.03082125603865,0.0721808796831169,6.149962962962962,10.310277777777776,3.91,1.9246039853996164,345,345,1.0,1,PC-4367,100.0,0,0,11.594202898550725,0,345,2010-01-04 13:02:53,2011-05-13 17:57:07,0.09917262028105256,Normal
DTAA/EEB0134,12.360241545893718,1.8978159042288207,17.532850241545894,0.0717069369513891,5.172466988727859,9.247222222222222,2.870277777777778,1.8995571116123244,345,345,1.0,1,PC-0596,100.0,0,0,0.0,0,345,2010-01-04 14:19:24,2011-05-13 17:31:20,0.09955612545147902,Normal
DTAA/ECD0029,9.240868263473054,0.0926779395429302,19.287125748502994,0.0737633367751721,10.045766799733864,10.300277777777778,9.765555555555556,0.1153672822071326,334,334,1.0,1,PC-4184,100.0,0,0,0.0,0,334,2010-01-04 09:10:13,2011-04-28 19:11:58,0.09965711906600538,Normal
DTAA/TFS0216,6.985507246376812,0.0974030129272782,15.032608695652174,0.0727391128742776,8.047126409017714,8.320833333333333,7.779444444444445,0.1252108238225291,345,345,1.0,1,PC-0502,100.0,0,0,100.0,0,345,2010-01-04 07:07:08,2011-05-13 14:59:29,0.09970670310894375,Normal
DTAA/ICF0629,6.985072463768117,0.0935683791051394,15.035362318840582,0.0730522657028728,8.04982850241546,8.322222222222223,7.788055555555555,0.119162764183799,345,345,1.0,1,PC-3067,100.0,0,0,100.0,0,345,2010-01-04 07:01:09,2011-05-13 14:59:22,0.099979494739107,Normal
DTAA/ECG0753,7.489951690821256,0.0932760288395675,15.537487922705314,0.0689680434675047,8.04710305958132,8.311944444444444,7.781111111111111,0.1110002419549353,345,345,1.0,1,PC-1669,100.0,0,0,100.0,0,345,2010-01-04 07:30:03,2011-05-13 15:27:02,0.10019733132408815,Normal
DTAA/LCK0551,9.236135265700485,0.0975070778395765,20.286425120772947,0.0716416912506385,11.050882447665057,11.31638888888889,10.773055555555556,0.119466214941156,345,345,1.0,1,PC-3491,100.0,0,0,0.0,0,345,2010-01-04 09:08:38,2011-05-13 20:11:24,0.10049170928532564,Normal
DTAA/KVH0355,12.14415458937198,2.108244965960496,17.53806763285024,0.0739819051247361,5.393884057971015,9.261944444444444,2.895277777777778,2.110450082971614,345,345,1.0,1,PC-0826,100.0,0,0,0.0,0,345,2010-01-04 13:07:40,2011-05-13 17:31:21,0.10054926909724965,Normal
DTAA/IIR0475,11.669227053140094,1.937043031459536,17.79135265700483,0.0739271213003259,6.122107085346215,10.283888888888889,3.902222222222222,1.939016570221337,345,345,1.0,1,PC-0231,100.0,0,0,17.681159420289855,0,345,2010-01-04 11:33:36,2011-05-13 17:51:02,0.1008486463894151,Normal
DTAA/RER0237,10.9612077294686,2.063072015347152,17.2787922705314,0.0735672164798858,6.318243961352657,10.300277777777778,3.788611111111111,2.063899982999068,345,345,1.0,1,PC-1175,100.0,0,0,21.44927536231884,0,345,2010-01-04 11:06:27,2011-05-13 17:14:33,0.10134630328649363,Normal
DTAA/HBF0035,11.080096618357487,2.0735864998957485,17.533768115942028,0.0731730830199386,6.453940418679549,10.281944444444443,3.988888888888889,2.079449491441624,345,345,1.0,1,PC-0991,100.0,0,0,23.47826086956522,0,345,2010-01-04 11:38:33,2011-05-13 17:38:44,0.10153310419813111,Normal
DTAA/BCG0303,6.990386473429952,0.098002557960941,15.032995169082126,0.0727530443868192,8.042768921095009,8.3075,7.774166666666667,0.119467766195335,345,345,1.0,1,PC-3363,100.0,0,0,100.0,0,345,2010-01-04 06:59:56,2011-05-13 14:55:58,0.10197816361601525,Normal
DTAA/NKM0018,10.61391304347826,2.0761106548238013,16.031111111111112,0.0717528476477706,5.4170579710144935,9.302777777777775,2.8075,2.0718958131124428,345,345,1.0,1,PC-3107,100.0,0,0,22.89855072463768,0,345,2010-01-04 10:58:47,2011-05-13 16:00:55,0.1024186892769971,Normal
DTAA/MGF0743,6.744734299516908,0.09420619976413,15.7756038647343,0.0687994425305465,9.03064734299517,9.321388888888889,8.759444444444444,0.116111337450977,345,345,1.0,1,PC-2137,100.0,0,0,100.0,0,345,2010-01-04 06:40:18,2011-05-13 15:49:28,0.10243641795796221,Normal
DTAA/CZB0163,6.989661835748793,0.0977841465559712,15.031787439613527,0.0705679701257558,8.042202898550725,8.307222222222222,7.771944444444444,0.1191607094463367,345,345,1.0,1,PC-0016,100.0,0,0,100.0,0,345,2010-01-04 06:50:12,2011-05-13 15:04:21,0.10259188043601652,Normal
DTAA/CAR0015,10.784492753623187,1.9433806377031917,16.035797101449276,0.0687270097193162,5.2511095008051525,9.2875,2.870555555555556,1.9483985953089324,345,345,1.0,1,PC-0700,100.0,0,0,18.84057971014493,0,345,2010-01-04 11:29:35,2011-05-13 16:05:15,0.10263054500997792,Normal
DTAA/BJC0569,10.686908212560388,2.098602210981297,16.034830917874395,0.0755161743029789,5.3484742351046695,9.281944444444443,2.894722222222222,2.096647019717167,345,345,1.0,1,PC-2588,100.0,0,0,22.608695652173918,0,345,2010-01-04 06:51:25,2011-05-13 16:08:20,0.10285723617937104,Normal
DTAA/OBF0564,7.23903381642512,0.099602085337169,18.287053140096617,0.0698709964666982,11.047485507246376,11.31638888888889,10.7725,0.1187024164046129,345,345,1.0,1,PC-3120,100.0,0,0,100.0,0,345,2010-01-04 07:11:22,2011-05-13 18:18:06,0.10300768176509867,Normal
DTAA/OAR0291,10.547729468599034,1.9489513423553555,15.785507246376811,0.0717599584040705,5.237350241545894,9.286944444444444,2.9591666666666665,1.9519656590886645,345,345,1.0,1,PC-2700,100.0,0,0,18.84057971014493,0,345,2010-01-04 11:49:20,2011-05-13 15:41:17,0.10318621803603562,Normal
DTAA/CNS0950,8.991980676328502,0.0959201979774448,20.0348309178744,0.0735113594727968,11.043289855072464,11.303333333333333,10.7625,0.1205707904962228,345,345,1.0,1,PC-3209,100.0,0,0,0.0,0,345,2010-01-04 09:08:03,2011-05-13 20:04:36,0.10319817615014798,Normal
DTAA/MWH0853,6.738260869565218,0.0944599239216178,15.77685990338164,0.0757603236114498,9.03912238325282,9.325,8.791666666666666,0.1231171103867593,345,345,1.0,1,PC-3024,100.0,0,0,100.0,0,345,2010-01-04 06:35:17,2011-05-13 15:43:25,0.10355817290265529,Normal
DTAA/DDW0643,11.350144927536231,1.989112600855787,17.530579710144927,0.0740005685643599,6.180604669887279,10.317222222222222,3.7708333333333335,1.9876866647928253,345,345,1.0,1,PC-0912,100.0,0,0,18.84057971014493,0,345,2010-01-04 12:31:26,2011-05-13 17:38:13,0.1039184801815316,Normal
DTAA/QZD0164,12.320144927536234,1.955534238647208,17.53903381642512,0.0710504003003561,5.218743961352657,9.293055555555556,2.8569444444444443,1.9501852647305853,345,345,1.0,1,PC-4694,100.0,0,0,0.0,0,345,2010-01-04 08:36:01,2011-05-13 17:26:00,0.10419052128058465,Normal
DTAA/HTG0554,6.994106280193237,0.0940187060932952,18.03014492753623,0.0720757093306724,11.03598309178744,11.2875,10.759444444444444,0.1193261046579101,345,345,1.0,1,PC-0010,100.0,0,0,100.0,0,345,2010-01-04 06:50:19,2011-05-13 18:03:04,0.1042737274368144,Normal
DTAA/ALN0201,7.4976811594202895,0.0920504726659873,18.53579710144928,0.0689733034850523,11.038024959742351,11.3125,10.76722222222222,0.1191812193099085,345,345,1.0,1,PC-4853,100.0,0,0,100.0,0,345,2010-01-04 07:23:40,2011-05-13 18:32:02,0.1044237205276835,Normal
DTAA/RRL0780,11.666135265700484,2.129829716172844,17.03159420289855,0.0693980408944733,5.365357487922705,9.289444444444444,2.9077777777777776,2.1276806141938245,345,345,1.0,1,PC-2526,100.0,0,0,14.20289855072464,0,345,2010-01-04 07:59:31,2011-05-13 17:03:12,0.10447650299092875,Normal
DTAA/BCS0374,8.989903381642513,0.0935776339917424,20.034251207729465,0.0717308259274456,11.04494847020934,11.306944444444444,10.754444444444443,0.1170878545657226,345,345,1.0,1,PC-1028,100.0,0,0,0.0,0,345,2010-01-04 09:08:11,2011-05-13 20:07:08,0.10460530752528846,Normal
DTAA/DBA0367,7.235217391304347,0.096618335720703,15.290144927536232,0.0696137246971981,8.054814814814815,8.321388888888889,7.777777777777778,0.1192865169924299,345,345,1.0,1,PC-3885,100.0,0,0,100.0,0,345,2010-01-04 07:19:06,2011-05-13 15:18:40,0.10462410107193398,Normal
DTAA/MBZ0932,6.484299516908213,0.0967696949107783,16.52700483091788,0.0723099507796979,10.042730273752014,10.297222222222222,9.789166666666668,0.1161944721943291,345,345,1.0,1,PC-2560,100.0,0,0,100.0,0,345,2010-01-04 06:29:33,2011-05-13 16:38:54,0.10492404059232924,Normal
DTAA/BNG0510,8.986425120772946,0.0937575472252019,20.03502415458937,0.0720200929928911,11.048719806763286,11.31861111111111,10.788333333333334,0.1199050260120659,345,345,1.0,1,PC-2048,100.0,0,0,0.0,0,345,2010-01-04 09:07:23,2011-05-13 20:03:03,0.10510032081462828,Normal
DTAA/PTH0957,8.48951690821256,0.0922397087848719,19.53280193236715,0.0769064819959882,11.043563607085346,11.31638888888889,10.78138888888889,0.1176788305489137,345,345,1.0,1,PC-0057,100.0,0,0,0.0,0,345,2010-01-04 08:20:22,2011-05-13 19:28:49,0.10517030657482651,Normal
DTAA/AJS0917,6.491690821256039,0.0979697377014914,16.535555555555554,0.0711538953980643,10.044000805152978,10.327777777777778,9.760555555555555,0.1229170361944085,345,345,1.0,1,PC-2082,100.0,0,0,100.0,0,345,2010-01-04 06:27:17,2011-05-13 16:36:48,0.1052057829462269,Normal
DTAA/MCR0314,6.490338164251209,0.0970746950735504,16.534299516908213,0.0740074317303087,10.04419887278583,10.313611111111111,9.774444444444445,0.1217618246116673,345,345,1.0,1,PC-0248,100.0,0,0,100.0,0,345,2010-01-04 06:21:49,2011-05-13 16:29:11,0.10531117667661721,Normal
DTAA/AKP0173,7.241787439613527,0.0936028426621733,15.279178743961351,0.0736230311088732,8.03647342995169,8.317222222222222,7.772222222222222,0.1190453632955513,345,345,1.0,1,PC-2876,100.0,0,0,100.0,0,345,2010-01-04 07:24:22,2011-05-13 15:23:16,0.10542032209751617,Normal
DTAA/DTD0380,12.122705314009664,1.9518691164106388,17.28497584541063,0.0715544081771935,5.162398550724638,9.29861111111111,2.9458333333333333,1.9567832359596464,345,345,1.0,1,PC-2496,100.0,0,0,0.0,0,345,2010-01-04 12:15:46,2011-05-13 17:11:51,0.10549295350785243,Normal
DTAA/HSR0472,12.158502415458935,1.9348656164093847,17.282850241545894,0.0708003237319028,5.12412077294686,9.283055555555556,2.8719444444444444,1.9270691089159249,345,345,1.0,1,PC-3512,100.0,0,0,0.0,0,345,2010-01-04 12:57:07,2011-05-13 17:18:35,0.10562380029968643,Normal
DTAA/EFS0114,6.993574879227053,0.0969734487099907,18.03072463768116,0.0729895694585685,11.037508051529793,11.303333333333333,10.758611111111112,0.1191564414682143,345,345,1.0,1,PC-3607,100.0,0,0,100.0,0,345,2010-01-04 07:07:38,2011-05-13 18:08:27,0.10578082109855763,Normal
DTAA/GCH0545,8.73719806763285,0.0964043875526812,19.779855072463768,0.0737786750249655,11.04261352657005,11.31861111111111,10.767777777777775,0.1256652118971552,345,345,1.0,1,PC-4690,100.0,0,0,0.0,0,345,2010-01-04 08:48:39,2011-05-13 19:40:25,0.10631630169811251,Normal
DTAA/LIB0089,7.241545893719807,0.0983152323869371,15.285410628019324,0.0725795951058901,8.04406038647343,8.3025,7.773055555555556,0.1223553746522049,345,345,1.0,1,PC-0458,100.0,0,0,100.0,0,345,2010-01-04 07:14:37,2011-05-13 15:14:52,0.10710248148616269,Normal
DTAA/XHN0227,6.735072463768117,0.0925618877674343,16.783091787439613,0.0739424116841292,10.0476038647343,10.29861111111111,9.771944444444443,0.1189245837680827,345,345,1.0,1,PC-0440,100.0,0,0,100.0,0,345,2010-01-04 06:46:56,2011-05-13 16:43:02,0.10718171242044522,Normal
DTAA/BCV0109,6.73830917874396,0.0988477269484234,15.778115942028982,0.0698269322815854,9.040174718196456,9.321388888888889,8.767777777777777,0.1179137947606072,345,345,1.0,1,PC-0023,100.0,0,0,100.0,0,345,2010-01-04 06:50:34,2011-05-13 15:40:47,0.10762979438740233,Normal
DTAA/SSH0085,7.741932367149759,0.0988963741929962,18.784396135265705,0.0735464063488433,11.04267149758454,11.318055555555556,10.77111111111111,0.1324209008461315,345,345,1.0,1,PC-0903,100.0,0,0,100.0,0,345,2010-01-04 07:46:06,2011-05-13 18:46:19,0.10763305765209419,Normal
DTAA/ALL0155,8.492463768115943,0.1004811618188348,19.536183574879228,0.0708413706391301,11.043330917874396,11.32,10.768333333333333,0.1279208671194002,345,345,1.0,1,PC-2670,100.0,0,0,0.0,0,345,2010-01-04 08:32:16,2011-05-13 19:38:36,0.10784197983752997,Normal
DTAA/OSS0859,11.02352657004831,2.038689799724796,16.288212560386473,0.0739014719403907,5.265243961352657,9.273888888888887,2.899722222222222,2.0378303931225985,345,345,1.0,1,PC-3867,100.0,0,0,20.57971014492753,0,345,2010-01-04 07:12:56,2011-05-13 16:14:24,0.10815859497293023,Normal
DTAA/KBP0188,7.249516908212559,0.0977529769207721,15.280676328502414,0.0730486451451385,8.031632045088568,8.3225,7.766111111111111,0.1211861788569069,345,345,1.0,1,PC-3087,100.0,0,0,100.0,0,345,2010-01-04 07:23:23,2011-05-13 15:14:44,0.10821765564609276,Normal
DTAA/JMC0233,11.454927536231883,1.900628857638508,16.528599033816427,0.0735879253070892,5.0739347826086965,9.291666666666666,2.8775,1.90019738163678,345,345,1.0,1,PC-0805,100.0,0,0,17.101449275362317,0,345,2010-01-04 13:15:41,2011-05-13 16:29:01,0.10844296255568597,Normal
DTAA/NJD0267,6.744541062801932,0.0980016265330873,15.785942028985506,0.0720766835334337,9.040961352657003,9.323888888888888,8.767777777777777,0.126892066464995,345,345,1.0,1,PC-0299,100.0,0,0,100.0,0,345,2010-01-04 06:44:34,2011-05-13 15:46:50,0.10845801001959554,Normal
DTAA/TLV0936,7.232898550724639,0.0931121289311711,16.281400966183575,0.0761717379045174,9.048370370370373,9.305833333333334,8.776944444444444,0.1107973665788484,345,345,1.0,1,PC-1917,100.0,0,0,100.0,0,345,2010-01-04 07:23:00,2011-05-13 16:18:00,0.10850429419299695,Normal
DTAA/SSW0815,7.241449275362319,0.0983889578924616,15.284057971014496,0.0725390155316092,8.042454911433174,8.309444444444445,7.770833333333333,0.121390994368593,345,345,1.0,1,PC-0542,100.0,0,0,100.0,0,345,2010-01-04 07:06:33,2011-05-13 15:22:12,0.1085811073751698,Normal
DTAA/NMR0621,11.89574879227053,1.9491823042130985,17.032028985507246,0.0692270386361301,5.135879227053141,9.265555555555556,2.951111111111111,1.950030930989284,345,345,1.0,1,PC-3148,100.0,0,0,10.434782608695652,0,345,2010-01-04 12:25:47,2011-05-13 16:56:14,0.10861869951470116,Normal
DTAA/YCB0005,11.55096618357488,1.9578270912092224,16.78193236714976,0.069318400386468,5.230615136876007,9.258611111111112,2.9466666666666668,1.9548800335120569,345,345,1.0,1,PC-3392,100.0,0,0,18.84057971014493,0,345,2010-01-04 13:23:32,2011-05-13 16:53:40,0.10886821934015611,Normal
DTAA/CAW0976,11.688937198067633,2.1179955613546118,17.033429951690824,0.0726260176615351,5.344185185185185,9.313888888888888,2.8666666666666667,2.124613534943104,345,345,1.0,1,PC-4600,100.0,0,0,10.434782608695652,0,345,2010-01-04 08:04:05,2011-05-13 17:00:09,0.10888479873734813,Normal
DTAA/OXC0609,7.23391304347826,0.0954960470415489,15.272850241545893,0.071451984569641,8.038309178743962,8.319166666666666,7.772777777777778,0.1212797463290557,345,345,1.0,1,PC-0313,100.0,0,0,100.0,0,345,2010-01-04 07:20:27,2011-05-13 15:20:49,0.10919651948648773,Normal
DTAA/ARB0050,8.747971014492753,0.0985967719897752,19.779951690821257,0.0731898101202196,11.031933172302738,11.315555555555555,10.763333333333334,0.1241112040703218,345,345,1.0,1,PC-0115,100.0,0,0,0.0,0,345,2010-01-04 08:36:28,2011-05-13 19:41:27,0.10933567130866145,Normal
DTAA/WBW0591,7.739565217391305,0.09286029253008,18.78381642512077,0.0722230864241848,11.04387922705314,11.304722222222225,10.777222222222225,0.1113558528551207,345,345,1.0,1,PC-0249,100.0,0,0,100.0,0,345,2010-01-04 07:52:45,2011-05-13 18:50:54,0.10935935189611484,Normal
DTAA/GJH0384,8.744927536231884,0.0930786404049246,19.787874396135265,0.073380382666191,11.043183574879226,11.323611111111113,10.779166666666669,0.1156118894625528,345,345,1.0,1,PC-4272,100.0,0,0,0.0,0,345,2010-01-04 08:47:13,2011-05-13 19:50:16,0.10941375395124742,Normal
DTAA/IHF0040,11.425652173913043,1.9318871816955785,16.538357487922706,0.0769379745914822,5.112257648953301,9.261111111111113,2.855277777777778,1.9284979349706792,345,345,1.0,1,PC-4092,100.0,0,0,17.681159420289855,0,345,2010-01-04 07:37:08,2011-05-13 16:33:28,0.10954116623525817,Normal
DTAA/WLB0169,11.68743961352657,2.076020509995585,17.02975845410628,0.0724932475706508,5.342227858293075,9.285277777777775,2.8855555555555554,2.085572110874373,345,345,1.0,1,PC-0986,100.0,0,0,10.144927536231885,0,345,2010-01-04 13:37:32,2011-05-13 17:06:46,0.10967004216001575,Normal
DTAA/CCB0496,11.134975845410628,1.9106791904268243,16.279855072463764,0.0720958726437496,5.145373590982287,9.276666666666667,2.879722222222222,1.9128184706308755,345,345,1.0,1,PC-0214,100.0,0,0,17.391304347826086,0,345,2010-01-04 12:44:28,2011-05-13 16:21:45,0.10970834359873388,Normal
DTAA/JSH0326,11.864685990338163,1.8962044162631837,17.03,0.0724880815294781,5.165376006441224,9.296388888888888,2.924166666666667,1.899461042087407,345,345,1.0,1,PC-4305,100.0,0,0,9.27536231884058,0,345,2010-01-04 12:05:58,2011-05-13 17:07:10,0.10979886411359124,Normal
DTAA/SCB0529,7.484347826086957,0.0977117133393762,18.5356038647343,0.0728070721321922,11.05123349436393,11.323333333333334,10.75388888888889,0.1281320248102972,345,345,1.0,1,PC-1462,100.0,0,0,100.0,0,345,2010-01-04 07:23:33,2011-05-13 18:39:27,0.11012250607716295,Normal
DTAA/ANS0172,7.4964251207729475,0.09487057490128,18.53352657004831,0.0744811598404539,11.037562801932369,11.316944444444443,10.765833333333331,0.1243578975133385,345,345,1.0,1,PC-2718,100.0,0,0,100.0,0,345,2010-01-04 07:36:09,2011-05-13 18:39:12,0.110195347937796,Normal
DTAA/ALW0694,11.054541062801931,2.0109564209778057,16.28526570048309,0.0725891721881465,5.230999999999999,9.301111111111112,2.952777777777778,2.011566533124632,345,345,1.0,1,PC-0415,100.0,0,0,20.0,0,345,2010-01-04 11:36:59,2011-05-13 16:17:32,0.11033559635614759,Normal
DTAA/SCJ0498,11.608260869565218,1.9887019880122607,16.778695652173912,0.0674810179820147,5.17063768115942,9.29,2.863611111111111,1.992713734533012,345,345,1.0,1,PC-3235,100.0,0,0,19.130434782608692,0,345,2010-01-04 11:30:56,2011-05-13 16:45:45,0.11056237573617278,Normal
DTAA/QCD0829,11.201690821256038,2.02029700972154,16.533236714975846,0.0720343260267501,5.331290660225442,9.318333333333332,2.8966666666666665,2.017807719672764,345,345,1.0,1,PC-0386,100.0,0,0,20.869565217391305,0,345,2010-01-04 13:16:53,2011-05-13 16:39:43,0.11070475830173615,Normal
DTAA/GJG0820,6.982270531400966,0.0979711711301712,16.03545893719807,0.076578924796757,9.053289049919483,9.324166666666668,8.792777777777777,0.1228643465852954,345,345,1.0,1,PC-2498,100.0,0,0,100.0,0,345,2010-01-04 07:00:53,2011-05-13 16:09:02,0.11077823628500105,Normal
DTAA/JBS0483,11.867101449275362,1.91345593165984,17.030676328502416,0.0716310072410489,5.164624798711755,9.240833333333333,2.861388888888889,1.9093901734210004,345,345,1.0,1,PC-4011,100.0,0,0,7.246376811594203,0,345,2010-01-04 12:27:51,2011-05-13 17:05:22,0.11087593068448315,Normal
DTAA/JHM0408,11.643574879227051,1.9322645835428804,16.781159420289853,0.0732633256545718,5.137942834138486,9.299722222222222,2.923888888888889,1.9300112445116888,345,345,1.0,1,PC-2344,100.0,0,0,17.681159420289855,0,345,2010-01-04 12:07:36,2011-05-13 16:47:06,0.11112828822430304,Normal
DTAA/LCP0359,8.735700483091787,0.0955402519600926,19.78314009661836,0.0718095836068851,11.046762479871177,11.32972222222222,10.786666666666669,0.1229154895942333,345,345,1.0,1,PC-2902,100.0,0,0,0.0,0,345,2010-01-04 08:46:06,2011-05-13 19:47:46,0.1111680226428911,Normal
DTAA/RJP0345,11.86111111111111,1.9531137488909356,17.03570048309179,0.0756114213027348,5.174532206119163,9.273055555555556,2.9588888888888887,1.9447296370865672,345,345,1.0,1,PC-3284,100.0,0,0,7.82608695652174,0,345,2010-01-04 13:25:09,2011-05-13 16:58:32,0.11126788024549894,Normal
DTAA/SLC0778,11.224782608695651,2.016732771536597,16.529855072463768,0.0752953589516242,5.305986312399356,9.327777777777778,2.9,2.0207983137478616,345,345,1.0,1,PC-3199,100.0,0,0,20.57971014492753,0,345,2010-01-04 11:36:41,2011-05-13 16:33:03,0.11136544102261836,Normal
DTAA/HSH0981,8.48816425120773,0.0937785894941259,19.53710144927536,0.074699901421898,11.049458937198068,11.318333333333332,10.756666666666666,0.1191897966280772,345,345,1.0,1,PC-2723,100.0,0,0,0.0,0,345,2010-01-04 08:25:52,2011-05-13 19:35:18,0.11136807554039968,Normal
DTAA/RKC0733,7.982270531400967,0.0947789021623375,19.024734299516908,0.0690242200804912,11.042610305958132,11.301944444444445,10.769722222222224,0.1131084018873718,345,345,1.0,1,PC-2354,100.0,0,0,52.7536231884058,0,345,2010-01-04 07:53:28,2011-05-13 18:58:51,0.11138218698246738,Normal
DTAA/BNN0072,8.251690821256037,0.0929849241559411,19.278599033816427,0.0680937513902114,11.026755233494365,11.304722222222225,10.769444444444444,0.1176799856365532,345,345,1.0,1,PC-0335,100.0,0,0,0.0,0,345,2010-01-04 08:08:19,2011-05-13 19:13:50,0.11139953943722947,Normal
DTAA/DAG0754,11.928019323671496,1.9700582795817247,17.036763285024154,0.0719468361146153,5.108747987117552,9.294444444444444,2.8827777777777777,1.9720426586602275,345,345,1.0,1,PC-2712,100.0,0,0,8.695652173913043,0,345,2010-01-04 12:38:04,2011-05-13 16:55:04,0.11145673137529122,Normal
DTAA/ELA0741,11.846521739130436,1.982692997632916,17.031932367149757,0.0735462154029514,5.185061996779388,9.305555555555555,2.8025,1.9863176520137529,345,345,1.0,1,PC-1751,100.0,0,0,10.72463768115942,0,345,2010-01-04 12:30:45,2011-05-13 16:57:42,0.11172259765237902,Normal
DTAA/MXM0838,11.289082125603864,1.9226003436528545,16.540193236714977,0.0709589266362623,5.25152576489533,9.316944444444443,2.9633333333333334,1.9337449704989145,345,345,1.0,1,PC-4983,100.0,0,0,18.55072463768116,0,345,2010-01-04 12:14:07,2011-05-13 16:27:16,0.11184853759656405,Normal
DTAA/KBC0337,7.493091787439613,0.0959100953786204,18.534444444444443,0.0755763100389546,11.041874396135263,11.294444444444444,10.766388888888889,0.1193389364296053,345,345,1.0,1,PC-1303,100.0,0,0,100.0,0,345,2010-01-04 07:26:39,2011-05-13 18:34:35,0.11189370596711873,Normal
DTAA/BYB0347,11.78574879227053,2.00231309102473,17.0275845410628,0.0727813174775177,5.241742351046699,9.284166666666666,2.8669444444444445,1.9971887091840237,345,345,1.0,1,PC-0714,100.0,0,0,9.855072463768115,0,345,2010-01-04 11:50:39,2011-05-13 16:55:51,0.11203265411432384,Normal
DTAA/JXG0567,7.481062801932367,0.0937078807256092,18.526956521739127,0.0705248392348881,11.045342190016104,11.32611111111111,10.785277777777775,0.1158452645002531,345,345,1.0,1,PC-3192,100.0,0,0,100.0,0,345,2010-01-04 07:29:38,2011-05-13 18:30:05,0.11213158159059072,Normal
DTAA/JQH0724,8.732657004830918,0.0957824767486934,19.783429951690824,0.0726482512902672,11.051134460547503,11.317777777777778,10.771666666666668,0.1190685643479438,345,345,1.0,1,PC-3070,100.0,0,0,0.0,0,345,2010-01-04 08:52:25,2011-05-13 19:54:21,0.11219192832344066,Normal
DTAA/HCP0315,11.9012077294686,1.991299548648204,17.036376811594202,0.0707991005524033,5.134773752012883,9.297222222222222,2.803888888888889,1.986841570746526,345,345,1.0,1,PC-3058,100.0,0,0,9.565217391304348,0,345,2010-01-04 07:53:25,2011-05-13 17:04:16,0.11223133845532252,Normal
DTAA/CNT0514,6.734734299516909,0.0954325217812777,15.788840579710143,0.0694683252950668,9.053202093397744,9.32,8.756388888888889,0.1206311943330077,345,345,1.0,1,PC-2053,100.0,0,0,100.0,0,345,2010-01-04 06:50:39,2011-05-13 15:48:57,0.11240143645989675,Normal
DTAA/BIM0736,7.738743961352656,0.0965223820445499,18.78415458937198,0.0692228122664909,11.046148148148148,11.321944444444444,10.786111111111111,0.1174656849769132,345,345,1.0,1,PC-2520,100.0,0,0,100.0,0,345,2010-01-04 07:42:42,2011-05-13 18:45:09,0.11240937236281873,Normal
DTAA/RIM0938,8.748309178743963,0.0941928570089079,19.78792270531401,0.0721622970043155,11.039923510466988,11.30638888888889,10.760555555555555,0.1183107657559977,345,345,1.0,1,PC-1089,100.0,0,0,0.0,0,345,2010-01-04 08:39:58,2011-05-13 19:42:27,0.11246960244475013,Normal
DTAA/JLC0711,11.947101449275362,1.9485769598082845,17.0387922705314,0.0721015537184098,5.091234299516908,9.307777777777778,2.941666666666667,1.9506015241392884,345,345,1.0,1,PC-3462,100.0,0,0,10.434782608695652,0,345,2010-01-04 13:36:36,2011-05-13 16:59:26,0.11251108028424922,Normal
DTAA/GDJ0631,11.609178743961351,1.982866566613572,16.78840579710145,0.0713192604925225,5.179567632850241,9.301111111111112,2.898055555555556,1.98163287769474,345,345,1.0,1,PC-4239,100.0,0,0,18.84057971014493,0,345,2010-01-04 11:18:14,2011-05-13 16:52:46,0.11281174281509326,Normal
DTAA/SKW0871,11.60777777777778,1.9447358770157663,16.78159420289855,0.0728162014327999,5.173884057971014,9.262777777777778,2.862222222222222,1.9460054903659931,345,345,1.0,1,PC-1529,100.0,0,0,18.26086956521739,0,345,2010-01-04 07:51:35,2011-05-13 16:40:20,0.11283097075008164,Normal
DTAA/CPS0559,11.41975845410628,1.941578109472052,16.528937198067634,0.0724200814834853,5.108510466988728,9.294166666666667,2.843611111111111,1.9461540985283008,345,345,1.0,1,PC-1877,100.0,0,0,17.681159420289855,0,345,2010-01-04 13:07:59,2011-05-13 16:38:55,0.1129464188273519,Normal
DTAA/UCM0106,9.48729468599034,0.0997676165567288,19.531884057971016,0.0706500781796629,10.04408615136876,10.30888888888889,9.78,0.1171606327603776,345,345,1.0,1,PC-4444,100.0,0,0,0.0,0,345,2010-01-04 09:22:23,2011-05-13 19:36:07,0.1129510778676509,Normal
DTAA/NBT0479,11.58951690821256,1.993107574146366,16.790241545893718,0.0728244296807516,5.200386473429952,9.275833333333331,2.8275,1.9870693314337204,345,345,1.0,1,PC-2462,100.0,0,0,19.130434782608692,0,345,2010-01-04 11:29:07,2011-05-13 16:45:00,0.11295206706118349,Normal
DTAA/REK0484,8.98092428711898,0.0933783941490791,19.03466076696165,0.0740313824872052,10.054102753195677,10.328888888888889,9.76361111111111,0.1223199489507352,339,339,1.0,1,PC-3033,100.0,0,0,0.0,0,339,2010-01-04 09:07:11,2011-05-05 18:56:36,0.11316394145227765,Normal
DTAA/CEB0718,7.745314009661835,0.0902181515604718,15.778695652173912,0.074347326765603,8.034202093397745,8.302222222222222,7.763055555555556,0.1168637520174021,345,345,1.0,1,PC-3656,100.0,0,0,100.0,0,345,2010-01-04 07:39:14,2011-05-13 15:42:09,0.11321230196820598,Normal
DTAA/CGT0183,7.494734299516908,0.0991915085116708,18.534782608695654,0.0715585949638528,11.040105475040258,11.310555555555556,10.77361111111111,0.1248058473329955,345,345,1.0,1,PC-3569,100.0,0,0,100.0,0,345,2010-01-04 07:35:10,2011-05-13 18:29:24,0.11363609015669973,Normal
DTAA/GMF0571,11.423043478260867,2.0001024472413245,16.52951690821256,0.0719048578300543,5.106441223832528,9.306111111111113,2.855833333333333,2.007851917160829,345,345,1.0,1,PC-3588,100.0,0,0,18.84057971014493,0,345,2010-01-04 07:34:23,2011-05-13 16:28:47,0.1137708990932611,Normal
DTAA/KPC0158,6.736859903381642,0.0947659364226565,16.789613526570047,0.071046842446853,10.052995974235104,10.324722222222222,9.760833333333334,0.1219653713799914,345,345,1.0,1,PC-2342,100.0,0,0,100.0,0,345,2010-01-04 06:42:45,2011-05-13 16:50:56,0.11380316857262018,Normal
DTAA/MHM0988,7.747632850241546,0.0943067686753341,15.78072463768116,0.073011692378053,8.032667471819645,8.322222222222223,7.7619444444444445,0.1135592425857705,345,345,1.0,1,PC-4093,100.0,0,0,100.0,0,345,2010-01-04 07:41:06,2011-05-13 15:44:07,0.11382814909745936,Normal
DTAA/CDR0453,6.744782608695652,0.096004613134864,15.782367149758452,0.0716907780092722,9.037626409017712,9.318888888888887,8.755,0.124777525564882,345,345,1.0,1,PC-1817,100.0,0,0,100.0,0,345,2010-01-04 06:38:10,2011-05-13 15:52:02,0.11412273505961085,Normal
DTAA/DJC0162,7.990193236714976,0.0987876838410174,19.032946859903383,0.0693489850585046,11.04244847020934,11.3225,10.766666666666667,0.1237303613294279,345,345,1.0,1,PC-3232,100.0,0,0,51.01449275362319,0,345,2010-01-04 07:52:08,2011-05-13 19:05:58,0.11434520807658827,Normal
DTAA/LCG0011,9.499613526570048,0.0925251139730442,19.536183574879228,0.0727533339280626,10.036797906602256,10.299166666666666,9.758333333333333,0.119945822139079,345,345,1.0,1,PC-0406,100.0,0,0,0.0,0,345,2010-01-04 09:38:58,2011-05-13 19:34:22,0.11444070998089406,Normal
DTAA/AKA0033,6.744057971014493,0.0955364791679827,16.786328502415458,0.0717584254106878,10.041936392914652,10.307222222222222,9.758611111111112,0.1174262789710225,345,345,1.0,1,PC-2020,100.0,0,0,100.0,0,345,2010-01-04 06:39:58,2011-05-13 16:49:37,0.11519902103073221,Normal
DTAA/EDC0357,7.7447342995169075,0.0922924478454024,15.7787922705314,0.074559366714638,8.034504025764896,8.306111111111111,7.763611111111111,0.1179281537513901,345,345,1.0,1,PC-0478,100.0,0,0,100.0,0,345,2010-01-04 07:50:29,2011-05-13 15:44:00,0.11522700945292652,Normal
DTAA/QGM0222,7.988260869565217,0.0885838350486645,16.034589371980672,0.0709844522256548,8.046298711755234,8.314166666666667,7.776111111111111,0.1096725589619525,345,345,1.0,1,PC-1214,100.0,0,0,53.333333333333336,0,345,2010-01-04 07:51:12,2011-05-13 15:55:24,0.11563555466486286,Normal
DTAA/CCA0349,9.234202898550723,0.0917417806658414,18.287004830917876,0.0686905602280959,9.05281964573269,9.303611111111111,8.760833333333334,0.1096486422101675,345,345,1.0,1,PC-1418,100.0,0,0,0.0,0,345,2010-01-04 09:10:25,2011-05-13 18:23:23,0.11565132092287256,Normal
DTAA/KBC0788,8.24415458937198,0.0983822729961585,19.275942028985508,0.0708199247801862,11.031798711755236,11.305833333333334,10.770277777777778,0.116350622090099,345,345,1.0,1,PC-1243,100.0,0,0,0.0,0,345,2010-01-04 08:13:09,2011-05-13 19:14:06,0.11566249292729852,Normal
DTAA/ZBM0626,6.986038647342995,0.096778329256445,16.03454106280193,0.074596180337603,9.04827616747182,9.31861111111111,8.783333333333333,0.1260155402200746,345,345,1.0,1,PC-2382,100.0,0,0,100.0,0,345,2010-01-04 07:03:52,2011-05-13 15:59:32,0.11589562599970388,Normal
DTAA/STC0066,6.9971980676328505,0.094418906848233,17.027342995169082,0.0749215345577361,10.030375201288244,10.322777777777778,9.771944444444443,0.1178664473391736,345,345,1.0,1,PC-3069,100.0,0,0,100.0,0,345,2010-01-04 07:08:37,2011-05-13 17:07:46,0.11598795294475472,Normal
DTAA/HIB0604,8.493140096618356,0.0961112150157276,19.52917874396135,0.0738967210819305,11.035840579710143,11.32638888888889,10.77777777777778,0.1195402693533814,345,345,1.0,1,PC-4209,100.0,0,0,0.0,0,345,2010-01-04 08:21:09,2011-05-13 19:37:29,0.11599651979312042,Normal
DTAA/KCN0107,8.237971014492754,0.0982045165171887,19.281739130434783,0.0731900659544011,11.043477455716586,11.325833333333334,10.77,0.1255693180351891,345,345,1.0,1,PC-2095,100.0,0,0,0.0,0,345,2010-01-04 08:11:51,2011-05-13 19:16:06,0.11609698760137055,Normal
DTAA/OTS0256,6.73231884057971,0.0946728767954107,15.787874396135267,0.0731268477195231,9.056133655394524,9.320277777777775,8.78888888888889,0.1181288263727129,345,345,1.0,1,PC-0929,100.0,0,0,100.0,0,345,2010-01-04 06:44:18,2011-05-13 15:45:41,0.11610490327420092,Normal
DTAA/NQC0925,6.738840579710144,0.0950585058641816,15.78391304347826,0.0710955168765345,9.04445652173913,9.314444444444444,8.755,0.1208502527098246,345,345,1.0,1,PC-4866,100.0,0,0,100.0,0,345,2010-01-04 06:39:40,2011-05-13 15:40:04,0.11610955618725277,Normal
DTAA/RWD0210,6.98768115942029,0.1025613579945712,17.027342995169082,0.0725339172871804,10.039687600644124,10.312777777777775,9.7625,0.1229628973708388,345,345,1.0,1,PC-2564,100.0,0,0,100.0,0,345,2010-01-04 06:58:48,2011-05-13 16:59:33,0.11619559648993671,Normal
DTAA/CCB0366,7.492222222222222,0.0949460384393767,18.5336231884058,0.0724473860821797,11.041587761674718,11.311111111111112,10.77,0.1234307689204049,345,345,1.0,1,PC-3560,100.0,0,0,100.0,0,345,2010-01-04 07:38:15,2011-05-13 18:27:38,0.11629776580832157,Normal
DTAA/SJH0907,6.74632850241546,0.0966963081517909,15.786425120772948,0.0709963214658757,9.039876811594205,9.32,8.763333333333334,0.1224433846850305,345,345,1.0,1,PC-2525,100.0,0,0,100.0,0,345,2010-01-04 06:46:36,2011-05-13 15:43:04,0.11632424992430573,Normal
DTAA/OSH0281,7.736328502415459,0.0958811726357165,15.778260869565218,0.0696002072926858,8.042471014492754,8.303888888888888,7.760277777777778,0.1159872766415643,345,345,1.0,1,PC-2027,100.0,0,0,100.0,0,345,2010-01-04 07:42:39,2011-05-13 15:45:43,0.11698090186438354,Normal
DTAA/GWS0381,8.489082125603865,0.0943406399674808,19.53888888888889,0.0711016729040195,11.049376006441223,11.323055555555555,10.77777777777778,0.123955802308763,345,345,1.0,1,PC-0975,100.0,0,0,0.0,0,345,2010-01-04 08:28:07,2011-05-13 19:32:19,0.11716494565376673,Normal
DTAA/AJM0302,7.743091787439614,0.0929079433117524,15.779275362318838,0.070605240519138,8.03607004830918,8.30861111111111,7.763888888888889,0.1155006518393289,345,345,1.0,1,PC-3902,100.0,0,0,100.0,0,345,2010-01-04 07:47:12,2011-05-13 15:43:49,0.11747474088578891,Normal
DTAA/SWM0768,7.502415458937197,0.0968777501201224,18.52927536231884,0.0733537444401483,11.027667471819646,11.2925,10.755833333333332,0.1192288449500654,345,345,1.0,1,PC-0942,100.0,0,0,100.0,0,345,2010-01-04 07:36:09,2011-05-13 18:34:28,0.11750740675929067,Normal
DTAA/ASP0799,7.746280193236713,0.1015855188792053,15.78584541062802,0.0722256141555686,8.039424315619968,8.320277777777777,7.770555555555555,0.1231763534295366,345,345,1.0,1,PC-0560,100.0,0,0,100.0,0,345,2010-01-04 07:53:18,2011-05-13 15:51:08,0.11771478150032688,Normal
DTAA/UAD0165,7.739855072463768,0.0972912108576357,18.78729468599034,0.0729838292289075,11.047106280193235,11.303333333333333,10.758333333333333,0.1165451293157918,345,345,1.0,1,PC-1441,100.0,0,0,100.0,0,345,2010-01-04 07:52:54,2011-05-13 18:41:45,0.11780071662430552,Normal
DTAA/ARR0758,8.482850241545894,0.0979675158455888,19.53458937198068,0.0716862724427953,11.051770531400964,11.311388888888889,10.790833333333332,0.1201684113003696,345,345,1.0,1,PC-2652,100.0,0,0,0.0,0,345,2010-01-04 08:23:17,2011-05-13 19:39:10,0.11783610658041027,Normal
DTAA/ARB0100,7.493608652900687,0.0976976388806531,16.53362831858407,0.072102670134497,9.04009013438217,9.325833333333334,8.77,0.1155625885935349,339,339,1.0,1,PC-4584,100.0,0,0,100.0,0,339,2010-01-04 07:27:19,2011-05-05 16:37:31,0.1179350241727618,Normal
DTAA/SFS0308,8.49391304347826,0.0936879967605021,19.539710144927536,0.0704217158651072,11.04537117552335,11.327222222222222,10.775,0.1189416482031653,345,345,1.0,1,PC-4828,100.0,0,0,0.0,0,345,2010-01-04 08:32:08,2011-05-13 19:38:50,0.11807270532898678,Normal
DTAA/RDH0117,7.74231884057971,0.0977860614169389,18.78391304347826,0.0714693437327149,11.041502415458938,11.310555555555556,10.7775,0.1234371520153704,345,345,1.0,1,PC-2188,100.0,0,0,100.0,0,345,2010-01-04 07:41:17,2011-05-13 18:51:26,0.11826924300898195,Normal
DTAA/EDW0137,7.739613526570049,0.0948402986363949,18.7875845410628,0.0707423813201711,11.048358293075683,11.319166666666666,10.766111111111112,0.1190674280713488,345,345,1.0,1,PC-1300,100.0,0,0,100.0,0,345,2010-01-04 07:54:53,2011-05-13 18:54:09,0.11838893503367093,Normal
DTAA/RJP0286,7.489420289855072,0.0967828033342368,18.530628019323675,0.0729971048289619,11.04126006441224,11.321388888888889,10.763333333333334,0.1208243241513398,345,345,1.0,1,PC-0026,100.0,0,0,100.0,0,345,2010-01-04 07:27:24,2011-05-13 18:28:58,0.11864388353097866,Normal
DTAA/TKG0523,7.99463768115942,0.0977347062246002,19.036811594202906,0.0754881503753787,11.042079710144929,11.319444444444445,10.786388888888888,0.1220406712881057,345,345,1.0,1,PC-4393,100.0,0,0,48.40579710144928,0,345,2010-01-04 08:05:20,2011-05-13 18:59:49,0.11881505212667864,Normal
DTAA/SBB0044,9.246521739130436,0.0956286739217709,19.28212560386473,0.0714106003468001,10.036083735909823,10.290277777777778,9.78,0.1140941702679496,345,345,1.0,1,PC-0310,100.0,0,0,0.0,0,345,2010-01-04 09:05:49,2011-05-13 19:23:42,0.1188756883919233,Normal
DTAA/DRH0790,6.9884541062801935,0.0980322873534118,17.03256038647343,0.0701215835196439,10.044264090177132,10.3075,9.785,0.1171712017925826,345,345,1.0,1,PC-2553,100.0,0,0,100.0,0,345,2010-01-04 07:05:10,2011-05-13 17:07:03,0.11895252342724721,Normal
DTAA/PAG0557,8.492125603864734,0.0934377375196704,19.534734299516906,0.0714522793830814,11.042677938808373,11.318333333333332,10.770277777777778,0.1182909279949103,345,345,1.0,1,PC-3405,100.0,0,0,0.0,0,345,2010-01-04 08:36:42,2011-05-13 19:29:37,0.11897045805793616,Normal
DTAA/AWB0828,8.246328502415459,0.096453830327588,16.27951690821256,0.0767817542032397,8.0334307568438,8.301666666666666,7.766388888888889,0.1296417475283871,345,345,1.0,1,PC-4154,100.0,0,0,0.0,0,345,2010-01-04 08:17:41,2011-05-13 16:24:27,0.11907038954377713,Normal
DTAA/NJM0476,7.733864734299517,0.0966520023433483,18.788599033816425,0.0700023204605732,11.055090177133655,11.309444444444445,10.764722222222222,0.1188667200306137,345,345,1.0,1,PC-3983,100.0,0,0,100.0,0,345,2010-01-04 07:47:49,2011-05-13 18:51:57,0.11908390046112743,Normal
DTAA/YCD0922,6.982608695652174,0.1001547084357008,17.036328502415458,0.0719606933322845,10.053849436392914,10.318055555555556,9.771666666666668,0.1212713148835332,345,345,1.0,1,PC-1763,100.0,0,0,100.0,0,345,2010-01-04 07:02:27,2011-05-13 16:59:39,0.1191656967042155,Normal
DTAA/PKM0411,7.745845410628019,0.0982262026414982,18.780048309178746,0.0729732454990444,11.03364573268921,11.29861111111111,10.766388888888889,0.1192262798275719,345,345,1.0,1,PC-0224,100.0,0,0,100.0,0,345,2010-01-04 07:47:25,2011-05-13 18:52:28,0.11918966511248624,Normal
DTAA/JMR0955,7.735217391304349,0.0938456286794685,15.780579710144927,0.0698696565210574,8.045252818035427,8.32638888888889,7.759444444444444,0.1179123620621114,345,345,1.0,1,PC-1213,100.0,0,0,100.0,0,345,2010-01-04 07:48:20,2011-05-13 15:43:01,0.11960061864730198,Normal
DTAA/WCM0391,8.243526570048308,0.0980261989349746,19.28405797101449,0.0719129299765293,11.040425120772946,11.308055555555557,10.782777777777778,0.1243855158449342,345,345,1.0,1,PC-2110,100.0,0,0,0.0,0,345,2010-01-04 08:07:26,2011-05-13 19:24:00,0.11964811106524131,Normal
DTAA/MAM0947,7.992463768115941,0.0964546796383261,19.03256038647343,0.069438838106468,11.039932367149758,11.318333333333332,10.769444444444444,0.1218513094238575,345,345,1.0,1,PC-4427,100.0,0,0,50.14492753623189,0,345,2010-01-04 07:59:04,2011-05-13 19:08:50,0.11980947385013635,Normal
DTAA/IMW0965,7.491980676328501,0.0947172434916553,15.538647342995173,0.0710917966657113,8.04633655394525,8.321944444444444,7.789444444444444,0.1199792134221302,345,345,1.0,1,PC-1782,100.0,0,0,100.0,0,345,2010-01-04 07:33:57,2011-05-13 15:37:16,0.11981573947511676,Normal
DTAA/MWJ0837,7.487439613526569,0.0970497370546798,15.531159420289857,0.0736042083406315,8.044002415458936,8.304166666666667,7.7572222222222225,0.1214093474010104,345,345,1.0,1,PC-3737,100.0,0,0,100.0,0,345,2010-01-04 07:31:28,2011-05-13 15:26:43,0.11993395024059117,Normal
DTAA/QNK0574,8.245942028985507,0.0944757559600213,19.28608695652174,0.0706968738498241,11.040149758454106,11.29527777777778,10.758611111111112,0.1184384917586457,345,345,1.0,1,PC-1569,100.0,0,0,0.0,0,345,2010-01-04 08:08:10,2011-05-13 19:22:29,0.12006924539249858,Normal
DTAA/RDG0350,7.738792270531401,0.0949975707130115,18.79,0.0721732590934159,11.051575684380031,11.31,10.779166666666669,0.1194764863619975,345,345,1.0,1,PC-3040,100.0,0,0,100.0,0,345,2010-01-04 07:50:11,2011-05-13 18:54:50,0.12020946690110962,Normal
DTAA/AKH0067,7.497826086956522,0.098220316881192,15.536328502415458,0.0722071402329812,8.039352657004832,8.304444444444444,7.759722222222222,0.1216014102611711,345,345,1.0,1,PC-2396,100.0,0,0,100.0,0,345,2010-01-04 07:21:06,2011-05-13 15:33:36,0.12026016138508022,Normal
DTAA/JZV0159,7.740386473429952,0.0978376288821716,18.78671497584541,0.0738160048295741,11.046092592592592,11.313333333333333,10.766388888888889,0.1197400658127759,345,345,1.0,1,PC-0381,100.0,0,0,100.0,0,345,2010-01-04 07:43:09,2011-05-13 18:51:23,0.12027310742297642,Normal
DTAA/PRB0568,7.74231884057971,0.0980581887507655,15.783768115942028,0.0696217935383053,8.041135265700483,8.3175,7.78,0.1211653856583116,345,345,1.0,1,PC-0080,100.0,0,0,100.0,0,345,2010-01-04 07:42:27,2011-05-13 15:53:45,0.12027499070928765,Normal
DTAA/NJC0459,9.248647342995168,0.0921136369172904,17.283188405797105,0.0712395664934586,8.03380112721417,8.325833333333334,7.762777777777778,0.1147685045185829,345,345,1.0,1,PC-3165,100.0,0,0,0.0,0,345,2010-01-04 09:10:24,2011-05-13 17:23:11,0.12049720701781319,Normal
DTAA/CMC0814,7.748840579710146,0.0968509772030859,18.782753623188405,0.0730008241293146,11.033347020933975,11.302777777777775,10.784444444444444,0.1214892594571814,345,345,1.0,1,PC-2160,100.0,0,0,100.0,0,345,2010-01-04 07:38:30,2011-05-13 18:48:08,0.12052161649845139,Normal
DTAA/XKR0971,7.992415458937199,0.1014731352444934,19.03159420289855,0.0702538050493968,11.039065217391304,11.323055555555555,10.759722222222225,0.1240710366804244,345,345,1.0,1,PC-1355,100.0,0,0,48.98550724637681,0,345,2010-01-04 07:54:43,2011-05-13 18:59:33,0.12052754956736694,Normal
DTAA/CSB0363,7.749420289855073,0.0971807975047669,18.78096618357488,0.0728372523231986,11.03116988727858,11.312222222222225,10.772777777777778,0.1211744582971291,345,345,1.0,1,PC-4890,100.0,0,0,100.0,0,345,2010-01-04 07:53:15,2011-05-13 18:49:15,0.12058170836651205,Normal
DTAA/RCW0436,7.993816425120773,0.0894757112003354,16.028260869565216,0.0712059481110903,8.03441465378422,8.300555555555556,7.77,0.1136177239076224,345,345,1.0,1,PC-3171,100.0,0,0,51.01449275362319,0,345,2010-01-04 08:05:46,2011-05-13 16:03:16,0.12106790650343774,Normal
DTAA/GTR0327,8.494541062801932,0.0953030848202583,19.537632850241547,0.0712909328662422,11.042921900161032,11.313888888888888,10.766388888888889,0.12058021333542,345,345,1.0,1,PC-3366,100.0,0,0,0.0,0,345,2010-01-04 08:36:08,2011-05-13 19:31:17,0.1211143162690006,Normal
DTAA/FAF0578,8.494734299516908,0.0955424567696236,19.536714975845413,0.0719659622781663,11.041884863123991,11.31638888888889,10.782222222222222,0.120681481225962,345,345,1.0,1,PC-0408,100.0,0,0,0.0,0,345,2010-01-04 08:36:27,2011-05-13 19:33:15,0.12111858565803713,Normal
DTAA/DWB0426,7.497777777777777,0.097314832229834,15.534782608695652,0.0728336532128697,8.036310789049919,8.324444444444444,7.756111111111111,0.1209593032373308,345,345,1.0,1,PC-4757,100.0,0,0,100.0,0,345,2010-01-04 07:22:42,2011-05-13 15:25:06,0.12127438258541456,Normal
DTAA/ABL0836,7.983816425120774,0.0969817029053595,19.034396135265705,0.0707711600227348,11.050675523349437,11.308055555555557,10.785555555555556,0.1161002255196079,345,345,1.0,1,PC-4639,100.0,0,0,54.78260869565217,0,345,2010-01-04 07:53:39,2011-05-13 19:07:14,0.12132575005182816,Normal
DTAA/ENP0794,8.239613526570048,0.0965615845446919,19.27772946859903,0.072920111222346,11.037777777777778,11.316944444444443,10.759722222222225,0.1199444682316533,345,345,1.0,1,PC-4483,100.0,0,0,0.0,0,345,2010-01-04 08:10:46,2011-05-13 19:15:33,0.12139347743851053,Normal
DTAA/ENB0293,7.976618357487923,0.0921980593915243,16.038115942028988,0.069829245085946,8.06101851851852,8.325833333333334,7.776944444444444,0.116765491500116,345,345,1.0,1,PC-0311,100.0,0,0,56.231884057971016,0,345,2010-01-04 08:03:08,2011-05-13 15:59:09,0.12145231749696034,Normal
DTAA/ITC0131,9.241062801932369,0.0992453644372441,17.283961352657006,0.0694926133358251,8.043072463768114,8.312222222222223,7.764444444444444,0.1197954341819815,345,345,1.0,1,PC-4084,100.0,0,0,0.0,0,345,2010-01-04 09:23:29,2011-05-13 17:20:57,0.1216122949945499,Normal
DTAA/NTO0396,7.485072463768116,0.097374461510242,15.534589371980674,0.0720121953704073,8.049818035426732,8.32,7.758055555555556,0.1214601620256927,345,345,1.0,1,PC-2674,100.0,0,0,100.0,0,345,2010-01-04 07:20:49,2011-05-13 15:39:50,0.12162468835704743,Normal
DTAA/RCF0540,7.499951690821256,0.0959743531929677,15.528502415458936,0.0736255107769846,8.02862157809984,8.299166666666666,7.773888888888889,0.1192214455340861,345,345,1.0,1,PC-1493,100.0,0,0,100.0,0,345,2010-01-04 07:35:53,2011-05-13 15:33:46,0.12164764724345412,Normal
DTAA/BCG0692,6.989903381642513,0.0951012159951221,16.02792270531401,0.0736947170482753,9.038442028985507,9.316944444444443,8.7725,0.1239061439454371,345,345,1.0,1,PC-3524,100.0,0,0,100.0,0,345,2010-01-04 06:52:49,2011-05-13 15:55:20,0.12171314654199261,Normal
DTAA/BFV0911,7.481932367149759,0.0932152592647109,16.537439613526573,0.0699647957976937,9.055311594202898,9.298055555555557,8.766111111111112,0.1101847230788032,345,345,1.0,1,PC-1532,100.0,0,0,100.0,0,345,2010-01-04 07:23:12,2011-05-13 16:28:09,0.1218864106322694,Normal
DTAA/BCW0386,9.49487922705314,0.0962282555560448,17.52927536231884,0.0721326780632692,8.034349436392915,8.310555555555556,7.759444444444444,0.121138177307956,345,345,1.0,1,PC-4381,100.0,0,0,0.0,0,345,2010-01-04 09:25:29,2011-05-13 17:27:06,0.12190057958606348,Normal
DTAA/KSO0749,7.991207729468599,0.0913931278382058,16.031545893719805,0.0709104225066573,8.040520128824475,8.3025,7.779166666666667,0.1125668828409582,345,345,1.0,1,PC-0174,100.0,0,0,48.98550724637681,0,345,2010-01-04 08:08:08,2011-05-13 15:55:52,0.12194369964126922,Normal
DTAA/NWC0765,7.990144927536232,0.0975117345065489,19.027391304347827,0.070762891479014,11.037367149758454,11.305277777777778,10.760555555555555,0.1201117093037459,345,345,1.0,1,PC-3896,100.0,0,0,52.17391304347826,0,345,2010-01-04 07:59:30,2011-05-13 19:00:54,0.12196111721809794,Normal
DTAA/NDH0524,7.743140096618357,0.0949617154905352,15.782608695652174,0.071890468934686,8.039549114331722,8.297222222222222,7.758055555555556,0.1165381246065586,345,345,1.0,1,PC-0379,100.0,0,0,100.0,0,345,2010-01-04 07:35:29,2011-05-13 15:50:28,0.12200055449229441,Normal
DTAA/LRS0325,8.493574879227054,0.0971398450498624,16.530386473429953,0.0665709978092303,8.036554750402576,8.300833333333333,7.758055555555556,0.1203289233881736,345,345,1.0,1,PC-0652,100.0,0,0,0.0,0,345,2010-01-04 08:34:21,2011-05-13 16:36:04,0.1227073310555129,Normal
DTAA/IMF0700,7.989323671497584,0.0981886659358598,19.03328502415459,0.0713189979474229,11.043677938808374,11.323055555555555,10.7775,0.1194767783363387,345,345,1.0,1,PC-2651,100.0,0,0,50.43478260869565,0,345,2010-01-04 07:56:26,2011-05-13 19:07:26,0.1227324346165597,Normal
DTAA/KSW0597,7.9945410628019316,0.096121442576708,19.0312077294686,0.0704612228066599,11.036442834138487,11.319722222222222,10.769722222222224,0.116260644523844,345,345,1.0,1,PC-3787,100.0,0,0,49.85507246376812,0,345,2010-01-04 08:05:22,2011-05-13 19:04:54,0.12285748178830558,Normal
DTAA/EAR0695,7.744347826086957,0.0935385070905525,15.786038647342997,0.071882394265913,8.041176328502416,8.319166666666666,7.764166666666667,0.117478678692308,345,345,1.0,1,PC-4039,100.0,0,0,100.0,0,345,2010-01-04 07:41:08,2011-05-13 15:51:41,0.12292000130111741,Normal
DTAA/RLW0861,7.991980676328501,0.0963569598326845,19.038357487922703,0.0714188594464176,11.046311594202898,11.29888888888889,10.768888888888888,0.1182820134653919,345,345,1.0,1,PC-4361,100.0,0,0,53.333333333333336,0,345,2010-01-04 08:03:15,2011-05-13 18:56:17,0.1229541791463003,Normal
DTAA/KDC0928,7.488067632850242,0.1014914709141335,17.536714975845413,0.0689635636523764,10.04877616747182,10.32611111111111,9.775833333333331,0.1183489222283189,345,345,1.0,1,PC-1655,100.0,0,0,100.0,0,345,2010-01-04 07:23:04,2011-05-13 17:30:29,0.12296174869674348,Normal
DTAA/FMF0197,7.990483091787438,0.0986934598584771,19.03985507246377,0.0717433220442747,11.04917230273752,11.318055555555556,10.774444444444445,0.1190704220586006,345,345,1.0,1,PC-2601,100.0,0,0,48.40579710144928,0,345,2010-01-04 07:52:11,2011-05-13 18:56:05,0.12296335790979657,Normal
DTAA/JIP0187,7.98903381642512,0.0973470798559684,19.037874396135265,0.0725948791413644,11.048910628019325,11.320555555555556,10.761388888888888,0.1205100937369469,345,345,1.0,1,PC-3850,100.0,0,0,52.46376811594203,0,345,2010-01-04 08:08:31,2011-05-13 18:59:15,0.12313776434364343,Normal
DTAA/AGG0562,8.991690821256038,0.0868643823813171,17.03222222222222,0.0734962660257264,8.041072463768117,8.316944444444445,7.7652777777777775,0.11893357310992,345,345,1.0,1,PC-0473,100.0,0,0,0.0,0,345,2010-01-04 09:08:04,2011-05-13 17:02:38,0.12314328337697761,Normal
DTAA/SGS0352,6.989806763285025,0.0949379031002953,17.032995169082124,0.072207140232981,10.04269806763285,10.321388888888889,9.76,0.1222967757254631,345,345,1.0,1,PC-4935,100.0,0,0,100.0,0,345,2010-01-04 07:05:02,2011-05-13 16:55:29,0.12337101122056532,Normal
DTAA/SBM0217,7.240434782608695,0.0959211984184571,17.281400966183575,0.075200863233776,10.04045732689211,10.321944444444444,9.750833333333333,0.121747835885156,345,345,1.0,1,PC-4499,100.0,0,0,100.0,0,345,2010-01-04 07:11:41,2011-05-13 17:17:36,0.12353378938565857,Normal
DTAA/TTG0637,7.992995169082125,0.0958356840418407,19.032512077294683,0.0701843406019493,11.039908212560388,11.308055555555557,10.787777777777778,0.1173087856481912,345,345,1.0,1,PC-0410,100.0,0,0,45.5072463768116,0,345,2010-01-04 08:00:54,2011-05-13 19:03:57,0.12367972516488357,Normal
DTAA/DOC0003,9.243768115942029,0.0930687574790516,17.28719806763285,0.073518140962069,8.043842190016102,8.315555555555555,7.7780555555555555,0.1158993626919209,345,345,1.0,1,PC-2799,100.0,0,0,0.0,0,345,2010-01-04 09:21:36,2011-05-13 17:23:35,0.12405054989872533,Normal
DTAA/MDS0742,7.994347826086956,0.0949096951925665,19.036908212560387,0.0717430610510365,11.04261111111111,11.308055555555557,10.767777777777775,0.1220700864134426,345,345,1.0,1,PC-4317,100.0,0,0,49.56521739130435,0,345,2010-01-04 08:01:28,2011-05-13 19:02:52,0.12419707872313529,Normal
DTAA/SMD0773,7.733478260869566,0.0952479336123978,15.786038647342991,0.073876764140146,8.052454106280193,8.31638888888889,7.785277777777778,0.1172400197725401,345,345,1.0,1,PC-1075,100.0,0,0,100.0,0,345,2010-01-04 07:36:05,2011-05-13 15:43:44,0.12421454520599068,Normal
DTAA/HPF0958,6.988550724637681,0.0934558965834902,16.03144927536232,0.0706683629789219,9.043074879227053,9.321944444444444,8.782222222222222,0.1187689838649969,345,345,1.0,1,PC-3782,100.0,0,0,100.0,0,345,2010-01-04 07:07:49,2011-05-13 15:58:33,0.12425935588725379,Normal
DTAA/KPS0299,7.993526570048308,0.0931259532631977,16.028840579710145,0.072056417403786,8.03544927536232,8.298055555555555,7.7619444444444445,0.1131654358523666,345,345,1.0,1,PC-3726,100.0,0,0,50.72463768115942,0,345,2010-01-04 07:53:48,2011-05-13 16:04:53,0.12439311463593594,Normal
DTAA/LAL0170,7.730434782608696,0.0969977507189435,15.786859903381645,0.0728012853630171,8.056041062801931,8.327777777777778,7.763055555555556,0.1226221773535581,345,345,1.0,1,PC-2598,100.0,0,0,100.0,0,345,2010-01-04 07:43:11,2011-05-13 15:40:02,0.12440766753159166,Normal
DTAA/DNH0619,8.742753623188406,0.0964936913391855,16.780048309178746,0.0707026673364091,8.036814009661835,8.3175,7.791111111111111,0.1110937263636783,345,345,1.0,1,PC-4336,100.0,0,0,0.0,0,345,2010-01-04 08:48:18,2011-05-13 16:42:10,0.12443673967609403,Normal
DTAA/BFO0438,6.99328502415459,0.0966200314426386,17.036666666666665,0.0705918135081322,10.043179549114331,10.304444444444444,9.774722222222222,0.1188464589066786,345,345,1.0,1,PC-4057,100.0,0,0,100.0,0,345,2010-01-04 07:04:11,2011-05-13 16:56:48,0.12450846153007356,Normal
DTAA/KMC0840,7.734347826086958,0.0941254186051377,15.77903381642512,0.0721242410904041,8.044627214170694,8.310555555555556,7.768611111111111,0.1207485182677362,345,345,1.0,1,PC-4658,100.0,0,0,100.0,0,345,2010-01-04 07:54:55,2011-05-13 15:44:09,0.12455756452980127,Normal
DTAA/TER0923,8.98927536231884,0.097634935391592,17.03048309178744,0.074724462340433,8.041545893719807,8.317777777777778,7.764444444444444,0.1242188905648375,345,345,1.0,1,PC-0011,100.0,0,0,0.0,0,345,2010-01-04 08:51:35,2011-05-13 17:08:58,0.12462069548071875,Normal
DTAA/BCB0013,8.24512077294686,0.0961694975436534,16.28782608695652,0.0749565466001195,8.042471819645733,8.327222222222222,7.764722222222222,0.1226130861150748,345,345,1.0,1,PC-1377,100.0,0,0,0.0,0,345,2010-01-04 08:23:10,2011-05-13 16:24:41,0.12471307741671711,Normal
DTAA/SIP0805,8.991111111111111,0.1032649602920426,17.04246376811594,0.0722887463362805,8.050538647342995,8.313333333333333,7.768611111111111,0.1249937190872292,345,345,1.0,1,PC-0081,100.0,0,0,0.0,0,345,2010-01-04 08:59:18,2011-05-13 17:02:06,0.12506412539533457,Normal
DTAA/EMM0782,7.998502415458938,0.0966919511036533,16.035410628019324,0.0686457724130145,8.037149758454106,8.309722222222222,7.757777777777778,0.1231132773699662,345,345,1.0,1,PC-3643,100.0,0,0,48.40579710144928,0,345,2010-01-04 07:56:56,2011-05-13 16:03:39,0.12523188591929446,Normal
DTAA/MSK0862,7.989806763285025,0.0967159124393855,16.033236714975843,0.0756004623943653,8.043161030595813,8.320833333333333,7.756944444444445,0.1189289089834206,345,345,1.0,1,PC-3506,100.0,0,0,51.30434782608696,0,345,2010-01-04 07:55:16,2011-05-13 16:06:47,0.12523422883350843,Normal
DTAA/CGH0125,7.752028985507246,0.0946181250959588,15.791980676328505,0.0708369101709308,8.039537037037038,8.312222222222223,7.761388888888889,0.1183477106469318,345,345,1.0,1,PC-3257,100.0,0,0,100.0,0,345,2010-01-04 07:53:25,2011-05-13 15:42:42,0.12530290413698608,Normal
DTAA/AAC0599,7.989758454106281,0.0933674474625138,16.02777777777778,0.0702677296694768,8.03802657004831,8.318333333333333,7.776388888888889,0.1145047399433112,345,345,1.0,1,PC-1800,100.0,0,0,51.59420289855072,0,345,2010-01-04 08:08:31,2011-05-13 16:07:27,0.1253578643182875,Normal
DTAA/ONQ0625,9.247826086956522,0.0957559109012659,17.285652173913043,0.0699836275330368,8.03836231884058,8.299444444444445,7.756944444444445,0.1204306458721313,345,345,1.0,1,PC-1104,100.0,0,0,0.0,0,345,2010-01-04 09:11:20,2011-05-13 17:19:18,0.12547876005620345,Normal
DTAA/FES0933,7.741545893719807,0.0982823736535552,15.78289855072464,0.0729077525968287,8.041214975845412,8.328888888888889,7.759722222222222,0.1197241582849459,345,345,1.0,1,PC-2567,100.0,0,0,100.0,0,345,2010-01-04 07:36:42,2011-05-13 15:40:43,0.12564300634045977,Normal
DTAA/ASS0824,7.999468599033817,0.0966520023433483,19.03589371980676,0.0706584593000103,11.036057971014491,11.319444444444445,10.76388888888889,0.1227157544396928,345,345,1.0,1,PC-4842,100.0,0,0,45.79710144927536,0,345,2010-01-04 07:51:17,2011-05-13 19:00:24,0.12571743307060085,Normal
DTAA/VKB0605,8.242850241545892,0.0969683799962402,16.287246376811595,0.0701027220683233,8.04424074074074,8.316666666666666,7.760277777777778,0.1149929483237054,345,345,1.0,1,PC-2644,100.0,0,0,0.0,0,345,2010-01-04 08:06:15,2011-05-13 16:24:31,0.12572737734113093,Normal
DTAA/SAS0601,7.994975845410627,0.0947876437742588,19.03144927536232,0.0726071298420369,11.036472624798712,11.321666666666667,10.776666666666667,0.1199962565448099,345,345,1.0,1,PC-0262,100.0,0,0,46.08695652173913,0,345,2010-01-04 07:53:09,2011-05-13 19:03:19,0.1257563036555896,Normal
DTAA/BCM0899,9.247729468599037,0.0950851188671585,19.279903381642512,0.0710546497252302,10.031832528180354,10.306111111111113,9.774722222222222,0.1194131762648394,345,345,1.0,1,PC-3412,100.0,0,0,0.0,0,345,2010-01-04 09:22:08,2011-05-13 19:12:48,0.12620750968870348,Normal
DTAA/JRP0458,7.745217391304347,0.0930766789916544,17.787536231884058,0.0689826687168974,10.042554750402577,10.294722222222225,9.758888888888889,0.1182643109821275,345,345,1.0,1,PC-4705,100.0,0,0,100.0,0,345,2010-01-04 07:43:35,2011-05-13 17:54:40,0.12633512331916597,Normal
DTAA/AFR0646,8.240048309178745,0.0909725175612321,18.275458937198067,0.0692684434121564,10.034995169082125,10.308055555555557,9.758611111111112,0.1136705459395952,345,345,1.0,1,PC-0323,100.0,0,0,0.0,0,345,2010-01-04 08:11:41,2011-05-13 18:12:20,0.12636145778484953,Normal
DTAA/SND0611,7.99502415458937,0.0971586371428135,19.028502415458934,0.0705907524996286,11.03369726247987,11.313888888888888,10.766944444444444,0.1217236644009121,345,345,1.0,1,PC-3657,100.0,0,0,46.95652173913044,0,345,2010-01-04 08:05:30,2011-05-13 19:05:41,0.1267193425695985,Normal
DTAA/ARF0269,7.984685990338164,0.0977695684474424,16.02719806763285,0.0693631588083521,8.042366344605474,8.302777777777777,7.773611111111111,0.1223376559212773,345,345,1.0,1,PC-0376,100.0,0,0,52.17391304347826,0,345,2010-01-04 07:53:52,2011-05-13 15:59:57,0.12678003548482886,Normal
DTAA/KNJ0633,8.991497584541063,0.0998473256877268,17.034975845410628,0.0703939247905519,8.043650563607086,8.311111111111112,7.768333333333333,0.1253357427983972,345,345,1.0,1,PC-1466,100.0,0,0,0.0,0,345,2010-01-04 09:06:30,2011-05-13 17:08:57,0.12688001976622698,Normal
DTAA/TDW0348,8.989323671497583,0.0989423717607041,17.023623188405796,0.0733996773768747,8.03414653784219,8.315,7.773055555555556,0.1243210811876274,345,345,1.0,1,PC-4642,100.0,0,0,0.0,0,345,2010-01-04 09:00:08,2011-05-13 16:56:31,0.12691770403578928,Normal
DTAA/CDF0585,7.496763285024154,0.0965405670018181,16.536038647342995,0.0681811392739001,9.03924315619968,9.313888888888888,8.776388888888889,0.1157543781333965,345,345,1.0,1,PC-1308,100.0,0,0,100.0,0,345,2010-01-04 07:21:18,2011-05-13 16:26:28,0.12717809336610592,Normal
DTAA/HKG0503,7.739082125603866,0.0958773644348474,17.780531400966186,0.0693165770328588,10.0422077294686,10.323055555555555,9.760277777777778,0.1149633595667184,345,345,1.0,1,PC-0131,100.0,0,0,100.0,0,345,2010-01-04 07:41:48,2011-05-13 17:46:10,0.12719950142461572,Normal
DTAA/VDP0070,9.241014492753624,0.0981405026066293,17.277971014492753,0.0711165505130924,8.03710305958132,8.304166666666667,7.7619444444444445,0.12086055348287,345,345,1.0,1,PC-4791,100.0,0,0,0.0,0,345,2010-01-04 09:24:18,2011-05-13 17:20:24,0.12723247303521384,Normal
DTAA/DAR0341,7.739999999999999,0.0915203201056905,16.782850241545894,0.0708801153364113,9.043094202898551,9.300277777777778,8.7675,0.1111258583173456,345,345,1.0,1,PC-0718,100.0,0,0,100.0,0,345,2010-01-04 07:38:08,2011-05-13 16:43:04,0.12733739357553248,Normal
DTAA/SIR0586,7.989420289855072,0.0994249559916762,16.027294685990338,0.0698935037125346,8.037585346215781,8.308333333333334,7.7652777777777775,0.12419998750101,345,345,1.0,1,PC-2044,100.0,0,0,51.30434782608696,0,345,2010-01-04 07:53:14,2011-05-13 16:01:57,0.12739947827122017,Normal
DTAA/PRR0982,7.2357971014492755,0.0972384389511773,16.284202898550724,0.0697162303151265,9.048020128824476,9.312222222222225,8.766111111111112,0.1174125619109794,345,345,1.0,1,PC-1438,100.0,0,0,100.0,0,345,2010-01-04 07:19:59,2011-05-13 16:11:44,0.12745679137371407,Normal
DTAA/PCO0684,8.99207729468599,0.0972906575388387,17.033671497584542,0.0739638698714568,8.041459742351048,8.311666666666667,7.764166666666667,0.1180628147502395,345,345,1.0,1,PC-4867,100.0,0,0,0.0,0,345,2010-01-04 09:08:33,2011-05-13 16:56:35,0.1274697574405062,Normal
DTAA/HRT0737,7.997189922480621,0.0993998061016982,16.030910852713177,0.0719523458252746,8.033108042635659,8.283333333333333,7.786388888888889,0.1208866800220221,344,344,1.0,1,PC-0002,100.0,0,0,49.41860465116279,0,344,2010-01-04 07:52:20,2011-05-12 16:08:34,0.12749737755346907,Normal
DTAA/AFD0868,8.99536231884058,0.0956131062274552,19.036908212560387,0.0692809106951585,10.042194041867956,10.324444444444444,9.7825,0.1165227531629101,345,345,1.0,1,PC-0776,100.0,0,0,0.0,0,345,2010-01-04 08:50:12,2011-05-13 18:59:10,0.127562341561767,Normal
DTAA/ZKN0548,8.486521739130435,0.093728459683222,18.531014492753624,0.0753293894055469,10.04402576489533,10.292777777777776,9.7575,0.1135686399025942,345,345,1.0,1,PC-3415,100.0,0,0,0.0,0,345,2010-01-04 08:21:52,2011-05-13 18:26:55,0.12757098035196202,Normal
DTAA/MCC0851,9.243236714975843,0.098810710599757,17.278840579710145,0.0726368130993782,8.035598228663446,8.306666666666667,7.766666666666667,0.119784565529303,345,345,1.0,1,PC-2230,100.0,0,0,0.0,0,345,2010-01-04 09:10:12,2011-05-13 17:17:50,0.12765257906909805,Normal
DTAA/CKB0536,7.984396135265701,0.0961995744510094,16.032222222222224,0.0738688749098555,8.04785346215781,8.322777777777778,7.764166666666667,0.1141484174144871,345,345,1.0,1,PC-3570,100.0,0,0,54.20289855072464,0,345,2010-01-04 08:09:31,2011-05-13 16:07:37,0.1277646127424406,Normal
DTAA/MTC0538,7.243091787439614,0.0983131611824477,17.276376811594204,0.0701022212526752,10.0334653784219,10.310833333333331,9.766944444444444,0.1192131797959713,345,345,1.0,1,PC-0548,100.0,0,0,100.0,0,345,2010-01-04 07:22:06,2011-05-13 17:18:09,0.12785656694374165,Normal
DTAA/AID0577,7.492415458937198,0.0944672332518496,17.529806763285023,0.0734637759396671,10.03694041867955,10.280277777777778,9.771666666666668,0.1143443841287337,345,345,1.0,1,PC-0425,100.0,0,0,100.0,0,345,2010-01-04 07:24:28,2011-05-13 17:25:22,0.12791762915290994,Normal
DTAA/FLC0811,7.493864734299517,0.0986596595373595,16.528840579710145,0.0757388799432857,9.03522463768116,9.321666666666667,8.755555555555556,0.123185660362131,345,345,1.0,1,PC-1435,100.0,0,0,100.0,0,345,2010-01-04 07:32:08,2011-05-13 16:28:45,0.12823788711484985,Normal
DTAA/HOO0224,7.246086956521739,0.0975804784827554,17.289420289855073,0.0735430328984344,10.043318035426733,10.321944444444444,9.756388888888887,0.1180306421820373,345,345,1.0,1,PC-2668,100.0,0,0,100.0,0,345,2010-01-04 07:19:13,2011-05-13 17:12:08,0.12840474458892687,Normal
DTAA/BZH0120,8.730048309178745,0.0978474607049961,18.782512077294687,0.0750331662177165,10.052004025764896,10.31638888888889,9.756944444444445,0.1259853463155866,345,345,1.0,1,PC-0839,100.0,0,0,0.0,0,345,2010-01-04 08:52:50,2011-05-13 18:53:40,0.12848944979186733,Normal
DTAA/KYH0920,8.244106280193238,0.0959064347540892,16.29193236714976,0.0722144331354121,8.04751046698873,8.323888888888888,7.776111111111111,0.1150736129363068,345,345,1.0,1,PC-1459,100.0,0,0,0.0,0,345,2010-01-04 08:05:23,2011-05-13 16:21:02,0.12852419206932714,Normal
DTAA/AKM0969,7.991932367149757,0.0977713638983674,16.031545893719805,0.074345941569292,8.040236714975846,8.318333333333333,7.765,0.120947773798778,345,345,1.0,1,PC-0691,100.0,0,0,50.43478260869565,0,345,2010-01-04 07:59:39,2011-05-13 16:05:23,0.1285364617915487,Normal
DTAA/ZRR0705,9.25328502415459,0.09633378388622,18.28270531400966,0.0698750161494501,9.029675523349436,9.311388888888889,8.758333333333333,0.1175890160670262,345,345,1.0,1,PC-3176,100.0,0,0,0.0,0,345,2010-01-04 09:24:32,2011-05-13 18:22:18,0.1285585360389619,Normal
DTAA/JSH0598,7.490096618357487,0.0933651160836955,16.5387922705314,0.0702523391393617,9.04872383252818,9.305,8.769444444444444,0.112827243996214,345,345,1.0,1,PC-0563,100.0,0,0,100.0,0,345,2010-01-04 07:35:06,2011-05-13 16:30:28,0.1287603299135966,Normal
DTAA/IHD0259,8.243623188405797,0.0936514152291883,16.284589371980676,0.0718437991469279,8.040830112721418,8.321666666666667,7.754166666666666,0.1154830543979386,345,345,1.0,1,PC-0820,100.0,0,0,0.0,0,345,2010-01-04 08:13:19,2011-05-13 16:14:19,0.12881629167698622,Normal
DTAA/MBD0602,8.99536231884058,0.0973207246520685,17.030531400966186,0.0705978145373049,8.035142512077295,8.299166666666666,7.790833333333333,0.121207320377915,345,345,1.0,1,PC-0120,100.0,0,0,0.0,0,345,2010-01-04 09:05:24,2011-05-13 16:55:54,0.1288756686320171,Normal
DTAA/SJB0751,7.490869565217391,0.0949017787051069,17.53599033816425,0.0690830953749487,10.045003220611916,10.306666666666668,9.773333333333332,0.1183073901894267,345,345,1.0,1,PC-4002,100.0,0,0,100.0,0,345,2010-01-04 07:37:04,2011-05-13 17:28:51,0.1289307132050227,Normal
DTAA/CAO0951,7.997101449275362,0.0967226399086114,16.032512077294683,0.0741236609857259,8.035366344605476,8.296944444444444,7.766388888888889,0.1254703851632372,345,345,1.0,1,PC-2846,100.0,0,0,50.72463768115942,0,345,2010-01-04 08:09:56,2011-05-13 15:55:11,0.12900966808990838,Normal
DTAA/CGR0202,8.98512077294686,0.0947040468803992,17.032028985507246,0.0719159567978661,8.046613526570047,8.303611111111111,7.779722222222222,0.1185116355260475,345,345,1.0,1,PC-2454,100.0,0,0,0.0,0,345,2010-01-04 08:57:27,2011-05-13 17:03:45,0.12945610616718206,Normal
DTAA/CSD0739,7.739130434782608,0.0976560769153617,17.781256038647342,0.0725016738853261,10.041998389694042,10.302222222222222,9.757222222222222,0.1122705754599535,345,345,1.0,1,PC-3393,100.0,0,0,100.0,0,345,2010-01-04 07:44:18,2011-05-13 17:51:47,0.1294675968191495,Normal
DTAA/JFA0081,7.24719806763285,0.0974159400248855,16.289082125603862,0.0740025927900819,9.042485507246376,9.3125,8.777222222222223,0.1230169767091419,345,345,1.0,1,PC-4328,100.0,0,0,100.0,0,345,2010-01-04 07:08:30,2011-05-13 16:16:42,0.12947071983562702,Normal
DTAA/LAH0397,8.985893719806763,0.0995421445543839,19.03574879227053,0.0723294663212098,10.049180354267312,10.309166666666666,9.756666666666666,0.1249242971329348,345,345,1.0,1,PC-2632,100.0,0,0,0.0,0,345,2010-01-04 09:09:43,2011-05-13 19:00:55,0.12952326149114957,Normal
DTAA/DDJ0535,7.246908212560386,0.0945551239232203,17.292125603864733,0.0707334476179144,10.044580515297907,10.331388888888888,9.767777777777775,0.1202632403506411,345,345,1.0,1,PC-3465,100.0,0,0,100.0,0,345,2010-01-04 07:20:10,2011-05-13 17:19:22,0.129525813412814,Normal
DTAA/APC0769,7.995845410628019,0.0937335787463249,16.04038647342995,0.0723264568050151,8.04442190016103,8.322222222222223,7.779166666666667,0.1149465679177327,345,345,1.0,1,PC-0530,100.0,0,0,47.82608695652174,0,345,2010-01-04 07:54:03,2011-05-13 16:01:34,0.12974085303300126,Normal
DTAA/DRO0516,8.236135265700483,0.0947433347495181,16.27816425120773,0.0714706536871171,8.042126409017714,8.31638888888889,7.785833333333334,0.1236361589769175,345,345,1.0,1,PC-2367,100.0,0,0,0.0,0,345,2010-01-04 08:21:00,2011-05-13 16:23:41,0.12976557259451343,Normal
DTAA/JMP0200,7.482270531400966,0.094471692904352,17.532850241545894,0.0700665873824009,10.050756038647345,10.329444444444444,9.805833333333334,0.1136123779083608,345,345,1.0,1,PC-1226,100.0,0,0,100.0,0,345,2010-01-04 07:33:38,2011-05-13 17:34:32,0.1298179198076968,Normal
DTAA/BNL0480,7.232753623188406,0.0947575386161583,17.27806763285024,0.0724511012971308,10.045384057971017,10.324444444444444,9.7625,0.1182508677494924,345,345,1.0,1,PC-4463,100.0,0,0,100.0,0,345,2010-01-04 07:23:55,2011-05-13 17:24:54,0.12982718361951173,Normal
DTAA/ECB0494,8.239082125603865,0.0948102348846343,16.281642512077294,0.0728672272890394,8.042854267310789,8.3275,7.7780555555555555,0.1230662100358955,345,345,1.0,1,PC-0926,100.0,0,0,0.0,0,345,2010-01-04 08:06:00,2011-05-13 16:24:01,0.13006329392751942,Normal
DTAA/TIW0195,8.249468599033817,0.0966436473333789,16.289468599033817,0.0734566070743133,8.039823671497583,8.322777777777778,7.759722222222222,0.1253429457731863,345,345,1.0,1,PC-0513,100.0,0,0,0.0,0,345,2010-01-04 08:22:16,2011-05-13 16:16:13,0.13016119271359655,Normal
DTAA/XXD0650,7.486473429951691,0.0960574293560199,17.52111111111111,0.0725452426478502,10.035148953301126,10.317222222222222,9.773888888888887,0.1119703792118251,345,345,1.0,1,PC-3137,100.0,0,0,100.0,0,345,2010-01-04 07:24:13,2011-05-13 17:27:56,0.13019680915447607,Normal
DTAA/TLB0831,7.992367149758454,0.0941765300611858,16.028067632850238,0.0731609270874403,8.036341384863123,8.325555555555555,7.782222222222222,0.1161598044585526,345,345,1.0,1,PC-3459,100.0,0,0,49.56521739130435,0,345,2010-01-04 08:01:13,2011-05-13 16:03:40,0.13025195482808294,Normal
DTAA/OZD0789,7.240096618357487,0.0961516805704182,16.278647342995168,0.0704115780478227,9.038284219001609,9.328888888888889,8.752777777777778,0.1168248111189855,345,345,1.0,1,PC-4695,100.0,0,0,100.0,0,345,2010-01-04 07:09:37,2011-05-13 16:13:53,0.13033021200483497,Normal
DTAA/PRB0157,8.491207729468599,0.0951164983611943,16.536763285024154,0.0739066975319666,8.044979871175524,8.307777777777778,7.763611111111111,0.1229678257347516,345,345,1.0,1,PC-3799,100.0,0,0,0.0,0,345,2010-01-04 08:29:06,2011-05-13 16:29:38,0.1303437141420835,Normal
DTAA/SSC0387,8.989710144927535,0.0950974257851773,19.03541062801932,0.0691730907852468,10.045615942028984,10.307777777777778,9.760833333333334,0.1195116697349515,345,345,1.0,1,PC-2858,100.0,0,0,0.0,0,345,2010-01-04 08:52:06,2011-05-13 19:05:59,0.1303510976990444,Normal
DTAA/MAH0712,8.991449275362319,0.0974156997599072,19.03072463768116,0.0699387642021168,10.039243961352655,10.321388888888889,9.757777777777775,0.1240473362854526,345,345,1.0,1,PC-2112,100.0,0,0,0.0,0,345,2010-01-04 08:54:08,2011-05-13 19:05:44,0.130383231045132,Normal
DTAA/LAM0952,8.98608695652174,0.0993827144987004,18.034927536231883,0.06760389815979,9.048718196457328,9.314444444444444,8.759166666666667,0.1200308674496808,345,345,1.0,1,PC-3449,100.0,0,0,0.0,0,345,2010-01-04 08:59:19,2011-05-13 18:00:22,0.13043223169040585,Normal
DTAA/JWW0076,8.494830917874395,0.0965147433407617,16.536280193236713,0.0710763869936861,8.041548309178744,8.32611111111111,7.795277777777778,0.1157083603808428,345,345,1.0,1,PC-2377,100.0,0,0,0.0,0,345,2010-01-04 08:30:35,2011-05-13 16:38:52,0.13055999485442388,Normal
DTAA/AAC0344,7.9943961352657,0.097468759908737,16.02777777777778,0.0739191424531993,8.03292190016103,8.320277777777777,7.762777777777778,0.12603473371243,345,345,1.0,1,PC-2282,100.0,0,0,48.11594202898551,0,345,2010-01-04 08:08:17,2011-05-13 16:00:35,0.13058174137032263,Normal
DTAA/RKC0190,7.493961352657005,0.0940223655328199,16.537632850241547,0.0711662297094478,9.04375845410628,9.3225,8.790277777777778,0.1115341087601711,345,345,1.0,1,PC-4117,100.0,0,0,100.0,0,345,2010-01-04 07:21:31,2011-05-13 16:35:24,0.13061369987760812,Normal
DTAA/NWG0682,7.24671497584541,0.0985054543303264,16.28666666666667,0.0718053462629208,9.039885668276971,9.306666666666668,8.758888888888889,0.1186191588762247,345,345,1.0,1,PC-2765,100.0,0,0,100.0,0,345,2010-01-04 07:20:53,2011-05-13 16:11:37,0.13066053245659626,Normal
DTAA/SHT0953,7.490531400966184,0.0994195414186433,17.533671497584542,0.0717471715842592,10.043480676328503,10.321666666666667,9.797777777777778,0.1265465303860871,345,345,1.0,1,PC-1822,100.0,0,0,100.0,0,345,2010-01-04 07:39:48,2011-05-13 17:38:37,0.13066616368851752,Normal
DTAA/ALW0250,7.743043478260869,0.0932123716614945,17.775072463768115,0.0736212825747395,10.03255314009662,10.313333333333333,9.764166666666666,0.1163196699387619,345,345,1.0,1,PC-3904,100.0,0,0,100.0,0,345,2010-01-04 07:46:48,2011-05-13 17:42:16,0.13073371962944258,Normal
DTAA/RDG0335,8.244202898550725,0.0960553582009833,16.291497584541062,0.0715519548680577,8.04710225442834,8.30888888888889,7.769722222222223,0.1176411127158282,345,345,1.0,1,PC-4919,100.0,0,0,0.0,0,345,2010-01-04 08:15:38,2011-05-13 16:23:58,0.13082501594043588,Normal
DTAA/CMU0028,7.987342995169082,0.097493754703156,16.036376811594202,0.0710495767390037,8.048301127214172,8.305555555555555,7.767777777777778,0.1247331933669155,345,345,1.0,1,PC-4253,100.0,0,0,53.333333333333336,0,345,2010-01-04 07:51:48,2011-05-13 16:09:48,0.13083558403857637,Normal
DTAA/DBG0686,7.485265700483093,0.088463057073357,16.535507246376813,0.0712971048491428,9.049882447665055,9.328055555555556,8.759166666666667,0.1197027042191587,345,345,1.0,1,PC-1575,100.0,0,0,100.0,0,345,2010-01-04 07:28:44,2011-05-13 16:33:57,0.1308455290246106,Normal
DTAA/MND0675,7.491062801932367,0.0937991778915684,17.539420289855073,0.0747302567882077,10.048475845410628,10.319166666666666,9.765277777777778,0.1187802050975399,345,345,1.0,1,PC-4228,100.0,0,0,100.0,0,345,2010-01-04 07:35:35,2011-05-13 17:36:32,0.1308766224278945,Normal
DTAA/AMM0661,7.740531400966183,0.0950088789343314,17.789420289855073,0.0729144939249688,10.04911272141707,10.321388888888889,9.762777777777778,0.1148913661535785,345,345,1.0,1,PC-1628,100.0,0,0,100.0,0,345,2010-01-04 07:45:12,2011-05-13 17:47:24,0.1308833814869253,Normal
DTAA/WJR0592,7.98584541062802,0.0985200660923265,16.036086956521743,0.0709021702035968,8.05043236714976,8.305,7.771111111111111,0.1237217908341147,345,345,1.0,1,PC-3947,100.0,0,0,51.59420289855072,0,345,2010-01-04 08:05:30,2011-05-13 16:07:35,0.13102398056175352,Normal
DTAA/RVM0826,7.738743961352657,0.0931939391121206,17.78425120772947,0.0739698504690552,10.045157004830918,10.329166666666667,9.803888888888888,0.11706305207347,345,345,1.0,1,PC-1914,100.0,0,0,100.0,0,345,2010-01-04 07:48:10,2011-05-13 17:54:21,0.1310725010690707,Normal
DTAA/CAM0975,8.74072463768116,0.0979487116707732,16.784057971014494,0.0711225730847947,8.043082125603865,8.322222222222223,7.773888888888889,0.124442243503536,345,345,1.0,1,PC-1922,100.0,0,0,0.0,0,345,2010-01-04 08:52:18,2011-05-13 16:43:37,0.13108637303502474,Normal
DTAA/EDR0642,7.993429951690822,0.0979208452258544,16.036521739130436,0.0718737650890625,8.043108695652174,8.324444444444444,7.765833333333333,0.1263009332176899,345,345,1.0,1,PC-2000,100.0,0,0,49.275362318840585,0,345,2010-01-04 08:05:35,2011-05-13 15:57:30,0.1311277832367671,Normal
DTAA/LND0767,7.483429951690821,0.0963731359634544,17.533091787439613,0.0745081175029313,10.049717391304348,10.320833333333333,9.774166666666666,0.1238940486793302,345,345,1.0,1,PC-1646,100.0,0,0,100.0,0,345,2010-01-04 07:32:09,2011-05-13 17:30:53,0.13125160612957293,Normal
DTAA/WCB0440,7.988792270531401,0.095014569490862,16.03144927536232,0.0719704178140751,8.042705314009662,8.316944444444445,7.765833333333333,0.1221694930098432,345,345,1.0,1,PC-3022,100.0,0,0,52.17391304347826,0,345,2010-01-04 08:06:12,2011-05-13 15:58:58,0.13129426389330406,Normal
DTAA/KCH0987,7.247632850241546,0.0966160343361867,17.287971014492754,0.070877704732864,10.041057165861512,10.331666666666669,9.765555555555556,0.1219329715997576,345,345,1.0,1,PC-0869,100.0,0,0,100.0,0,345,2010-01-04 07:16:18,2011-05-13 17:22:06,0.13141891192897592,Normal
DTAA/ARR0878,7.988019323671498,0.0980335049917244,16.03183574879227,0.0737416754638851,8.044529790660226,8.305555555555555,7.766666666666667,0.1228276618219977,345,345,1.0,1,PC-0266,100.0,0,0,49.85507246376812,0,345,2010-01-04 07:58:00,2011-05-13 15:55:42,0.13144381116103837,Normal
DTAA/RKD0255,7.731884057971015,0.0932534927418249,17.78734299516908,0.071115102387007,10.0550346215781,10.325,9.76722222222222,0.1237675312832222,345,345,1.0,1,PC-2236,100.0,0,0,100.0,0,345,2010-01-04 07:43:49,2011-05-13 17:48:32,0.1314563069218776,Normal
DTAA/AEW0730,8.238985507246378,0.0950627161877239,16.282222222222224,0.0727897104445246,8.043265700483092,8.325,7.777777777777778,0.1220085208440489,345,345,1.0,1,PC-4032,100.0,0,0,0.0,0,345,2010-01-04 08:15:15,2011-05-13 16:18:47,0.1315107025212967,Normal
DTAA/SGC0118,8.488454106280193,0.0934180466019568,16.530096618357486,0.0719670355346634,8.040926731078907,8.295277777777779,7.775,0.1179755495326693,345,345,1.0,1,PC-4739,100.0,0,0,0.0,0,345,2010-01-04 08:39:10,2011-05-13 16:31:23,0.1315722893553462,Normal
DTAA/CBH0762,7.99328502415459,0.0976012241287408,16.031062801932364,0.070370679570116,8.038383252818035,8.318333333333333,7.761388888888889,0.122487691841595,345,345,1.0,1,PC-4005,100.0,0,0,49.85507246376812,0,345,2010-01-04 07:59:52,2011-05-13 15:58:09,0.13157539433991455,Normal
DTAA/DNM0143,8.244830917874395,0.095243018815226,18.28599033816425,0.0692582043716542,10.04115458937198,10.314166666666669,9.791944444444445,0.1150917948332474,345,345,1.0,1,PC-4773,100.0,0,0,0.0,0,345,2010-01-04 08:15:47,2011-05-13 18:12:12,0.13161744514404072,Normal
DTAA/XGB0052,8.240531400966184,0.0999056777200353,18.281062801932368,0.0699679068956354,10.0407423510467,10.322777777777778,9.761111111111113,0.1280013596839816,345,345,1.0,1,PC-1700,100.0,0,0,0.0,0,345,2010-01-04 08:16:13,2011-05-13 18:23:23,0.13170220105186758,Normal
DTAA/WFH0909,7.488792270531401,0.0928743055564244,17.53521739130435,0.0727737597633924,10.04595652173913,10.313611111111111,9.787222222222224,0.1166703091245582,345,345,1.0,1,PC-1631,100.0,0,0,100.0,0,345,2010-01-04 07:26:42,2011-05-13 17:33:00,0.13170423833153477,Normal
DTAA/CNB0615,7.990772946859903,0.0948753856428726,16.03256038647343,0.071275172187746,8.0419500805153,8.306111111111111,7.762777777777778,0.1196429856232284,345,345,1.0,1,PC-1605,100.0,0,0,52.17391304347826,0,345,2010-01-04 07:59:55,2011-05-13 16:03:57,0.13180583928751832,Normal
DTAA/BCR0547,7.492753623188406,0.0935793347902545,16.53231884057971,0.0699166732447864,9.039643317230274,9.305555555555555,8.769166666666667,0.1155018546201916,345,345,1.0,1,PC-1588,100.0,0,0,100.0,0,345,2010-01-04 07:35:35,2011-05-13 16:38:23,0.13192601361293482,Normal
DTAA/IVS0463,8.48072463768116,0.0978678866869989,16.5319806763285,0.072413003227065,8.051855877616747,8.322777777777778,7.760277777777778,0.1247694228228949,345,345,1.0,1,PC-3330,100.0,0,0,0.0,0,345,2010-01-04 08:36:34,2011-05-13 16:36:45,0.13194418369981326,Normal
DTAA/LPB0141,8.742753623188406,0.0934930052409564,16.792657004830918,0.07038464757593,8.04994041867955,8.326944444444445,7.768611111111111,0.1191573416596143,345,345,1.0,1,PC-3489,100.0,0,0,0.0,0,345,2010-01-04 08:44:15,2011-05-13 16:51:54,0.13194688496328927,Normal
DTAA/ORW0580,8.980579710144928,0.0966642550516793,18.032753623188405,0.0683507174940912,9.052322061191628,9.332222222222224,8.759722222222223,0.1229253356771992,345,345,1.0,1,PC-2835,100.0,0,0,0.0,0,345,2010-01-04 09:03:06,2011-05-13 17:56:15,0.131986285558645,Normal
DTAA/MCM0090,7.984830917874397,0.0969671489829143,16.031545893719805,0.0724314246434971,8.047373590982287,8.325555555555555,7.782222222222222,0.1235899307856723,345,345,1.0,1,PC-1436,100.0,0,0,54.78260869565217,0,345,2010-01-04 07:50:16,2011-05-13 16:00:36,0.1322368243441176,Normal
DTAA/IWM0482,8.49830917874396,0.09570664559872,16.53792270531401,0.0737232004679234,8.040231884057972,8.322777777777778,7.775,0.1186174986315259,345,345,1.0,1,PC-0146,100.0,0,0,0.0,0,345,2010-01-04 08:26:41,2011-05-13 16:29:32,0.1322439804259426,Normal
DTAA/VJD0704,8.73840579710145,0.0967204620021715,16.784347826086957,0.0720440405696234,8.046184380032205,8.315277777777778,7.759444444444444,0.1233247752390613,345,345,1.0,1,PC-0639,100.0,0,0,0.0,0,345,2010-01-04 08:51:21,2011-05-13 16:49:53,0.13229311257243326,Normal
DTAA/IVF0777,7.981014492753623,0.0983525542044968,16.02647342995169,0.0730006638185524,8.045239130434783,8.307777777777778,7.756111111111111,0.1192086539423079,345,345,1.0,1,PC-0212,100.0,0,0,52.7536231884058,0,345,2010-01-04 08:06:09,2011-05-13 16:09:42,0.13235661789280156,Normal
DTAA/MJK0212,7.993719806763284,0.0996967887511983,16.032608695652176,0.0711793181872552,8.038842190016105,8.3325,7.765555555555555,0.1225743238494071,345,345,1.0,1,PC-2645,100.0,0,0,48.98550724637681,0,345,2010-01-04 08:08:47,2011-05-13 16:00:37,0.13239487040600384,Normal
DTAA/GNB0481,8.73512077294686,0.0962181853022772,17.786376811594202,0.0669657514244074,9.050955716586152,9.328333333333331,8.764444444444445,0.1169840902908712,345,345,1.0,1,PC-3826,100.0,0,0,0.0,0,345,2010-01-04 08:38:58,2011-05-13 17:43:10,0.13240020951851067,Normal
DTAA/BXY0648,8.742463768115941,0.0945010222623451,16.78169082125604,0.0728073614585778,8.039341384863123,8.308333333333334,7.772777777777778,0.1230678427974641,345,345,1.0,1,PC-4952,100.0,0,0,0.0,0,345,2010-01-04 08:44:38,2011-05-13 16:53:10,0.13243237161458377,Normal
DTAA/AAK0658,8.483140096618358,0.0959699633679917,16.53671497584541,0.0713122042568904,8.053400966183574,8.327222222222222,7.777222222222222,0.1233679629861032,345,345,1.0,1,PC-3233,100.0,0,0,0.0,0,345,2010-01-04 08:28:26,2011-05-13 16:28:03,0.1324600471224726,Normal
DTAA/PML0209,9.240676328502415,0.0961090232539172,18.28144927536232,0.0734035038241762,9.041961352657005,9.318888888888887,8.761944444444444,0.1160125354682065,345,345,1.0,1,PC-2793,100.0,0,0,0.0,0,345,2010-01-04 09:05:57,2011-05-13 18:22:18,0.13246570752742243,Normal
DTAA/NSD0763,8.743961352657006,0.0971647076575939,16.78458937198068,0.0732793614136848,8.041243156199679,8.308055555555555,7.770833333333333,0.1218865708014892,345,345,1.0,1,PC-2782,100.0,0,0,0.0,0,345,2010-01-04 08:49:19,2011-05-13 16:43:37,0.1326498669474318,Normal
DTAA/CBC0653,8.991400966183576,0.0997176339651697,19.031497584541064,0.0717638070516504,10.040335748792272,10.297777777777778,9.761666666666668,0.1230415785377372,345,345,1.0,1,PC-1048,100.0,0,0,0.0,0,345,2010-01-04 08:53:28,2011-05-13 18:58:06,0.13272636805038868,Normal
DTAA/WDW0198,8.483526570048308,0.1003222908142969,16.53792270531401,0.0710344874052647,8.053872785829308,8.315833333333334,7.756388888888889,0.1203833460471726,345,345,1.0,1,PC-2106,100.0,0,0,0.0,0,345,2010-01-04 08:26:48,2011-05-13 16:34:45,0.13272966852782997,Normal
DTAA/MTS0084,8.743333333333334,0.0942157894786225,18.789710144927536,0.0706849543271287,10.04659581320451,10.309166666666666,9.776666666666667,0.1130420292827942,345,345,1.0,1,PC-0238,100.0,0,0,0.0,0,345,2010-01-04 08:40:11,2011-05-13 18:46:15,0.13281474277834632,Normal
DTAA/MOA0526,8.240869565217391,0.1004972330694884,18.28864734299517,0.0737017674815399,10.04724959742351,10.314722222222224,9.765277777777778,0.1267528944935309,345,345,1.0,1,PC-2701,100.0,0,0,0.0,0,345,2010-01-04 08:08:49,2011-05-13 18:19:29,0.13283201141630235,Normal
DTAA/AEC0750,7.243091787439614,0.0970483623686156,16.286231884057973,0.0710613362901045,9.043973429951691,9.311944444444444,8.771944444444445,0.1208074044801777,345,345,1.0,1,PC-2926,100.0,0,0,100.0,0,345,2010-01-04 07:05:53,2011-05-13 16:14:10,0.13287103180500393,Normal
DTAA/HRK0729,7.745024154589372,0.1002107327202403,17.783574879227054,0.0715898245889969,10.03796457326892,10.31,9.765833333333331,0.1229674725913969,345,345,1.0,1,PC-2210,100.0,0,0,100.0,0,345,2010-01-04 07:51:58,2011-05-13 17:46:34,0.13287604018877142,Normal
DTAA/ABH0963,7.492705314009663,0.1015739750322382,16.530531400966183,0.0722261002476154,9.038345410628018,9.328055555555556,8.766388888888889,0.1172386946485408,345,345,1.0,1,PC-2613,100.0,0,0,100.0,0,345,2010-01-04 07:22:55,2011-05-13 16:29:51,0.1329667136972848,Normal
DTAA/XRP0435,8.982512077294686,0.0938953968078277,19.03951690821256,0.071711441219533,10.056652979066024,10.303333333333333,9.76388888888889,0.1186383454434696,345,345,1.0,1,PC-0431,100.0,0,0,0.0,0,345,2010-01-04 08:50:40,2011-05-13 18:56:57,0.1329814431376195,Normal
DTAA/PMG0890,8.743236714975845,0.0962775699876004,18.7812077294686,0.0749590133796572,10.038358293075683,10.319166666666666,9.76722222222222,0.1235414113136989,345,345,1.0,1,PC-3988,100.0,0,0,0.0,0,345,2010-01-04 08:40:20,2011-05-13 18:54:19,0.13305019515867084,Normal
DTAA/EJB0888,7.998019323671498,0.0970666658024595,16.02903381642512,0.0733784688646363,8.030692431561997,8.325,7.770555555555555,0.1185179501265487,345,345,1.0,1,PC-3077,100.0,0,0,46.95652173913044,0,345,2010-01-04 08:05:55,2011-05-13 16:02:11,0.13307830870014326,Normal
DTAA/NNS0898,7.991449275362319,0.0951173596130805,16.037729468599032,0.072776011079462,8.04666425120773,8.323055555555555,7.775833333333333,0.1195657931877797,345,345,1.0,1,PC-4765,100.0,0,0,50.72463768115942,0,345,2010-01-04 08:08:32,2011-05-13 16:01:43,0.13313164494660806,Normal
DTAA/SMW0913,8.492608695652173,0.0979569553683881,16.533913043478265,0.0712996654086358,8.040866344605474,8.319166666666666,7.758888888888888,0.1209501111280773,345,345,1.0,1,PC-3438,100.0,0,0,0.0,0,345,2010-01-04 08:35:15,2011-05-13 16:37:06,0.13315067087710147,Normal
DTAA/RRF0245,8.99806763285024,0.0934609554459092,19.02521739130435,0.0722481329856979,10.02742270531401,10.324444444444444,9.756666666666666,0.1220522526224243,345,345,1.0,1,PC-0019,100.0,0,0,0.0,0,345,2010-01-04 08:58:20,2011-05-13 19:08:04,0.1333210271137638,Normal
DTAA/LAW0437,7.495217391304347,0.0904454920665732,16.53072463768116,0.0716496950456511,9.035528985507243,9.30638888888889,8.775,0.1186936243655704,345,345,1.0,1,PC-4474,100.0,0,0,100.0,0,345,2010-01-04 07:33:06,2011-05-13 16:35:20,0.13332513850389022,Normal
DTAA/CAH0610,8.993913043478262,0.0950230431079323,19.03458937198068,0.0714380286750718,10.041156199677935,10.308055555555557,9.770277777777778,0.118114378594739,345,345,1.0,1,PC-4467,100.0,0,0,0.0,0,345,2010-01-04 09:04:09,2011-05-13 19:03:02,0.13345113520239965,Normal
DTAA/AJC0203,8.745314009661836,0.0983624297390348,18.78159420289855,0.0688255309682818,10.036280998389694,10.32638888888889,9.760555555555555,0.1204243240638393,345,345,1.0,1,PC-1144,100.0,0,0,0.0,0,345,2010-01-04 08:37:30,2011-05-13 18:51:00,0.13364542830153292,Normal
DTAA/CKW0622,7.490966183574879,0.0933411220609405,16.542173913043477,0.0713808662336232,9.051404991948472,9.320833333333333,8.7875,0.1148656736427213,345,345,1.0,1,PC-4507,100.0,0,0,100.0,0,345,2010-01-04 07:37:27,2011-05-13 16:34:31,0.13378463266975554,Normal
DTAA/MDC0595,7.996908212560386,0.098773680378873,16.030676328502416,0.0725717583712556,8.0340346215781,8.305,7.773611111111111,0.1219909575395617,345,345,1.0,1,PC-3750,100.0,0,0,49.275362318840585,0,345,2010-01-04 08:06:04,2011-05-13 15:55:01,0.13384278308167374,Normal
DTAA/YCB0967,7.73768115942029,0.0980779503765908,17.780193236714975,0.0717690904519896,10.042625603864735,10.331944444444444,9.758888888888889,0.1255747905263425,345,345,1.0,1,PC-0799,100.0,0,0,100.0,0,345,2010-01-04 07:39:52,2011-05-13 17:52:30,0.1338651577745868,Normal
DTAA/MZB0206,7.993236714975845,0.0955957976546508,16.027536231884056,0.0724605661577711,8.034417874396135,8.30861111111111,7.763888888888889,0.1241966124341324,345,345,1.0,1,PC-3615,100.0,0,0,47.82608695652174,0,345,2010-01-04 08:04:47,2011-05-13 16:09:30,0.1338671992938309,Normal
DTAA/SBK0108,8.744057971014492,0.0943543091102894,16.780917874396135,0.0704976864254019,8.036723027375201,8.326666666666666,7.767777777777778,0.1203034262941755,345,345,1.0,1,PC-4158,100.0,0,0,0.0,0,345,2010-01-04 08:37:45,2011-05-13 16:41:35,0.13387176525162892,Normal
DTAA/WGL0515,7.4976811594202895,0.0980235963191738,17.529516908212557,0.0738220925226194,10.031724637681158,10.324444444444444,9.762222222222222,0.1238294106547996,345,345,1.0,1,PC-0417,100.0,0,0,100.0,0,345,2010-01-04 07:33:41,2011-05-13 17:29:25,0.13391927275350363,Normal
DTAA/PVH0124,7.489275362318841,0.0928097675912483,16.532898550724635,0.0708405446476898,9.043725442834138,9.309722222222222,8.788333333333334,0.1151067303301121,345,345,1.0,1,PC-4738,100.0,0,0,100.0,0,345,2010-01-04 07:32:04,2011-05-13 16:36:05,0.13415598438024479,Normal
DTAA/ROC0257,7.742995169082125,0.0972326137576521,16.780966183574876,0.074795374277637,9.038269726247988,9.285277777777775,8.7575,0.1229242166455126,345,345,1.0,1,PC-4759,100.0,0,0,100.0,0,345,2010-01-04 07:53:36,2011-05-13 16:46:08,0.13427471691190662,Normal
DTAA/AIC0321,7.996763285024154,0.0957342275121214,16.03526570048309,0.0718849339772522,8.03807890499195,8.299722222222222,7.768055555555556,0.1176270557603967,345,345,1.0,1,PC-4887,100.0,0,0,47.2463768115942,0,345,2010-01-04 08:02:10,2011-05-13 16:00:19,0.1342970607815515,Normal
DTAA/UBB0186,7.750241545893719,0.0928088092677985,17.784927536231883,0.0726029712833029,10.035294685990335,10.313333333333333,9.775277777777776,0.1206789958178852,345,345,1.0,1,PC-1740,100.0,0,0,100.0,0,345,2010-01-04 07:53:56,2011-05-13 17:54:03,0.13433294169146565,Normal
DTAA/JJB0720,7.492995169082125,0.0993765203961768,17.53,0.0702822842770788,10.0379653784219,10.319166666666666,9.765277777777778,0.1189603830582,345,345,1.0,1,PC-0305,100.0,0,0,100.0,0,345,2010-01-04 07:37:22,2011-05-13 17:34:31,0.13438046818765215,Normal
DTAA/SCK0576,7.996714975845411,0.0964594356402654,16.030531400966183,0.0726941470432315,8.034213365539454,8.314444444444444,7.771111111111111,0.1179620851372594,345,345,1.0,1,PC-4950,100.0,0,0,47.2463768115942,0,345,2010-01-04 07:58:46,2011-05-13 16:05:15,0.13448621447704,Normal
DTAA/SDL0679,8.995507246376812,0.096840971704628,19.026666666666667,0.0703144469296915,10.031074879227052,10.302777777777775,9.768611111111111,0.1204449667166085,345,345,1.0,1,PC-2131,100.0,0,0,0.0,0,345,2010-01-04 09:05:07,2011-05-13 18:55:16,0.13452524390780085,Normal
DTAA/AAR0508,7.746666666666668,0.0971875168768731,17.777632850241545,0.0713905385554975,10.030445249597424,10.313333333333333,9.757222222222222,0.123129548019391,345,345,1.0,1,PC-1469,100.0,0,0,100.0,0,345,2010-01-04 07:52:40,2011-05-13 17:49:58,0.13510781556031626,Normal
DTAA/IAC0264,7.738454106280193,0.095790906871133,17.782898550724635,0.0712043703191358,10.044074074074077,10.320277777777775,9.766111111111112,0.1228764046187852,345,345,1.0,1,PC-0445,100.0,0,0,100.0,0,345,2010-01-04 07:36:27,2011-05-13 17:53:31,0.13514603579240342,Normal
DTAA/SKB0263,8.73048309178744,0.099282430903057,17.78584541062802,0.0682477385005046,9.056195652173912,9.315833333333334,8.762222222222222,0.1197241960156934,345,345,1.0,1,PC-2809,100.0,0,0,0.0,0,345,2010-01-04 08:39:53,2011-05-13 17:50:26,0.135173161091036,Normal
DTAA/EML0060,8.74231884057971,0.1004018160201823,18.77942028985507,0.0705047245877339,10.037133655394523,10.295555555555556,9.7625,0.1246279066796549,345,345,1.0,1,PC-0777,100.0,0,0,0.0,0,345,2010-01-04 08:38:18,2011-05-13 18:46:07,0.13526053386551368,Normal
DTAA/DRD0916,7.989565217391303,0.0928515963335685,17.031739130434786,0.068293164350799,9.041850241545893,9.31,8.760555555555555,0.1171060284282222,345,345,1.0,1,PC-1703,100.0,0,0,52.17391304347826,0,345,2010-01-04 08:04:30,2011-05-13 17:08:43,0.13531920725438146,Normal
DTAA/BRB0908,8.742995169082127,0.0967163480450868,18.78434782608696,0.0691618900653496,10.041193236714976,10.324166666666668,9.76,0.1192580156825582,345,345,1.0,1,PC-4252,100.0,0,0,0.0,0,345,2010-01-04 08:37:37,2011-05-13 18:40:37,0.13561882175990314,Normal
DTAA/AOC0511,7.999227053140096,0.0929667234503876,17.037391304347825,0.0681375280428002,9.037615136876004,9.310277777777776,8.758888888888889,0.1164497584932058,345,345,1.0,1,PC-0354,100.0,0,0,46.66666666666666,0,345,2010-01-04 08:07:06,2011-05-13 17:05:20,0.13568437100573338,Normal
DTAA/NJW0094,8.739082125603865,0.0975306949264333,18.781497584541064,0.0700671886663873,10.041964573268922,10.311388888888889,9.77361111111111,0.1246164363401854,345,345,1.0,1,PC-0791,100.0,0,0,0.0,0,345,2010-01-04 08:42:45,2011-05-13 18:53:53,0.1358549810990164,Normal
DTAA/LBC0422,7.741835748792271,0.0931877606299706,16.780628019323675,0.069842651138553,9.038181964573267,9.30888888888889,8.7675,0.1176274418999762,345,345,1.0,1,PC-1535,100.0,0,0,100.0,0,345,2010-01-04 07:43:27,2011-05-13 16:47:18,0.13588337930706124,Normal
DTAA/GMS0949,7.739420289855073,0.0940492966181043,17.787004830917873,0.0730874686753451,10.047218196457326,10.321111111111112,9.766944444444444,0.120993599839678,345,345,1.0,1,PC-0240,100.0,0,0,100.0,0,345,2010-01-04 07:43:01,2011-05-13 17:44:59,0.13600346427237953,Normal
DTAA/SVC0175,7.485362318840579,0.0979064070021724,17.531835748792272,0.0702191480799109,10.046326086956524,10.313611111111111,9.756666666666666,0.1217533900303066,345,345,1.0,1,PC-3384,100.0,0,0,100.0,0,345,2010-01-04 07:29:01,2011-05-13 17:39:43,0.136032871999485,Normal
DTAA/WAB0970,8.741545893719806,0.0996369049412626,17.785797101449276,0.0739016302970794,9.044588566827697,9.3225,8.761388888888888,0.1292058251466781,345,345,1.0,1,PC-4718,100.0,0,0,0.0,0,345,2010-01-04 08:40:53,2011-05-13 17:47:33,0.13616784509326058,Normal
DTAA/SLG0008,7.989082125603866,0.0980756116479517,18.032608695652176,0.075077198781514,10.042921095008053,10.307222222222222,9.756666666666666,0.1253982710639192,345,345,1.0,1,PC-1682,100.0,0,0,49.85507246376812,0,345,2010-01-04 07:56:48,2011-05-13 17:55:36,0.13624449023352342,Normal
DTAA/GKJ0573,7.989468599033817,0.1020867910953799,17.034975845410628,0.0751970348690865,9.045243156199678,9.30888888888889,8.77361111111111,0.1273127153891988,345,345,1.0,1,PC-3174,100.0,0,0,52.7536231884058,0,345,2010-01-04 08:04:00,2011-05-13 17:03:10,0.1364231719457848,Normal
DTAA/TRP0068,7.74695652173913,0.0929764410062128,16.789565217391303,0.0736680018545873,9.04226006441224,9.29888888888889,8.758055555555556,0.1174352782683525,345,345,1.0,1,PC-0666,100.0,0,0,100.0,0,345,2010-01-04 07:50:53,2011-05-13 16:43:06,0.13658270173061426,Normal
DTAA/IMD0280,8.741739130434782,0.0962484415385291,18.779661835748797,0.0718955802521859,10.038281803542674,10.325277777777778,9.778611111111111,0.1160692994950953,345,345,1.0,1,PC-4679,100.0,0,0,0.0,0,345,2010-01-04 08:42:41,2011-05-13 18:54:56,0.13668630311171898,Normal
DTAA/OHA0451,7.500579710144927,0.0950638241366107,16.526666666666667,0.0735365401621401,9.025614331723029,9.316666666666666,8.768888888888888,0.121767190857739,345,345,1.0,1,PC-1381,100.0,0,0,100.0,0,345,2010-01-04 07:26:19,2011-05-13 16:30:51,0.13676952805893894,Normal
DTAA/MSP0078,8.49584541062802,0.0938368990832217,18.536908212560387,0.0723706161743737,10.041666666666666,10.316944444444443,9.786111111111111,0.1155788424098678,345,345,1.0,1,PC-1731,100.0,0,0,0.0,0,345,2010-01-04 08:33:43,2011-05-13 18:25:07,0.13695898427513192,Normal
DTAA/CLS0819,8.989565217391304,0.0973268572024516,18.03091787439613,0.070118679520445,9.041463768115944,9.309166666666666,8.772777777777778,0.1160816782307142,345,345,1.0,1,PC-1673,100.0,0,0,0.0,0,345,2010-01-04 09:09:31,2011-05-13 18:08:10,0.13697944486671126,Normal
DTAA/MED0748,7.744879227053141,0.0959677683802028,17.78391304347826,0.0706283091235895,10.039183574879226,10.323888888888888,9.775833333333331,0.1203493881508448,345,345,1.0,1,PC-1212,100.0,0,0,100.0,0,345,2010-01-04 07:50:05,2011-05-13 17:52:13,0.13702233691354782,Normal
DTAA/IMD0776,7.989323671497584,0.0956306074678611,17.04328502415459,0.0692743225731303,9.054100644122384,9.311666666666667,8.768333333333333,0.1119573881483329,345,345,1.0,1,PC-0544,100.0,0,0,54.20289855072464,0,345,2010-01-04 08:05:33,2011-05-13 17:08:46,0.13728920974622638,Normal
DTAA/SKP0270,7.7443961352657,0.0954766580535914,17.782946859903383,0.0722236697546638,10.038825281803543,10.30888888888889,9.760833333333334,0.1184165620600704,345,345,1.0,1,PC-0101,100.0,0,0,100.0,0,345,2010-01-04 07:47:30,2011-05-13 17:43:59,0.1372989172806207,Normal
DTAA/AGB0091,7.492946859903383,0.0937148491068251,16.526618357487923,0.0719053460904674,9.033631239935588,9.31611111111111,8.766666666666667,0.1175775235746198,345,345,1.0,1,PC-1512,100.0,0,0,100.0,0,345,2010-01-04 07:26:58,2011-05-13 16:37:51,0.13742934258719625,Normal
DTAA/DME0620,8.735507246376812,0.0971124213450984,18.790289855072466,0.0734326739283652,10.055066827697264,10.330555555555556,9.765,0.1186402539174657,345,345,1.0,1,PC-3739,100.0,0,0,0.0,0,345,2010-01-04 08:52:49,2011-05-13 18:52:06,0.13747152875894664,Normal
DTAA/CPM0959,7.49024154589372,0.0971398450498624,17.531835748792272,0.070677636068792,10.042090177133655,10.319722222222222,9.754722222222222,0.1192669720323814,345,345,1.0,1,PC-1093,100.0,0,0,100.0,0,345,2010-01-04 07:34:44,2011-05-13 17:26:27,0.13756737588247647,Normal
DTAA/RLS0935,7.743623188405798,0.0948849077249102,17.78425120772947,0.0726702848691416,10.04081964573269,10.303611111111111,9.765,0.1183687328034186,345,345,1.0,1,PC-0300,100.0,0,0,100.0,0,345,2010-01-04 07:51:02,2011-05-13 17:51:47,0.13756885432876126,Normal
DTAA/AAH0734,8.493864734299516,0.0998636395685787,17.535314009661835,0.0752264429131506,9.041643317230273,9.3125,8.757777777777777,0.1279457003154161,345,345,1.0,1,PC-0280,100.0,0,0,0.0,0,345,2010-01-04 08:23:44,2011-05-13 17:34:41,0.13758285943785498,Normal
DTAA/CAV0757,7.75,0.0955062669588952,17.78473429951691,0.072361883492114,10.034268921095007,10.31638888888889,9.769166666666669,0.1181197540231154,345,345,1.0,1,PC-4872,100.0,0,0,100.0,0,345,2010-01-04 07:54:33,2011-05-13 17:50:54,0.13773911027121727,Normal
DTAA/JGS0274,7.492222222222222,0.0977040478418658,17.535410628019324,0.0706515027089817,10.04370692431562,10.310555555555556,9.7725,0.1213945929055232,345,345,1.0,1,PC-4606,100.0,0,0,100.0,0,345,2010-01-04 07:29:27,2011-05-13 17:33:50,0.1378348856609154,Normal
DTAA/DKR0696,8.988937198067633,0.0981539764135697,18.02599033816425,0.0725539532607819,9.03660305958132,9.297222222222222,8.763333333333334,0.1156702994289501,345,345,1.0,1,PC-1434,100.0,0,0,0.0,0,345,2010-01-04 08:55:47,2011-05-13 17:55:09,0.1378791096328988,Normal
DTAA/GYB0248,7.986811594202898,0.0983429156785078,18.03473429951691,0.0741149453771823,10.047376811594203,10.322777777777778,9.779166666666669,0.1256626038837918,345,345,1.0,1,PC-0436,100.0,0,0,51.59420289855072,0,345,2010-01-04 07:58:57,2011-05-13 17:59:45,0.13795039803038017,Normal
DTAA/GHS0664,8.73768115942029,0.0940172621936158,18.786666666666665,0.0702018131791721,10.049064412238325,10.29861111111111,9.769444444444444,0.1180825932798774,345,345,1.0,1,PC-1401,100.0,0,0,0.0,0,345,2010-01-04 08:41:18,2011-05-13 18:42:18,0.13809422825500195,Normal
DTAA/DST0857,7.996714975845411,0.0963086338632038,18.03333333333333,0.0750215300707748,10.036221417069244,10.303611111111111,9.75361111111111,0.123499990516674,345,345,1.0,1,PC-0925,100.0,0,0,48.40579710144928,0,345,2010-01-04 08:02:25,2011-05-13 17:55:28,0.13813609218399447,Normal
DTAA/SJC0735,7.734975845410628,0.0968856500995968,17.782946859903383,0.0737504351843771,10.048417069243158,10.30638888888889,9.76361111111111,0.121224542919859,345,345,1.0,1,PC-3261,100.0,0,0,100.0,0,345,2010-01-04 07:50:45,2011-05-13 17:52:25,0.13814331871759805,Normal
DTAA/ACL0865,7.745024154589372,0.0974408042463341,17.781062801932368,0.0729732454990443,10.03575684380032,10.310277777777776,9.758055555555556,0.1209744517002233,345,345,1.0,1,PC-0124,100.0,0,0,100.0,0,345,2010-01-04 07:39:19,2011-05-13 17:46:40,0.1381472557316139,Normal
DTAA/FIM0668,7.490048309178744,0.0973775862314623,16.52705314009662,0.0726983969729948,9.03739533011272,9.297222222222222,8.780277777777778,0.1175649452070503,345,345,1.0,1,PC-3866,100.0,0,0,100.0,0,345,2010-01-04 07:23:40,2011-05-13 16:27:32,0.13818534121015985,Normal
DTAA/OES0636,8.747004830917874,0.0946691930542629,18.775410628019323,0.0703904335091842,10.02921417069243,10.287777777777778,9.7625,0.1200335482653634,345,345,1.0,1,PC-3802,100.0,0,0,0.0,0,345,2010-01-04 08:37:27,2011-05-13 18:48:24,0.13822487072041495,Normal
DTAA/NZD0771,8.24550724637681,0.0950737950955722,18.27903381642512,0.0740685080109279,10.033762479871177,10.296666666666669,9.766388888888889,0.1220814753983944,345,345,1.0,1,PC-3712,100.0,0,0,0.0,0,345,2010-01-04 08:07:33,2011-05-13 18:13:58,0.13822688826102464,Normal
DTAA/ABG0179,8.993188405797103,0.0998277502007579,18.023961352657004,0.0702691286414272,9.031185990338164,9.320833333333333,8.764444444444445,0.1236442936713788,345,345,1.0,1,PC-4171,100.0,0,0,0.0,0,345,2010-01-04 08:53:53,2011-05-13 18:05:31,0.13824812620090737,Normal
DTAA/ACR0400,8.244734299516908,0.0979050682510597,18.286811594202906,0.0702465085125724,10.042209339774557,10.323055555555555,9.772777777777778,0.123375929680337,345,345,1.0,1,PC-3584,100.0,0,0,0.0,0,345,2010-01-04 08:14:15,2011-05-13 18:10:18,0.13830737660252396,Normal
DTAA/BMR0596,8.736425120772946,0.0974154354677466,18.77768115942029,0.072744518489217,10.040971014492754,10.294444444444444,9.767777777777775,0.1229456091593981,345,345,1.0,1,PC-2467,100.0,0,0,0.0,0,345,2010-01-04 08:42:22,2011-05-13 18:41:09,0.13836734311927557,Normal
DTAA/AMH0101,7.992222222222222,0.0907275122632682,18.03391304347826,0.0733319162163531,10.04233574879227,10.3225,9.778888888888888,0.1204468981251847,345,345,1.0,1,PC-2735,100.0,0,0,49.85507246376812,0,345,2010-01-04 08:04:04,2011-05-13 18:03:34,0.1384772700743619,Normal
DTAA/LBD0946,7.481497584541063,0.0992372985251372,16.532657004830916,0.0714910858679173,9.050813204508856,9.308333333333334,8.757222222222222,0.1201584306861407,345,345,1.0,1,PC-3295,100.0,0,0,100.0,0,345,2010-01-04 07:35:09,2011-05-13 16:34:27,0.1386102922786419,Normal
DTAA/DXM0213,7.487826086956521,0.0962974539668096,16.53661835748792,0.0718581648155131,9.048798711755234,9.31,8.762777777777778,0.1234828923392232,345,345,1.0,1,PC-3815,100.0,0,0,100.0,0,345,2010-01-04 07:21:59,2011-05-13 16:26:00,0.138632140390835,Normal
DTAA/CCH0497,8.006811594202897,0.0927585338479312,18.031497584541064,0.0718874735988659,10.0248268921095,10.332222222222224,9.770277777777778,0.1221097242335328,345,345,1.0,1,PC-0160,100.0,0,0,42.60869565217392,0,345,2010-01-04 08:05:42,2011-05-13 18:00:34,0.13883454279381297,Normal
DTAA/AAK0924,8.233623188405797,0.0967073209259933,18.281014492753624,0.0741844207210757,10.047291465378423,10.314722222222224,9.759166666666667,0.1206155728881818,345,345,1.0,1,PC-4772,100.0,0,0,0.0,0,345,2010-01-04 08:21:56,2011-05-13 18:22:37,0.13885610731457804,Normal
DTAA/DCM0725,8.750917874396135,0.0900758438287619,17.785217391304347,0.0743652690220034,9.034252818035426,9.303611111111111,8.761111111111111,0.1195819319951054,345,345,1.0,1,PC-2771,100.0,0,0,0.0,0,345,2010-01-04 08:47:18,2011-05-13 17:41:00,0.1390307749024131,Normal
DTAA/JLL0930,8.98657004830918,0.0958101101192539,18.03033816425121,0.0724750356367477,9.043673107890498,9.303888888888888,8.795833333333333,0.1174037445827582,345,345,1.0,1,PC-0035,100.0,0,0,0.0,0,345,2010-01-04 08:55:41,2011-05-13 18:08:24,0.13904741364550255,Normal
DTAA/THB0783,8.995072463768116,0.094767171331435,18.028937198067634,0.0735266408187194,9.03370692431562,9.324444444444444,8.762222222222222,0.1178731281201788,345,345,1.0,1,PC-0906,100.0,0,0,0.0,0,345,2010-01-04 08:51:16,2011-05-13 18:08:23,0.13915585495218602,Normal
DTAA/AGF0088,7.98584541062802,0.1014755571266018,18.036183574879228,0.0730081659849811,10.050393719806763,10.305833333333334,9.777222222222225,0.123557841256392,345,345,1.0,1,PC-3721,100.0,0,0,54.78260869565217,0,345,2010-01-04 07:52:44,2011-05-13 17:59:21,0.13921686443577935,Normal
DTAA/BCH0912,8.74777777777778,0.0949460384393768,18.784782608695654,0.0726782720020989,10.036726247987117,10.328333333333331,9.776666666666667,0.1191652023721648,345,345,1.0,1,PC-2485,100.0,0,0,0.0,0,345,2010-01-04 08:52:18,2011-05-13 18:54:10,0.13926773077800353,Normal
DTAA/IJG0454,8.741111111111111,0.0947587489341714,18.78405797101449,0.0723495265632972,10.043159420289856,10.314166666666669,9.778333333333334,0.1183308224616559,345,345,1.0,1,PC-2407,100.0,0,0,0.0,0,345,2010-01-04 08:39:53,2011-05-13 18:45:38,0.1392840625766063,Normal
DTAA/FJC0138,7.737101449275363,0.0938016232433495,16.780966183574883,0.0738173365553276,9.043719001610306,9.30888888888889,8.761944444444444,0.1216213150124826,345,345,1.0,1,PC-4335,100.0,0,0,100.0,0,345,2010-01-04 07:47:59,2011-05-13 16:40:30,0.13947506844051683,Normal
DTAA/KNH0719,7.994734299516908,0.0944886376642323,17.032367149758453,0.0768654766569745,9.038031400966185,9.31638888888889,8.775277777777777,0.1164279671273881,345,345,1.0,1,PC-1374,100.0,0,0,48.40579710144928,0,345,2010-01-04 08:00:26,2011-05-13 17:04:18,0.13948609309274307,Normal
DTAA/BDI0634,8.742753623188406,0.0982764198090479,18.781497584541064,0.0721229754593486,10.038563607085344,10.3175,9.758888888888889,0.1215266287414717,345,345,1.0,1,PC-4076,100.0,0,0,0.0,0,345,2010-01-04 08:52:55,2011-05-13 18:46:56,0.1395103180652118,Normal
DTAA/KUC0848,8.986183574879226,0.0931214291622741,18.03526570048309,0.0710601834789803,9.048607890499197,9.296111111111111,8.754166666666666,0.1178060270973506,345,345,1.0,1,PC-1155,100.0,0,0,0.0,0,345,2010-01-04 09:06:24,2011-05-13 17:56:29,0.13956293655811253,Normal
DTAA/BVM0716,8.238502415458937,0.0961039089486376,18.279565217391305,0.0731819107997796,10.04048228663446,10.327777777777778,9.758333333333333,0.123317579835184,345,345,1.0,1,PC-2840,100.0,0,0,0.0,0,345,2010-01-04 08:15:48,2011-05-13 18:22:30,0.13979996141304812,Normal
DTAA/WWC0894,8.990144927536232,0.0960011755395577,18.031739130434783,0.0740019918538496,9.041471819645734,9.314166666666669,8.769722222222223,0.1231272505311283,345,345,1.0,1,PC-3980,100.0,0,0,0.0,0,345,2010-01-04 09:08:20,2011-05-13 17:58:29,0.1398374643971752,Normal
DTAA/QAM0113,7.485024154589371,0.0961023746039807,16.531739130434786,0.073134881000854,9.04644041867955,9.310277777777776,8.778333333333334,0.1203809361819748,345,345,1.0,1,PC-0094,100.0,0,0,100.0,0,345,2010-01-04 07:36:42,2011-05-13 16:26:00,0.13984818601933896,Normal
DTAA/YLO0362,8.490579710144928,0.0966525593183334,18.535942028985502,0.0739894659666941,10.045012882447663,10.315277777777778,9.78,0.1206850601107418,345,345,1.0,1,PC-2343,100.0,0,0,0.0,0,345,2010-01-04 08:29:16,2011-05-13 18:36:41,0.13991164672298995,Normal
DTAA/CDS0300,7.998309178743961,0.0965801256371606,17.037487922705314,0.077938568610797,9.039426731078905,9.303611111111111,8.775277777777777,0.123720776881112,345,345,1.0,1,PC-2678,100.0,0,0,47.53623188405797,0,345,2010-01-04 08:05:53,2011-05-13 16:59:47,0.13991546642058977,Normal
DTAA/ZCH0336,7.746473429951691,0.0993419629367159,16.783091787439613,0.0717475630513315,9.03614734299517,9.313055555555556,8.773333333333333,0.1237356864447664,345,345,1.0,1,PC-2554,100.0,0,0,100.0,0,345,2010-01-04 07:46:14,2011-05-13 16:45:17,0.14000157498470434,Normal
DTAA/LAH0710,7.987053140096619,0.1006030528120528,18.035314009661835,0.0716416912506385,10.047816425120772,10.309166666666666,9.792222222222222,0.1229252771857988,345,345,1.0,1,PC-3109,100.0,0,0,53.04347826086957,0,345,2010-01-04 08:07:50,2011-05-13 18:07:53,0.14003774352466147,Normal
DTAA/PAC0722,8.23942028985507,0.0941436936403141,18.283478260869565,0.0719276723247889,10.043549919484702,10.321388888888889,9.765277777777778,0.119484038170926,345,345,1.0,1,PC-4075,100.0,0,0,0.0,0,345,2010-01-04 08:19:14,2011-05-13 18:23:51,0.14004670575952177,Normal
DTAA/TXR0884,8.745797101449275,0.0976014879178097,18.784879227053143,0.0713191948563383,10.038450080515297,10.305,9.768888888888888,0.1194060579749006,345,345,1.0,1,PC-3310,100.0,0,0,0.0,0,345,2010-01-04 08:52:54,2011-05-13 18:49:48,0.1400732402965234,Normal
DTAA/JDM0940,8.489565217391304,0.0924594209536665,18.534685990338165,0.0716394369592321,10.044890499194846,10.309722222222222,9.766944444444444,0.1191688918537746,345,345,1.0,1,PC-0461,100.0,0,0,0.0,0,345,2010-01-04 08:35:35,2011-05-13 18:25:42,0.1400982890119858,Normal
DTAA/NET0306,7.995748792270532,0.0981151239009784,17.037487922705314,0.0684391452396283,9.041943639291466,9.313055555555556,8.761111111111111,0.1229052416961996,345,345,1.0,1,PC-2083,100.0,0,0,48.69565217391305,0,345,2010-01-04 07:59:29,2011-05-13 17:07:35,0.14011672096637667,Normal
DTAA/FCG0115,7.741159420289856,0.0952180723089718,16.791400966183577,0.0717207426170726,9.05037037037037,9.31,8.780555555555555,0.1166586632339485,345,345,1.0,1,PC-0472,100.0,0,0,100.0,0,345,2010-01-04 07:49:44,2011-05-13 16:48:52,0.1401197952017728,Normal
DTAA/EGG0294,7.983526570048309,0.0975555299000181,18.032946859903383,0.0734322276971222,10.049746376811596,10.298055555555557,9.754722222222222,0.1227223034022592,345,345,1.0,1,PC-4696,100.0,0,0,52.7536231884058,0,345,2010-01-04 08:03:11,2011-05-13 18:05:49,0.1401198873169488,Normal
DTAA/RCR0864,7.493671497584541,0.0968048079499539,16.533478260869565,0.0732404159021124,9.03973268921095,9.310277777777776,8.776111111111112,0.1216049925522119,345,345,1.0,1,PC-1583,100.0,0,0,100.0,0,345,2010-01-04 07:27:24,2011-05-13 16:34:22,0.14020559959543488,Normal
DTAA/PFF0657,8.241594202898552,0.0956002536263775,18.284106280193235,0.0727330632574088,10.04232608695652,10.3125,9.755,0.1178255861329848,345,345,1.0,1,PC-4923,100.0,0,0,0.0,0,345,2010-01-04 08:13:10,2011-05-13 18:10:08,0.14023411439542505,Normal
DTAA/PIG0194,7.9943961352657,0.0953835802179877,17.034057971014494,0.068473267490739,9.040131239935588,9.324444444444444,8.76,0.1184525737812927,345,345,1.0,1,PC-0932,100.0,0,0,50.72463768115942,0,345,2010-01-04 08:05:12,2011-05-13 17:02:02,0.14031160548109772,Normal
DTAA/BSM0334,8.498937198067633,0.0931287430158814,18.53256038647343,0.0718955802521859,10.0337922705314,10.307222222222222,9.755555555555556,0.1177318809776561,345,345,1.0,1,PC-2722,100.0,0,0,0.0,0,345,2010-01-04 08:33:27,2011-05-13 18:28:29,0.14035198520940673,Normal
DTAA/YSH0268,7.9956038647343,0.091008015579668,18.033043478260872,0.0726366197623634,10.037729468599034,10.310555555555556,9.777222222222225,0.1202491070021107,345,345,1.0,1,PC-2544,100.0,0,0,46.95652173913044,0,345,2010-01-04 08:02:10,2011-05-13 18:09:58,0.14051574782640303,Normal
DTAA/SER0835,8.480628019323671,0.0965611482408229,18.53415458937198,0.071641887272626,10.053221417069244,10.309444444444445,9.7875,0.1225507306657234,345,345,1.0,1,PC-1201,100.0,0,0,0.0,0,345,2010-01-04 08:37:48,2011-05-13 18:26:24,0.14053243580145136,Normal
DTAA/MFN0656,7.486038647342995,0.0959150736037783,16.531932367149757,0.072373041732446,9.046328502415458,9.324166666666668,8.781944444444445,0.1183802844082215,345,345,1.0,1,PC-1313,100.0,0,0,100.0,0,345,2010-01-04 07:20:41,2011-05-13 16:27:57,0.14053663026902652,Normal
DTAA/FGM0119,8.989323671497583,0.0934785341160531,18.03574879227053,0.0738649775092728,9.046403381642511,9.309444444444445,8.766944444444444,0.1219791866054063,345,345,1.0,1,PC-1150,100.0,0,0,0.0,0,345,2010-01-04 09:09:05,2011-05-13 17:55:46,0.1406788676046672,Normal
DTAA/HLA0457,7.493574879227052,0.0955980746331862,16.54,0.0718368270162473,9.046532206119164,9.327777777777778,8.778888888888888,0.1185900672886266,345,345,1.0,1,PC-4441,100.0,0,0,100.0,0,345,2010-01-04 07:20:50,2011-05-13 16:31:27,0.14073867088130765,Normal
DTAA/BQW0149,8.489323671497583,0.0936080186025088,18.52734299516908,0.0729557308651449,10.037832528180354,10.311666666666667,9.773055555555556,0.1211049960425313,345,345,1.0,1,PC-3620,100.0,0,0,0.0,0,345,2010-01-04 08:33:03,2011-05-13 18:35:21,0.14078673297922323,Normal
DTAA/RLE0844,7.748019323671498,0.095995933579257,16.788115942028984,0.0717344151133217,9.039979871175523,9.31861111111111,8.774722222222222,0.1238937438834362,345,345,1.0,1,PC-3714,100.0,0,0,100.0,0,345,2010-01-04 07:50:11,2011-05-13 16:40:47,0.14078862776699613,Normal
DTAA/UJC0849,8.246086956521738,0.0969078728867532,18.28415458937198,0.0717320005898655,10.03845652173913,10.304444444444444,9.771944444444443,0.1176600278262471,345,345,1.0,1,PC-2481,100.0,0,0,0.0,0,345,2010-01-04 08:19:36,2011-05-13 18:20:31,0.14084747849630952,Normal
DTAA/FNO0471,7.991014492753622,0.0969234499546246,18.040096618357488,0.0722983943197811,10.048661835748792,10.309166666666666,9.751388888888888,0.125163854614675,345,345,1.0,1,PC-4905,100.0,0,0,51.59420289855072,0,345,2010-01-04 08:00:03,2011-05-13 18:09:01,0.14087566061188833,Normal
DTAA/CAH0921,7.742077294685989,0.0993032923873368,16.782850241545894,0.0707660997886836,9.040133655394524,9.310833333333331,8.755833333333333,0.1224747583076617,345,345,1.0,1,PC-3582,100.0,0,0,100.0,0,345,2010-01-04 07:47:12,2011-05-13 16:42:29,0.14087971941060018,Normal
DTAA/JMS0793,7.733091787439613,0.0999552852881466,16.786908212560387,0.0717880683490868,9.053907407407406,9.318888888888887,8.77361111111111,0.1195047278418422,345,345,1.0,1,PC-3179,100.0,0,0,100.0,0,345,2010-01-04 07:35:31,2011-05-13 16:49:15,0.14090935618726985,Normal
DTAA/JPP0841,7.996280193236715,0.0938594945973009,18.027391304347827,0.0732854617471567,10.03119645732689,10.322777777777778,9.77,0.1190386444599665,345,345,1.0,1,PC-2761,100.0,0,0,44.34782608695652,0,345,2010-01-04 07:57:03,2011-05-13 18:08:35,0.14095160005225071,Normal
DTAA/CSA0071,8.24830917874396,0.0957403883430571,18.285507246376813,0.0709451376796638,10.036338969404188,10.318888888888887,9.77777777777778,0.1211842883467817,345,345,1.0,1,PC-4744,100.0,0,0,0.0,0,345,2010-01-04 08:22:22,2011-05-13 18:10:06,0.1409650142663783,Normal
DTAA/BJM0311,8.236811594202898,0.0969286659015403,18.27705314009662,0.0710809312186347,10.040460547504027,10.31611111111111,9.775555555555556,0.1217288256159829,345,345,1.0,1,PC-2790,100.0,0,0,0.0,0,345,2010-01-04 08:19:42,2011-05-13 18:13:47,0.14097065761559519,Normal
DTAA/VFT0014,8.494251207729468,0.0985519905976832,18.533478260869565,0.0711374792247729,10.038840579710143,10.3175,9.752777777777778,0.1200730050834218,345,345,1.0,1,PC-1870,100.0,0,0,0.0,0,345,2010-01-04 08:27:23,2011-05-13 18:28:40,0.14098766903310395,Normal
DTAA/DKB0409,8.74463768115942,0.090618064006704,17.78642512077295,0.0708369101709304,9.04189774557166,9.325555555555557,8.777777777777779,0.1179020702454921,345,345,1.0,1,PC-4535,100.0,0,0,0.0,0,345,2010-01-04 08:50:15,2011-05-13 17:47:22,0.1410182539871211,Normal
DTAA/PRH0825,7.748405797101449,0.0962383733969955,16.781062801932364,0.0700371181434311,9.03274074074074,9.303055555555556,8.765277777777778,0.1185557970718091,345,345,1.0,1,PC-0921,100.0,0,0,100.0,0,345,2010-01-04 07:36:54,2011-05-13 16:44:51,0.14109019916948995,Normal
DTAA/SVM0756,8.499033816425122,0.0975757531351675,17.533961352657006,0.0759229927467452,9.03508615136876,9.285,8.759722222222223,0.1182372972323492,345,345,1.0,1,PC-0312,100.0,0,0,0.0,0,345,2010-01-04 08:28:13,2011-05-13 17:30:35,0.14112676106514094,Normal
DTAA/NIC0901,7.9974879227053135,0.0962564904303506,18.0336231884058,0.073652273161605,10.036868760064412,10.328055555555556,9.771944444444443,0.1178556374494766,345,345,1.0,1,PC-2316,100.0,0,0,43.76811594202898,0,345,2010-01-04 08:01:01,2011-05-13 18:00:52,0.14112690007679896,Normal
DTAA/ALC0244,7.740096618357487,0.096996182252737,16.77946859903382,0.0700189693483595,9.039427536231884,9.322222222222225,8.773055555555555,0.120404440688571,345,345,1.0,1,PC-3992,100.0,0,0,100.0,0,345,2010-01-04 07:38:32,2011-05-13 16:45:10,0.14112703158269602,Normal
DTAA/AZS0738,7.991352657004832,0.0977051258387928,17.036859903381643,0.0685275271883405,9.045901771336553,9.306666666666668,8.770833333333334,0.1223823864486208,345,345,1.0,1,PC-0744,100.0,0,0,50.72463768115942,0,345,2010-01-04 08:01:23,2011-05-13 17:07:08,0.14126205524243035,Normal
DTAA/OIR0424,8.493140096618356,0.0967225915112233,18.533091787439613,0.0719386376307373,10.039850241545894,10.321944444444444,9.783055555555556,0.1183880574837802,345,345,1.0,1,PC-0686,100.0,0,0,0.0,0,345,2010-01-04 08:34:09,2011-05-13 18:32:52,0.14131059567643073,Normal
DTAA/RAA0594,8.98951690821256,0.0958881295352136,18.03212560386473,0.0714219072061962,9.042824476650564,9.308333333333334,8.76361111111111,0.1225378769888774,345,345,1.0,1,PC-1665,100.0,0,0,0.0,0,345,2010-01-04 08:52:19,2011-05-13 17:59:11,0.1413224662358915,Normal
DTAA/MSH0322,7.740966183574879,0.0940048885577944,16.78400966183575,0.0706160134346733,9.043103059581322,9.31611111111111,8.7625,0.1205911850456895,345,345,1.0,1,PC-1066,100.0,0,0,100.0,0,345,2010-01-04 07:51:17,2011-05-13 16:47:43,0.1413896159123747,Normal
DTAA/BKH0156,8.992995169082127,0.0970081260873644,18.03217391304348,0.0724052131131995,9.03942431561997,9.317777777777778,8.768333333333333,0.1213698745193342,345,345,1.0,1,PC-1500,100.0,0,0,0.0,0,345,2010-01-04 09:07:08,2011-05-13 18:03:02,0.14140559082203163,Normal
DTAA/WPH0764,8.991884057971014,0.0976640577291129,18.03202898550725,0.0721289788966578,9.04038003220612,9.310555555555556,8.761666666666667,0.1202058224260294,345,345,1.0,1,PC-2350,100.0,0,0,0.0,0,345,2010-01-04 08:53:03,2011-05-13 18:01:16,0.14175706726984771,Normal
DTAA/KBB0983,8.498695652173913,0.0968366211654543,18.538695652173917,0.0731869958852004,10.039936392914653,10.323611111111113,9.766944444444444,0.121502174222574,345,345,1.0,1,PC-2629,100.0,0,0,0.0,0,345,2010-01-04 08:21:54,2011-05-13 18:28:45,0.14178350239928567,Normal
DTAA/ACM0061,8.992705314009662,0.0964858562995907,18.0368115942029,0.0731300803412205,9.044262479871175,9.328888888888889,8.766666666666667,0.1199853669824505,345,345,1.0,1,PC-1324,100.0,0,0,0.0,0,345,2010-01-04 08:59:20,2011-05-13 18:06:30,0.14180068059578982,Normal
DTAA/TEG0502,7.990772946859903,0.09968967502878,17.029227053140097,0.069478364932176,9.03866505636071,9.315555555555555,8.760277777777778,0.116010285175153,345,345,1.0,1,PC-4566,100.0,0,0,51.30434782608696,0,345,2010-01-04 07:50:34,2011-05-13 17:04:26,0.14183070391918168,Normal
DTAA/HKO0796,7.746859903381643,0.0968944190472139,16.77975845410628,0.0701841405090822,9.03273188405797,9.321666666666667,8.759722222222223,0.1185039474368451,345,345,1.0,1,PC-1069,100.0,0,0,100.0,0,345,2010-01-04 07:39:37,2011-05-13 16:46:32,0.1418457192849914,Normal
DTAA/JCL0752,7.7356038647342995,0.0972929670225388,16.787632850241547,0.0709503170996151,9.05213768115942,9.301388888888887,8.764166666666666,0.1198720702936948,345,345,1.0,1,PC-4681,100.0,0,0,100.0,0,345,2010-01-04 07:54:22,2011-05-13 16:47:39,0.14188937426021503,Normal
DTAA/JKW0464,8.501159420289854,0.0959210520131071,18.537632850241547,0.071562258201244,10.03701851851852,10.316666666666666,9.766944444444444,0.1209090186156962,345,345,1.0,1,PC-1764,100.0,0,0,0.0,0,345,2010-01-04 08:28:09,2011-05-13 18:33:43,0.1419107671460429,Normal
DTAA/JIH0640,8.49830917874396,0.0995202042586661,17.52743961352657,0.0735588167686103,9.028578099838969,9.314444444444444,8.757777777777777,0.1267603934363547,345,345,1.0,1,PC-2393,100.0,0,0,0.0,0,345,2010-01-04 08:28:31,2011-05-13 17:34:06,0.142052793910518,Normal
DTAA/SSB0151,8.492512077294686,0.1015837217197895,17.53352657004831,0.0725702102741976,9.040966988727858,9.315,8.759166666666667,0.1281815187585938,345,345,1.0,1,PC-4616,100.0,0,0,0.0,0,345,2010-01-04 08:29:10,2011-05-13 17:39:47,0.14205795360461693,Normal
DTAA/MVL0885,7.745845410628019,0.0980369429476781,16.78768115942029,0.0710894920126793,9.04184541062802,9.317222222222222,8.756388888888889,0.1214601760554642,345,345,1.0,1,PC-0196,100.0,0,0,100.0,0,345,2010-01-04 07:42:11,2011-05-13 16:46:16,0.14210595447385138,Normal
DTAA/ARW0541,8.737246376811596,0.0994980238882545,17.77903381642512,0.072559566212807,9.04166183574879,9.318888888888887,8.759166666666667,0.125731997452171,345,345,1.0,1,PC-2488,100.0,0,0,0.0,0,345,2010-01-04 08:45:58,2011-05-13 17:52:03,0.14222783646888798,Normal
DTAA/NJH0593,8.74830917874396,0.0944838815471935,17.781256038647342,0.0746527305855213,9.032969404186796,9.321944444444444,8.759722222222223,0.1220537122864729,345,345,1.0,1,PC-3128,100.0,0,0,0.0,0,345,2010-01-04 08:44:11,2011-05-13 17:50:04,0.14224222086816413,Normal
DTAA/BMS0001,8.738357487922706,0.0981607722339093,17.787439613526573,0.0703216698500268,9.048461352657004,9.304444444444444,8.787777777777778,0.1172511886429641,345,345,1.0,1,PC-0003,100.0,0,0,0.0,0,345,2010-01-04 08:40:57,2011-05-13 17:43:13,0.14228728166498988,Normal
DTAA/LCC0556,7.99632850241546,0.0948413351475156,18.02840579710145,0.0726807839027953,10.032194041867957,10.326666666666666,9.770555555555555,0.1209791839412845,345,345,1.0,1,PC-2460,100.0,0,0,48.40579710144928,0,345,2010-01-04 08:09:21,2011-05-13 18:03:30,0.14252042912286356,Normal
DTAA/BBP0623,7.9914975845410625,0.0954987185403899,18.031304347826087,0.0727199003844201,10.040239130434784,10.328888888888889,9.761944444444444,0.1172280231369063,345,345,1.0,1,PC-3160,100.0,0,0,49.275362318840585,0,345,2010-01-04 07:58:11,2011-05-13 17:59:17,0.14266833190976025,Normal
DTAA/ANW0351,8.73951690821256,0.0964172057871851,17.781835748792272,0.0746666498647804,9.041927536231883,9.311388888888889,8.76388888888889,0.1196878657696415,345,345,1.0,1,PC-0593,100.0,0,0,0.0,0,345,2010-01-04 08:41:43,2011-05-13 17:49:46,0.1427070932522257,Normal
DTAA/HNK0421,7.994830917874396,0.0981244270081265,18.034927536231883,0.0737067849466685,10.040100644122385,10.294444444444444,9.769166666666669,0.1218834604075388,345,345,1.0,1,PC-4525,100.0,0,0,48.98550724637681,0,345,2010-01-04 08:09:05,2011-05-13 17:59:42,0.14275812119852938,Normal
DTAA/MGB0728,7.7443961352657,0.0946527257204587,16.788309178743962,0.0720357881654447,9.044532206119165,9.321666666666667,8.759722222222223,0.1187386251883995,345,345,1.0,1,PC-2929,100.0,0,0,100.0,0,345,2010-01-04 07:37:37,2011-05-13 16:49:55,0.14278781735870644,Normal
DTAA/TSC0431,7.987632850241547,0.0945120431897728,18.03207729468599,0.0726596554678842,10.044323671497583,10.302222222222222,9.77111111111111,0.1204777233885074,345,345,1.0,1,PC-0497,100.0,0,0,50.43478260869565,0,345,2010-01-04 07:58:20,2011-05-13 17:57:02,0.14282696431885622,Normal
DTAA/EKB0587,7.991062801932368,0.0962968949379185,18.038260869565217,0.0703089543508018,10.047461352657004,10.301666666666666,9.758611111111112,0.1221021580764313,345,345,1.0,1,PC-0136,100.0,0,0,50.43478260869565,0,345,2010-01-04 07:51:14,2011-05-13 18:04:02,0.142851574300987,Normal
DTAA/LEH0561,8.499661835748793,0.0951965614531938,17.527729468599034,0.0701085646532117,9.027587761674718,9.31638888888889,8.764166666666666,0.1147352377345809,345,345,1.0,1,PC-4482,100.0,0,0,0.0,0,345,2010-01-04 08:20:55,2011-05-13 17:26:44,0.14290274206190667,Normal
DTAA/NEP0644,7.999710144927535,0.096011780490909,17.030096618357486,0.069338352844755,9.03095813204509,9.300277777777778,8.784722222222221,0.1170630315518284,345,345,1.0,1,PC-1494,100.0,0,0,45.21739130434783,0,345,2010-01-04 07:56:57,2011-05-13 17:02:17,0.14303797525443712,Normal
DTAA/BAH0774,7.988888888888888,0.1004779705545091,17.03966183574879,0.0751143506546437,9.05113043478261,9.321666666666667,8.765833333333333,0.119744925748472,345,345,1.0,1,PC-4573,100.0,0,0,50.43478260869565,0,345,2010-01-04 07:52:49,2011-05-13 16:57:11,0.1430747622103451,Normal
DTAA/DCF0307,7.992753623188406,0.0950434358095509,18.03782608695652,0.071561636772394,10.04457809983897,10.313888888888888,9.773055555555556,0.118249546239294,345,345,1.0,1,PC-2881,100.0,0,0,48.11594202898551,0,345,2010-01-04 07:52:32,2011-05-13 18:05:17,0.14308152259074725,Normal
DTAA/WAH0813,7.989275362318841,0.0965119544569811,18.033913043478265,0.0728901258934164,10.045236714975845,10.323888888888888,9.751944444444444,0.1196795199885139,345,345,1.0,1,PC-1147,100.0,0,0,51.30434782608696,0,345,2010-01-04 08:01:18,2011-05-13 18:08:30,0.14313058622423958,Normal
DTAA/CRJ0934,8.74415458937198,0.0955255519293932,17.787487922705314,0.0718916735454249,9.04389533011272,9.300277777777778,8.764166666666666,0.1171945535148685,345,345,1.0,1,PC-3946,100.0,0,0,0.0,0,345,2010-01-04 08:45:22,2011-05-13 17:47:12,0.14318882962990043,Normal
DTAA/BAE0444,7.995410628019324,0.0925208640644566,17.040531400966184,0.0697022626792822,9.045522544283411,9.313888888888888,8.793888888888889,0.118514350301076,345,345,1.0,1,PC-3270,100.0,0,0,48.40579710144928,0,345,2010-01-04 07:55:52,2011-05-13 17:07:20,0.14332790956048846,Normal
DTAA/FCT0552,7.990338164251208,0.092053701829541,17.03917874396135,0.0700484462224909,9.049506441223832,9.309722222222222,8.77361111111111,0.116732354898638,345,345,1.0,1,PC-3545,100.0,0,0,48.69565217391305,0,345,2010-01-04 07:56:06,2011-05-13 16:55:11,0.14335641989033393,Normal
DTAA/BAB0505,7.738792270531401,0.097456296132389,16.781642512077294,0.0716378687146762,9.042804347826086,9.319166666666666,8.767222222222221,0.1199896590047596,345,345,1.0,1,PC-0939,100.0,0,0,100.0,0,345,2010-01-04 07:35:46,2011-05-13 16:50:49,0.14337471171617377,Normal
DTAA/SOG0461,8.001159420289856,0.0961480778303133,18.031497584541064,0.0716173803661175,10.030693236714976,10.305,9.765555555555556,0.1224606684240197,345,345,1.0,1,PC-4563,100.0,0,0,44.63768115942029,0,345,2010-01-04 07:57:03,2011-05-13 18:00:13,0.1433964818097752,Normal
DTAA/KTC0285,7.994009661835749,0.0955038652540859,18.032753623188405,0.0726904442503705,10.038457326892113,10.331388888888888,9.755277777777778,0.1205890742115746,345,345,1.0,1,PC-2121,100.0,0,0,50.14492753623189,0,345,2010-01-04 07:53:39,2011-05-13 18:08:36,0.14341164902174447,Normal
DTAA/DEP0563,7.748695652173914,0.09561986233062,16.78647342995169,0.0721618104824807,9.037950080515298,9.3075,8.773888888888889,0.119688030253358,345,345,1.0,1,PC-4319,100.0,0,0,100.0,0,345,2010-01-04 07:45:25,2011-05-13 16:48:00,0.14350906431730281,Normal
DTAA/QVM0338,8.745942028985507,0.0963880466879626,17.780917874396135,0.0738759087221639,9.035417069243156,9.31611111111111,8.765555555555556,0.1184075049535591,345,345,1.0,1,PC-4327,100.0,0,0,0.0,0,345,2010-01-04 08:39:06,2011-05-13 17:43:06,0.143520216610174,Normal
DTAA/ARP0948,7.995748792270532,0.0914088765167968,17.028067632850238,0.0701521182994936,9.032390499194848,9.309166666666666,8.7575,0.1156950206312425,345,345,1.0,1,PC-4291,100.0,0,0,46.3768115942029,0,345,2010-01-04 08:05:33,2011-05-13 16:59:37,0.14355605215174627,Normal
DTAA/ALS0087,7.995652173913044,0.0909171335719864,17.031400966183575,0.0726225369992036,9.035829307568438,9.304166666666667,8.800277777777778,0.1155529281897166,345,345,1.0,1,PC-2643,100.0,0,0,46.08695652173913,0,345,2010-01-04 07:56:53,2011-05-13 17:08:41,0.14377264370073206,Normal
DTAA/RJW0590,7.995603864734299,0.097037002375288,18.02830917874396,0.073755005060327,10.032151368760063,10.301944444444445,9.769444444444444,0.1198234660388819,345,345,1.0,1,PC-3471,100.0,0,0,46.3768115942029,0,345,2010-01-04 07:56:36,2011-05-13 18:04:13,0.14394295981273875,Normal
DTAA/LGV0288,7.981014492753623,0.0937799122785485,17.030434782608694,0.0735736746965829,9.049958937198069,9.303055555555556,8.76361111111111,0.1225491021184277,345,345,1.0,1,PC-2749,100.0,0,0,54.20289855072464,0,345,2010-01-04 07:57:49,2011-05-13 17:04:52,0.14426395025411193,Normal
DTAA/AHS0926,7.996135265700484,0.0968389656469592,18.032270531400965,0.0719592296677388,10.036194041867956,10.321111111111112,9.768888888888888,0.1217027406548498,345,345,1.0,1,PC-0459,100.0,0,0,48.69565217391305,0,345,2010-01-04 07:59:26,2011-05-13 18:07:29,0.14427016897532197,Normal
DTAA/AMD0432,8.73536231884058,0.0974848716006221,17.781352657004835,0.0728820656344432,9.045944444444444,9.320833333333333,8.762222222222222,0.1181412335397875,345,345,1.0,1,PC-2555,100.0,0,0,0.0,0,345,2010-01-04 08:54:02,2011-05-13 17:53:22,0.14444619795501568,Normal
DTAA/MKN0234,8.73584541062802,0.0964241240124599,17.782657004830916,0.0721656052658059,9.046549919484702,9.313611111111111,8.765555555555556,0.1178857439392661,345,345,1.0,1,PC-1273,100.0,0,0,0.0,0,345,2010-01-04 08:36:20,2011-05-13 17:41:24,0.14446775461444716,Normal
DTAA/RJP0874,8.741352657004832,0.0986918946255807,17.780579710144927,0.0724010429568079,9.039589371980677,9.2875,8.779722222222222,0.1198834326144681,345,345,1.0,1,PC-3476,100.0,0,0,0.0,0,345,2010-01-04 08:52:21,2011-05-13 17:41:24,0.1445902805870114,Normal
DTAA/KKC0575,8.729275362318841,0.0956395404327711,17.78487922705314,0.0710128361903223,9.05575845410628,9.32638888888889,8.758888888888889,0.1177037449945653,345,345,1.0,1,PC-1458,100.0,0,0,0.0,0,345,2010-01-04 08:51:57,2011-05-13 17:54:10,0.14459174203219255,Normal
DTAA/BTH0358,8.74584541062802,0.0941290241651227,17.784202898550724,0.0706367590972293,9.037915458937196,9.32972222222222,8.77361111111111,0.11818603164079,345,345,1.0,1,PC-4818,100.0,0,0,0.0,0,345,2010-01-04 08:40:50,2011-05-13 17:49:05,0.14461682759813038,Normal
DTAA/RLC0019,7.9975845410628015,0.0975257271728079,18.041304347826088,0.071641462557642,10.04383655394525,10.325277777777778,9.783611111111112,0.1210858713017448,345,345,1.0,1,PC-3825,100.0,0,0,47.53623188405797,0,345,2010-01-04 08:07:04,2011-05-13 18:00:37,0.14466552931282067,Normal
DTAA/VIR0488,7.996183574879227,0.0921100541088346,17.035942028985506,0.0708108025389287,9.040252818035428,9.325277777777778,8.785,0.1162736437602981,345,345,1.0,1,PC-0198,100.0,0,0,46.66666666666666,0,345,2010-01-04 07:54:11,2011-05-13 16:59:17,0.1449543019027969,Normal
DTAA/LJU0036,8.738550724637681,0.0972497754141897,17.785314009661832,0.0703679854214986,9.046610305958133,9.315833333333334,8.77361111111111,0.1198544206084496,345,345,1.0,1,PC-0632,100.0,0,0,0.0,0,345,2010-01-04 08:39:11,2011-05-13 17:49:42,0.14504403930325122,Normal
DTAA/BAK0787,8.741594202898552,0.0929275660094219,17.783381642512076,0.0723643093428945,9.042237520128824,9.311111111111112,8.773333333333333,0.1205764722459519,345,345,1.0,1,PC-0433,100.0,0,0,0.0,0,345,2010-01-04 08:52:26,2011-05-13 17:41:57,0.14519742673436298,Normal
DTAA/VBW0447,8.243864734299516,0.0964412353848706,17.283140096618354,0.0696402811063726,9.03930193236715,9.312222222222225,8.791666666666666,0.1180075580640988,345,345,1.0,1,PC-2662,100.0,0,0,0.0,0,345,2010-01-04 08:19:36,2011-05-13 17:19:20,0.1452082078803339,Normal
DTAA/WDW0064,8.239806763285024,0.0957931059114982,17.29024154589372,0.0693950391608473,9.050565217391304,9.316944444444443,8.770833333333334,0.1203756699211328,345,345,1.0,1,PC-0702,100.0,0,0,0.0,0,345,2010-01-04 08:14:44,2011-05-13 17:16:43,0.14527587076738774,Normal
DTAA/OZM0468,8.74391304347826,0.1000967821740306,17.7780193236715,0.0729307989418445,9.034519323671496,9.315555555555555,8.760277777777778,0.120832583318415,345,345,1.0,1,PC-3041,100.0,0,0,0.0,0,345,2010-01-04 08:48:06,2011-05-13 17:54:41,0.14530647225430704,Normal
DTAA/RSG0385,8.746763285024155,0.0954808499382967,17.785942028985506,0.0723227351870835,9.039022544283414,9.31,8.760833333333334,0.1220810294540135,345,345,1.0,1,PC-4365,100.0,0,0,0.0,0,345,2010-01-04 08:43:57,2011-05-13 17:47:15,0.14535013876398784,Normal
DTAA/BSG0869,8.010772946859904,0.0968615132773186,17.031497584541064,0.0699864702499732,9.019891304347826,9.3125,8.761111111111111,0.1198057379238103,345,345,1.0,1,PC-0245,100.0,0,0,40.869565217391305,0,345,2010-01-04 07:53:57,2011-05-13 17:00:42,0.1456246048068331,Normal
DTAA/JBS0654,8.738695652173915,0.0955370671453846,17.780386473429953,0.0720692143090607,9.041562801932368,9.304166666666667,8.76,0.1203139703891801,345,345,1.0,1,PC-0184,100.0,0,0,0.0,0,345,2010-01-04 08:43:22,2011-05-13 17:43:50,0.14569689915041584,Normal
DTAA/AJS0978,8.498019323671498,0.0981668523059598,17.533768115942028,0.0737775329490523,9.03549114331723,9.323333333333334,8.759444444444444,0.1246512464090788,345,345,1.0,1,PC-1738,100.0,0,0,0.0,0,345,2010-01-04 08:34:58,2011-05-13 17:31:39,0.1457757289185141,Normal
DTAA/JMA0875,8.750821256038646,0.0958613976384828,17.784396135265702,0.0710217347487782,9.034082930756844,9.31638888888889,8.758055555555556,0.1220404787248324,345,345,1.0,1,PC-2941,100.0,0,0,0.0,0,345,2010-01-04 08:44:58,2011-05-13 17:41:34,0.14579256768134524,Normal
DTAA/BBH0313,7.986763285024154,0.094897215943506,17.03415458937198,0.071053365042187,9.047164251207729,9.316666666666666,8.766111111111112,0.1246306315700275,345,345,1.0,1,PC-0316,100.0,0,0,52.7536231884058,0,345,2010-01-04 08:09:39,2011-05-13 17:01:02,0.14631297226940215,Normal
DTAA/LLK0316,8.497342995169081,0.0914471997693426,17.528599033816427,0.0707572683173651,9.031001610305958,9.311666666666667,8.77111111111111,0.1200970472652287,345,345,1.0,1,PC-3784,100.0,0,0,0.0,0,345,2010-01-04 08:30:02,2011-05-13 17:37:02,0.1463166817192672,Normal
DTAA/EAM0745,8.483140096618358,0.0927349381440167,17.530966183574876,0.0734114749488026,9.047976650563609,9.31,8.766111111111112,0.1210121083885107,345,345,1.0,1,PC-0220,100.0,0,0,0.0,0,345,2010-01-04 08:22:39,2011-05-13 17:27:34,0.1464657947150893,Normal
DTAA/SBC0360,8.492898550724638,0.0976895775761926,17.534444444444443,0.073364305181492,9.041365539452496,9.308333333333334,8.755,0.1167693832333549,345,345,1.0,1,PC-0598,100.0,0,0,0.0,0,345,2010-01-04 08:38:54,2011-05-13 17:28:29,0.14654731001209298,Normal
DTAA/YCV0635,7.993140096618357,0.0948936642366841,17.035024154589372,0.073353202004528,9.04163043478261,9.321666666666667,8.758888888888889,0.1169912477716541,345,345,1.0,1,PC-4928,100.0,0,0,51.8840579710145,0,345,2010-01-04 08:07:43,2011-05-13 17:01:39,0.14669260857879518,Normal
DTAA/ZBH0980,8.244492753623188,0.0947351572969968,17.2924154589372,0.0730338406438384,9.04760225442834,9.296666666666669,8.78888888888889,0.1170833067514431,345,345,1.0,1,PC-0111,100.0,0,0,0.0,0,345,2010-01-04 08:13:10,2011-05-13 17:22:58,0.14680066860788377,Normal
DTAA/SAO0167,8.240869565217393,0.098721890602239,17.282850241545894,0.0701587240765997,9.041737520128825,9.301388888888887,8.765555555555556,0.1214115811738867,345,345,1.0,1,PC-3364,100.0,0,0,0.0,0,345,2010-01-04 08:16:07,2011-05-13 17:18:16,0.14692881153773363,Normal
DTAA/GEC0077,8.236280193236716,0.100113850293725,17.280772946859905,0.0704753721336012,9.044524154589372,9.291944444444445,8.760555555555555,0.1178145364142851,345,345,1.0,1,PC-4296,100.0,0,0,0.0,0,345,2010-01-04 08:12:53,2011-05-13 17:22:54,0.14702047436407983,Normal
DTAA/AXB0007,8.490772946859904,0.098335870627389,17.536763285024158,0.0727726340792401,9.046175523349437,9.321666666666667,8.758055555555556,0.1257733055333942,345,345,1.0,1,PC-4306,100.0,0,0,0.0,0,345,2010-01-04 08:23:18,2011-05-13 17:25:22,0.1470583542873265,Normal
DTAA/LNM0509,8.246666666666668,0.0952319350167181,17.28169082125604,0.0737440559256729,9.035123993558775,9.320555555555556,8.778055555555556,0.1184224399228743,345,345,1.0,1,PC-0813,100.0,0,0,0.0,0,345,2010-01-04 08:20:07,2011-05-13 17:13:06,0.14710150446533193,Normal
DTAA/CMM0900,8.247246376811594,0.0959599879635644,17.282463768115946,0.0700051958525531,9.035909822866344,9.297777777777778,8.78138888888889,0.1190943984008613,345,345,1.0,1,PC-4293,100.0,0,0,0.0,0,345,2010-01-04 08:15:23,2011-05-13 17:16:23,0.14711819724845626,Normal
DTAA/KTM0960,7.991159420289854,0.0947675418009306,17.034830917874395,0.0736211236150318,9.043453301127212,9.306944444444444,8.75388888888889,0.1210222752146,345,345,1.0,1,PC-0590,100.0,0,0,51.30434782608696,0,345,2010-01-04 08:05:35,2011-05-13 17:07:03,0.14720234213944428,Normal
DTAA/JAC0390,8.249806763285024,0.0966574508738058,17.280821256038646,0.0741889954131165,9.03069726247987,9.29527777777778,8.758333333333333,0.1198786596782151,345,345,1.0,1,PC-1431,100.0,0,0,0.0,0,345,2010-01-04 08:13:03,2011-05-13 17:19:19,0.14727750274233076,Normal
DTAA/END0616,7.991304347826087,0.0929355751110539,17.030579710144924,0.0714467432387562,9.038979066022543,9.299722222222222,8.764444444444445,0.119913280533564,345,345,1.0,1,PC-2108,100.0,0,0,48.98550724637681,0,345,2010-01-04 07:56:30,2011-05-13 17:06:19,0.14728704546682247,Normal
DTAA/IGB0310,8.495652173913044,0.0986935072893895,17.531787439613527,0.0722863503287117,9.036132045088566,9.332222222222224,8.772777777777778,0.1183945865646807,345,345,1.0,1,PC-4962,100.0,0,0,0.0,0,345,2010-01-04 08:27:11,2011-05-13 17:34:10,0.14737669589912467,Normal
DTAA/KEH0055,7.9943961352657,0.0955527452080962,17.031739130434783,0.0729469398854217,9.037183574879226,9.298055555555557,8.786111111111111,0.1250129885960539,345,345,1.0,1,PC-1196,100.0,0,0,46.95652173913044,0,345,2010-01-04 08:01:19,2011-05-13 17:09:36,0.14762773150642783,Normal
DTAA/KIM0617,7.985797101449276,0.0983449148578395,17.041642512077296,0.0710765845747251,9.05644766505636,9.316666666666666,8.76,0.12312564677068,345,345,1.0,1,PC-3140,100.0,0,0,53.91304347826087,0,345,2010-01-04 08:02:18,2011-05-13 17:01:03,0.14774809453636972,Normal
DTAA/JDM0083,7.984347826086955,0.0987474926051769,17.033140096618354,0.0728256831212974,9.04844927536232,9.299444444444443,8.772222222222222,0.1179726071791209,345,345,1.0,1,PC-1803,100.0,0,0,54.78260869565217,0,345,2010-01-04 08:00:18,2011-05-13 17:09:58,0.1478084104957178,Normal
DTAA/VFS0231,7.987198067632851,0.0966052049805291,17.035555555555554,0.0718540606318466,9.048727053140096,9.310277777777776,8.7625,0.1239432740398763,345,345,1.0,1,PC-1112,100.0,0,0,53.04347826086957,0,345,2010-01-04 08:01:17,2011-05-13 17:05:36,0.14788353309769742,Normal
DTAA/UMK0142,8.499227053140098,0.0956467596166917,17.53734299516908,0.0725428228475266,9.03798309178744,9.32,8.754722222222222,0.1254459194898535,345,345,1.0,1,PC-3542,100.0,0,0,0.0,0,345,2010-01-04 08:29:57,2011-05-13 17:32:19,0.147955866612077,Normal
DTAA/DOO0986,8.488212560386474,0.094500898424398,17.530386473429953,0.073302354784937,9.041991948470208,9.329166666666667,8.766388888888889,0.1193604270324056,345,345,1.0,1,PC-0500,100.0,0,0,0.0,0,345,2010-01-04 08:23:18,2011-05-13 17:26:40,0.14811593133308204,Normal
DTAA/PDS0896,7.997101449275362,0.0953605849600041,17.032995169082124,0.0704409903119572,9.036400161030596,9.304166666666667,8.764722222222222,0.1230736138617304,345,345,1.0,1,PC-3654,100.0,0,0,47.82608695652174,0,345,2010-01-04 07:59:38,2011-05-13 17:04:19,0.1481684096009136,Normal
DTAA/MPA0136,7.992270531400965,0.0960954332149141,17.035458937198065,0.0714964876319052,9.042984702093396,9.313888888888888,8.757777777777777,0.1231170077439659,345,345,1.0,1,PC-3675,100.0,0,0,52.17391304347826,0,345,2010-01-04 07:53:42,2011-05-13 17:07:31,0.14822338502560617,Normal
DTAA/LYC0672,8.496038647342996,0.0952205303830731,17.534444444444443,0.0721434175510957,9.03830998389694,9.321944444444444,8.777222222222223,0.1182820753577499,345,345,1.0,1,PC-4047,100.0,0,0,0.0,0,345,2010-01-04 08:35:44,2011-05-13 17:39:55,0.14838948397385404,Normal
DTAA/BZM0434,7.993478260869566,0.0955577175562682,17.03425120772947,0.0718208276537826,9.041076489533012,9.302777777777775,8.761111111111111,0.1225397856128948,345,345,1.0,1,PC-4720,100.0,0,0,49.85507246376812,0,345,2010-01-04 07:54:27,2011-05-13 17:04:29,0.1484162236425084,Normal
DTAA/PCS0097,8.242173913043478,0.0995546058057118,17.283140096618354,0.0732788823083968,9.040800322061193,9.305833333333334,8.789166666666667,0.1210632281385726,345,345,1.0,1,PC-1228,100.0,0,0,0.0,0,345,2010-01-04 08:19:09,2011-05-13 17:14:50,0.14852800298639018,Normal
DTAA/MLC0238,7.996570048309178,0.0978465995629117,17.035072463768117,0.0740587113792413,9.038591787439614,9.329166666666667,8.757222222222222,0.121649553541614,345,345,1.0,1,PC-2222,100.0,0,0,47.2463768115942,0,345,2010-01-04 07:58:11,2011-05-13 17:06:07,0.14867667441390597,Normal
DTAA/HFC0680,8.250917874396135,0.0948102348846343,17.287971014492754,0.0733853264225363,9.037066827697265,9.318055555555556,8.753333333333334,0.1217155406580677,345,345,1.0,1,PC-3835,100.0,0,0,0.0,0,345,2010-01-04 08:13:04,2011-05-13 17:21:38,0.14877733823894268,Normal
DTAA/ASR0539,7.987536231884057,0.0958399090664664,17.03048309178744,0.0731407693796818,9.043421095008052,9.319722222222222,8.769166666666667,0.123132313280781,345,345,1.0,1,PC-3622,100.0,0,0,50.14492753623189,0,345,2010-01-04 07:50:24,2011-05-13 17:05:57,0.14878592327150392,Normal
DTAA/KES0043,8.245024154589371,0.0957859221927312,17.28144927536232,0.0735793052899217,9.036745571658615,9.323611111111113,8.771944444444445,0.1202687422405502,345,345,1.0,1,PC-1638,100.0,0,0,0.0,0,345,2010-01-04 08:06:17,2011-05-13 17:11:41,0.14893762867982568,Normal
DTAA/EDG0766,8.492222222222223,0.0971404233223151,17.532995169082124,0.0731515208484018,9.041312399355878,9.296944444444444,8.774722222222222,0.1218996937708648,345,345,1.0,1,PC-4451,100.0,0,0,0.0,0,345,2010-01-04 08:34:31,2011-05-13 17:30:29,0.1489685636630989,Normal
DTAA/MJP0603,7.993188405797101,0.0957232005907322,17.037004830917873,0.0738458677645316,9.042982286634462,9.321944444444444,8.756944444444445,0.1197500906178437,345,345,1.0,1,PC-4040,100.0,0,0,49.275362318840585,0,345,2010-01-04 07:52:11,2011-05-13 16:56:08,0.14896992264807152,Normal
DTAA/SDM0333,8.240966183574878,0.094339300235307,17.286956521739132,0.0703712449956189,9.04575040257649,9.31861111111111,8.777777777777779,0.1193630121816357,345,345,1.0,1,PC-3021,100.0,0,0,0.0,0,345,2010-01-04 08:15:05,2011-05-13 17:19:37,0.14897081852552269,Normal
DTAA/NAW0939,7.99231884057971,0.0966982445546134,17.035507246376813,0.0712064411639061,9.04328502415459,9.326944444444443,8.766111111111112,0.1221396387199256,345,345,1.0,1,PC-0411,100.0,0,0,53.333333333333336,0,345,2010-01-04 08:07:26,2011-05-13 16:57:19,0.14898940560132984,Normal
DTAA/ABD0833,8.000193236714976,0.0941264132561698,17.029227053140097,0.0727597035439157,9.02941465378422,9.323611111111113,8.759166666666667,0.1186675400038988,345,345,1.0,1,PC-1771,100.0,0,0,47.53623188405797,0,345,2010-01-04 07:51:51,2011-05-13 17:02:20,0.1490625626244234,Normal
DTAA/HEG0785,8.237922705314011,0.0976253938397985,17.281449275362316,0.0730616847203967,9.04364009661836,9.330555555555556,8.785277777777777,0.1233072109184602,345,345,1.0,1,PC-4845,100.0,0,0,0.0,0,345,2010-01-04 08:16:21,2011-05-13 17:15:34,0.14911825332319067,Normal
DTAA/HCR0525,7.991062801932368,0.0954208222473153,17.039420289855073,0.0721239165717376,9.047623188405796,9.300833333333332,8.752222222222223,0.1188936706900651,345,345,1.0,1,PC-3993,100.0,0,0,48.40579710144928,0,345,2010-01-04 07:55:45,2011-05-13 16:59:36,0.14933982349570157,Normal
DTAA/SLM0589,7.991545893719806,0.0983152323869372,17.03869565217391,0.0725108416363651,9.047384863123996,9.32638888888889,8.759722222222223,0.1193893078224309,345,345,1.0,1,PC-2346,100.0,0,0,50.72463768115942,0,345,2010-01-04 07:52:02,2011-05-13 17:05:07,0.14941370328004283,Normal
DTAA/LJB0492,8.501497584541063,0.0982658687106104,17.54115942028986,0.0727256936293826,9.039729468599036,9.320833333333333,8.765277777777778,0.1219005456501708,345,345,1.0,1,PC-0504,100.0,0,0,0.0,0,345,2010-01-04 08:20:32,2011-05-13 17:33:56,0.14946770956188077,Normal
DTAA/KNC0403,8.001739130434784,0.0969339540056225,17.036859903381643,0.0724120335490157,9.035728663446054,9.324444444444444,8.778055555555556,0.1236383369895817,345,345,1.0,1,PC-4475,100.0,0,0,46.95652173913044,0,345,2010-01-04 07:56:31,2011-05-13 17:01:40,0.149569182789957,Normal
DTAA/AHD0147,7.9974879227053135,0.0941959133375915,17.028502415458938,0.0718492721212629,9.03098309178744,9.318888888888887,8.774444444444445,0.1179346486444004,345,345,1.0,1,PC-2753,100.0,0,0,46.66666666666666,0,345,2010-01-04 07:52:14,2011-05-13 17:07:09,0.14963266410774,Normal
DTAA/CBR0208,8.243140096618356,0.0959851074156709,17.281159420289853,0.071726192349194,9.03825925925926,9.327777777777778,8.761944444444444,0.1234178361061182,345,345,1.0,1,PC-2888,100.0,0,0,0.0,0,345,2010-01-04 08:09:18,2011-05-13 17:17:30,0.1496912604857723,Normal
DTAA/AMM0830,7.995265700483091,0.0962816540739121,17.02400966183575,0.0730198985971088,9.029606280193237,9.304444444444444,8.779444444444444,0.117903251329746,345,345,1.0,1,PC-2202,100.0,0,0,45.21739130434783,0,345,2010-01-04 07:55:01,2011-05-13 17:00:28,0.14975626960386862,Normal
DTAA/RLS0966,8.488260869565217,0.0958010709018128,17.535845410628017,0.0713255941001598,9.048128019323672,9.315,8.757777777777777,0.1219682186010964,345,345,1.0,1,PC-3614,100.0,0,0,0.0,0,345,2010-01-04 08:36:09,2011-05-13 17:34:00,0.14987865722923477,Normal
DTAA/SDR0010,7.994299516908212,0.0974962754361732,17.035217391304347,0.0709079139081302,9.040805152979065,9.326666666666666,8.777222222222223,0.1190273702135842,345,345,1.0,1,PC-2030,100.0,0,0,48.69565217391305,0,345,2010-01-04 08:04:49,2011-05-13 16:57:19,0.1500345520716525,Normal
DTAA/MKG0273,7.993768115942029,0.0973683319581214,17.03589371980676,0.0724304552120683,9.0421384863124,9.322777777777778,8.765555555555556,0.122247766307949,345,345,1.0,1,PC-1174,100.0,0,0,49.56521739130435,0,345,2010-01-04 07:53:37,2011-05-13 17:07:33,0.15014863885259172,Normal
DTAA/RSJ0328,7.994879227053141,0.0958330463597741,17.035942028985506,0.0719645637684108,9.041248792270531,9.325,8.759444444444444,0.1209212014596744,345,345,1.0,1,PC-4292,100.0,0,0,47.53623188405797,0,345,2010-01-04 08:02:06,2011-05-13 17:07:41,0.151076552231375,Normal
