user,avg_login_hour,login_variance,avg_logout_hour,logout_variance,avg_session_hours,max_session_hours,min_session_hours,session_variance,total_logins,working_days,avg_logins_per_day,unique_pcs,primary_pc,primary_pc_percentage,device_switches,night_login_count,offhour_percentage,weekend_logins,weekday_logins,first_login,last_login
DTAA/AAA0371,11.408523344191096,2.0271842425511672,14.571335504885992,0.9605564858572879,3.162754252623959,7.311388888888889,0.08444444444444445,2.0825628191332326,307,290,1.0586206896551724,16,PC-1689,94.46254071661238,34,0,19.86970684039088,0,307,2010-01-04 12:43:44,2011-02-24 14:41:12
DTAA/AAC0344,7.9943961352657,0.09746875990873709,16.02777777777778,0.0739191424531993,8.03292190016103,8.320277777777777,7.762777777777778,0.12603473371243004,345,345,1.0,1,PC-2282,100.0,0,0,48.11594202898551,0,345,2010-01-04 08:08:17,2011-05-13 16:00:35
DTAA/AAC0599,7.989758454106281,0.09336744746251388,16.02777777777778,0.07026772966947684,8.03802657004831,8.318333333333333,7.776388888888889,0.1145047399433112,345,345,1.0,1,PC-1800,100.0,0,0,51.59420289855072,0,345,2010-01-04 08:08:31,2011-05-13 16:07:27
DTAA/AAH0734,8.493864734299516,0.09986363956857877,17.535314009661835,0.07522644291315062,9.041643317230273,9.3125,8.757777777777777,0.12794570031541616,345,345,1.0,1,PC-0280,100.0,0,0,0.0,0,345,2010-01-04 08:23:44,2011-05-13 17:34:41
DTAA/AAK0658,8.483140096618358,0.09596996336799178,16.53671497584541,0.07131220425689046,8.053400966183574,8.327222222222222,7.777222222222222,0.12336796298610327,345,345,1.0,1,PC-3233,100.0,0,0,0.0,0,345,2010-01-04 08:28:26,2011-05-13 16:28:03
DTAA/AAK0924,8.233623188405797,0.09670732092599338,18.281014492753624,0.07418442072107576,10.047291465378423,10.314722222222223,9.759166666666667,0.12061557288818181,345,345,1.0,1,PC-4772,100.0,0,0,0.0,0,345,2010-01-04 08:21:56,2011-05-13 18:22:37
DTAA/AAR0508,7.746666666666668,0.09718751687687316,17.777632850241545,0.0713905385554975,10.030445249597424,10.313333333333333,9.757222222222222,0.12312954801939105,345,345,1.0,1,PC-1469,100.0,0,0,100.0,0,345,2010-01-04 07:52:40,2011-05-13 17:49:58
DTAA/AAS0709,11.816894977168948,2.0536625111336755,16.78808219178082,1.1699216651672288,4.971444444444445,9.315555555555555,0.0022222222222222222,2.257255480605728,365,345,1.0579710144927537,19,PC-2967,94.52054794520548,40,0,9.315068493150685,0,365,2010-01-04 12:04:55,2011-05-13 17:07:55
DTAA/ABB0272,12.042086068563092,2.171481374551104,16.827498176513494,2.4826510580196413,4.785402382689035,10.234722222222222,0.0011111111111111111,2.974392243151083,457,345,1.3246376811594203,73,PC-0726,75.49234135667396,218,0,6.564551422319474,0,457,2010-01-04 13:28:02,2011-05-13 18:07:51
DTAA/ABD0833,8.000193236714976,0.09412641325616986,17.029227053140097,0.07275970354391573,9.029414653784219,9.323611111111111,8.759166666666667,0.1186675400038988,345,345,1.0,1,PC-1771,100.0,0,0,47.53623188405797,0,345,2010-01-04 07:51:51,2011-05-13 17:02:20
DTAA/ABG0179,8.993188405797103,0.09982775020075797,18.023961352657004,0.07026912864142727,9.031185990338164,9.320833333333333,8.764444444444445,0.1236442936713788,345,345,1.0,1,PC-4171,100.0,0,0,0.0,0,345,2010-01-04 08:53:53,2011-05-13 18:05:31
DTAA/ABH0963,7.492705314009663,0.10157397503223822,16.530531400966183,0.0722261002476154,9.038345410628018,9.328055555555556,8.766388888888889,0.11723869464854089,345,345,1.0,1,PC-2613,100.0,0,0,100.0,0,345,2010-01-04 07:22:55,2011-05-13 16:29:51
DTAA/ABL0836,7.983816425120774,0.0969817029053595,19.034396135265702,0.07077116002273486,11.050675523349437,11.308055555555555,10.785555555555556,0.11610022551960791,345,345,1.0,1,PC-4639,100.0,0,0,54.78260869565217,0,345,2010-01-04 07:53:39,2011-05-13 19:07:14
DTAA/ABS0726,8.819543147208122,3.031751941698153,17.139382402707277,4.247778369508757,9.05085448392555,10.302222222222222,0.06027777777777778,2.7404955233662407,394,349,1.1289398280802292,11,PC-3698,97.46192893401016,20,20,9.898477157360407,3,391,2010-01-04 08:39:59,2011-05-13 18:32:58
DTAA/ACD0647,6.49328502415459,0.0937268365072738,17.53816425120773,0.07225273309182853,11.044503220611915,11.320277777777777,10.781666666666666,0.11870557440150097,345,345,1.0,1,PC-3117,100.0,0,0,100.0,0,345,2010-01-04 06:36:26,2011-05-13 17:31:32
DTAA/ACH0803,8.164841849148418,1.8217420102451594,16.671451743714517,2.2174596847959744,8.506652473641525,10.321111111111112,0.012222222222222223,3.511293528178486,411,345,1.191304347826087,48,PC-4334,83.94160583941606,132,0,84.91484184914842,0,411,2010-01-04 07:27:37,2011-05-13 17:26:06
DTAA/ACL0865,7.745024154589372,0.09744080424633413,17.781062801932368,0.07297324549904433,10.035756843800321,10.310277777777777,9.758055555555556,0.1209744517002233,345,345,1.0,1,PC-0124,100.0,0,0,100.0,0,345,2010-01-04 07:39:19,2011-05-13 17:46:40
DTAA/ACM0061,8.992705314009662,0.09648585629959071,18.0368115942029,0.07313008034122058,9.044262479871175,9.328888888888889,8.766666666666667,0.1199853669824505,345,345,1.0,1,PC-1324,100.0,0,0,0.0,0,345,2010-01-04 08:59:20,2011-05-13 18:06:30
DTAA/ACR0400,8.244734299516908,0.0979050682510597,18.286811594202902,0.07024650851257247,10.042209339774557,10.323055555555555,9.772777777777778,0.12337592968033706,345,345,1.0,1,PC-3584,100.0,0,0,0.0,0,345,2010-01-04 08:14:15,2011-05-13 18:10:18
DTAA/ADR0219,8.749855072463767,0.09756802897783877,15.784975845410628,0.07096516047627227,7.035128019323671,7.3213888888888885,6.7588888888888885,0.12483032889809892,345,345,1.0,1,PC-2943,100.0,0,0,0.0,0,345,2010-01-04 08:39:22,2011-05-13 15:53:51
DTAA/AEC0750,7.243091787439614,0.09704836236861569,16.286231884057973,0.07106133629010457,9.043973429951691,9.311944444444444,8.771944444444445,0.12080740448017771,345,345,1.0,1,PC-2926,100.0,0,0,100.0,0,345,2010-01-04 07:05:53,2011-05-13 16:14:10
DTAA/AEG0905,8.49927536231884,0.09448772113946693,20.532463768115942,0.07156801433830957,12.03343880837359,12.323611111111111,11.770277777777778,0.12105469311859768,345,345,1.0,1,PC-0211,100.0,0,0,0.0,0,345,2010-01-04 08:32:05,2011-05-13 20:39:48
DTAA/AEW0730,8.238985507246378,0.09506271618772398,16.282222222222224,0.07278971044452467,8.043265700483092,8.325,7.777777777777778,0.12200852084404895,345,345,1.0,1,PC-4032,100.0,0,0,0.0,0,345,2010-01-04 08:15:15,2011-05-13 16:18:47
DTAA/AFD0868,8.99536231884058,0.09561310622745528,19.036908212560387,0.06928091069515857,10.042194041867955,10.324444444444444,9.7825,0.11652275316291011,345,345,1.0,1,PC-0776,100.0,0,0,0.0,0,345,2010-01-04 08:50:12,2011-05-13 18:59:10
DTAA/AFF0760,10.87892156862745,3.6903617210554036,15.175735294117647,4.179295720366219,4.649362745098039,9.175555555555556,0.14972222222222223,2.2808765234583723,68,61,1.1147540983606556,2,PC-2804,98.52941176470588,2,6,27.941176470588236,2,66,2010-01-04 12:01:26,2010-03-25 16:31:44
DTAA/AFG0122,8.653566229985444,1.9590394432213614,15.590720524017465,2.378806791346801,6.937555191654536,9.321944444444444,0.0022222222222222222,3.702812353203154,458,345,1.327536231884058,74,PC-4492,75.32751091703057,226,0,75.54585152838428,0,458,2010-01-04 07:45:01,2011-05-13 16:40:20
DTAA/AFH0331,11.924351851851851,2.065665183926402,18.813148148148148,1.1780752560207306,6.888656635802469,11.290833333333333,0.0625,2.3738688102762735,360,345,1.0434782608695652,13,PC-0850,95.83333333333334,30,0,8.333333333333332,0,360,2010-01-04 13:30:19,2011-05-13 19:06:28
DTAA/AFN0918,11.89406392694064,1.983161660820241,16.76013698630137,1.2638998167382436,4.866127092846272,9.323333333333334,0.0011111111111111111,2.1901168335185583,365,345,1.0579710144927537,18,PC-3425,94.52054794520548,40,0,8.493150684931507,0,365,2010-01-04 13:03:37,2011-05-13 17:04:57
DTAA/AFO0022,11.50004105090312,3.2322488739184596,16.580377668308703,3.620763853915504,5.493890941434045,10.290833333333333,0.009722222222222222,2.55173056547652,406,348,1.1666666666666667,25,PC-2218,93.10344827586206,56,21,24.63054187192118,2,404,2010-01-04 13:07:07,2011-05-13 17:44:23
DTAA/AFR0646,8.240048309178745,0.09097251756123216,18.275458937198067,0.06926844341215642,10.034995169082125,10.308055555555555,9.758611111111112,0.11367054593959523,345,345,1.0,1,PC-0323,100.0,0,0,0.0,0,345,2010-01-04 08:11:41,2011-05-13 18:12:20
DTAA/AGB0091,7.492946859903383,0.09371484910682511,16.526618357487923,0.07190534609046746,9.033631239935588,9.31611111111111,8.766666666666667,0.11757752357461985,345,345,1.0,1,PC-1512,100.0,0,0,100.0,0,345,2010-01-04 07:26:58,2011-05-13 16:37:51
DTAA/AGF0088,7.98584541062802,0.10147555712660182,18.036183574879228,0.07300816598498112,10.050393719806763,10.305833333333334,9.777222222222223,0.12355784125639209,345,345,1.0,1,PC-3721,100.0,0,0,54.78260869565217,0,345,2010-01-04 07:52:44,2011-05-13 17:59:21
DTAA/AGG0562,8.991690821256038,0.08686438238131712,17.03222222222222,0.07349626602572648,8.041072463768117,8.316944444444445,7.7652777777777775,0.11893357310992007,345,345,1.0,1,PC-0473,100.0,0,0,0.0,0,345,2010-01-04 09:08:04,2011-05-13 17:02:38
DTAA/AGW0182,11.5125,2.865067686957268,16.03184027777778,3.2690392258181538,4.819043402777778,10.306944444444444,0.010277777777777778,3.181471581924982,480,346,1.3872832369942196,66,PC-4531,75.41666666666667,231,6,21.458333333333332,1,479,2010-01-04 12:35:11,2011-05-13 17:33:39
DTAA/AHD0147,7.9974879227053135,0.09419591333759154,17.028502415458938,0.07184927212126295,9.030983091787439,9.318888888888889,8.774444444444445,0.11793464864440042,345,345,1.0,1,PC-2753,100.0,0,0,46.666666666666664,0,345,2010-01-04 07:52:14,2011-05-13 17:07:09
DTAA/AHS0926,7.996135265700484,0.09683896564695921,18.032270531400965,0.07195922966773889,10.036194041867956,10.321111111111112,9.768888888888888,0.12170274065484983,345,345,1.0,1,PC-0459,100.0,0,0,48.69565217391305,0,345,2010-01-04 07:59:26,2011-05-13 18:07:29
DTAA/AHV0103,12.356666666666664,2.1619662042263874,17.779227053140097,0.07301451336988331,5.423227053140097,9.292222222222222,2.838611111111111,2.1675127661577083,345,345,1.0,1,PC-0201,100.0,0,0,0.0,0,345,2010-01-04 12:32:29,2011-05-13 17:49:09
DTAA/AIB0797,11.921641156462584,3.579832652240333,17.98873299319728,4.661984761270295,6.6181462585034,11.283333333333333,0.07972222222222222,2.4842872023105547,392,348,1.1264367816091954,1,PC-4147,100.0,0,32,11.989795918367346,3,389,2010-01-04 14:15:37,2011-05-14 06:11:32
DTAA/AIC0321,7.996763285024154,0.09573422751212149,16.03526570048309,0.07188493397725221,8.03807890499195,8.299722222222222,7.768055555555556,0.11762705576039674,345,345,1.0,1,PC-4887,100.0,0,0,47.2463768115942,0,345,2010-01-04 08:02:10,2011-05-13 16:00:19
DTAA/AID0577,7.492415458937198,0.09446723325184965,17.529806763285023,0.07346377593966712,10.03694041867955,10.280277777777778,9.771666666666667,0.11434438412873371,345,345,1.0,1,PC-0425,100.0,0,0,100.0,0,345,2010-01-04 07:24:28,2011-05-13 17:25:22
DTAA/AJA0220,11.378341194968552,3.8377715219553976,14.8437106918239,4.369620270970694,4.823413915094339,11.366666666666667,0.08166666666666667,2.34240867010661,424,353,1.2011331444759208,18,PC-3872,95.75471698113208,36,29,29.009433962264154,6,418,2010-01-04 11:45:54,2011-05-13 16:32:25
DTAA/AJB0016,13.06201095461659,2.3449508765031832,19.752895148669793,2.522421176539744,6.691141105894627,12.300277777777778,0.0011111111111111111,3.453322584096608,426,345,1.2347826086956522,56,PC-1116,80.98591549295774,154,0,3.051643192488263,0,426,2010-01-04 08:49:29,2011-05-13 20:42:14
DTAA/AJB0370,11.17797783933518,2.1146535932063735,16.34376731301939,0.9868012120615399,5.16565866420437,9.283888888888889,0.04111111111111111,2.288192672504437,361,345,1.046376811594203,17,PC-0054,95.56786703601108,32,0,22.160664819944596,0,361,2010-01-04 07:33:19,2011-05-13 16:28:43
DTAA/AJC0203,8.745314009661836,0.09836242973903489,18.78159420289855,0.06882553096828187,10.036280998389694,10.32638888888889,9.760555555555555,0.12042432406383934,345,345,1.0,1,PC-1144,100.0,0,0,0.0,0,345,2010-01-04 08:37:30,2011-05-13 18:51:00
DTAA/AJC0266,12.318849206349206,2.016964612010136,15.836666666666666,1.7574939367412659,3.517449074074074,8.312222222222223,0.0016666666666666668,2.277632514758732,420,345,1.2173913043478262,55,PC-4661,82.14285714285714,148,0,0.0,0,420,2010-01-04 08:36:54,2011-05-13 16:31:39
DTAA/AJC0399,13.144444444444446,3.3249210667473146,15.502,4.217854015075972,3.9566259259259264,10.374444444444444,0.06333333333333334,2.857090001961276,75,49,1.530612244897959,20,PC-1746,74.66666666666667,36,1,9.333333333333334,0,75,2010-01-04 14:21:29,2010-03-11 17:53:15
DTAA/AJM0302,7.743091787439614,0.09290794331175242,15.779275362318838,0.07060524051913804,8.03607004830918,8.30861111111111,7.763888888888889,0.11550065183932898,345,345,1.0,1,PC-3902,100.0,0,0,100.0,0,345,2010-01-04 07:47:12,2011-05-13 15:43:49
DTAA/AJN0804,11.924278499278499,2.349452205374803,17.377417027417028,2.864971141742314,5.453330327080327,11.319166666666666,0.006666666666666667,3.3706112452090276,462,345,1.3391304347826087,71,PC-0585,74.67532467532467,225,0,14.71861471861472,0,462,2010-01-04 07:38:41,2011-05-13 18:46:55
DTAA/AJP0553,9.462871674491392,3.4459231299815993,17.224647887323943,4.119667344100945,8.493718049034952,10.313888888888888,0.001388888888888889,3.3701996540587675,426,348,1.2241379310344827,39,PC-1270,90.84507042253522,78,23,10.7981220657277,3,423,2010-01-04 08:54:23,2011-05-13 22:48:47
DTAA/AJS0917,6.4916908212560385,0.09796973770149145,16.535555555555554,0.07115389539806431,10.044000805152978,10.327777777777778,9.760555555555555,0.12291703619440858,345,345,1.0,1,PC-2082,100.0,0,0,100.0,0,345,2010-01-04 06:27:17,2011-05-13 16:36:48
DTAA/AJS0978,8.498019323671498,0.0981668523059598,17.533768115942028,0.07377753294905237,9.03549114331723,9.323333333333334,8.759444444444444,0.12465124640907888,345,345,1.0,1,PC-1738,100.0,0,0,0.0,0,345,2010-01-04 08:34:58,2011-05-13 17:31:39
DTAA/AKA0033,6.744057971014493,0.0955364791679827,16.786328502415458,0.07175842541068782,10.041936392914653,10.307222222222222,9.758611111111112,0.11742627897102251,345,345,1.0,1,PC-2020,100.0,0,0,100.0,0,345,2010-01-04 06:39:58,2011-05-13 16:49:37
DTAA/AKH0067,7.497826086956522,0.09822031688119201,15.536328502415458,0.07220714023298126,8.039352657004832,8.304444444444444,7.759722222222222,0.1216014102611711,345,345,1.0,1,PC-2396,100.0,0,0,100.0,0,345,2010-01-04 07:21:06,2011-05-13 15:33:36
DTAA/AKM0969,7.991932367149757,0.09777136389836748,16.031545893719805,0.07434594156929202,8.040236714975846,8.318333333333333,7.765,0.12094777379877808,345,345,1.0,1,PC-0691,100.0,0,0,50.43478260869565,0,345,2010-01-04 07:59:39,2011-05-13 16:05:23
DTAA/AKP0173,7.241787439613527,0.09360284266217332,15.279178743961353,0.07362303110887325,8.03647342995169,8.317222222222222,7.772222222222222,0.1190453632955513,345,345,1.0,1,PC-2876,100.0,0,0,100.0,0,345,2010-01-04 07:24:22,2011-05-13 15:23:16
DTAA/AKS0283,12.479148471615723,3.5500690970059985,16.923034934497817,4.226725729182391,4.914726467734109,10.2925,0.01138888888888889,2.7750919203561044,458,352,1.3011363636363635,45,PC-3049,85.1528384279476,133,24,9.82532751091703,7,451,2010-01-04 14:25:31,2011-05-13 18:41:55
DTAA/AKW0582,12.278776041666667,3.4451910928113594,15.487934027777778,3.6278832195593314,3.958884548611111,8.268611111111111,0.024444444444444446,2.067739370345878,384,347,1.106628242074928,1,PC-0891,100.0,0,21,10.15625,2,382,2010-01-04 13:13:46,2011-05-13 16:32:30
DTAA/ALC0244,7.740096618357487,0.09699618225273705,16.77946859903382,0.07001896934835951,9.039427536231884,9.322222222222223,8.773055555555555,0.12040444068857102,345,345,1.0,1,PC-3992,100.0,0,0,100.0,0,345,2010-01-04 07:38:32,2011-05-13 16:45:10
DTAA/ALK0520,12.155516705516705,2.2023830960362587,17.971522921522922,2.4901186569219425,5.815894198394197,11.273888888888889,0.0002777777777777778,3.1835678661493354,429,345,1.2434782608695651,64,PC-3889,80.41958041958041,163,0,7.459207459207459,0,429,2010-01-04 13:27:18,2011-05-13 19:00:58
DTAA/ALL0155,8.492463768115943,0.1004811618188348,19.536183574879228,0.0708413706391301,11.043330917874396,11.32,10.768333333333333,0.12792086711940026,345,345,1.0,1,PC-2670,100.0,0,0,0.0,0,345,2010-01-04 08:32:16,2011-05-13 19:38:36
DTAA/ALN0201,7.4976811594202895,0.0920504726659873,18.535797101449276,0.06897330348505239,11.038024959742351,11.3125,10.767222222222221,0.1191812193099085,345,345,1.0,1,PC-4853,100.0,0,0,100.0,0,345,2010-01-04 07:23:40,2011-05-13 18:32:02
DTAA/ALS0087,7.995652173913044,0.09091713357198641,17.031400966183575,0.07262253699920362,9.035829307568438,9.304166666666667,8.800277777777778,0.11555292818971664,345,345,1.0,1,PC-2643,100.0,0,0,46.08695652173913,0,345,2010-01-04 07:56:53,2011-05-13 17:08:41
DTAA/ALW0250,7.743043478260869,0.09321237166149454,17.775072463768115,0.07362128257473956,10.032553140096619,10.313333333333333,9.764166666666666,0.11631966993876192,345,345,1.0,1,PC-3904,100.0,0,0,100.0,0,345,2010-01-04 07:46:48,2011-05-13 17:42:16
DTAA/ALW0694,11.054541062801933,2.0109564209778057,16.28526570048309,0.07258917218814656,5.230999999999999,9.301111111111112,2.952777777777778,2.011566533124632,345,345,1.0,1,PC-0415,100.0,0,0,20.0,0,345,2010-01-04 11:36:59,2011-05-13 16:17:32
DTAA/ALW0834,12.575942028985509,1.952350077087349,17.787536231884058,0.0716131316495019,5.211277777777778,9.325555555555555,2.9133333333333336,1.9510078382314755,345,345,1.0,1,PC-0557,100.0,0,0,0.0,0,345,2010-01-04 14:12:00,2011-05-13 17:45:54
DTAA/AMA0191,11.116266666666665,3.3068076471441357,18.19537777777778,4.036815238619013,7.654937037037037,12.299166666666666,0.044444444444444446,2.460933600922741,375,349,1.0744985673352436,1,PC-4736,100.0,0,18,24.0,4,371,2010-01-04 13:17:22,2011-05-13 19:20:38
DTAA/AMA0606,7.528958333333333,1.5483607265432469,15.383874999999998,1.7865019160370073,7.855440277777777,9.309722222222222,0.009166666666666667,2.9745957892004284,400,345,1.1594202898550725,41,PC-1514,86.25,110,0,87.75,0,400,2010-01-04 06:56:46,2011-05-13 16:06:56
DTAA/AMD0432,8.73536231884058,0.09748487160062216,17.781352657004835,0.0728820656344432,9.045944444444444,9.320833333333333,8.762222222222222,0.11814123353978755,345,345,1.0,1,PC-2555,100.0,0,0,0.0,0,345,2010-01-04 08:54:02,2011-05-13 17:53:22
DTAA/AMH0101,7.992222222222222,0.09072751226326821,18.03391304347826,0.07333191621635311,10.04233574879227,10.3225,9.778888888888888,0.12044689812518473,345,345,1.0,1,PC-2735,100.0,0,0,49.85507246376812,0,345,2010-01-04 08:04:04,2011-05-13 18:03:34
DTAA/AMM0340,11.354057971014495,2.100221385337895,18.784299516908213,0.07503681579015808,7.43023349436393,11.320833333333333,4.979722222222223,2.103985223319086,345,345,1.0,1,PC-0831,100.0,0,0,23.47826086956522,0,345,2010-01-04 11:19:53,2011-05-13 18:46:17
DTAA/AMM0661,7.740531400966183,0.09500887893433145,17.789420289855073,0.07291449392496889,10.04911272141707,10.321388888888889,9.762777777777778,0.11489136615357858,345,345,1.0,1,PC-1628,100.0,0,0,100.0,0,345,2010-01-04 07:45:12,2011-05-13 17:47:24
DTAA/AMM0830,7.995265700483091,0.09628165407391216,17.02400966183575,0.07301989859710885,9.029606280193237,9.304444444444444,8.779444444444444,0.11790325132974601,345,345,1.0,1,PC-2202,100.0,0,0,45.21739130434783,0,345,2010-01-04 07:55:01,2011-05-13 17:00:28
DTAA/AMS0897,11.664541062801932,1.9269349960519813,17.780531400966183,0.07344561345505914,6.116280998389692,10.326666666666666,3.8919444444444444,1.9332436377448092,345,345,1.0,1,PC-0508,100.0,0,0,17.391304347826086,0,345,2010-01-04 11:24:48,2011-05-13 17:49:53
DTAA/ANC0012,12.551256038647344,1.997219490111836,20.78086956521739,0.07263420300625809,8.22937117552335,12.293333333333333,5.924722222222222,1.9957580004064084,345,345,1.0,1,PC-0964,100.0,0,0,0.0,0,345,2010-01-04 13:17:49,2011-05-13 20:48:42
DTAA/ANS0172,7.4964251207729475,0.09487057490128002,18.53352657004831,0.07448115984045393,11.037562801932367,11.316944444444445,10.765833333333333,0.12435789751333855,345,345,1.0,1,PC-2718,100.0,0,0,100.0,0,345,2010-01-04 07:36:09,2011-05-13 18:39:12
DTAA/ANW0351,8.73951690821256,0.09641720578718518,17.781835748792272,0.0746666498647804,9.041927536231885,9.311388888888889,8.76388888888889,0.11968786576964151,345,345,1.0,1,PC-0593,100.0,0,0,0.0,0,345,2010-01-04 08:41:43,2011-05-13 17:49:46
DTAA/AOC0511,7.999227053140096,0.09296672345038767,17.037391304347825,0.06813752804280024,9.037615136876004,9.310277777777777,8.758888888888889,0.1164497584932058,345,345,1.0,1,PC-0354,100.0,0,0,46.666666666666664,0,345,2010-01-04 08:07:06,2011-05-13 17:05:20
DTAA/APC0769,7.995845410628019,0.09373357874632497,16.04038647342995,0.0723264568050151,8.04442190016103,8.322222222222223,7.779166666666667,0.11494656791773272,345,345,1.0,1,PC-0530,100.0,0,0,47.82608695652174,0,345,2010-01-04 07:54:03,2011-05-13 16:01:34
DTAA/AQG0678,11.760109289617485,1.986144103368046,15.669672131147538,1.3150956844619217,3.90971766848816,8.185,0.12277777777777778,2.1918268506778125,122,112,1.0892857142857142,11,PC-1127,91.80327868852459,20,0,10.655737704918032,0,122,2010-01-04 13:07:20,2010-06-10 16:06:53
DTAA/ARB0050,8.747971014492753,0.09859677198977526,19.779951690821257,0.07318981012021969,11.031933172302738,11.315555555555555,10.763333333333334,0.12411120407032186,345,345,1.0,1,PC-0115,100.0,0,0,0.0,0,345,2010-01-04 08:36:28,2011-05-13 19:41:27
DTAA/ARB0100,7.493608652900687,0.09769763888065312,16.53362831858407,0.07210267013449702,9.04009013438217,9.325833333333334,8.77,0.11556258859353497,339,339,1.0,1,PC-4584,100.0,0,0,100.0,0,339,2010-01-04 07:27:19,2011-05-05 16:37:31
DTAA/ARC0677,12.942686682063124,2.447286677296752,19.77609699769053,2.8873257850698697,6.833599563767,12.298055555555555,0.010555555555555556,3.671930544634604,433,345,1.2550724637681159,61,PC-0465,79.67667436489607,173,0,2.771362586605081,0,433,2010-01-04 14:42:53,2011-05-13 21:07:08
DTAA/ARF0269,7.984685990338164,0.09776956844744249,16.02719806763285,0.06936315880835216,8.042366344605474,8.302777777777777,7.773611111111111,0.12233765592127738,345,345,1.0,1,PC-0376,100.0,0,0,52.17391304347826,0,345,2010-01-04 07:53:52,2011-05-13 15:59:57
DTAA/ARG0405,8.490628019323673,0.09676164033080811,20.532657004830916,0.07334209714666658,12.041607890499195,12.308055555555555,11.763333333333334,0.12362618179042521,345,345,1.0,1,PC-3289,100.0,0,0,0.0,0,345,2010-01-04 08:27:34,2011-05-13 20:28:03
DTAA/ARK0026,8.088623595505616,0.6626375500296443,17.83665730337079,1.1567596936950497,9.748259207240949,10.303888888888888,0.010555555555555556,1.6427729060151477,356,345,1.0318840579710145,12,PC-2707,96.91011235955057,22,0,48.03370786516854,0,356,2010-01-04 07:55:32,2011-05-13 18:09:19
DTAA/ARM0416,11.689371980676329,1.9992767002302196,15.781449275362318,0.07355735308442901,4.092223027375201,8.308333333333334,1.8472222222222223,1.9959495873828248,345,345,1.0,1,PC-1249,100.0,0,0,18.55072463768116,0,345,2010-01-04 12:10:08,2011-05-13 15:40:45
DTAA/ARP0948,7.995748792270532,0.09140887651679681,17.028067632850238,0.07015211829949361,9.032390499194847,9.309166666666666,8.7575,0.1156950206312425,345,345,1.0,1,PC-4291,100.0,0,0,46.3768115942029,0,345,2010-01-04 08:05:33,2011-05-13 16:59:37
DTAA/ARR0758,8.482850241545894,0.09796751584558885,19.534589371980676,0.0716862724427953,11.051770531400965,11.311388888888889,10.790833333333333,0.12016841130036963,345,345,1.0,1,PC-2652,100.0,0,0,0.0,0,345,2010-01-04 08:23:17,2011-05-13 19:39:10
DTAA/ARR0878,7.988019323671498,0.0980335049917244,16.03183574879227,0.07374167546388512,8.044529790660226,8.305555555555555,7.766666666666667,0.12282766182199772,345,345,1.0,1,PC-0266,100.0,0,0,49.85507246376812,0,345,2010-01-04 07:58:00,2011-05-13 15:55:42
DTAA/ARR0977,11.93954475308642,2.1817594082640244,17.018942901234567,2.3455242989575433,5.079827674897119,10.298055555555555,0.010277777777777778,2.9373238749193304,432,345,1.2521739130434784,61,PC-1074,79.86111111111111,165,0,9.722222222222223,0,432,2010-01-04 13:22:38,2011-05-13 18:07:38
DTAA/ARS0993,11.589217330538085,6.630742104628168,12.995904961565339,6.745220502644336,1.769133240158398,10.320277777777777,0.008611111111111111,3.401072464132153,2385,345,6.913043478260869,856,PC-3965,14.507337526205449,2382,496,63.9832285115304,0,2385,2010-01-04 06:46:51,2011-05-13 23:46:33
DTAA/ARW0541,8.737246376811596,0.09949802388825459,17.77903381642512,0.07255956621280703,9.04166183574879,9.318888888888889,8.759166666666667,0.125731997452171,345,345,1.0,1,PC-2488,100.0,0,0,0.0,0,345,2010-01-04 08:45:58,2011-05-13 17:52:03
DTAA/ASC0132,8.311278195488722,1.7086253770948652,16.20417710944027,1.711110305225665,7.892666388192704,9.326666666666666,0.006388888888888889,2.938366965734704,399,345,1.1565217391304348,44,PC-2960,86.46616541353383,108,0,86.71679197994987,0,399,2010-01-04 07:54:01,2011-05-13 16:45:06
DTAA/ASO0023,11.44873188405797,3.6042539500604813,14.116630434782607,3.8487693221629637,3.8163140096618355,12.597222222222221,0.02277777777777778,2.457862850605203,460,347,1.3256484149855907,45,PC-3990,86.52173913043478,122,23,27.608695652173914,2,458,2010-01-04 12:08:19,2011-05-13 15:48:03
DTAA/ASP0799,7.746280193236713,0.10158551887920533,15.785845410628019,0.0722256141555686,8.039424315619968,8.320277777777777,7.770555555555555,0.12317635342953663,345,345,1.0,1,PC-0560,100.0,0,0,100.0,0,345,2010-01-04 07:53:18,2011-05-13 15:51:08
DTAA/ASR0539,7.987536231884057,0.09583990906646649,17.03048309178744,0.07314076937968184,9.043421095008052,9.319722222222222,8.769166666666667,0.12313231328078107,345,345,1.0,1,PC-3622,100.0,0,0,50.14492753623189,0,345,2010-01-04 07:50:24,2011-05-13 17:05:57
DTAA/ASS0824,7.999468599033817,0.09665200234334839,19.03589371980676,0.0706584593000103,11.036057971014491,11.319444444444445,10.76388888888889,0.12271575443969286,345,345,1.0,1,PC-4842,100.0,0,0,45.79710144927536,0,345,2010-01-04 07:51:17,2011-05-13 19:00:24
DTAA/ASV0049,12.00678391959799,2.2737212508457088,17.69175041876047,1.7824818250753263,5.684654522613066,10.286388888888888,0.016666666666666666,2.836279992348479,398,345,1.153623188405797,42,PC-2492,86.68341708542714,105,0,0.0,0,398,2010-01-04 10:03:31,2011-05-13 18:14:17
DTAA/ATJ0284,7.768518518518518,1.2173561864368558,16.61367521367521,1.6118951904531835,8.91298116492561,9.315,0.115,1.0347875150195553,351,346,1.0144508670520231,1,PC-4337,100.0,0,4,100.0,1,350,2010-01-04 07:39:16,2011-05-13 16:44:32
DTAA/AUM0365,11.570572207084467,2.1624913965686283,16.738919164396002,1.3197025756225165,5.168174386920981,9.319166666666666,0.021388888888888888,2.3955043716960223,367,345,1.063768115942029,20,PC-0338,94.00544959128065,43,0,11.1716621253406,0,367,2010-01-04 12:43:19,2011-05-13 17:01:18
DTAA/AWB0828,8.246328502415459,0.096453830327588,16.27951690821256,0.07678175420323977,8.0334307568438,8.301666666666666,7.766388888888889,0.1296417475283871,345,345,1.0,1,PC-4154,100.0,0,0,0.0,0,345,2010-01-04 08:17:41,2011-05-13 16:24:27
DTAA/AXB0007,8.490772946859904,0.09833587062738904,17.536763285024158,0.0727726340792401,9.046175523349437,9.321666666666667,8.758055555555556,0.12577330553339428,345,345,1.0,1,PC-4306,100.0,0,0,0.0,0,345,2010-01-04 08:23:18,2011-05-13 17:25:22
DTAA/AZC0030,8.347894265232975,1.3844759950766081,16.770206093189962,1.1371606478253076,8.421742831541218,9.303888888888888,0.052222222222222225,2.2051307227763957,372,345,1.0782608695652174,26,PC-4724,92.74193548387096,54,0,43.27956989247312,0,372,2010-01-04 07:59:00,2011-05-13 16:55:31
DTAA/AZS0738,7.991352657004832,0.09770512583879282,17.036859903381643,0.06852752718834058,9.045901771336553,9.306666666666667,8.770833333333334,0.12238238644862084,345,345,1.0,1,PC-0744,100.0,0,0,50.72463768115942,0,345,2010-01-04 08:01:23,2011-05-13 17:07:08
DTAA/BAB0505,7.738792270531401,0.09745629613238906,16.781642512077294,0.07163786871467624,9.042804347826086,9.319166666666666,8.767222222222221,0.11998965900475964,345,345,1.0,1,PC-0939,100.0,0,0,100.0,0,345,2010-01-04 07:35:46,2011-05-13 16:50:49
DTAA/BAE0444,7.995410628019324,0.09252086406445663,17.040531400966184,0.06970226267928227,9.045522544283413,9.313888888888888,8.793888888888889,0.11851435030107603,345,345,1.0,1,PC-3270,100.0,0,0,48.40579710144928,0,345,2010-01-04 07:55:52,2011-05-13 17:07:20
DTAA/BAF0379,9.010689655172413,3.16198923441702,15.786283524904213,3.791413697450382,7.493236909323117,9.543888888888889,0.011111111111111112,3.1847691126954687,435,348,1.25,40,PC-3645,88.04597701149424,104,20,8.735632183908045,3,432,2010-01-04 08:12:29,2011-05-13 17:18:55
DTAA/BAH0774,7.988888888888888,0.10047797055450917,17.03966183574879,0.07511435065464375,9.05113043478261,9.321666666666667,8.765833333333333,0.11974492574847204,345,345,1.0,1,PC-4573,100.0,0,0,50.43478260869565,0,345,2010-01-04 07:52:49,2011-05-13 16:57:11
DTAA/BAK0787,8.741594202898552,0.0929275660094219,17.783381642512076,0.07236430934289456,9.042237520128824,9.311111111111112,8.773333333333333,0.1205764722459519,345,345,1.0,1,PC-0433,100.0,0,0,0.0,0,345,2010-01-04 08:52:26,2011-05-13 17:41:57
DTAA/BAM0466,8.374653739612189,1.8100994307537759,19.88240997229917,0.8393380383176636,11.50805324715297,12.296944444444444,0.0825,2.4417280195917823,361,345,1.046376811594203,17,PC-3011,95.56786703601108,32,0,45.15235457063712,0,361,2010-01-04 07:58:16,2011-05-13 20:05:19
DTAA/BBH0313,7.986763285024154,0.09489721594350606,17.03415458937198,0.07105336504218704,9.047164251207729,9.316666666666666,8.766111111111112,0.12463063157002753,345,345,1.0,1,PC-0316,100.0,0,0,52.7536231884058,0,345,2010-01-04 08:09:39,2011-05-13 17:01:02
DTAA/BBM0499,8.851367890568753,2.298587003645811,16.47649388048956,2.5704133967526266,7.624652027837773,10.323611111111111,0.006666666666666667,4.144233945160775,463,345,1.3420289855072465,63,PC-4683,74.51403887688986,236,0,75.16198704103671,0,463,2010-01-04 07:45:33,2011-05-13 17:40:32
DTAA/BBP0623,7.9914975845410625,0.09549871854038991,18.031304347826087,0.07271990038442011,10.040239130434783,10.328888888888889,9.761944444444444,0.11722802313690633,345,345,1.0,1,PC-3160,100.0,0,0,49.275362318840585,0,345,2010-01-04 07:58:11,2011-05-13 17:59:17
DTAA/BCB0013,8.24512077294686,0.0961694975436534,16.28782608695652,0.07495654660011956,8.042471819645733,8.327222222222222,7.764722222222222,0.1226130861150748,345,345,1.0,1,PC-1377,100.0,0,0,0.0,0,345,2010-01-04 08:23:10,2011-05-13 16:24:41
DTAA/BCG0303,6.990386473429952,0.09800255796094104,15.032995169082126,0.07275304438681922,8.042768921095009,8.3075,7.774166666666667,0.11946776619533504,345,345,1.0,1,PC-3363,100.0,0,0,100.0,0,345,2010-01-04 06:59:56,2011-05-13 14:55:58
DTAA/BCG0692,6.989903381642513,0.09510121599512218,16.02792270531401,0.07369471704827539,9.038442028985507,9.316944444444445,8.7725,0.12390614394543711,345,345,1.0,1,PC-3524,100.0,0,0,100.0,0,345,2010-01-04 06:52:49,2011-05-13 15:55:20
DTAA/BCH0912,8.74777777777778,0.09494603843937681,18.784782608695654,0.07267827200209893,10.036726247987117,10.328333333333333,9.776666666666667,0.1191652023721648,345,345,1.0,1,PC-2485,100.0,0,0,0.0,0,345,2010-01-04 08:52:18,2011-05-13 18:54:10
DTAA/BCJ0800,8.525516621743037,1.2873111376483004,17.90943396226415,1.5378193123035937,9.3838244983528,10.312777777777777,0.02,2.427771995704416,371,345,1.0753623188405796,24,PC-2703,92.99191374663073,52,0,0.0,0,371,2010-01-04 08:06:41,2011-05-13 18:12:05
DTAA/BCM0558,11.826328502415459,1.9388666427015366,16.03676328502415,0.07026613081028471,4.210809983896941,8.30861111111111,1.8702777777777777,1.940626070362072,345,345,1.0,1,PC-3916,100.0,0,0,9.27536231884058,0,345,2010-01-04 11:56:08,2011-05-13 16:04:42
DTAA/BCM0899,9.247729468599035,0.0950851188671585,19.279903381642512,0.07105464972523029,10.031832528180354,10.306111111111111,9.774722222222222,0.11941317626483947,345,345,1.0,1,PC-3412,100.0,0,0,0.0,0,345,2010-01-04 09:22:08,2011-05-13 19:12:48
DTAA/BCR0547,7.492753623188406,0.0935793347902545,16.53231884057971,0.06991667324478644,9.039643317230274,9.305555555555555,8.769166666666667,0.11550185462019161,345,345,1.0,1,PC-1588,100.0,0,0,100.0,0,345,2010-01-04 07:35:35,2011-05-13 16:38:23
DTAA/BCS0374,8.989903381642513,0.09357763399174242,20.034251207729465,0.07173082592744563,11.04494847020934,11.306944444444444,10.754444444444445,0.11708785456572264,345,345,1.0,1,PC-1028,100.0,0,0,0.0,0,345,2010-01-04 09:08:11,2011-05-13 20:07:08
DTAA/BCV0109,6.73830917874396,0.09884772694842346,15.778115942028982,0.06982693228158543,9.040174718196457,9.321388888888889,8.767777777777777,0.11791379476060723,345,345,1.0,1,PC-0023,100.0,0,0,100.0,0,345,2010-01-04 06:50:34,2011-05-13 15:40:47
DTAA/BCW0386,9.49487922705314,0.09622825555604486,17.52927536231884,0.07213267806326923,8.034349436392915,8.310555555555556,7.759444444444444,0.12113817730795605,345,345,1.0,1,PC-4381,100.0,0,0,0.0,0,345,2010-01-04 09:25:29,2011-05-13 17:27:06
DTAA/BDH0038,11.479397590361446,1.979621226354463,15.141084337349398,1.6538057014120524,3.6616633199464528,8.308055555555555,0.03166666666666667,2.294625304265083,415,345,1.2028985507246377,49,PC-0877,83.13253012048193,138,0,16.626506024096386,0,415,2010-01-04 13:37:48,2011-05-13 15:44:49
DTAA/BDI0634,8.742753623188406,0.0982764198090479,18.781497584541064,0.07212297545934868,10.038563607085345,10.3175,9.758888888888889,0.12152662874147177,345,345,1.0,1,PC-4076,100.0,0,0,0.0,0,345,2010-01-04 08:52:55,2011-05-13 18:46:56
DTAA/BFO0438,6.99328502415459,0.09662003144263864,17.036666666666665,0.07059181350813226,10.043179549114333,10.304444444444444,9.774722222222222,0.11884645890667868,345,345,1.0,1,PC-4057,100.0,0,0,100.0,0,345,2010-01-04 07:04:11,2011-05-13 16:56:48
DTAA/BFO0974,7.219545454545456,3.5535095996028305,16.419545454545453,4.320959078168111,10.073694444444444,11.273333333333333,0.06388888888888888,2.8865779967566656,110,98,1.1224489795918366,1,PC-2099,100.0,0,7,100.0,0,110,2010-01-04 06:37:06,2010-05-20 17:54:49
DTAA/BFV0911,7.481932367149759,0.09321525926471097,16.537439613526573,0.06996479579769371,9.055311594202898,9.298055555555555,8.766111111111112,0.11018472307880325,345,345,1.0,1,PC-1532,100.0,0,0,100.0,0,345,2010-01-04 07:23:12,2011-05-13 16:28:09
DTAA/BGF0236,12.448357487922706,1.8905660171945682,16.531980676328505,0.07261344781653596,4.084132850241546,8.323611111111111,1.9208333333333334,1.8899270798667696,345,345,1.0,1,PC-1848,100.0,0,0,0.0,0,345,2010-01-04 13:24:55,2011-05-13 16:34:56
DTAA/BGN0054,7.981690821256039,0.09612421844120302,15.032222222222222,0.07069621170684157,7.050338164251208,7.315555555555555,6.7636111111111115,0.11719291218304391,345,345,1.0,1,PC-0553,100.0,0,0,55.65217391304348,0,345,2010-01-04 08:01:40,2011-05-13 15:05:31
DTAA/BGV0046,11.610720720720723,2.1677463969557613,16.66189189189189,1.5387006998588728,5.05087912912913,9.301388888888889,0.08666666666666667,2.453895126370326,370,345,1.0724637681159421,26,PC-3080,93.24324324324324,50,0,11.081081081081082,0,370,2010-01-04 12:56:35,2011-05-13 17:02:25
DTAA/BGW0009,8.994915254237286,0.10564771201727023,17.02994350282486,0.06600096227506935,8.035494350282486,8.26,7.826944444444444,0.10209052438764364,59,59,1.0,1,PC-0292,100.0,0,0,0.0,0,59,2010-01-04 09:06:35,2010-03-25 17:08:10
DTAA/BHH0460,8.753309692671396,0.09886699134094071,18.77872340425532,0.0721579611756503,10.026672576832151,10.305833333333334,9.821388888888889,0.11807035606609853,141,141,1.0,1,PC-2630,100.0,0,0,0.0,0,141,2010-01-04 08:38:35,2010-07-22 18:42:01
DTAA/BIM0736,7.738743961352656,0.09652238204454994,18.78415458937198,0.06922281226649096,11.046148148148147,11.321944444444444,10.786111111111111,0.11746568497691323,345,345,1.0,1,PC-2520,100.0,0,0,100.0,0,345,2010-01-04 07:42:42,2011-05-13 18:45:09
DTAA/BIR0534,11.687851997380484,3.458455835785438,14.753700065487884,4.0199698298677315,4.009410609037327,10.563055555555556,0.021111111111111112,2.6606831519354546,509,351,1.4501424501424502,63,PC-1834,77.79960707269156,220,25,22.98624754420432,5,504,2010-01-04 12:34:34,2011-05-14 05:01:17
DTAA/BJC0569,10.686908212560388,2.098602210981297,16.034830917874395,0.07551617430297894,5.3484742351046695,9.281944444444445,2.894722222222222,2.096647019717167,345,345,1.0,1,PC-2588,100.0,0,0,22.608695652173914,0,345,2010-01-04 06:51:25,2011-05-13 16:08:20
DTAA/BJM0311,8.236811594202898,0.09692866590154031,18.27705314009662,0.0710809312186347,10.040460547504027,10.31611111111111,9.775555555555556,0.1217288256159829,345,345,1.0,1,PC-2790,100.0,0,0,0.0,0,345,2010-01-04 08:19:42,2011-05-13 18:13:47
DTAA/BJM0992,11.40812610409023,6.567539242024265,12.435908411468949,6.7375051720091275,1.4583341260134983,8.3075,0.008333333333333333,2.673671397648615,2453,345,7.110144927536232,866,PC-2364,14.145943742356298,2452,539,49.123522217692624,0,2453,2010-01-04 01:57:30,2011-05-13 23:29:54
DTAA/BKH0156,8.992995169082127,0.09700812608736442,18.03217391304348,0.07240521311319958,9.03942431561997,9.317777777777778,8.768333333333333,0.12136987451933426,345,345,1.0,1,PC-1500,100.0,0,0,0.0,0,345,2010-01-04 09:07:08,2011-05-13 18:03:02
DTAA/BKM0116,11.79591121495327,2.0735448798826903,16.83177570093458,2.222104706025254,5.036184449636552,10.331666666666667,0.005,2.8454133302133093,428,345,1.2405797101449276,62,PC-3391,80.60747663551402,163,0,14.953271028037381,0,428,2010-01-04 09:59:24,2011-05-13 17:50:33
DTAA/BLB0079,11.47315668202765,2.0455364562679197,14.890706605222734,1.975198261667529,3.417837301587302,8.310555555555556,0.0,2.3698078995359526,434,345,1.2579710144927536,62,PC-1320,79.49308755760369,174,0,16.129032258064516,0,434,2010-01-04 13:13:10,2011-05-13 15:46:27
DTAA/BLS0098,8.319982316534041,1.3043911334415317,17.52550839964633,1.8211161876810245,9.205277040966696,10.310555555555556,0.050555555555555555,2.7604201359315277,377,345,1.0927536231884059,32,PC-1776,91.51193633952255,64,0,43.76657824933687,0,377,2010-01-04 07:58:11,2011-05-13 18:09:07
DTAA/BMK0943,12.658840579710143,1.9494106332970358,18.775797101449278,0.07083311029128807,6.117296296296296,10.255277777777778,3.8466666666666667,1.9523964962905533,345,345,1.0,1,PC-3319,100.0,0,0,0.0,0,345,2010-01-04 13:24:10,2011-05-13 18:42:40
DTAA/BML0618,7.4914975845410625,0.09691717112769063,19.529130434782605,0.07570225099379434,12.037248792270534,12.321388888888889,11.766666666666667,0.12353952272182965,345,345,1.0,1,PC-0659,100.0,0,0,100.0,0,345,2010-01-04 07:27:24,2011-05-13 19:33:33
DTAA/BMM0247,8.555405405405406,1.3762938305332106,17.97612612612613,1.3584994062994602,9.420888030888031,10.328888888888889,0.10444444444444445,2.3761662985068726,259,243,1.0658436213991769,17,PC-3084,93.82239382239382,32,0,0.0,0,259,2010-01-04 08:20:16,2010-12-16 18:22:15
DTAA/BMR0412,12.872870778267252,1.964791589740192,16.10051395007342,1.914381426835703,3.227148188937836,8.260555555555555,0.006666666666666667,2.3378509991507914,454,345,1.3159420289855073,62,PC-3501,75.99118942731278,209,0,0.0,0,454,2010-01-04 09:04:17,2011-05-13 17:01:44
DTAA/BMR0596,8.736425120772946,0.09741543546774664,18.77768115942029,0.07274451848921701,10.040971014492754,10.294444444444444,9.767777777777777,0.12294560915939814,345,345,1.0,1,PC-2467,100.0,0,0,0.0,0,345,2010-01-04 08:42:22,2011-05-13 18:41:09
DTAA/BMS0001,8.738357487922706,0.09816077223390939,17.787439613526573,0.07032166985002686,9.048461352657005,9.304444444444444,8.787777777777778,0.11725118864296416,345,345,1.0,1,PC-0003,100.0,0,0,0.0,0,345,2010-01-04 08:40:57,2011-05-13 17:43:13
DTAA/BNG0510,8.986425120772946,0.0937575472252019,20.035024154589372,0.07202009299289118,11.048719806763286,11.31861111111111,10.788333333333334,0.11990502601206596,345,345,1.0,1,PC-2048,100.0,0,0,0.0,0,345,2010-01-04 09:07:23,2011-05-13 20:03:03
DTAA/BNL0480,7.232753623188406,0.09475753861615836,17.27806763285024,0.07245110129713084,10.045384057971015,10.324444444444444,9.7625,0.11825086774949249,345,345,1.0,1,PC-4463,100.0,0,0,100.0,0,345,2010-01-04 07:23:55,2011-05-13 17:24:54
DTAA/BNM0353,11.905120772946859,1.8755234910657483,19.03512077294686,0.07383369579710679,7.129902576489532,11.314166666666667,4.990555555555556,1.8696328772173074,345,345,1.0,1,PC-0237,100.0,0,0,7.536231884057972,0,345,2010-01-04 13:42:54,2011-05-13 18:55:45
DTAA/BNN0072,8.251690821256037,0.09298492415594112,19.278599033816427,0.06809375139021144,11.026755233494365,11.304722222222223,10.769444444444444,0.11767998563655321,345,345,1.0,1,PC-0335,100.0,0,0,0.0,0,345,2010-01-04 08:08:19,2011-05-13 19:13:50
DTAA/BNW0850,7.99203431372549,0.09624571845032576,19.030514705882354,0.06445578275285489,11.038966503267973,11.303611111111111,10.813055555555556,0.10941508396036022,136,136,1.0,1,PC-2260,100.0,0,0,52.20588235294118,0,136,2010-01-04 08:00:29,2010-07-15 19:02:52
DTAA/BPB0808,11.294457831325301,2.1107618117530524,15.112329317269076,1.7609503069684813,3.8179076305220887,8.29,0.030555555555555555,2.4231951736603645,415,345,1.2028985507246377,49,PC-0969,83.13253012048193,137,0,20.96385542168675,0,415,2010-01-04 11:50:49,2011-05-13 15:49:48
DTAA/BPC0533,12.663078149920256,2.258136931650672,18.829784688995215,2.3671997083598058,6.166450691121743,11.285,0.0030555555555555557,3.2393619753929053,418,345,1.2115942028985507,55,PC-1229,82.53588516746412,141,0,1.1961722488038278,0,418,2010-01-04 08:52:42,2011-05-13 19:50:20
DTAA/BQW0149,8.489323671497583,0.09360801860250885,18.52734299516908,0.07295573086514494,10.037832528180354,10.311666666666667,9.773055555555555,0.12110499604253133,345,345,1.0,1,PC-3620,100.0,0,0,0.0,0,345,2010-01-04 08:33:03,2011-05-13 18:35:21
DTAA/BRB0908,8.742995169082127,0.09671634804508687,18.784347826086957,0.06916189006534962,10.041193236714976,10.324166666666667,9.76,0.11925801568255827,345,345,1.0,1,PC-4252,100.0,0,0,0.0,0,345,2010-01-04 08:37:37,2011-05-13 18:40:37
DTAA/BSG0869,8.010772946859904,0.09686151327731864,17.031497584541064,0.0699864702499732,9.019891304347826,9.3125,8.761111111111111,0.11980573792381038,345,345,1.0,1,PC-0245,100.0,0,0,40.869565217391305,0,345,2010-01-04 07:53:57,2011-05-13 17:00:42
DTAA/BSM0334,8.498937198067633,0.09312874301588145,18.53256038647343,0.07189558025218594,10.0337922705314,10.307222222222222,9.755555555555556,0.11773188097765615,345,345,1.0,1,PC-2722,100.0,0,0,0.0,0,345,2010-01-04 08:33:27,2011-05-13 18:28:29
DTAA/BTH0004,11.942735042735043,1.904180197662361,18.04002849002849,0.0713867773348528,6.0965360873694205,10.26388888888889,4.045,1.9101750579703891,117,117,1.0,1,PC-2468,100.0,0,0,5.128205128205128,0,117,2010-01-04 12:46:47,2010-06-17 18:05:39
DTAA/BTH0358,8.74584541062802,0.0941290241651227,17.784202898550724,0.07063675909722938,9.037915458937197,9.329722222222221,8.77361111111111,0.11818603164079003,345,345,1.0,1,PC-4818,100.0,0,0,0.0,0,345,2010-01-04 08:40:50,2011-05-13 17:49:05
DTAA/BTW0973,11.143795620437958,4.242847963014926,15.817680454176802,4.900662769686797,5.7840362260070295,10.283888888888889,0.05305555555555556,2.433380851089736,411,355,1.1577464788732394,1,PC-4462,100.0,0,41,33.81995133819951,10,401,2010-01-04 12:57:12,2011-05-13 17:41:23
DTAA/BVM0716,8.238502415458937,0.09610390894863768,18.279565217391305,0.0731819107997796,10.040482286634461,10.327777777777778,9.758333333333333,0.123317579835184,345,345,1.0,1,PC-2840,100.0,0,0,0.0,0,345,2010-01-04 08:15:48,2011-05-13 18:22:30
DTAA/BWS0872,12.842424242424242,2.2371626285011432,18.279320229320227,2.0689795183200754,5.436493993993994,10.27138888888889,0.013055555555555556,2.9020639939362987,407,345,1.1797101449275362,50,PC-3302,84.76658476658476,119,0,0.2457002457002457,0,407,2010-01-04 14:40:53,2011-05-13 19:00:50
DTAA/BXY0648,8.742463768115941,0.09450102226234515,16.78169082125604,0.07280736145857782,8.039341384863123,8.308333333333334,7.772777777777778,0.1230678427974641,345,345,1.0,1,PC-4952,100.0,0,0,0.0,0,345,2010-01-04 08:44:38,2011-05-13 16:53:10
DTAA/BYB0347,11.78574879227053,2.00231309102473,17.0275845410628,0.0727813174775177,5.241742351046699,9.284166666666666,2.8669444444444445,1.9971887091840235,345,345,1.0,1,PC-0714,100.0,0,0,9.855072463768117,0,345,2010-01-04 11:50:39,2011-05-13 16:55:51
DTAA/BZH0120,8.730048309178745,0.09784746070499613,18.782512077294687,0.0750331662177165,10.052004025764896,10.31638888888889,9.756944444444445,0.12598534631558664,345,345,1.0,1,PC-0839,100.0,0,0,0.0,0,345,2010-01-04 08:52:50,2011-05-13 18:53:40
DTAA/BZM0434,7.993478260869566,0.09555771755626827,17.03425120772947,0.0718208276537826,9.041076489533012,9.302777777777777,8.761111111111111,0.12253978561289489,345,345,1.0,1,PC-4720,100.0,0,0,49.85507246376812,0,345,2010-01-04 07:54:27,2011-05-13 17:04:29
DTAA/CAC0854,11.865176908752328,1.9866538711732091,19.8030260707635,1.280870044987993,7.937532588454377,12.293055555555556,0.1111111111111111,2.4031764634664357,358,345,1.03768115942029,12,PC-0303,96.36871508379889,26,0,8.659217877094973,0,358,2010-01-04 12:24:53,2011-05-13 19:55:22
DTAA/CAH0610,8.993913043478262,0.09502304310793239,19.034589371980676,0.07143802867507189,10.041156199677937,10.308055555555555,9.770277777777778,0.118114378594739,345,345,1.0,1,PC-4467,100.0,0,0,0.0,0,345,2010-01-04 09:04:09,2011-05-13 19:03:02
DTAA/CAH0921,7.7420772946859895,0.09930329238733686,16.782850241545894,0.07076609978868363,9.040133655394525,9.310833333333333,8.755833333333333,0.12247475830766172,345,345,1.0,1,PC-3582,100.0,0,0,100.0,0,345,2010-01-04 07:47:12,2011-05-13 16:42:29
DTAA/CAM0975,8.74072463768116,0.09794871167077329,16.784057971014494,0.07112257308479478,8.043082125603865,8.322222222222223,7.773888888888889,0.124442243503536,345,345,1.0,1,PC-1922,100.0,0,0,0.0,0,345,2010-01-04 08:52:18,2011-05-13 16:43:37
DTAA/CAO0951,7.9971014492753625,0.09672263990861148,16.032512077294683,0.07412366098572593,8.035366344605476,8.296944444444444,7.766388888888889,0.12547038516323722,345,345,1.0,1,PC-2846,100.0,0,0,50.72463768115942,0,345,2010-01-04 08:09:56,2011-05-13 15:55:11
DTAA/CAR0015,10.784492753623189,1.9433806377031915,16.035797101449276,0.06872700971931625,5.2511095008051525,9.2875,2.8705555555555557,1.9483985953089324,345,345,1.0,1,PC-0700,100.0,0,0,18.84057971014493,0,345,2010-01-04 11:29:35,2011-05-13 16:05:15
DTAA/CAV0757,7.75,0.09550626695889526,17.78473429951691,0.07236188349211403,10.034268921095007,10.31638888888889,9.769166666666667,0.1181197540231154,345,345,1.0,1,PC-4872,100.0,0,0,100.0,0,345,2010-01-04 07:54:33,2011-05-13 17:50:54
DTAA/CAW0976,11.688937198067633,2.1179955613546113,17.033429951690824,0.07262601766153515,5.344185185185185,9.313888888888888,2.8666666666666667,2.124613534943104,345,345,1.0,1,PC-4600,100.0,0,0,10.434782608695652,0,345,2010-01-04 08:04:05,2011-05-13 17:00:09
DTAA/CBB0075,11.382898550724638,1.949843208518249,19.536521739130436,0.07106024935440547,8.153662640901773,12.244722222222222,5.885833333333333,1.9475518706698918,345,345,1.0,1,PC-3548,100.0,0,0,18.26086956521739,0,345,2010-01-04 11:34:35,2011-05-13 19:32:13
DTAA/CBC0653,8.991400966183576,0.09971763396516979,19.031497584541064,0.07176380705165043,10.040335748792272,10.297777777777778,9.761666666666667,0.12304157853773724,345,345,1.0,1,PC-1048,100.0,0,0,0.0,0,345,2010-01-04 08:53:28,2011-05-13 18:58:06
DTAA/CBH0762,7.99328502415459,0.0976012241287408,16.031062801932364,0.07037067957011608,8.038383252818035,8.318333333333333,7.761388888888889,0.12248769184159505,345,345,1.0,1,PC-4005,100.0,0,0,49.85507246376812,0,345,2010-01-04 07:59:52,2011-05-13 15:58:09
DTAA/CBP0628,6.498502415458937,0.09492200019705427,18.533140096618357,0.0717533369425682,12.034719806763285,12.321111111111112,11.764444444444445,0.12000096167414157,345,345,1.0,1,PC-4750,100.0,0,0,100.0,0,345,2010-01-04 06:26:16,2011-05-13 18:35:06
DTAA/CBR0104,12.104632152588556,2.145542542453318,18.937465940054498,1.605341823710053,6.833706478958522,11.303333333333333,0.006388888888888889,2.5597917607559264,367,345,1.063768115942029,23,PC-0775,94.00544959128065,44,0,0.2724795640326975,0,367,2010-01-04 12:12:41,2011-05-13 19:24:04
DTAA/CBR0208,8.243140096618356,0.09598510741567091,17.281159420289853,0.07172619234919406,9.03825925925926,9.327777777777778,8.761944444444444,0.1234178361061182,345,345,1.0,1,PC-2888,100.0,0,0,0.0,0,345,2010-01-04 08:09:18,2011-05-13 17:17:30
DTAA/CBR0439,11.615893719806763,1.9412135699944506,19.787149758454106,0.07262002308376762,8.171289049919485,12.288333333333334,5.845277777777778,1.936949536605263,345,345,1.0,1,PC-4135,100.0,0,0,18.26086956521739,0,345,2010-01-04 11:44:07,2011-05-13 19:53:17
DTAA/CCA0349,9.234202898550725,0.09174178066584145,18.287004830917873,0.06869056022809594,9.05281964573269,9.303611111111111,8.760833333333334,0.10964864221016753,345,345,1.0,1,PC-1418,100.0,0,0,0.0,0,345,2010-01-04 09:10:25,2011-05-13 18:23:23
DTAA/CCB0366,7.492222222222222,0.09494603843937678,18.533623188405798,0.07244738608217972,11.041587761674718,11.311111111111112,10.77,0.1234307689204049,345,345,1.0,1,PC-3560,100.0,0,0,100.0,0,345,2010-01-04 07:38:15,2011-05-13 18:27:38
DTAA/CCB0496,11.134975845410628,1.9106791904268245,16.279855072463764,0.07209587264374966,5.145373590982287,9.276666666666667,2.879722222222222,1.9128184706308753,345,345,1.0,1,PC-0214,100.0,0,0,17.391304347826086,0,345,2010-01-04 12:44:28,2011-05-13 16:21:45
DTAA/CCG0876,11.597237569060775,2.1195469484983693,17.72661141804788,1.4407379002284162,6.129289441375077,10.32,0.002777777777777778,2.4153683000769512,362,345,1.0492753623188407,18,PC-3910,95.30386740331491,34,0,11.602209944751381,0,362,2010-01-04 11:55:52,2011-05-13 18:09:35
DTAA/CCH0497,8.006811594202897,0.09275853384793123,18.031497584541064,0.07188747359886594,10.0248268921095,10.332222222222223,9.770277777777778,0.12210972423353288,345,345,1.0,1,PC-0160,100.0,0,0,42.608695652173914,0,345,2010-01-04 08:05:42,2011-05-13 18:00:34
DTAA/CCM0827,11.887745098039217,2.1714389558961913,18.834967320261438,0.968619216484154,6.947282135076253,11.27111111111111,0.09666666666666666,2.5321850870261593,306,290,1.0551724137931036,17,PC-3355,94.77124183006535,32,0,12.418300653594772,0,306,2010-01-04 13:29:44,2011-02-24 19:09:56
DTAA/CDE0193,12.611974977658623,2.077085154182046,18.393252904378908,1.587597039648265,5.781159517426273,10.25611111111111,0.021666666666666667,2.4572646074690985,373,345,1.0811594202898551,26,PC-3996,92.49329758713137,56,0,0.0,0,373,2010-01-04 08:52:00,2011-05-13 18:49:14
DTAA/CDE0810,12.620386473429951,1.9002336943381868,19.78613526570048,0.07166491612339632,7.16499114331723,11.1675,4.825555555555556,1.8979857208308546,345,345,1.0,1,PC-3344,100.0,0,0,0.0,0,345,2010-01-04 13:22:40,2011-05-13 19:43:53
DTAA/CDF0585,7.496763285024154,0.09654056700181818,16.536038647342995,0.0681811392739001,9.03924315619968,9.313888888888888,8.776388888888889,0.11575437813339652,345,345,1.0,1,PC-1308,100.0,0,0,100.0,0,345,2010-01-04 07:21:18,2011-05-13 16:26:28
DTAA/CDK0329,7.670092592592593,1.0869419894082037,17.32578703703704,1.1578367262153415,9.65567901234568,10.329444444444444,0.09194444444444444,1.9156063670009724,360,345,1.0434782608695652,15,PC-1183,95.83333333333334,30,0,96.38888888888889,0,360,2010-01-04 07:35:39,2011-05-13 17:31:40
DTAA/CDR0453,6.744782608695652,0.09600461313486405,15.782367149758452,0.07169077800927226,9.037626409017713,9.318888888888889,8.755,0.124777525564882,345,345,1.0,1,PC-1817,100.0,0,0,100.0,0,345,2010-01-04 06:38:10,2011-05-13 15:52:02
DTAA/CDS0110,11.8812077294686,1.9211731627802608,18.030821256038646,0.07218087968311694,6.149962962962962,10.310277777777777,3.91,1.9246039853996164,345,345,1.0,1,PC-4367,100.0,0,0,11.594202898550725,0,345,2010-01-04 13:02:53,2011-05-13 17:57:07
DTAA/CDS0300,7.998309178743961,0.09658012563716065,17.037487922705314,0.07793856861079705,9.039426731078905,9.303611111111111,8.775277777777777,0.12372077688111202,345,345,1.0,1,PC-2678,100.0,0,0,47.53623188405797,0,345,2010-01-04 08:05:53,2011-05-13 16:59:47
DTAA/CDZ0056,11.56591052299937,3.912201201407617,15.193163201008192,4.563409057128637,4.398417349296366,10.302222222222222,0.011666666666666667,2.970758984819103,529,354,1.4943502824858756,66,PC-4052,77.50472589792061,229,35,24.574669187145556,9,520,2010-01-04 10:59:25,2011-05-13 17:30:16
DTAA/CEB0718,7.745314009661835,0.09021815156047185,15.778695652173912,0.07434732676560304,8.034202093397745,8.302222222222222,7.763055555555556,0.11686375201740214,345,345,1.0,1,PC-3656,100.0,0,0,100.0,0,345,2010-01-04 07:39:14,2011-05-13 15:42:09
DTAA/CGC0877,8.744396135265701,0.09944531685530462,20.78574879227053,0.0703601019497061,12.041396940418679,12.311388888888889,11.777222222222223,0.12227432721687563,345,345,1.0,1,PC-2894,100.0,0,0,0.0,0,345,2010-01-04 08:35:04,2011-05-13 20:40:52
DTAA/CGH0125,7.752028985507246,0.09461812509595888,15.791980676328503,0.07083691017093084,8.039537037037038,8.312222222222223,7.761388888888889,0.11834771064693181,345,345,1.0,1,PC-3257,100.0,0,0,100.0,0,345,2010-01-04 07:53:25,2011-05-13 15:42:42
DTAA/CGM0319,11.0182808716707,2.085386387406791,16.339346246973363,2.2961383622233242,5.321691552327146,10.287777777777778,0.006944444444444444,2.8665300053742326,413,345,1.1971014492753622,48,PC-3173,83.53510895883777,133,0,19.128329297820823,0,413,2010-01-04 11:01:24,2011-05-13 17:18:34
DTAA/CGM0343,11.676570048309177,2.390035029258675,16.932367149758452,3.0410186009631115,5.25610248447205,11.295277777777779,0.0077777777777777776,3.4757087795503367,483,345,1.4,89,PC-3039,71.42857142857143,266,0,14.699792960662524,0,483,2010-01-04 12:54:51,2011-05-13 18:33:33
DTAA/CGM0994,11.29666274817137,6.5146438745368815,12.798347701149424,6.72567587730692,1.8121218652037616,11.321111111111112,0.0002777777777777778,3.6337023178469927,2552,345,7.397101449275362,935,PC-3883,13.518808777429467,2551,549,61.71630094043887,0,2552,2010-01-04 07:34:58,2011-05-13 18:28:08
DTAA/CGR0202,8.98512077294686,0.09470404688039927,17.032028985507246,0.07191595679786614,8.046613526570047,8.303611111111111,7.779722222222222,0.11851163552604752,345,345,1.0,1,PC-2454,100.0,0,0,0.0,0,345,2010-01-04 08:57:27,2011-05-13 17:03:45
DTAA/CGT0183,7.494734299516908,0.09919150851167088,18.534782608695654,0.07155859496385286,11.040105475040258,11.310555555555556,10.77361111111111,0.12480584733299552,345,345,1.0,1,PC-3569,100.0,0,0,100.0,0,345,2010-01-04 07:35:10,2011-05-13 18:29:24
DTAA/CHA0174,12.277531857813546,3.382772212054009,15.55784708249497,3.9807137415719436,3.8597976749385197,9.444722222222222,0.01611111111111111,2.637244741310343,497,350,1.42,72,PC-2751,78.26961770623743,209,22,8.853118712273641,4,493,2010-01-04 12:27:38,2011-05-13 17:32:14
DTAA/CHM0645,8.625786924939467,1.7270197767822835,16.268805488297012,1.9858989481456415,7.643475248856605,9.310555555555556,0.008055555555555555,3.165737628296441,413,345,1.1971014492753622,49,PC-1775,83.53510895883777,136,0,43.583535108958834,0,413,2010-01-04 07:55:31,2011-05-13 16:55:08
DTAA/CHS0324,11.448308580858086,3.4718249185651904,15.415552805280528,3.7279759648208786,4.739696094609461,10.30861111111111,0.02861111111111111,2.2634832909286056,404,351,1.150997150997151,15,PC-3251,96.53465346534654,28,21,25.99009900990099,6,398,2010-01-04 11:45:52,2011-05-13 16:38:32
DTAA/CIB0489,8.991666666666665,0.10228862577512213,19.0625,0.041666666666667136,10.069375,10.143611111111111,9.886388888888888,0.12276507706221125,4,4,1.0,1,PC-4452,100.0,0,0,0.0,0,4,2010-01-04 08:55:46,2010-01-07 19:03:20
DTAA/CJG0638,13.049490538573506,2.0088050119437812,16.28245997088792,2.051610224073585,3.233107714701601,8.322222222222223,0.008888888888888889,2.319577609071609,458,345,1.327536231884058,72,PC-2542,75.32751091703057,218,0,0.0,0,458,2010-01-04 14:55:11,2011-05-13 17:16:48
DTAA/CJW0317,11.315533625730994,2.3996289513416715,16.932456140350876,2.8583720975641276,5.6167428118908385,11.313888888888888,0.004722222222222222,3.407820604582694,456,345,1.3217391304347825,70,PC-1900,75.6578947368421,212,0,19.298245614035086,0,456,2010-01-04 11:22:48,2011-05-13 18:23:10
DTAA/CKB0536,7.984396135265701,0.09619957445100943,16.032222222222224,0.07386887490985557,8.04785346215781,8.322777777777778,7.764166666666667,0.11414841741448714,345,345,1.0,1,PC-3570,100.0,0,0,54.20289855072464,0,345,2010-01-04 08:09:31,2011-05-13 16:07:37
DTAA/CKR0296,11.863478260869565,2.136841791217136,19.278599033816427,0.07367565844729562,7.415751207729469,11.279166666666667,4.823333333333333,2.139683054487775,345,345,1.0,1,PC-4152,100.0,0,0,0.0,0,345,2010-01-04 12:36:53,2011-05-13 19:21:33
DTAA/CKW0622,7.490966183574879,0.09334112206094054,16.542173913043477,0.07138086623362329,9.051404991948472,9.320833333333333,8.7875,0.11486567364272139,345,345,1.0,1,PC-4507,100.0,0,0,100.0,0,345,2010-01-04 07:37:27,2011-05-13 16:34:31
DTAA/CLB0995,11.362356916287409,6.608313824373263,12.646393600882638,6.565782237737967,1.6119536385785869,9.31861111111111,0.008333333333333333,3.0343140801487163,2417,345,7.005797101449275,851,PC-2437,14.273893256102607,2416,501,64.29458005792304,0,2417,2010-01-04 02:01:26,2011-05-13 21:44:09
DTAA/CLK0383,11.297660098522169,3.619470002424089,16.207553366174054,4.069203368819971,5.441786398467434,10.290277777777778,0.018333333333333333,2.5616428617867415,406,350,1.16,18,PC-0419,95.56650246305419,36,26,27.093596059113302,4,402,2010-01-04 11:02:29,2011-05-13 17:33:27
DTAA/CLN0999,11.641697241473027,6.4151762995383175,13.220865606740047,6.902096184887227,1.872750600172125,11.305,0.008333333333333333,3.7103586607391446,2453,345,7.110144927536232,869,PC-2365,14.105177333876886,2452,507,49.28658785161028,0,2453,2010-01-04 03:16:08,2011-05-13 20:07:15
DTAA/CLP0332,12.662560386473432,1.9322888906394764,16.788357487922706,0.07387533843800657,4.12508615136876,8.253333333333334,1.9258333333333333,1.9311877773267718,345,345,1.0,1,PC-1179,100.0,0,0,0.0,0,345,2010-01-04 14:03:31,2011-05-13 16:51:30
DTAA/CLS0819,8.989565217391304,0.09732685720245168,18.030917874396135,0.07011867952044505,9.041463768115943,9.309166666666666,8.772777777777778,0.11608167823071422,345,345,1.0,1,PC-1673,100.0,0,0,0.0,0,345,2010-01-04 09:09:31,2011-05-13 18:08:10
DTAA/CMC0814,7.748840579710146,0.09685097720308593,18.782753623188405,0.07300082412931469,11.033347020933977,11.302777777777777,10.784444444444444,0.12148925945718149,345,345,1.0,1,PC-2160,100.0,0,0,100.0,0,345,2010-01-04 07:38:30,2011-05-13 18:48:08
DTAA/CMF0339,11.282528180354266,3.653682255380523,15.813003220611915,4.031542385278139,5.458102522812667,10.637222222222222,0.04694444444444444,2.535860169237697,414,351,1.1794871794871795,18,PC-1939,95.16908212560386,40,19,27.053140096618357,5,409,2010-01-04 11:58:19,2011-05-13 17:06:00
DTAA/CMM0900,8.247246376811594,0.09595998796356443,17.282463768115946,0.07000519585255317,9.035909822866344,9.297777777777778,8.78138888888889,0.11909439840086132,345,345,1.0,1,PC-4293,100.0,0,0,0.0,0,345,2010-01-04 08:15:23,2011-05-13 17:16:23
DTAA/CMU0028,7.987342995169082,0.09749375470315609,16.036376811594202,0.07104957673900378,8.048301127214172,8.305555555555555,7.767777777777778,0.12473319336691555,345,345,1.0,1,PC-4253,100.0,0,0,53.333333333333336,0,345,2010-01-04 07:51:48,2011-05-13 16:09:48
DTAA/CNB0615,7.990772946859903,0.09487538564287264,16.03256038647343,0.07127517218774601,8.0419500805153,8.306111111111111,7.762777777777778,0.1196429856232284,345,345,1.0,1,PC-1605,100.0,0,0,52.17391304347826,0,345,2010-01-04 07:59:55,2011-05-13 16:03:57
DTAA/CNS0950,8.991980676328502,0.09592019797744487,20.034830917874398,0.07351135947279683,11.043289855072464,11.303333333333333,10.7625,0.12057079049622281,345,345,1.0,1,PC-3209,100.0,0,0,0.0,0,345,2010-01-04 09:08:03,2011-05-13 20:04:36
DTAA/CNT0514,6.734734299516909,0.09543252178127777,15.788840579710143,0.0694683252950668,9.053202093397745,9.32,8.756388888888889,0.12063119433300774,345,345,1.0,1,PC-2053,100.0,0,0,100.0,0,345,2010-01-04 06:50:39,2011-05-13 15:48:57
DTAA/COS0121,11.530072463768114,3.8539778166512915,13.682806324110672,4.107468277577352,3.575842116820378,11.969722222222222,0.015277777777777777,2.4639032804281666,506,349,1.4498567335243553,62,PC-0462,82.01581027667984,176,19,27.27272727272727,4,502,2010-01-04 12:04:11,2011-05-13 15:15:19
DTAA/CPM0959,7.49024154589372,0.0971398450498624,17.531835748792272,0.07067763606879206,10.042090177133655,10.319722222222222,9.754722222222222,0.11926697203238149,345,345,1.0,1,PC-1093,100.0,0,0,100.0,0,345,2010-01-04 07:34:44,2011-05-13 17:26:27
DTAA/CPP0761,8.591263057929723,0.7869448379044114,18.465384615384615,0.5816894681551638,9.873657803102247,10.313333333333333,0.24305555555555555,1.2355398795220924,351,345,1.017391304347826,7,PC-2665,98.29059829059828,12,0,0.0,0,351,2010-01-04 08:32:13,2011-05-13 18:33:58
DTAA/CPS0559,11.41975845410628,1.9415781094720517,16.528937198067634,0.0724200814834853,5.108510466988728,9.294166666666667,2.843611111111111,1.9461540985283012,345,345,1.0,1,PC-1877,100.0,0,0,17.681159420289855,0,345,2010-01-04 13:07:59,2011-05-13 16:38:55
DTAA/CRC0996,11.634078983706159,6.535682193055372,13.03142087821044,6.9960971728627666,1.9040071803369232,11.288611111111111,0.009722222222222222,3.732433267138345,2414,345,6.9971014492753625,859,PC-1046,14.374482187241094,2412,506,50.28997514498757,0,2414,2010-01-04 02:39:10,2011-05-13 19:49:44
DTAA/CRF0074,13.039613526570049,2.0344400292544966,19.277729468599034,0.07388816876691681,6.237895330112722,10.312222222222223,3.8869444444444445,2.037117222466575,345,345,1.0,1,PC-2490,100.0,0,0,0.0,0,345,2010-01-04 09:14:35,2011-05-13 19:19:25
DTAA/CRJ0934,8.74415458937198,0.09552555192939328,17.787487922705314,0.07189167354542494,9.04389533011272,9.300277777777778,8.764166666666666,0.11719455351486852,345,345,1.0,1,PC-3946,100.0,0,0,0.0,0,345,2010-01-04 08:45:22,2011-05-13 17:47:12
DTAA/CRM0058,8.995906432748537,0.093267520656211,19.02992202729045,0.07336269752238754,10.03435510071475,10.301388888888889,9.770555555555555,0.1208844105665405,171,171,1.0,1,PC-1892,100.0,0,0,0.0,0,171,2010-01-04 09:08:27,2010-09-02 19:07:24
DTAA/CSA0071,8.24830917874396,0.09574038834305719,18.285507246376813,0.0709451376796638,10.036338969404188,10.318888888888889,9.777777777777779,0.12118428834678176,345,345,1.0,1,PC-4744,100.0,0,0,0.0,0,345,2010-01-04 08:22:22,2011-05-13 18:10:06
DTAA/CSB0363,7.749420289855073,0.0971807975047669,18.78096618357488,0.07283725232319867,11.031169887278581,11.312222222222223,10.772777777777778,0.12117445829712911,345,345,1.0,1,PC-4890,100.0,0,0,100.0,0,345,2010-01-04 07:53:15,2011-05-13 18:49:15
DTAA/CSC0297,10.77852733686067,3.023072145933002,15.199029982363315,2.860411605552706,4.928216490299824,9.306666666666667,0.03916666666666667,2.2057426836250698,378,347,1.0893371757925072,11,PC-2848,96.82539682539682,24,8,23.015873015873016,2,376,2010-01-04 10:55:55,2011-05-13 15:51:51
DTAA/CSD0739,7.739130434782608,0.09765607691536171,17.781256038647342,0.07250167388532618,10.041998389694042,10.302222222222222,9.757222222222222,0.1122705754599535,345,345,1.0,1,PC-3393,100.0,0,0,100.0,0,345,2010-01-04 07:44:18,2011-05-13 17:51:47
DTAA/CSR0189,7.542602262837249,3.239065435820696,15.187293298520451,3.439599470306956,8.396636930664346,10.286111111111111,0.020277777777777777,2.1354845178147133,383,346,1.106936416184971,5,PC-3494,98.9556135770235,8,16,98.69451697127938,1,382,2010-01-04 07:08:16,2011-05-13 16:06:45
DTAA/CTF0687,8.62419627749577,2.8281834132724946,17.24505076142132,4.499355045694436,9.107304709531867,10.304444444444444,0.02861111111111111,2.621757677655751,394,353,1.1161473087818696,1,PC-2959,100.0,0,32,12.436548223350254,8,386,2010-01-04 08:39:35,2011-05-13 18:53:35
DTAA/CTH0082,8.915713101160863,3.303662384546354,17.931177446102822,4.903568240200838,9.850940436705363,11.303055555555556,0.06805555555555555,3.086624719713571,402,347,1.15850144092219,9,PC-4582,98.00995024875621,16,28,12.189054726368159,2,400,2010-01-04 08:43:11,2011-05-13 19:47:25
DTAA/CTH0856,8.474543946932007,3.5666569750535437,14.793656716417908,4.057131207957394,7.333616639027087,11.982222222222223,0.04638888888888889,2.1023389105800074,402,352,1.1420454545454546,1,PC-4677,100.0,0,28,61.19402985074627,7,395,2010-01-04 07:54:06,2011-05-13 15:58:52
DTAA/CTR0537,11.816856060606058,2.2957154500175756,16.735037878787878,1.0932804704118277,5.100030513468013,9.254722222222222,0.7022222222222222,1.9801635225382708,264,260,1.0153846153846153,1,PC-1160,100.0,0,0,19.318181818181817,0,264,2010-01-04 11:36:03,2011-01-13 16:52:01
DTAA/CVW0133,11.792708333333332,2.0236128745030175,18.23012152777778,1.8545191237716256,6.437328559027779,11.281666666666666,0.0019444444444444444,2.722332952340474,384,345,1.1130434782608696,36,PC-0282,89.84375,78,0,15.364583333333334,0,384,2010-01-04 13:23:17,2011-05-13 18:44:03
DTAA/CWG0305,12.530616382806166,3.8720207603003725,18.28434712084347,5.0968463254902145,6.62977561503109,11.317222222222222,0.0475,2.9666082996392085,411,354,1.1610169491525424,14,PC-1107,96.83698296836984,26,28,13.381995133819952,8,403,2010-01-04 09:16:15,2011-05-13 20:19:06
DTAA/CYK0330,11.806877022653719,2.1856752195669706,17.240291262135923,2.0412815473666535,5.432983414239483,10.282777777777778,0.006944444444444444,2.9110091880580096,412,345,1.1942028985507247,49,PC-4246,83.7378640776699,132,0,9.70873786407767,0,412,2010-01-04 13:11:40,2011-05-13 18:01:52
DTAA/CZB0163,6.989661835748793,0.09778414655597124,15.031787439613527,0.07056797012575584,8.042202898550725,8.307222222222222,7.771944444444444,0.11916070944633675,345,345,1.0,1,PC-0016,100.0,0,0,100.0,0,345,2010-01-04 06:50:12,2011-05-13 15:04:21
DTAA/DAG0754,11.928019323671496,1.9700582795817252,17.036763285024154,0.07194683611461536,5.108747987117552,9.294444444444444,2.8827777777777777,1.9720426586602275,345,345,1.0,1,PC-2712,100.0,0,0,8.695652173913043,0,345,2010-01-04 12:38:04,2011-05-13 16:55:04
DTAA/DAO0613,7.6048899755501225,2.059779068125522,15.68797881010595,2.444903248814572,8.083681744091278,10.3225,0.0033333333333333335,3.8618278989755543,409,325,1.2584615384615385,59,PC-4598,79.46210268948656,168,0,82.64058679706602,0,409,2010-01-04 06:49:04,2011-04-14 16:41:06
DTAA/DAR0341,7.739999999999999,0.0915203201056905,16.782850241545894,0.07088011533641132,9.043094202898551,9.300277777777778,8.7675,0.11112585831734566,345,345,1.0,1,PC-0718,100.0,0,0,100.0,0,345,2010-01-04 07:38:08,2011-05-13 16:43:04
DTAA/DAV0579,11.868840579710144,1.9255559640529594,16.038695652173914,0.07119598771308652,4.1704049919484705,8.294722222222223,1.8175,1.9280150146515216,345,345,1.0,1,PC-1701,100.0,0,0,9.27536231884058,0,345,2010-01-04 08:02:32,2011-05-13 16:07:46
DTAA/DAW0123,7.50151515151515,0.09459104356548766,18.529848484848483,0.07390655496157586,11.028558080808082,11.307222222222222,10.788055555555555,0.11534498139193272,220,220,1.0,1,PC-3401,100.0,0,0,100.0,0,220,2010-01-04 07:35:29,2010-11-11 18:38:53
DTAA/DAW0199,8.000114155251143,0.09787975607254912,17.041095890410958,0.07279753015582242,9.04154109589041,9.295555555555556,8.766944444444444,0.11626997455932904,146,146,1.0,1,PC-0735,100.0,0,0,47.26027397260274,0,146,2010-01-04 07:58:28,2010-07-29 16:55:59
DTAA/DAW0221,8.948935185185185,1.7403546658242843,18.504814814814814,2.702744566577864,9.755594907407408,10.29888888888889,0.25,1.505364700095908,360,346,1.0404624277456647,1,PC-4162,100.0,0,9,4.166666666666666,1,359,2010-01-04 09:01:53,2011-05-13 19:07:43
DTAA/DBA0367,7.235217391304347,0.09661833572070308,15.290144927536232,0.06961372469719819,8.054814814814815,8.321388888888889,7.777777777777778,0.11928651699242995,345,345,1.0,1,PC-3885,100.0,0,0,100.0,0,345,2010-01-04 07:19:06,2011-05-13 15:18:40
DTAA/DBB0235,12.36872852233677,2.2042115845222945,18.157173539518897,1.9576522852513343,5.7882345360824745,10.266666666666667,0.004166666666666667,2.7764971506400844,388,345,1.1246376811594203,38,PC-0309,88.91752577319588,85,0,0.0,0,388,2010-01-04 08:44:18,2011-05-13 18:48:18
DTAA/DBF0903,11.750367917586459,2.0125414577115603,16.550257542310522,2.504205765629639,4.800184571989208,10.295555555555556,0.015833333333333335,2.918729223456683,453,345,1.3130434782608695,63,PC-2783,76.15894039735099,206,0,13.245033112582782,0,453,2010-01-04 11:53:42,2011-05-13 17:51:14
DTAA/DBG0686,7.485265700483093,0.08846305707335705,16.535507246376813,0.07129710484914284,9.049882447665055,9.328055555555556,8.759166666666667,0.11970270421915874,345,345,1.0,1,PC-1575,100.0,0,0,100.0,0,345,2010-01-04 07:28:44,2011-05-13 16:33:57
DTAA/DBM0698,10.940483091787438,2.0464093211313203,15.283623188405798,0.07384935415637423,4.343045088566828,8.319166666666666,1.9372222222222222,2.040854482064835,345,345,1.0,1,PC-1444,100.0,0,0,21.44927536231884,0,345,2010-01-04 13:04:48,2011-05-13 15:10:43
DTAA/DCB0462,11.348310502283105,2.1365566396676305,19.201232876712332,1.5815642234228573,7.852228310502284,12.305555555555555,0.007222222222222222,2.642919903756211,365,345,1.0579710144927537,20,PC-2659,94.52054794520548,40,0,20.0,0,365,2010-01-04 12:59:06,2011-05-13 19:28:20
DTAA/DCC0600,8.403066989507668,1.9219064466082783,16.852905569007262,2.429657563062587,8.449510357815443,10.328333333333333,0.001388888888888889,3.6018056978124835,413,345,1.1971014492753622,62,PC-4072,83.53510895883777,131,0,84.26150121065376,0,413,2010-01-04 07:42:17,2011-05-13 17:46:36
DTAA/DCF0307,7.992753623188406,0.0950434358095509,18.03782608695652,0.07156163677239409,10.04457809983897,10.313888888888888,9.773055555555555,0.118249546239294,345,345,1.0,1,PC-2881,100.0,0,0,48.11594202898551,0,345,2010-01-04 07:52:32,2011-05-13 18:05:17
DTAA/DCM0725,8.750917874396135,0.09007584382876198,17.785217391304347,0.07436526902200345,9.034252818035426,9.303611111111111,8.761111111111111,0.11958193199510543,345,345,1.0,1,PC-2771,100.0,0,0,0.0,0,345,2010-01-04 08:47:18,2011-05-13 17:41:00
DTAA/DDD0915,12.006925207756233,2.049545205711447,18.829455216989842,1.1391315643531164,6.822910126192674,11.305,0.0008333333333333334,2.3709428713137144,361,345,1.046376811594203,14,PC-3632,95.56786703601108,32,0,8.310249307479225,0,361,2010-01-04 12:32:50,2011-05-13 18:56:48
DTAA/DDJ0535,7.2469082125603865,0.09455512392322037,17.292125603864733,0.07073344761791449,10.044580515297907,10.331388888888888,9.767777777777777,0.12026324035064119,345,345,1.0,1,PC-3465,100.0,0,0,100.0,0,345,2010-01-04 07:20:10,2011-05-13 17:19:22
DTAA/DDK0417,12.374519549370444,3.5083912036695404,16.41464546056991,4.238346755986938,4.708429423459245,10.258055555555556,0.005,3.075768357386702,503,349,1.4412607449856734,70,PC-0980,77.13717693836978,226,23,8.548707753479125,4,499,2010-01-04 12:28:30,2011-05-14 06:12:50
DTAA/DDW0643,11.350144927536233,1.9891126008557867,17.530579710144927,0.07400056856435992,6.180604669887279,10.317222222222222,3.7708333333333335,1.9876866647928255,345,345,1.0,1,PC-0912,100.0,0,0,18.84057971014493,0,345,2010-01-04 12:31:26,2011-05-13 17:38:13
DTAA/DEP0563,7.748695652173914,0.09561986233062,16.78647342995169,0.07216181048248078,9.037950080515298,9.3075,8.773888888888889,0.11968803025335807,345,345,1.0,1,PC-4319,100.0,0,0,100.0,0,345,2010-01-04 07:45:25,2011-05-13 16:48:00
DTAA/DFW0798,12.395169082125603,2.126182034540445,17.781884057971016,0.0713891287732186,5.386730273752013,9.2825,2.8830555555555555,2.122113596917897,345,345,1.0,1,PC-3141,100.0,0,0,0.0,0,345,2010-01-04 08:39:37,2011-05-13 17:50:03
DTAA/DFZ0063,12.215683865683864,3.8697644667911115,14.411998361998362,3.742124376245123,3.375438847938848,12.862222222222222,0.08166666666666667,2.3044335349182297,407,352,1.15625,8,PC-4442,98.28009828009829,14,25,12.776412776412776,7,400,2010-01-04 12:24:55,2011-05-14 02:26:46
DTAA/DGM0240,13.187859195402298,2.073530975952131,17.184231321839082,2.1897545501291145,3.9966487068965515,9.30888888888889,0.030555555555555555,2.6854626812199567,464,345,1.344927536231884,72,PC-3547,74.35344827586206,226,0,0.0,0,464,2010-01-04 09:23:50,2011-05-13 18:21:44
DTAA/DIS0382,11.846227867590454,4.137453907021785,14.676250962278676,4.334265822228297,3.9383339748524504,9.945833333333333,0.04,2.2738627395771345,433,351,1.2336182336182335,15,PC-2501,96.53579676674366,30,32,23.556581986143186,6,427,2010-01-04 12:07:18,2011-05-14 05:16:52
DTAA/DJC0162,7.990193236714976,0.09878768384101742,19.032946859903383,0.06934898505850469,11.04244847020934,11.3225,10.766666666666667,0.12373036132942791,345,345,1.0,1,PC-3232,100.0,0,0,51.01449275362319,0,345,2010-01-04 07:52:08,2011-05-13 19:05:58
DTAA/DJW0368,11.915899403239557,3.6905130909109136,15.962958226768968,4.030174616227176,4.906537368570617,10.140277777777778,0.018055555555555554,2.181928389197229,391,350,1.1171428571428572,1,PC-2518,100.0,0,20,20.971867007672635,5,386,2010-01-04 13:40:18,2011-05-13 16:59:54
DTAA/DKB0409,8.74463768115942,0.09061806400670408,17.78642512077295,0.07083691017093048,9.04189774557166,9.325555555555555,8.777777777777779,0.11790207024549211,345,345,1.0,1,PC-4535,100.0,0,0,0.0,0,345,2010-01-04 08:50:15,2011-05-13 17:47:22
DTAA/DKR0696,8.988937198067633,0.09815397641356975,18.025990338164252,0.0725539532607819,9.03660305958132,9.297222222222222,8.763333333333334,0.11567029942895014,345,345,1.0,1,PC-1434,100.0,0,0,0.0,0,345,2010-01-04 08:55:47,2011-05-13 17:55:09
DTAA/DLM0723,8.755639913232104,2.103026231400604,15.631995661605204,2.3082638809162375,6.876274403470716,9.325833333333334,0.001388888888888889,3.736536530690488,461,345,1.336231884057971,68,PC-0290,74.83731019522777,232,0,75.92190889370933,0,461,2010-01-04 07:54:02,2011-05-13 16:53:12
DTAA/DME0620,8.735507246376812,0.09711242134509841,18.790289855072462,0.0734326739283652,10.055066827697264,10.330555555555556,9.765,0.11864025391746576,345,345,1.0,1,PC-3739,100.0,0,0,0.0,0,345,2010-01-04 08:52:49,2011-05-13 18:52:06
DTAA/DMR0377,12.115236051502148,2.27542800817439,17.544670958512157,2.9230950518959893,5.429129113018599,11.312777777777777,0.0019444444444444444,3.3705944071908465,466,345,1.3507246376811595,67,PC-2173,74.0343347639485,231,0,7.081545064377683,0,466,2010-01-04 13:50:28,2011-05-13 18:59:14
DTAA/DNH0619,8.742753623188406,0.09649369133918552,16.780048309178746,0.0707026673364091,8.036814009661835,8.3175,7.791111111111111,0.11109372636367836,345,345,1.0,1,PC-4336,100.0,0,0,0.0,0,345,2010-01-04 08:48:18,2011-05-13 16:42:10
DTAA/DNM0143,8.244830917874395,0.09524301881522605,18.28599033816425,0.06925820437165421,10.04115458937198,10.314166666666667,9.791944444444445,0.1150917948332474,345,345,1.0,1,PC-4773,100.0,0,0,0.0,0,345,2010-01-04 08:15:47,2011-05-13 18:12:12
DTAA/DNS0937,12.297757153905648,2.078662390866749,17.25862335653519,2.361344000908451,4.960875870069605,10.275555555555556,0.008888888888888889,2.8090213856123003,431,345,1.2492753623188406,56,PC-0856,80.04640371229699,166,0,0.0,0,431,2010-01-04 12:05:15,2011-05-13 18:23:09
DTAA/DOC0003,9.243768115942027,0.09306875747905169,17.28719806763285,0.073518140962069,8.043842190016102,8.315555555555555,7.7780555555555555,0.11589936269192098,345,345,1.0,1,PC-2799,100.0,0,0,0.0,0,345,2010-01-04 09:21:36,2011-05-13 17:23:35
DTAA/DOO0986,8.488212560386474,0.09450089842439806,17.530386473429953,0.07330235478493709,9.041991948470208,9.329166666666667,8.766388888888889,0.11936042703240565,345,345,1.0,1,PC-0500,100.0,0,0,0.0,0,345,2010-01-04 08:23:18,2011-05-13 17:26:40
DTAA/DRD0916,7.989565217391303,0.09285159633356854,17.031739130434786,0.06829316435079906,9.041850241545893,9.31,8.760555555555555,0.11710602842822229,345,345,1.0,1,PC-1703,100.0,0,0,52.17391304347826,0,345,2010-01-04 08:04:30,2011-05-13 17:08:43
DTAA/DRH0790,6.9884541062801935,0.09803228735341182,17.03256038647343,0.0701215835196439,10.044264090177132,10.3075,9.785,0.1171712017925826,345,345,1.0,1,PC-2553,100.0,0,0,100.0,0,345,2010-01-04 07:05:10,2011-05-13 17:07:03
DTAA/DRM0312,11.329371980676328,1.9547341389707187,15.534879227053139,0.06827654028207059,4.20512962962963,8.261388888888888,2.001388888888889,1.9543525466193181,345,345,1.0,1,PC-2580,100.0,0,0,18.55072463768116,0,345,2010-01-04 07:38:20,2011-05-13 15:37:26
DTAA/DRN0845,12.541336270190897,2.17204705273725,17.413399412628486,2.4116253210793706,4.872400269211944,10.302777777777777,0.0005555555555555556,2.968133499042912,454,345,1.3159420289855073,63,PC-1345,75.99118942731278,215,0,0.0,0,454,2010-01-04 08:26:29,2011-05-13 18:32:56
DTAA/DRO0126,11.747145488029467,2.186725350894762,16.855248618784533,1.0049477856578777,5.109159760589319,9.285555555555556,0.006944444444444444,2.3406638657305106,362,345,1.0492753623188407,18,PC-3212,95.30386740331491,34,0,10.773480662983426,0,362,2010-01-04 12:14:01,2011-05-13 17:01:56
DTAA/DRO0516,8.236135265700483,0.0947433347495181,16.27816425120773,0.07147065368711715,8.042126409017714,8.31638888888889,7.785833333333334,0.12363615897691758,345,345,1.0,1,PC-2367,100.0,0,0,0.0,0,345,2010-01-04 08:21:00,2011-05-13 16:23:41
DTAA/DRP0428,10.802486402486402,2.1320251374071226,15.124397824397825,2.1492102757001006,4.322299922299922,9.279722222222222,0.0038888888888888888,2.6399285826385817,429,345,1.2434782608695651,59,PC-2979,80.41958041958041,163,0,19.813519813519815,0,429,2010-01-04 06:59:23,2011-05-13 15:55:37
DTAA/DSB0887,8.136985018726593,0.9151202962356594,17.878885767790262,0.9645215185179632,9.741772784019975,10.3075,0.028888888888888888,1.665863046741352,356,345,1.0318840579710145,12,PC-1158,96.91011235955057,22,0,47.752808988764045,0,356,2010-01-04 08:01:17,2011-05-13 18:06:45
DTAA/DSH0627,8.231227106227108,2.2490579238544424,17.491712454212454,2.7344242650994555,9.721329365079365,10.32638888888889,0.030555555555555555,1.6032198033386076,364,348,1.0459770114942528,1,PC-2474,100.0,0,8,53.02197802197802,3,361,2010-01-04 08:06:51,2011-05-13 18:08:32
DTAA/DSM0990,11.668666399143929,6.5355357315838285,13.156413857677903,6.884289695888242,1.8826391118245052,11.311388888888889,0.008333333333333333,3.697323195199237,2492,346,7.202312138728324,886,PC-4863,14.92776886035313,2483,525,50.0,1,2491,2010-01-04 03:26:35,2011-05-13 23:16:06
DTAA/DSS0112,11.047874396135265,1.933366827681534,15.286425120772947,0.07099632146587577,4.237805958132045,8.267222222222221,1.9502777777777778,1.925224757159881,345,345,1.0,1,PC-3385,100.0,0,0,18.55072463768116,0,345,2010-01-04 11:26:06,2011-05-13 15:18:11
DTAA/DST0527,6.731256038647343,0.0938415383411919,14.781352657004831,0.0731695644050587,8.050863123993558,8.321388888888889,7.78,0.11310477916116295,345,345,1.0,1,PC-0745,100.0,0,0,100.0,0,345,2010-01-04 06:50:18,2011-05-13 14:50:09
DTAA/DST0857,7.996714975845411,0.0963086338632038,18.033333333333335,0.0750215300707748,10.036221417069244,10.303611111111111,9.75361111111111,0.12349999051667401,345,345,1.0,1,PC-0925,100.0,0,0,48.40579710144928,0,345,2010-01-04 08:02:25,2011-05-13 17:55:28
DTAA/DTD0380,12.122705314009664,1.9518691164106388,17.28497584541063,0.07155440817719351,5.162398550724638,9.29861111111111,2.9458333333333333,1.9567832359596464,345,345,1.0,1,PC-2496,100.0,0,0,0.0,0,345,2010-01-04 12:15:46,2011-05-13 17:11:51
DTAA/DWB0426,7.497777777777777,0.09731483222983406,15.534782608695652,0.07283365321286972,8.036310789049919,8.324444444444444,7.756111111111111,0.12095930323733084,345,345,1.0,1,PC-4757,100.0,0,0,100.0,0,345,2010-01-04 07:22:42,2011-05-13 15:25:06
DTAA/DWF0128,12.911862745098041,2.0965677770830604,17.069117647058825,2.1249424030286184,4.157040849673202,9.292777777777777,0.03805555555555556,2.6651631169813537,170,131,1.297709923664122,35,PC-0346,77.05882352941177,77,0,0.0,0,170,2010-01-04 15:06:03,2010-07-08 18:04:50
DTAA/DXM0213,7.487826086956521,0.09629745396680969,16.53661835748792,0.07185816481551317,9.048798711755234,9.31,8.762777777777778,0.12348289233922322,345,345,1.0,1,PC-3815,100.0,0,0,100.0,0,345,2010-01-04 07:21:59,2011-05-13 16:26:00
DTAA/EAM0745,8.483140096618358,0.09273493814401679,17.530966183574876,0.07341147494880268,9.047976650563607,9.31,8.766111111111112,0.12101210838851076,345,345,1.0,1,PC-0220,100.0,0,0,0.0,0,345,2010-01-04 08:22:39,2011-05-13 17:27:34
DTAA/EAR0695,7.744347826086957,0.09353850709055257,15.786038647342995,0.07188239426591303,8.041176328502416,8.319166666666666,7.764166666666667,0.11747867869230808,345,345,1.0,1,PC-4039,100.0,0,0,100.0,0,345,2010-01-04 07:41:08,2011-05-13 15:51:41
DTAA/EBP0037,6.736510128913444,1.1920106490945717,16.30635359116022,1.1490322022219364,9.57045349907919,10.304444444444444,0.08527777777777777,2.0927691241678845,362,345,1.0492753623188407,18,PC-2088,95.30386740331491,34,0,95.58011049723757,0,362,2010-01-04 06:27:35,2011-05-13 16:32:20
DTAA/EBS0287,12.086328502415457,1.9461307223342648,15.282125603864733,0.07390014173080862,3.195924315619968,7.2813888888888885,0.8991666666666667,1.952498403737088,345,345,1.0,1,PC-2785,100.0,0,0,0.0,0,345,2010-01-04 11:48:51,2011-05-13 15:22:45
DTAA/ECB0185,8.383028720626632,1.3729945637840408,16.567145343777195,1.555403210686376,8.184420510588918,9.32611111111111,0.0008333333333333334,2.5670316473710364,383,345,1.1101449275362318,36,PC-3713,90.07832898172323,75,0,46.21409921671018,0,383,2010-01-04 07:58:43,2011-05-13 16:56:27
DTAA/ECB0494,8.239082125603865,0.09481023488463437,16.281642512077294,0.07286722728903948,8.042854267310789,8.3275,7.7780555555555555,0.12306621003589557,345,345,1.0,1,PC-0926,100.0,0,0,0.0,0,345,2010-01-04 08:06:00,2011-05-13 16:24:01
DTAA/ECD0029,9.240868263473054,0.09267793954293026,19.287125748502994,0.07376333677517215,10.045766799733865,10.300277777777778,9.765555555555556,0.11536728220713266,334,334,1.0,1,PC-4184,100.0,0,0,0.0,0,334,2010-01-04 09:10:13,2011-04-28 19:11:58
DTAA/ECG0753,7.489951690821256,0.09327602883956755,15.537487922705314,0.06896804346750479,8.04710305958132,8.311944444444444,7.7811111111111115,0.11100024195493531,345,345,1.0,1,PC-1669,100.0,0,0,100.0,0,345,2010-01-04 07:30:03,2011-05-13 15:27:02
DTAA/ECM0214,11.886946386946388,2.0135858717221597,16.100660450660452,2.160383041198128,4.214127169127169,9.283333333333333,0.0011111111111111111,2.552924967830176,429,345,1.2434782608695651,64,PC-1433,80.41958041958041,164,0,7.226107226107226,0,429,2010-01-04 12:09:26,2011-05-13 16:59:09
DTAA/ECT0491,8.232028985507247,0.0927215856154963,15.288115942028984,0.06859252757248545,7.056400966183574,7.310833333333333,6.750555555555556,0.11595139218988303,345,345,1.0,1,PC-2368,100.0,0,0,0.0,0,345,2010-01-04 08:20:37,2011-05-13 15:10:23
DTAA/EDC0357,7.7447342995169075,0.09229244784540244,15.778792270531401,0.074559366714638,8.034504025764896,8.306111111111111,7.7636111111111115,0.1179281537513901,345,345,1.0,1,PC-0478,100.0,0,0,100.0,0,345,2010-01-04 07:50:29,2011-05-13 15:44:00
DTAA/EDG0766,8.492222222222223,0.09714042332231516,17.532995169082124,0.07315152084840185,9.041312399355878,9.296944444444444,8.774722222222222,0.12189969377086486,345,345,1.0,1,PC-4451,100.0,0,0,0.0,0,345,2010-01-04 08:34:31,2011-05-13 17:30:29
DTAA/EDH0146,12.182063125481136,2.280343587189347,17.992301770592764,2.497596790035601,5.81009173723377,11.248888888888889,0.0033333333333333335,3.1856880695604732,433,345,1.2550724637681159,64,PC-3973,79.67667436489607,173,0,6.235565819861432,0,433,2010-01-04 13:11:12,2011-05-13 19:08:58
DTAA/EDR0642,7.993429951690822,0.09792084522585444,16.036521739130436,0.07187376508906254,8.043108695652174,8.324444444444444,7.765833333333333,0.12630093321768993,345,345,1.0,1,PC-2000,100.0,0,0,49.275362318840585,0,345,2010-01-04 08:05:35,2011-05-13 15:57:30
DTAA/EDW0137,7.739613526570049,0.09484029863639498,18.787584541062802,0.07074238132017116,11.048358293075685,11.319166666666666,10.766111111111112,0.11906742807134883,345,345,1.0,1,PC-1300,100.0,0,0,100.0,0,345,2010-01-04 07:54:53,2011-05-13 18:54:09
DTAA/EEB0134,12.360241545893718,1.8978159042288207,17.532850241545894,0.07170693695138919,5.172466988727859,9.247222222222222,2.870277777777778,1.8995571116123244,345,345,1.0,1,PC-0596,100.0,0,0,0.0,0,345,2010-01-04 14:19:24,2011-05-13 17:31:20
DTAA/EEK0031,8.749565217391304,0.09769949616815364,15.78207729468599,0.0718100725150995,7.032773752012883,7.295,6.7575,0.1178238976995665,345,345,1.0,1,PC-2889,100.0,0,0,0.0,0,345,2010-01-04 08:44:55,2011-05-13 15:53:08
DTAA/EFS0114,6.993574879227053,0.09697344870999076,18.03072463768116,0.07298956945856856,11.037508051529791,11.303333333333333,10.758611111111112,0.11915644146821439,345,345,1.0,1,PC-3607,100.0,0,0,100.0,0,345,2010-01-04 07:07:38,2011-05-13 18:08:27
DTAA/EGG0294,7.983526570048309,0.09755552990001816,18.032946859903383,0.07343222769712225,10.049746376811596,10.298055555555555,9.754722222222222,0.12272230340225923,345,345,1.0,1,PC-4696,100.0,0,0,52.7536231884058,0,345,2010-01-04 08:03:11,2011-05-13 18:05:49
DTAA/EGM0401,10.810347985347985,1.9948248934336865,17.683699633699636,1.607425526395463,6.872953296703297,11.325555555555555,0.03861111111111111,2.443430359149736,364,345,1.055072463768116,18,PC-0936,94.78021978021978,38,0,19.230769230769234,0,364,2010-01-04 12:25:59,2011-05-13 18:00:31
DTAA/EJB0888,7.998019323671498,0.09706666580245957,16.02903381642512,0.07337846886463632,8.030692431561997,8.325,7.770555555555555,0.1185179501265487,345,345,1.0,1,PC-3077,100.0,0,0,46.95652173913044,0,345,2010-01-04 08:05:55,2011-05-13 16:02:11
DTAA/EJS0513,12.556376811594202,1.9665947085714302,16.78463768115942,0.07110292379631872,4.227916264090178,8.2875,1.8919444444444444,1.9705589266873387,345,345,1.0,1,PC-0668,100.0,0,0,0.0,0,345,2010-01-04 08:50:12,2011-05-13 16:54:07
DTAA/EKB0587,7.991062801932368,0.0962968949379185,18.038260869565217,0.07030895435080182,10.047461352657004,10.301666666666666,9.758611111111112,0.1221021580764313,345,345,1.0,1,PC-0136,100.0,0,0,50.43478260869565,0,345,2010-01-04 07:51:14,2011-05-13 18:04:02
DTAA/ELA0741,11.846521739130436,1.9826929976329162,17.031932367149757,0.07354621540295143,5.185061996779388,9.305555555555555,2.8025,1.9863176520137527,345,345,1.0,1,PC-1751,100.0,0,0,10.72463768115942,0,345,2010-01-04 12:30:45,2011-05-13 16:57:42
DTAA/ELD1000,11.59482782087927,6.661254817183532,12.880624744793794,6.760928034619906,1.599509323533415,9.30861111111111,0.008333333333333333,3.016415495545007,2449,345,7.098550724637681,877,PC-3390,14.16904859126174,2448,521,51.77623519804002,0,2449,2010-01-04 08:22:09,2011-05-13 22:28:40
DTAA/EML0060,8.74231884057971,0.10040181602018237,18.77942028985507,0.07050472458773391,10.037133655394525,10.295555555555556,9.7625,0.1246279066796549,345,345,1.0,1,PC-0777,100.0,0,0,0.0,0,345,2010-01-04 08:38:18,2011-05-13 18:46:07
DTAA/EMM0782,7.998502415458938,0.09669195110365338,16.035410628019324,0.06864577241301456,8.037149758454106,8.309722222222222,7.757777777777778,0.12311327736996625,345,345,1.0,1,PC-3643,100.0,0,0,48.40579710144928,0,345,2010-01-04 07:56:56,2011-05-13 16:03:39
DTAA/EMR0242,8.75255795363709,3.4825755004533923,15.800599520383694,4.420586104130034,7.911604050093258,9.313888888888888,0.013333333333333334,2.6672126309654494,417,351,1.188034188034188,13,PC-1306,97.12230215827337,24,32,14.388489208633093,5,412,2010-01-04 08:39:44,2011-05-13 17:37:55
DTAA/EMZ0196,11.719765494137354,2.2407061905974834,17.422738693467338,1.793133452150956,5.703096035734227,10.3025,0.0025,2.859291598802801,398,345,1.153623188405797,42,PC-1479,86.68341708542714,106,0,12.060301507537687,0,398,2010-01-04 12:54:59,2011-05-13 18:04:55
DTAA/ENB0293,7.976618357487923,0.09219805939152438,16.038115942028988,0.06982924508594608,8.06101851851852,8.325833333333334,7.776944444444444,0.11676549150011602,345,345,1.0,1,PC-0311,100.0,0,0,56.231884057971016,0,345,2010-01-04 08:03:08,2011-05-13 15:59:09
DTAA/END0616,7.991304347826087,0.09293557511105395,17.030579710144924,0.07144674323875627,9.038979066022545,9.299722222222222,8.764444444444445,0.11991328053356408,345,345,1.0,1,PC-2108,100.0,0,0,48.98550724637681,0,345,2010-01-04 07:56:30,2011-05-13 17:06:19
DTAA/ENP0794,8.239613526570048,0.09656158454469192,19.27772946859903,0.07292011122234601,11.037777777777778,11.316944444444445,10.759722222222223,0.11994446823165339,345,345,1.0,1,PC-4483,100.0,0,0,0.0,0,345,2010-01-04 08:10:46,2011-05-13 19:15:33
DTAA/EOS0972,11.908194444444444,3.7240433897570275,14.829270833333334,4.333000394123897,4.121343171296297,11.272222222222222,0.003611111111111111,2.586170582972785,480,348,1.3793103448275863,56,PC-4981,83.75,152,22,25.416666666666664,3,477,2010-01-04 07:53:54,2011-05-13 16:46:18
DTAA/ERP0254,8.145138888888889,1.419596196250898,16.30516493055556,1.6030943846296795,8.15978515625,9.305277777777778,0.051111111111111114,2.6056708668552875,384,345,1.1130434782608696,37,PC-3959,89.84375,77,0,90.36458333333334,0,384,2010-01-04 07:44:53,2011-05-13 16:51:32
DTAA/ESB0080,11.700238095238094,2.1499174311258025,17.924142857142858,0.8866921662451108,6.224220634920634,10.216666666666667,0.49666666666666665,2.231545321025202,350,345,1.0144927536231885,6,PC-2529,98.57142857142858,10,0,10.571428571428571,0,350,2010-01-04 07:52:08,2011-05-13 18:07:43
DTAA/EWR0504,11.430185185185186,2.121759669322525,15.591388888888888,1.026128738899773,4.161250771604939,8.311388888888889,0.04138888888888889,2.2234859142928993,360,345,1.0434782608695652,15,PC-4580,95.83333333333334,30,0,21.944444444444443,0,360,2010-01-04 12:05:58,2011-05-13 15:42:51
DTAA/FAF0578,8.494734299516908,0.09554245676962365,19.536714975845413,0.07196596227816635,11.041884863123993,11.31638888888889,10.782222222222222,0.12068148122596209,345,345,1.0,1,PC-0408,100.0,0,0,0.0,0,345,2010-01-04 08:36:27,2011-05-13 19:33:15
DTAA/FCG0115,7.741159420289856,0.09521807230897188,16.791400966183577,0.07172074261707262,9.05037037037037,9.31,8.780555555555555,0.11665866323394855,345,345,1.0,1,PC-0472,100.0,0,0,100.0,0,345,2010-01-04 07:49:44,2011-05-13 16:48:52
DTAA/FCT0552,7.990338164251208,0.09205370182954106,17.03917874396135,0.07004844622249096,9.049506441223832,9.309722222222222,8.77361111111111,0.11673235489863808,345,345,1.0,1,PC-3545,100.0,0,0,48.69565217391305,0,345,2010-01-04 07:56:06,2011-05-13 16:55:11
DTAA/FDP0500,11.995314900153609,2.277761150568348,17.78590629800307,2.347400499462511,5.790737327188941,11.293611111111112,0.002777777777777778,3.2360514476906044,434,345,1.2579710144927536,74,PC-4873,79.49308755760369,171,0,14.746543778801843,0,434,2010-01-04 12:12:14,2011-05-13 18:46:25
DTAA/FES0933,7.741545893719807,0.09828237365355523,15.782898550724639,0.07290775259682872,8.041214975845412,8.328888888888889,7.759722222222222,0.11972415828494594,345,345,1.0,1,PC-2567,100.0,0,0,100.0,0,345,2010-01-04 07:36:42,2011-05-13 15:40:43
DTAA/FFP0721,11.074590163934428,2.1400175817369993,15.280282331511838,1.1644913624240985,4.205752884031573,8.308333333333334,0.0005555555555555556,2.2777498819291053,366,345,1.0608695652173914,20,PC-0690,94.26229508196722,41,0,23.770491803278688,0,366,2010-01-04 11:46:28,2011-05-13 15:37:10
DTAA/FGM0119,8.989323671497583,0.0934785341160531,18.03574879227053,0.07386497750927286,9.046403381642513,9.309444444444445,8.766944444444444,0.12197918660540633,345,345,1.0,1,PC-1150,100.0,0,0,0.0,0,345,2010-01-04 09:09:05,2011-05-13 17:55:46
DTAA/FHM0931,9.413055555555555,1.0039341908144315,19.054074074074077,1.2497156869139947,9.64091589506173,10.311388888888889,0.18666666666666668,1.9023660255457002,360,345,1.0434782608695652,15,PC-3359,95.83333333333334,30,0,0.0,0,360,2010-01-04 09:24:56,2011-05-13 19:19:29
DTAA/FIM0668,7.490048309178744,0.09737758623146235,16.52705314009662,0.07269839697299482,9.037395330112721,9.297222222222222,8.780277777777778,0.11756494520705031,345,345,1.0,1,PC-3866,100.0,0,0,100.0,0,345,2010-01-04 07:23:40,2011-05-13 16:27:32
DTAA/FJC0138,7.737101449275363,0.09380162324334954,16.780966183574883,0.0738173365553276,9.043719001610306,9.30888888888889,8.761944444444444,0.12162131501248263,345,345,1.0,1,PC-4335,100.0,0,0,100.0,0,345,2010-01-04 07:47:59,2011-05-13 16:40:30
DTAA/FKR0550,11.050143369175629,3.8573123979449315,14.311648745519713,4.236792347122751,4.242173835125448,9.301388888888889,0.004722222222222222,2.5217156696049865,465,354,1.3135593220338984,53,PC-2469,86.23655913978494,122,26,27.09677419354839,9,456,2010-01-04 11:01:45,2011-05-13 16:01:52
DTAA/FLC0811,7.493864734299517,0.09865965953735958,16.528840579710145,0.07573887994328571,9.03522463768116,9.321666666666667,8.755555555555556,0.12318566036213106,345,345,1.0,1,PC-1435,100.0,0,0,100.0,0,345,2010-01-04 07:32:08,2011-05-13 16:28:45
DTAA/FMF0197,7.990483091787438,0.09869345985847719,19.03985507246377,0.07174332204427476,11.049172302737519,11.318055555555556,10.774444444444445,0.11907042205860068,345,345,1.0,1,PC-2601,100.0,0,0,48.40579710144928,0,345,2010-01-04 07:52:11,2011-05-13 18:56:05
DTAA/FNO0471,7.991014492753622,0.09692344995462464,18.040096618357488,0.07229839431978116,10.048661835748792,10.309166666666666,9.751388888888888,0.12516385461467505,345,345,1.0,1,PC-4905,100.0,0,0,51.59420289855072,0,345,2010-01-04 08:00:03,2011-05-13 18:09:01
DTAA/FTB0295,8.483989501312337,0.09766681959111746,17.530971128608925,0.07384395367885056,9.046940069991253,9.317777777777778,8.764444444444445,0.12432835914634158,127,127,1.0,1,PC-0793,100.0,0,0,0.0,0,127,2010-01-04 08:39:46,2010-07-01 17:33:20
DTAA/FUA0154,12.162205387205388,2.024418727891712,16.717676767676767,1.7064802742721608,4.555681116722783,9.293055555555556,0.020555555555555556,2.4216755824427727,396,345,1.1478260869565218,40,PC-1985,87.12121212121212,100,0,0.0,0,396,2010-01-04 11:08:57,2011-05-13 17:18:14
DTAA/GBR0420,11.661739130434784,1.9096505058487168,15.779468599033818,0.07142338188198079,4.1180539452495974,8.263055555555555,1.7769444444444444,1.9130575841951871,345,345,1.0,1,PC-4664,100.0,0,0,17.391304347826086,0,345,2010-01-04 12:04:48,2011-05-13 15:41:14
DTAA/GCH0545,8.73719806763285,0.09640438755268124,19.779855072463768,0.07377867502496556,11.04261352657005,11.31861111111111,10.767777777777777,0.12566521189715527,345,345,1.0,1,PC-4690,100.0,0,0,0.0,0,345,2010-01-04 08:48:39,2011-05-13 19:40:25
DTAA/GDG0184,11.73168776371308,2.036752892338548,16.42426160337553,1.7833424210838595,4.692943741209564,9.291944444444445,0.04,2.467198049539067,395,345,1.144927536231884,41,PC-1808,87.34177215189874,97,0,8.860759493670885,0,395,2010-01-04 13:21:03,2011-05-13 17:04:49
DTAA/GDJ0631,11.609178743961351,1.982866566613572,16.78840579710145,0.07131926049252252,5.179567632850241,9.301111111111112,2.8980555555555556,1.9816328776947396,345,345,1.0,1,PC-4239,100.0,0,0,18.84057971014493,0,345,2010-01-04 11:18:14,2011-05-13 16:52:46
DTAA/GEC0077,8.236280193236716,0.10011385029372508,17.280772946859905,0.07047537213360126,9.044524154589372,9.291944444444445,8.760555555555555,0.11781453641428513,345,345,1.0,1,PC-4296,100.0,0,0,0.0,0,345,2010-01-04 08:12:53,2011-05-13 17:22:54
DTAA/GHB0863,11.6158014571949,2.147766531968888,16.78670309653916,1.1486081307124005,5.1711262902246515,9.268611111111111,0.042222222222222223,2.367610002492435,366,345,1.0608695652173914,19,PC-2847,94.26229508196722,42,0,12.295081967213115,0,366,2010-01-04 12:03:00,2011-05-13 16:59:37
DTAA/GHC0041,10.507824074074074,2.2365357076156576,18.566759259259257,1.215183648916875,8.059459104938272,12.303888888888888,0.09472222222222222,2.6203424783130016,360,345,1.0434782608695652,16,PC-1139,95.83333333333334,30,0,22.5,0,360,2010-01-04 10:41:41,2011-05-13 18:42:53
DTAA/GHS0664,8.73768115942029,0.09401726219361586,18.786666666666665,0.07020181317917214,10.049064412238325,10.29861111111111,9.769444444444444,0.11808259327987741,345,345,1.0,1,PC-1401,100.0,0,0,0.0,0,345,2010-01-04 08:41:18,2011-05-13 18:42:18
DTAA/GJG0820,6.982270531400966,0.09797117113017129,16.03545893719807,0.07657892479675708,9.053289049919485,9.324166666666667,8.792777777777777,0.12286434658529545,345,345,1.0,1,PC-2498,100.0,0,0,100.0,0,345,2010-01-04 07:00:53,2011-05-13 16:09:02
DTAA/GJH0384,8.744927536231884,0.09307864040492463,19.787874396135265,0.07338038266619108,11.043183574879226,11.323611111111111,10.779166666666667,0.11561188946255288,345,345,1.0,1,PC-4272,100.0,0,0,0.0,0,345,2010-01-04 08:47:13,2011-05-13 19:50:16
DTAA/GKC0919,7.57108108108108,2.4476454225348734,18.522522522522525,3.3661660262073254,11.341116366366364,12.312222222222223,0.004722222222222222,2.667557147569465,370,346,1.069364161849711,9,PC-3647,97.83783783783784,16,9,97.83783783783784,1,369,2010-01-04 07:20:07,2011-05-13 19:16:02
DTAA/GKJ0573,7.989468599033817,0.10208679109537998,17.034975845410628,0.07519703486908658,9.045243156199678,9.30888888888889,8.77361111111111,0.1273127153891988,345,345,1.0,1,PC-3174,100.0,0,0,52.7536231884058,0,345,2010-01-04 08:04:00,2011-05-13 17:03:10
DTAA/GLB0715,12.75375968992248,2.0692572051637015,16.982015503875967,1.919917231382969,4.227875322997416,9.301111111111112,0.005277777777777778,2.5700975229298764,430,345,1.2463768115942029,57,PC-4221,80.23255813953489,165,0,0.0,0,430,2010-01-04 08:42:43,2011-05-13 17:52:14
DTAA/GMF0571,11.423043478260869,2.0001024472413245,16.52951690821256,0.0719048578300543,5.106441223832528,9.306111111111111,2.8558333333333334,2.007851917160829,345,345,1.0,1,PC-3588,100.0,0,0,18.84057971014493,0,345,2010-01-04 07:34:23,2011-05-13 16:28:47
DTAA/GML0105,12.944781144781144,2.4747432676146914,17.511503928170598,2.6872134775827514,4.72725495697718,9.258333333333333,0.022222222222222223,2.320167245279035,297,265,1.120754716981132,24,PC-0268,92.25589225589226,46,5,3.0303030303030303,0,297,2010-01-04 14:20:56,2011-01-20 18:20:02
DTAA/GMS0949,7.739420289855073,0.09404929661810439,17.787004830917873,0.07308746867534519,10.047218196457326,10.321111111111112,9.766944444444444,0.12099359983967806,345,345,1.0,1,PC-0240,100.0,0,0,100.0,0,345,2010-01-04 07:43:01,2011-05-13 17:44:59
DTAA/GNB0481,8.73512077294686,0.09621818530227727,17.786376811594202,0.06696575142440746,9.050955716586152,9.328333333333333,8.764444444444445,0.11698409029087126,345,345,1.0,1,PC-3826,100.0,0,0,0.0,0,345,2010-01-04 08:38:58,2011-05-13 17:43:10
DTAA/GNH0394,11.088076588337685,2.068591820484003,15.868842471714533,1.5160690268588495,4.78080649840441,9.323055555555555,0.0033333333333333335,2.3819245164004568,383,345,1.1101449275362318,36,PC-2161,90.07832898172323,76,0,19.06005221932115,0,383,2010-01-04 13:07:09,2011-05-13 16:20:32
DTAA/GRC0474,11.401014492753621,1.9804412912587648,15.532995169082126,0.07039512176144651,4.1320853462157805,8.314166666666667,1.9197222222222223,1.9849212741597633,345,345,1.0,1,PC-4438,100.0,0,0,18.55072463768116,0,345,2010-01-04 11:47:18,2011-05-13 15:36:41
DTAA/GRG0693,9.358897569444444,2.9053769515434285,18.024348958333334,4.080973582735744,9.352787181712964,10.303611111111111,0.15305555555555556,2.1766675694830333,384,347,1.106628242074928,1,PC-3411,100.0,0,23,10.15625,2,382,2010-01-04 09:19:19,2011-05-13 19:24:16
DTAA/GRS0372,11.927738927738927,2.5945590265542093,15.276340326340325,2.671866823619715,3.6281384356384363,8.975,0.0016666666666666668,2.3435556842954686,429,348,1.2327586206896552,52,PC-2242,83.91608391608392,136,7,3.4965034965034967,2,427,2010-01-04 11:54:33,2011-05-13 16:18:53
DTAA/GSL0697,7.683022222222222,1.7082318932826321,16.957422222222224,1.3653358127437754,9.274191851851851,10.314444444444444,0.013333333333333334,2.610502941102948,375,345,1.0869565217391304,27,PC-3442,92.0,60,0,92.26666666666667,0,375,2010-01-04 07:16:23,2011-05-13 17:12:14
DTAA/GTJ0243,7.745652173913044,0.09852153902776088,14.782512077294685,0.0702533386267947,7.036880032206119,7.321111111111111,6.760277777777778,0.12129176367059233,345,345,1.0,1,PC-1337,100.0,0,0,100.0,0,345,2010-01-04 07:50:57,2011-05-13 14:48:54
DTAA/GTR0327,8.494541062801932,0.09530308482025834,19.537632850241547,0.07129093286624227,11.042921900161032,11.313888888888888,10.766388888888889,0.12058021333542004,345,345,1.0,1,PC-3366,100.0,0,0,0.0,0,345,2010-01-04 08:36:08,2011-05-13 19:31:17
DTAA/GVH0277,8.898245614035087,0.910129891692986,17.56163434903047,1.1792744973084308,8.663813481071099,9.31611111111111,0.050833333333333335,1.7845856699091398,361,345,1.046376811594203,15,PC-3870,95.56786703601108,32,0,0.0,0,361,2010-01-04 08:40:04,2011-05-13 17:46:08
DTAA/GWS0381,8.489082125603865,0.09434063996748089,19.53888888888889,0.07110167290401959,11.049376006441223,11.323055555555555,10.777777777777779,0.12395580230876306,345,345,1.0,1,PC-0975,100.0,0,0,0.0,0,345,2010-01-04 08:28:07,2011-05-13 19:32:19
DTAA/GYB0248,7.986811594202898,0.09834291567850784,18.03473429951691,0.0741149453771823,10.047376811594203,10.322777777777778,9.779166666666667,0.1256626038837918,345,345,1.0,1,PC-0436,100.0,0,0,51.59420289855072,0,345,2010-01-04 07:58:57,2011-05-13 17:59:45
DTAA/GYT0279,11.905124892334197,2.8138633596047526,15.48479758828596,2.500855497395696,3.8899303761125466,9.65611111111111,0.06111111111111111,2.099763062161979,387,348,1.1120689655172413,23,PC-2791,94.31524547803618,44,10,12.919896640826872,3,384,2010-01-04 11:25:11,2011-05-13 15:59:14
DTAA/HAG0649,11.92908950617284,2.784510427048682,15.80991512345679,3.095808577436366,4.3809014917695475,10.682777777777778,0.006944444444444444,2.4833557279542493,432,345,1.2521739130434784,51,PC-1350,84.95370370370371,128,10,12.268518518518519,0,432,2010-01-04 12:33:16,2011-05-13 17:08:14
DTAA/HAS0430,11.92111111111111,1.9694008279211128,16.028212560386475,0.07506151592212505,4.107172302737521,8.305555555555555,1.8869444444444445,1.9680280189133241,345,345,1.0,1,PC-4046,100.0,0,0,9.855072463768117,0,345,2010-01-04 13:31:40,2011-05-13 16:07:55
DTAA/HBB0402,11.543754789272029,2.0576788983448626,15.212567049808431,1.835006337695555,3.6685727969348654,8.293611111111112,0.021111111111111112,2.481059783326564,435,345,1.2608695652173914,61,PC-0834,79.3103448275862,178,0,9.885057471264368,0,435,2010-01-04 12:40:58,2011-05-13 16:06:04
DTAA/HBF0035,11.080096618357487,2.0735864998957485,17.533768115942028,0.07317308301993863,6.453940418679549,10.281944444444445,3.988888888888889,2.079449491441624,345,345,1.0,1,PC-0991,100.0,0,0,23.47826086956522,0,345,2010-01-04 11:38:33,2011-05-13 17:38:44
DTAA/HBL0517,11.701629422718806,2.1180635638143976,17.85190875232775,1.0950154104842558,6.149511949099938,10.310833333333333,0.0022222222222222222,2.316534243040829,358,345,1.03768115942029,14,PC-1343,96.36871508379889,26,0,9.217877094972067,0,358,2010-01-04 07:59:47,2011-05-13 18:07:40
DTAA/HCC0258,12.023413566739608,2.1130990720929903,16.813347921225382,2.49458439736486,4.789876610746415,10.256666666666666,0.006944444444444444,2.9678145831127254,457,345,1.3246376811594203,62,PC-3668,75.49234135667396,217,0,6.564551422319474,0,457,2010-01-04 12:48:48,2011-05-13 18:00:33
DTAA/HCG0731,11.911396303901439,4.05265704117931,15.824366872005475,4.894593510948463,4.947812000912617,10.283055555555556,0.009166666666666667,2.9515203730524693,487,354,1.3757062146892656,54,PC-4643,85.21560574948666,141,37,14.37371663244353,8,479,2010-01-04 12:31:37,2011-05-13 18:20:45
DTAA/HCJ0171,8.644416456759027,2.3732995630608427,17.322502099076406,2.4109086652915197,8.859420654911839,10.302777777777777,0.05277777777777778,3.147555170222556,397,346,1.1473988439306357,43,PC-0149,88.9168765743073,88,4,50.12594458438288,1,396,2010-01-04 07:51:12,2011-05-13 17:59:08
DTAA/HCM0681,10.991138211382115,1.9579316617676383,13.74808943089431,1.4126450930028602,2.7570006775067744,7.315277777777778,0.043333333333333335,2.065450389350386,410,345,1.1884057971014492,48,PC-3591,84.14634146341463,127,0,17.560975609756095,0,410,2010-01-04 12:21:01,2011-05-13 14:15:05
DTAA/HCP0315,11.9012077294686,1.9912995486482041,17.036376811594202,0.07079910055240334,5.134773752012883,9.297222222222222,2.803888888888889,1.9868415707465261,345,345,1.0,1,PC-3058,100.0,0,0,9.565217391304348,0,345,2010-01-04 07:53:25,2011-05-13 17:04:16
DTAA/HCR0525,7.991062801932368,0.09542082224731536,17.039420289855073,0.07212391657173764,9.047623188405797,9.300833333333333,8.752222222222223,0.11889367069006514,345,345,1.0,1,PC-3993,100.0,0,0,48.40579710144928,0,345,2010-01-04 07:55:45,2011-05-13 16:59:36
DTAA/HCR0795,7.243091787439614,0.09384191246490539,15.289420289855073,0.07066488525649564,8.046678743961353,8.320277777777777,7.765,0.1127774777993224,345,345,1.0,1,PC-2757,100.0,0,0,100.0,0,345,2010-01-04 07:21:34,2011-05-13 15:14:43
DTAA/HDB0655,8.407772435897435,1.5528685231074157,14.13261217948718,1.5267443191374301,5.724760950854701,7.307222222222222,0.04388888888888889,2.651516697619738,208,166,1.2530120481927711,35,PC-2605,79.8076923076923,83,0,79.8076923076923,0,208,2010-01-04 07:39:29,2010-08-26 14:47:02
DTAA/HDR0261,11.85256038647343,2.016931492071668,19.028743961352657,0.07090933325767196,7.176714170692432,11.29,4.8436111111111115,2.0183323777496387,345,345,1.0,1,PC-2506,100.0,0,0,11.594202898550725,0,345,2010-01-04 12:52:43,2011-05-13 19:04:38
DTAA/HDR0823,12.447706093189964,2.1531901830072755,17.093691756272403,2.41841858132014,4.645589008363203,10.262777777777778,0.002777777777777778,2.9458290727538845,465,345,1.3478260869565217,70,PC-3236,74.19354838709677,231,0,0.0,0,465,2010-01-04 12:23:20,2011-05-13 18:20:54
DTAA/HED0802,12.196870109546166,2.033627908029768,16.437323943661973,2.061739156945945,4.240379499217528,9.276388888888889,0.02388888888888889,2.4971590826741052,426,345,1.2347826086956522,59,PC-3229,80.98591549295774,159,0,0.0,0,426,2010-01-04 13:37:59,2011-05-13 17:11:52
DTAA/HEG0785,8.237922705314011,0.09762539383979851,17.281449275362316,0.07306168472039679,9.04364009661836,9.330555555555556,8.785277777777777,0.1233072109184602,345,345,1.0,1,PC-4845,100.0,0,0,0.0,0,345,2010-01-04 08:16:21,2011-05-13 17:15:34
DTAA/HER0860,7.997424892703863,0.09730834985958328,18.030615164520743,0.07259722783517697,10.033681449690034,10.311944444444444,9.7775,0.12469180298209134,233,233,1.0,1,PC-1902,100.0,0,0,47.63948497854077,0,233,2010-01-04 07:57:22,2010-12-02 18:05:16
DTAA/HFC0680,8.250917874396135,0.09481023488463432,17.287971014492754,0.07338532642253631,9.037066827697263,9.318055555555556,8.753333333333334,0.12171554065806778,345,345,1.0,1,PC-3835,100.0,0,0,0.0,0,345,2010-01-04 08:13:04,2011-05-13 17:21:38
DTAA/HIB0604,8.493140096618356,0.09611121501572767,19.52917874396135,0.07389672108193057,11.035840579710145,11.32638888888889,10.777777777777779,0.11954026935338145,345,345,1.0,1,PC-4209,100.0,0,0,0.0,0,345,2010-01-04 08:21:09,2011-05-13 19:37:29
DTAA/HIP0929,7.73792270531401,0.09800513725341398,14.781980676328502,0.0712325023634024,7.04406119162641,7.321944444444444,6.770277777777777,0.11932520945560914,345,345,1.0,1,PC-3338,100.0,0,0,100.0,0,345,2010-01-04 07:41:29,2011-05-13 14:43:31
DTAA/HJK0057,10.87111111111111,2.1048910731441413,15.28782608695652,0.07309118337746544,4.41654347826087,8.293611111111112,1.866111111111111,2.1083832761187304,345,345,1.0,1,PC-1587,100.0,0,0,23.47826086956522,0,345,2010-01-04 11:51:10,2011-05-13 15:22:56
DTAA/HJP0784,11.159323671497585,2.117618474556346,18.530772946859905,0.07212881664816531,7.370687600644122,11.28111111111111,4.894166666666667,2.1219293810815705,345,345,1.0,1,PC-0028,100.0,0,0,23.18840579710145,0,345,2010-01-04 11:38:04,2011-05-13 18:28:35
DTAA/HKG0503,7.739082125603866,0.09587736443484746,17.780531400966186,0.0693165770328588,10.042207729468599,10.323055555555555,9.760277777777778,0.11496335956671845,345,345,1.0,1,PC-0131,100.0,0,0,100.0,0,345,2010-01-04 07:41:48,2011-05-13 17:46:10
DTAA/HKM0260,13.190861618798957,2.0542668418233365,18.78633594429939,1.7380399435982197,5.595875398897592,10.306111111111111,0.015555555555555555,2.542828459205674,383,345,1.1101449275362318,39,PC-4359,90.07832898172323,74,0,0.5221932114882507,0,383,2010-01-04 14:49:41,2011-05-13 19:10:11
DTAA/HKO0796,7.746859903381643,0.09689441904721396,16.77975845410628,0.07018414050908225,9.03273188405797,9.321666666666667,8.759722222222223,0.11850394743684517,345,345,1.0,1,PC-1069,100.0,0,0,100.0,0,345,2010-01-04 07:39:37,2011-05-13 16:46:32
DTAA/HLA0457,7.493574879227052,0.09559807463318626,16.54,0.07183682701624733,9.046532206119164,9.327777777777778,8.778888888888888,0.1185900672886266,345,345,1.0,1,PC-4441,100.0,0,0,100.0,0,345,2010-01-04 07:20:50,2011-05-13 16:31:27
DTAA/HNF0812,11.88888888888889,2.020332781570057,15.448456790123457,1.9078219832621879,3.558855452674897,8.268611111111111,0.03388888888888889,2.337751666781685,108,88,1.2272727272727273,21,PC-4760,81.48148148148148,39,0,0.0,0,108,2010-01-04 10:56:41,2010-05-06 16:13:02
DTAA/HNK0421,7.994830917874396,0.09812442700812656,18.034927536231883,0.07370678494666859,10.040100644122383,10.294444444444444,9.769166666666667,0.12188346040753882,345,345,1.0,1,PC-4525,100.0,0,0,48.98550724637681,0,345,2010-01-04 08:09:05,2011-05-13 17:59:42
DTAA/HNR0891,12.220338164251206,2.0663175768659006,20.529806763285027,0.07405495039252398,8.309537037037037,12.31638888888889,5.838888888888889,2.072014062916184,345,345,1.0,1,PC-2784,100.0,0,0,0.0,0,345,2010-01-04 14:17:01,2011-05-13 20:39:40
DTAA/HNS0858,11.80716440422323,4.026684136910026,15.117760180995473,4.562146323127279,4.559148441427853,9.484444444444444,0.020833333333333332,2.377278202310702,442,350,1.262857142857143,31,PC-3790,93.21266968325791,60,35,21.040723981900452,5,437,2010-01-04 13:57:47,2011-05-13 17:02:16
DTAA/HOO0224,7.246086956521739,0.0975804784827554,17.289420289855073,0.07354303289843445,10.043318035426731,10.321944444444444,9.756388888888889,0.11803064218203739,345,345,1.0,1,PC-2668,100.0,0,0,100.0,0,345,2010-01-04 07:19:13,2011-05-13 17:12:08
DTAA/HPF0958,6.988550724637681,0.09345589658349022,16.03144927536232,0.07066836297892197,9.043074879227053,9.321944444444444,8.782222222222222,0.11876898386499696,345,345,1.0,1,PC-3782,100.0,0,0,100.0,0,345,2010-01-04 07:07:49,2011-05-13 15:58:33
DTAA/HPN0821,8.238937198067633,0.08905274682055893,15.285362318840582,0.0727643034752649,7.046070853462158,7.312777777777778,6.772222222222222,0.11705309176759815,345,345,1.0,1,PC-3644,100.0,0,0,0.0,0,345,2010-01-04 08:11:15,2011-05-13 15:23:34
DTAA/HRK0729,7.745024154589372,0.10021073272024032,17.783574879227054,0.07158982458899699,10.03796457326892,10.31,9.765833333333333,0.12296747259139694,345,345,1.0,1,PC-2210,100.0,0,0,100.0,0,345,2010-01-04 07:51:58,2011-05-13 17:46:34
DTAA/HRT0737,7.997189922480621,0.09939980610169824,16.030910852713177,0.0719523458252746,8.033108042635659,8.283333333333333,7.786388888888889,0.12088668002202217,344,344,1.0,1,PC-0002,100.0,0,0,49.41860465116279,0,344,2010-01-04 07:52:20,2011-05-12 16:08:34
DTAA/HSD0519,12.20239837398374,2.192674219328578,16.810365853658535,1.9383962601653109,4.6078326558265585,9.305277777777778,0.02,2.6565579470831637,410,345,1.1884057971014492,51,PC-2047,84.14634146341463,129,0,0.0,0,410,2010-01-04 12:37:38,2011-05-13 17:36:04
DTAA/HSH0981,8.48816425120773,0.09377858949412593,19.53710144927536,0.074699901421898,11.049458937198068,11.318333333333333,10.756666666666666,0.11918979662807723,345,345,1.0,1,PC-2723,100.0,0,0,0.0,0,345,2010-01-04 08:25:52,2011-05-13 19:35:18
DTAA/HSM0389,11.334782608695653,1.9145002483647406,15.535652173913041,0.0717160104778464,4.200984702093398,8.304722222222223,1.895,1.911071258985307,345,345,1.0,1,PC-1057,100.0,0,0,17.971014492753625,0,345,2010-01-04 13:19:53,2011-05-13 15:35:00
DTAA/HSR0472,12.158502415458937,1.9348656164093851,17.282850241545894,0.07080032373190283,5.12412077294686,9.283055555555556,2.8719444444444444,1.9270691089159249,345,345,1.0,1,PC-3512,100.0,0,0,0.0,0,345,2010-01-04 12:57:07,2011-05-13 17:18:35
DTAA/HTC0607,11.916557734204792,2.912451620586389,15.605700798838054,3.3303095180804467,4.107334785766158,9.312777777777777,0.002777777777777778,2.6297296294710195,459,347,1.3227665706051874,60,PC-1033,80.3921568627451,176,11,12.200435729847495,2,457,2010-01-04 13:05:14,2011-05-13 17:09:58
DTAA/HTG0554,6.994106280193237,0.09401870609329527,18.03014492753623,0.07207570933067248,11.03598309178744,11.2875,10.759444444444444,0.11932610465791013,345,345,1.0,1,PC-0010,100.0,0,0,100.0,0,345,2010-01-04 06:50:19,2011-05-13 18:03:04
DTAA/HTS0265,9.370568927789936,3.8601035709091356,15.518745441283734,4.554481082988645,7.303357038657914,10.613611111111112,0.04388888888888889,3.2261319868638076,457,348,1.3132183908045978,40,PC-1744,89.71553610503283,94,34,14.22319474835886,3,454,2010-01-04 08:32:35,2011-05-13 17:28:00
DTAA/HWG0148,11.951014492753623,1.9743914694231617,16.034589371980672,0.07424273481120265,4.083599033816426,8.284166666666666,1.8752777777777778,1.9797916178838384,345,345,1.0,1,PC-4448,100.0,0,0,11.594202898550725,0,345,2010-01-04 12:36:39,2011-05-13 16:09:32
DTAA/IAC0264,7.738454106280193,0.09579090687113309,17.782898550724635,0.07120437031913589,10.044074074074075,10.320277777777777,9.766111111111112,0.12287640461878524,345,345,1.0,1,PC-0445,100.0,0,0,100.0,0,345,2010-01-04 07:36:27,2011-05-13 17:53:31
DTAA/IAG0152,7.961974977658624,2.1919593891151146,18.020151921358355,3.8177343211947354,10.380038725052131,11.318333333333333,0.1175,2.4030289324935916,373,350,1.0657142857142856,1,PC-3521,100.0,0,20,58.71313672922251,5,368,2010-01-04 07:58:03,2011-05-13 19:02:23
DTAA/IAH0822,11.469146005509643,2.0237638169783536,15.578282828282827,1.0172049214691703,4.109921181512091,8.297222222222222,0.050277777777777775,2.137951777631622,363,345,1.0521739130434782,19,PC-3293,95.0413223140496,36,0,20.110192837465565,0,363,2010-01-04 07:48:04,2011-05-13 15:45:29
DTAA/ICB0779,9.237909604519775,0.10293665780315743,20.282881355932204,0.0724906687953911,11.04512429378531,11.318888888888889,10.772222222222222,0.12141552361815441,295,295,1.0,1,PC-3766,100.0,0,0,0.0,0,295,2010-01-04 09:24:35,2011-03-03 20:22:47
DTAA/ICF0629,6.985072463768117,0.09356837910513949,15.035362318840582,0.07305226570287288,8.04982850241546,8.322222222222223,7.788055555555555,0.11916276418379906,345,345,1.0,1,PC-3067,100.0,0,0,100.0,0,345,2010-01-04 07:01:09,2011-05-13 14:59:22
DTAA/IGB0310,8.495652173913044,0.09869350728938954,17.531787439613527,0.0722863503287117,9.036132045088566,9.332222222222223,8.772777777777778,0.11839458656468074,345,345,1.0,1,PC-4962,100.0,0,0,0.0,0,345,2010-01-04 08:27:11,2011-05-13 17:34:10
DTAA/IGC0415,6.493816425120773,0.0967933468292788,17.530193236714975,0.07141944934555748,11.03592914653784,11.317777777777778,10.765555555555556,0.12369020561429328,345,345,1.0,1,PC-4041,100.0,0,0,100.0,0,345,2010-01-04 06:23:16,2011-05-13 17:33:11
DTAA/IHD0259,8.243623188405797,0.09365141522918835,16.284589371980676,0.07184379914692791,8.040830112721418,8.321666666666667,7.754166666666666,0.11548305439793867,345,345,1.0,1,PC-0820,100.0,0,0,0.0,0,345,2010-01-04 08:13:19,2011-05-13 16:14:19
DTAA/IHF0040,11.425652173913043,1.9318871816955785,16.538357487922706,0.0769379745914822,5.112257648953301,9.261111111111111,2.855277777777778,1.9284979349706792,345,345,1.0,1,PC-4092,100.0,0,0,17.681159420289855,0,345,2010-01-04 07:37:08,2011-05-13 16:33:28
DTAA/IIR0475,11.669227053140094,1.9370430314595362,17.79135265700483,0.07392712130032598,6.122107085346215,10.283888888888889,3.902222222222222,1.9390165702213373,345,345,1.0,1,PC-0231,100.0,0,0,17.681159420289855,0,345,2010-01-04 11:33:36,2011-05-13 17:51:02
DTAA/IJG0454,8.741111111111111,0.09475874893417145,18.784057971014494,0.0723495265632972,10.043159420289856,10.314166666666667,9.778333333333334,0.11833082246165591,345,345,1.0,1,PC-2407,100.0,0,0,0.0,0,345,2010-01-04 08:39:53,2011-05-13 18:45:38
DTAA/IJJ0342,7.241164658634538,0.09819983184424716,17.270481927710843,0.07590132756268417,10.030763052208837,10.30861111111111,9.790277777777778,0.12218276527566303,83,83,1.0,1,PC-3239,100.0,0,0,100.0,0,83,2010-01-04 07:23:13,2010-04-29 17:11:31
DTAA/IKH0904,12.393236714975846,3.7424902878297273,15.614906832298137,4.386332823431563,4.315364044168392,10.131944444444445,0.015555555555555555,2.706141991547535,483,350,1.38,56,PC-3664,83.22981366459628,161,26,11.801242236024844,3,480,2010-01-04 12:32:54,2011-05-13 17:45:14
DTAA/IMB0473,11.593672014260248,2.7902998181801606,17.036497326203207,3.0409276920574246,5.827797831253714,10.312222222222223,0.023055555555555555,2.3053527818282533,374,347,1.0778097982708934,14,PC-4682,96.52406417112299,26,9,21.65775401069519,2,372,2010-01-04 11:49:17,2011-05-13 17:52:40
DTAA/IMD0280,8.741739130434782,0.09624844153852917,18.779661835748794,0.0718955802521859,10.038281803542674,10.325277777777778,9.778611111111111,0.11606929949509533,345,345,1.0,1,PC-4679,100.0,0,0,0.0,0,345,2010-01-04 08:42:41,2011-05-13 18:54:56
DTAA/IMD0776,7.989323671497584,0.09563060746786116,17.04328502415459,0.06927432257313039,9.054100644122384,9.311666666666667,8.768333333333333,0.11195738814833295,345,345,1.0,1,PC-0544,100.0,0,0,54.20289855072464,0,345,2010-01-04 08:05:33,2011-05-13 17:08:46
DTAA/IMF0700,7.989323671497584,0.09818866593585983,19.03328502415459,0.07131899794742293,11.043677938808374,11.323055555555555,10.7775,0.11947677833633873,345,345,1.0,1,PC-2651,100.0,0,0,50.43478260869565,0,345,2010-01-04 07:56:26,2011-05-13 19:07:26
DTAA/IMW0965,7.4919806763285015,0.09471724349165533,15.538647342995171,0.0710917966657113,8.04633655394525,8.321944444444444,7.789444444444444,0.11997921342213025,345,345,1.0,1,PC-1782,100.0,0,0,100.0,0,345,2010-01-04 07:33:57,2011-05-13 15:37:16
DTAA/IRC0991,11.907822410147991,6.450459184941247,12.67215644820296,6.597630106495735,1.078741367159972,9.286111111111111,0.008333333333333333,1.862236155485236,2365,345,6.855072463768116,872,PC-1118,14.587737843551796,2363,507,53.02325581395348,0,2365,2010-01-04 03:04:45,2011-05-13 20:10:22
DTAA/IRH0176,12.59043209876543,2.466055937167593,18.69691358024691,2.17137870314567,6.107145061728393,11.223055555555556,0.0016666666666666668,3.2952569087433967,54,44,1.2272727272727273,11,PC-4706,81.48148148148148,20,0,1.8518518518518516,0,54,2010-01-04 12:12:59,2010-03-04 19:26:06
DTAA/ITC0131,9.241062801932367,0.09924536443724413,17.283961352657006,0.06949261333582513,8.043072463768114,8.312222222222223,7.764444444444444,0.1197954341819815,345,345,1.0,1,PC-4084,100.0,0,0,0.0,0,345,2010-01-04 09:23:29,2011-05-13 17:20:57
DTAA/IVF0777,7.981014492753623,0.09835255420449684,16.02647342995169,0.0730006638185524,8.045239130434783,8.307777777777778,7.756111111111111,0.11920865394230792,345,345,1.0,1,PC-0212,100.0,0,0,52.7536231884058,0,345,2010-01-04 08:06:09,2011-05-13 16:09:42
DTAA/IVS0463,8.48072463768116,0.09786788668699897,16.5319806763285,0.07241300322706509,8.051855877616747,8.322777777777778,7.760277777777778,0.12476942282289497,345,345,1.0,1,PC-3330,100.0,0,0,0.0,0,345,2010-01-04 08:36:34,2011-05-13 16:36:45
DTAA/IWM0482,8.49830917874396,0.09570664559872,16.53792270531401,0.0737232004679234,8.040231884057972,8.322777777777778,7.775,0.11861749863152596,345,345,1.0,1,PC-0146,100.0,0,0,0.0,0,345,2010-01-04 08:26:41,2011-05-13 16:29:32
DTAA/JAC0390,8.249806763285024,0.0966574508738058,17.280821256038646,0.07418899541311652,9.03069726247987,9.295277777777779,8.758333333333333,0.11987865967821515,345,345,1.0,1,PC-1431,100.0,0,0,0.0,0,345,2010-01-04 08:13:03,2011-05-13 17:19:19
DTAA/JAD0531,8.350043859649123,1.3826438600759212,17.50574561403509,1.8408353423784798,9.155469298245613,10.313333333333333,0.028888888888888888,2.7799507051285897,380,345,1.1014492753623188,30,PC-0578,90.78947368421053,70,0,44.473684210526315,0,380,2010-01-04 07:54:56,2011-05-13 17:56:14
DTAA/JAH0544,12.097449712643678,3.6543475670732577,16.379094827586208,4.1127608744816095,5.05701089559387,10.498611111111112,0.0025,2.8365007231034123,464,349,1.329512893982808,51,PC-4081,84.91379310344827,139,22,18.53448275862069,2,462,2010-01-04 13:22:03,2011-05-13 17:59:06
DTAA/JAM0392,11.341551246537396,1.9819257050984724,15.359695290858728,0.883209215308321,4.018104801477378,8.256388888888889,0.05305555555555556,2.1080428926484736,361,345,1.046376811594203,16,PC-0209,95.56786703601108,32,0,18.83656509695291,0,361,2010-01-04 12:01:52,2011-05-13 15:34:00
DTAA/JBA0373,10.534991039426524,2.0364864641871216,16.35564516129032,1.6653510806308962,5.8205294205495814,10.249444444444444,0.03277777777777778,2.414282196815786,372,345,1.0782608695652174,25,PC-4398,92.74193548387096,54,0,19.892473118279568,0,372,2010-01-04 10:36:24,2011-05-13 16:40:22
DTAA/JBL0450,8.99027409372237,2.6812067056957947,17.832714412024757,4.0799191001960535,9.415064102564104,10.29861111111111,0.08277777777777778,2.155520206560382,377,349,1.0802292263610316,1,PC-2338,100.0,0,21,8.488063660477453,4,373,2010-01-04 09:04:25,2011-05-13 19:05:48
DTAA/JBS0483,11.867101449275362,1.9134559316598396,17.030676328502416,0.07163100724104897,5.164624798711755,9.240833333333333,2.861388888888889,1.9093901734210004,345,345,1.0,1,PC-4011,100.0,0,0,7.246376811594203,0,345,2010-01-04 12:27:51,2011-05-13 17:05:22
DTAA/JBS0654,8.738695652173915,0.09553706714538464,17.780386473429953,0.07206921430906076,9.041562801932368,9.304166666666667,8.76,0.12031397038918018,345,345,1.0,1,PC-0184,100.0,0,0,0.0,0,345,2010-01-04 08:43:22,2011-05-13 17:43:50
DTAA/JCC0140,12.444974692697036,2.2691092829046258,17.91876355748373,2.750539989015152,5.4736828151361765,11.261944444444444,0.004722222222222222,3.3390425652668836,461,345,1.336231884057971,62,PC-2950,74.83731019522777,227,0,0.6507592190889371,0,461,2010-01-04 11:52:50,2011-05-13 19:18:06
DTAA/JCC0998,11.573279785809907,6.669615525451457,12.78831325301205,6.652278833586989,1.5813481704596162,9.315833333333334,0.008333333333333333,2.99872826445193,2490,345,7.217391304347826,881,PC-2843,13.855421686746988,2488,519,63.77510040160642,0,2490,2010-01-04 04:20:52,2011-05-13 22:56:24
DTAA/JCG0817,9.000917874396135,0.09818258721464407,20.040096618357488,0.07369223970888382,11.039140901771336,11.321944444444444,10.780833333333334,0.1273424546466302,345,345,1.0,1,PC-4339,100.0,0,0,0.0,0,345,2010-01-04 08:55:33,2011-05-13 19:59:11
DTAA/JCL0752,7.7356038647342995,0.09729296702253884,16.787632850241547,0.07095031709961518,9.05213768115942,9.301388888888889,8.764166666666666,0.11987207029369486,345,345,1.0,1,PC-4681,100.0,0,0,100.0,0,345,2010-01-04 07:54:22,2011-05-13 16:47:39
DTAA/JCS0873,10.947004219409285,3.7688314757112096,13.97523206751055,3.646190004155405,4.000452180028129,8.832777777777778,0.03222222222222222,2.114373347412366,395,345,1.144927536231884,1,PC-1560,100.0,0,20,27.341772151898734,0,395,2010-01-04 06:53:56,2011-05-13 14:42:23
DTAA/JCT0410,11.065410628019324,1.8799650112756263,17.284106280193235,0.0739987973214304,6.218826892109502,10.310833333333333,3.8986111111111112,1.8863644558271804,345,345,1.0,1,PC-1699,100.0,0,0,17.681159420289855,0,345,2010-01-04 11:05:53,2011-05-13 17:11:21
DTAA/JDM0083,7.984347826086955,0.0987474926051769,17.033140096618354,0.07282568312129747,9.04844927536232,9.299444444444445,8.772222222222222,0.11797260717912096,345,345,1.0,1,PC-1803,100.0,0,0,54.78260869565217,0,345,2010-01-04 08:00:18,2011-05-13 17:09:58
DTAA/JDM0940,8.489565217391304,0.09245942095366651,18.534685990338165,0.07163943695923218,10.044890499194846,10.309722222222222,9.766944444444444,0.1191688918537746,345,345,1.0,1,PC-0461,100.0,0,0,0.0,0,345,2010-01-04 08:35:35,2011-05-13 18:25:42
DTAA/JDR0685,11.705301204819278,2.0582460546044636,16.950682730923695,2.1555198064068377,5.245342704149932,10.311944444444444,0.002777777777777778,2.7674840146921453,415,345,1.2028985507246377,50,PC-2507,83.13253012048193,138,0,14.93975903614458,0,415,2010-01-04 12:34:09,2011-05-13 17:51:32
DTAA/JFA0081,7.2471980676328505,0.09741594002488556,16.289082125603862,0.07400259279008194,9.042485507246377,9.3125,8.777222222222223,0.12301697670914191,345,345,1.0,1,PC-4328,100.0,0,0,100.0,0,345,2010-01-04 07:08:30,2011-05-13 16:16:42
DTAA/JGB0062,11.684688346883467,2.123322291854029,17.634778681120146,1.636683478463293,5.949539295392954,10.3025,0.051111111111111114,2.5383138757107355,369,345,1.0695652173913044,25,PC-3269,93.4959349593496,48,0,11.38211382113821,0,369,2010-01-04 11:57:11,2011-05-13 18:01:10
DTAA/JGC0775,11.109213759213759,3.7135352266380637,16.58235053235053,4.579975526602656,6.416918509418508,11.295555555555556,0.009722222222222222,2.8099649375800992,407,348,1.1695402298850575,18,PC-2680,95.82309582309583,34,24,28.746928746928745,3,404,2010-01-04 11:12:46,2011-05-13 18:22:24
DTAA/JGS0274,7.492222222222222,0.09770404784186584,17.535410628019324,0.07065150270898173,10.04370692431562,10.310555555555556,9.7725,0.12139459290552321,345,345,1.0,1,PC-4606,100.0,0,0,100.0,0,345,2010-01-04 07:29:27,2011-05-13 17:33:50
DTAA/JHA0404,10.413757183908046,2.1145661504781295,14.443390804597701,2.1898980269455888,4.02966415229885,9.304722222222223,0.0005555555555555556,2.6958080466355634,464,345,1.344927536231884,72,PC-3676,74.35344827586206,229,0,18.96551724137931,0,464,2010-01-04 09:54:57,2011-05-13 15:37:32
DTAA/JHC0703,8.678212290502794,1.1447678650808035,20.296415270018624,1.3923461466924714,11.617946927374303,12.315277777777778,0.05638888888888889,2.167247626512637,358,345,1.03768115942029,11,PC-2149,96.36871508379889,26,0,0.5586592178770949,0,358,2010-01-04 08:29:03,2011-05-13 20:27:57
DTAA/JHD0512,11.98051391862955,3.421246767543833,16.503640256959315,3.9768540603685523,5.036874256483464,10.291666666666666,0.0044444444444444444,3.1073475099552255,467,351,1.3304843304843306,57,PC-2683,82.01284796573876,164,18,8.137044967880087,6,461,2010-01-04 09:17:41,2011-05-13 18:22:31
DTAA/JHM0408,11.643574879227053,1.9322645835428804,16.781159420289853,0.07326332565457183,5.137942834138486,9.299722222222222,2.923888888888889,1.9300112445116886,345,345,1.0,1,PC-2344,100.0,0,0,17.681159420289855,0,345,2010-01-04 12:07:36,2011-05-13 16:47:06
DTAA/JHN0241,10.963194444444445,2.1086776035965817,17.278472222222224,0.0681854473732804,6.315729166666666,10.188888888888888,3.8833333333333333,2.0940361052830005,24,24,1.0,1,PC-2064,100.0,0,0,20.833333333333336,0,24,2010-01-04 11:24:10,2010-02-04 17:13:25
DTAA/JIH0640,8.49830917874396,0.09952020425866617,17.52743961352657,0.07355881676861036,9.028578099838969,9.314444444444444,8.757777777777777,0.12676039343635476,345,345,1.0,1,PC-2393,100.0,0,0,0.0,0,345,2010-01-04 08:28:31,2011-05-13 17:34:06
DTAA/JIP0187,7.9890338164251204,0.09734707985596844,19.037874396135265,0.07259487914136442,11.048910628019323,11.320555555555556,10.761388888888888,0.12051009373694693,345,345,1.0,1,PC-3850,100.0,0,0,52.46376811594203,0,345,2010-01-04 08:08:31,2011-05-13 18:59:15
DTAA/JJB0720,7.492995169082125,0.09937652039617687,17.53,0.0702822842770788,10.0379653784219,10.319166666666666,9.765277777777778,0.11896038305820003,345,345,1.0,1,PC-0305,100.0,0,0,100.0,0,345,2010-01-04 07:37:22,2011-05-13 17:34:31
DTAA/JJR0278,11.450312989045385,2.084507723858793,16.5962441314554,2.240413180584492,5.1460817683881075,10.316944444444445,0.0044444444444444444,2.8674275058201686,426,345,1.2347826086956522,58,PC-1005,80.98591549295774,158,0,17.136150234741784,0,426,2010-01-04 11:28:40,2011-05-13 17:31:50
DTAA/JKW0464,8.501159420289854,0.09592105201310716,18.537632850241547,0.071562258201244,10.037018518518519,10.316666666666666,9.766944444444444,0.12090901861569624,345,345,1.0,1,PC-1764,100.0,0,0,0.0,0,345,2010-01-04 08:28:09,2011-05-13 18:33:43
DTAA/JLC0711,11.947101449275362,1.9485769598082845,17.0387922705314,0.07210155371840987,5.091234299516908,9.307777777777778,2.941666666666667,1.9506015241392884,345,345,1.0,1,PC-3462,100.0,0,0,10.434782608695652,0,345,2010-01-04 13:36:36,2011-05-13 16:59:26
DTAA/JLC0744,8.553764805414552,1.7240939436261362,17.411844331641284,1.8708708213597143,8.858223350253809,10.320277777777777,0.006666666666666667,3.163481911670729,394,345,1.1420289855072463,37,PC-4788,87.56345177664974,98,0,45.431472081218274,0,394,2010-01-04 08:03:55,2011-05-13 18:07:18
DTAA/JLL0301,8.715452261306533,2.7566837189998,17.15309882747069,3.62112298257268,8.859549832495812,10.307222222222222,0.059166666666666666,3.0636630860374305,398,350,1.1371428571428572,26,PC-0807,93.71859296482413,50,14,7.035175879396985,5,393,2010-01-04 08:20:17,2011-05-13 23:40:21
DTAA/JLL0930,8.98657004830918,0.0958101101192539,18.03033816425121,0.07247503563674776,9.043673107890498,9.303888888888888,8.795833333333333,0.1174037445827582,345,345,1.0,1,PC-0035,100.0,0,0,0.0,0,345,2010-01-04 08:55:41,2011-05-13 18:08:24
DTAA/JLM0053,11.956142857142858,2.572586707442133,16.606285714285715,2.579826503700126,4.787546825396825,9.266111111111112,0.018055555555555554,2.235894794028849,350,321,1.0903426791277258,19,PC-1334,94.85714285714286,36,10,3.428571428571429,1,349,2010-01-04 14:11:00,2011-04-07 17:15:47
DTAA/JLV0465,7.977962962962963,0.09498454550844997,17.035740740740742,0.07042802011129833,9.057838477366253,9.293888888888889,8.769166666666667,0.11379310620928672,270,270,1.0,1,PC-1637,100.0,0,0,55.925925925925924,0,270,2010-01-04 07:57:35,2011-01-27 16:55:10
DTAA/JMA0875,8.750821256038646,0.09586139763848284,17.784396135265702,0.07102173474877825,9.034082930756844,9.31638888888889,8.758055555555556,0.12204047872483241,345,345,1.0,1,PC-2941,100.0,0,0,0.0,0,345,2010-01-04 08:44:58,2011-05-13 17:41:34
DTAA/JMC0233,11.454927536231883,1.9006288576385078,16.528599033816427,0.07358792530708921,5.0739347826086965,9.291666666666666,2.8775,1.90019738163678,345,345,1.0,1,PC-0805,100.0,0,0,17.101449275362317,0,345,2010-01-04 13:15:41,2011-05-13 16:29:01
DTAA/JMM0759,12.60738592420727,3.7073412014260403,15.103209590100542,4.3183594161055545,3.776855503995875,11.222222222222221,0.035277777777777776,2.1723555208103686,431,354,1.2175141242937852,22,PC-3490,94.89559164733178,44,23,14.849187935034802,8,423,2010-01-04 12:19:47,2011-05-14 00:56:38
DTAA/JMP0200,7.482270531400966,0.09447169290435208,17.532850241545894,0.07006658738240094,10.050756038647345,10.329444444444444,9.805833333333334,0.11361237790836086,345,345,1.0,1,PC-1226,100.0,0,0,100.0,0,345,2010-01-04 07:33:38,2011-05-13 17:34:32
DTAA/JMR0906,7.74632850241546,0.09877830102999431,14.78512077294686,0.07318558872710977,7.039207729468599,7.328055555555555,6.763888888888889,0.12261064207324604,345,345,1.0,1,PC-1037,100.0,0,0,100.0,0,345,2010-01-04 07:44:00,2011-05-13 14:47:59
DTAA/JMR0955,7.735217391304349,0.09384562867946851,15.780579710144927,0.06986965652105744,8.045252818035427,8.32638888888889,7.759444444444444,0.11791236206211142,345,345,1.0,1,PC-1213,100.0,0,0,100.0,0,345,2010-01-04 07:48:20,2011-05-13 15:43:01
DTAA/JMS0793,7.733091787439613,0.09995528528814666,16.786908212560387,0.07178806834908683,9.053907407407406,9.318888888888889,8.77361111111111,0.11950472784184228,345,345,1.0,1,PC-3179,100.0,0,0,100.0,0,345,2010-01-04 07:35:31,2011-05-13 16:49:15
DTAA/JNF0543,10.921603375527425,1.9698736264017267,15.502025316455695,1.6197121364257305,4.579597046413501,9.321111111111112,0.006111111111111111,2.388319094884544,395,345,1.144927536231884,41,PC-1389,87.34177215189874,99,0,17.21518987341772,0,395,2010-01-04 07:00:10,2011-05-13 16:05:21
DTAA/JPP0841,7.996280193236715,0.09385949459730093,18.027391304347827,0.07328546174715676,10.03119645732689,10.322777777777778,9.77,0.11903864445996658,345,345,1.0,1,PC-2761,100.0,0,0,44.34782608695652,0,345,2010-01-04 07:57:03,2011-05-13 18:08:35
DTAA/JQH0724,8.732657004830918,0.09578247674869345,19.783429951690824,0.07264825129026728,11.051134460547505,11.317777777777778,10.771666666666667,0.11906856434794387,345,345,1.0,1,PC-3070,100.0,0,0,0.0,0,345,2010-01-04 08:52:25,2011-05-13 19:54:21
DTAA/JRM0902,7.992361111111111,0.10575004330313602,16.05763888888889,0.08045450099950213,8.064293981481482,8.2575,7.819444444444445,0.14241483266257726,24,24,1.0,1,PC-0517,100.0,0,0,50.0,0,24,2010-01-04 07:53:09,2010-02-04 15:59:49
DTAA/JRP0458,7.745217391304347,0.09307667899165445,17.787536231884058,0.06898266871689747,10.042554750402577,10.294722222222223,9.758888888888889,0.11826431098212757,345,345,1.0,1,PC-4705,100.0,0,0,100.0,0,345,2010-01-04 07:43:35,2011-05-13 17:54:40
DTAA/JSB0493,12.138337924701563,2.1113552415656875,18.260835629017446,1.2942115568711527,6.122497704315885,10.270555555555555,0.07611111111111112,2.411653138226819,363,345,1.0521739130434782,17,PC-2493,95.0413223140496,36,0,0.0,0,363,2010-01-04 13:41:54,2011-05-13 18:35:17
DTAA/JSE0020,11.787538580246915,2.3959213723607298,16.00810185185185,2.5694017122621524,4.386597865226338,9.276944444444444,0.06166666666666667,2.6719748392196316,432,345,1.2521739130434784,57,PC-2745,81.48148148148148,156,3,10.185185185185185,0,432,2010-01-04 12:23:40,2011-05-13 16:57:53
DTAA/JSH0326,11.864685990338165,1.8962044162631835,17.03,0.07248808152947811,5.165376006441224,9.296388888888888,2.924166666666667,1.899461042087407,345,345,1.0,1,PC-4305,100.0,0,0,9.27536231884058,0,345,2010-01-04 12:05:58,2011-05-13 17:07:10
DTAA/JSH0598,7.490096618357487,0.09336511608369555,16.5387922705314,0.07025233913936178,9.04872383252818,9.305,8.769444444444444,0.11282724399621408,345,345,1.0,1,PC-0563,100.0,0,0,100.0,0,345,2010-01-04 07:35:06,2011-05-13 16:30:28
DTAA/JSW0180,12.303591160220993,2.0013078967148434,15.374907918968693,0.7778068191689594,3.070994475138121,7.226944444444444,0.0225,2.055028824780404,362,345,1.0492753623188407,17,PC-2587,95.30386740331491,34,0,0.0,0,362,2010-01-04 14:29:33,2011-05-13 15:36:45
DTAA/JTT0989,11.441975308641975,6.522482842321105,12.797002743484224,6.462516037650093,1.601949702789209,9.303611111111111,0.008333333333333333,3.02079321373474,2430,345,7.043478260869565,866,PC-0989,14.238683127572017,2429,491,62.34567901234568,0,2430,2010-01-04 07:08:27,2011-05-13 18:57:55
DTAA/JWW0076,8.494830917874395,0.09651474334076172,16.536280193236713,0.07107638699368618,8.041548309178744,8.32611111111111,7.795277777777778,0.11570836038084281,345,345,1.0,1,PC-2377,100.0,0,0,0.0,0,345,2010-01-04 08:30:35,2011-05-13 16:38:52
DTAA/JXC0393,12.140250809061488,1.999352089345158,16.536529126213594,1.9354893751567812,4.395776024811219,9.2825,0.002777777777777778,2.484716779704099,412,345,1.1942028985507247,50,PC-2734,83.7378640776699,130,0,0.0,0,412,2010-01-04 12:46:13,2011-05-13 17:16:16
DTAA/JXG0567,7.481062801932367,0.09370788072560923,18.526956521739127,0.07052483923488814,11.045342190016104,11.32611111111111,10.785277777777777,0.11584526450025318,345,345,1.0,1,PC-3192,100.0,0,0,100.0,0,345,2010-01-04 07:29:38,2011-05-13 18:30:05
DTAA/JZO0727,11.598143459915612,2.0817156322915142,15.522320675105483,1.491173632651759,3.9238839662447256,8.29,0.009722222222222222,2.3701020317639956,395,345,1.144927536231884,39,PC-2134,87.34177215189874,99,0,9.873417721518987,0,395,2010-01-04 08:06:55,2011-05-13 16:04:14
DTAA/JZV0159,7.740386473429952,0.09783762888217165,18.78671497584541,0.07381600482957411,11.046092592592592,11.313333333333333,10.766388888888889,0.11974006581277599,345,345,1.0,1,PC-0381,100.0,0,0,100.0,0,345,2010-01-04 07:43:09,2011-05-13 18:51:23
DTAA/KAD0059,11.37629716981132,3.872412532641659,15.198820754716982,4.452525740789375,4.727986111111111,11.568055555555556,0.008055555555555555,2.4521628245145446,424,353,1.2011331444759208,14,PC-4031,96.69811320754717,28,36,32.78301886792453,8,416,2010-01-04 12:28:02,2011-05-13 16:42:37
DTAA/KAG0880,11.215912356321837,2.23199621083338,15.420366379310348,2.2463064817697327,4.204704262452108,9.28888888888889,0.011944444444444445,2.871363186807388,464,345,1.344927536231884,69,PC-4400,74.35344827586206,227,0,20.04310344827586,0,464,2010-01-04 09:43:47,2011-05-13 16:34:04
DTAA/KBB0983,8.498695652173913,0.09683662116545438,18.538695652173914,0.07318699588520046,10.039936392914653,10.323611111111111,9.766944444444444,0.121502174222574,345,345,1.0,1,PC-2629,100.0,0,0,0.0,0,345,2010-01-04 08:21:54,2011-05-13 18:28:45
DTAA/KBC0337,7.493091787439613,0.09591009537862046,18.534444444444443,0.07557631003895462,11.041874396135265,11.294444444444444,10.766388888888889,0.11933893642960533,345,345,1.0,1,PC-1303,100.0,0,0,100.0,0,345,2010-01-04 07:26:39,2011-05-13 18:34:35
DTAA/KBC0788,8.24415458937198,0.0983822729961585,19.275942028985508,0.07081992478018626,11.031798711755235,11.305833333333334,10.770277777777778,0.11635062209009907,345,345,1.0,1,PC-1243,100.0,0,0,0.0,0,345,2010-01-04 08:13:09,2011-05-13 19:14:06
DTAA/KBP0188,7.249516908212559,0.09775297692077216,15.280676328502414,0.07304864514513856,8.031632045088568,8.3225,7.766111111111111,0.12118617885690698,345,345,1.0,1,PC-3087,100.0,0,0,100.0,0,345,2010-01-04 07:23:23,2011-05-13 15:14:44
DTAA/KCH0987,7.247632850241546,0.09661603433618675,17.287971014492754,0.07087770473286406,10.041057165861513,10.331666666666667,9.765555555555556,0.1219329715997576,345,345,1.0,1,PC-0869,100.0,0,0,100.0,0,345,2010-01-04 07:16:18,2011-05-13 17:22:06
DTAA/KCN0107,8.237971014492754,0.0982045165171887,19.281739130434783,0.0731900659544011,11.043477455716586,11.325833333333334,10.77,0.12556931803518914,345,345,1.0,1,PC-2095,100.0,0,0,0.0,0,345,2010-01-04 08:11:51,2011-05-13 19:16:06
DTAA/KDC0928,7.488067632850242,0.10149147091413359,17.536714975845413,0.06896356365237645,10.04877616747182,10.32611111111111,9.775833333333333,0.11834892222831893,345,345,1.0,1,PC-1655,100.0,0,0,100.0,0,345,2010-01-04 07:23:04,2011-05-13 17:30:29
DTAA/KDL0806,11.946688264938807,2.0840653431480645,15.924586033117352,2.2941934075555954,3.977761579073674,9.288611111111111,0.0016666666666666668,2.616371529720598,463,345,1.3420289855072465,73,PC-1649,74.51403887688986,226,0,7.127429805615551,0,463,2010-01-04 11:56:35,2011-05-13 16:57:23
DTAA/KEE0997,11.562955465587045,6.472022951645471,12.62114709851552,6.468633226623271,1.447089968511021,8.3075,0.005833333333333334,2.661650504720303,2470,345,7.159420289855072,917,PC-3083,14.048582995951417,2467,506,54.33198380566802,0,2470,2010-01-04 00:10:37,2011-05-13 23:06:21
DTAA/KEH0055,7.9943961352657,0.09555274520809628,17.031739130434783,0.07294693988542172,9.037183574879226,9.298055555555555,8.786111111111111,0.12501298859605392,345,345,1.0,1,PC-1196,100.0,0,0,46.95652173913044,0,345,2010-01-04 08:01:19,2011-05-13 17:09:36
DTAA/KES0043,8.245024154589371,0.09578592219273123,17.28144927536232,0.07357930528992176,9.036745571658615,9.323611111111111,8.771944444444445,0.12026874224055026,345,345,1.0,1,PC-1638,100.0,0,0,0.0,0,345,2010-01-04 08:06:17,2011-05-13 17:11:41
DTAA/KFF0225,7.989420289855072,0.09696618347133115,20.04256038647343,0.06883148196436649,12.053620772946859,12.320833333333333,11.776388888888889,0.11582544749604065,345,345,1.0,1,PC-0452,100.0,0,0,51.8840579710145,0,345,2010-01-04 08:07:43,2011-05-13 20:03:23
DTAA/KGC0456,7.744444444444444,0.0964513551507808,14.776280193236717,0.07388389223817543,7.031522544283415,7.3261111111111115,6.783888888888889,0.11410293953382886,345,345,1.0,1,PC-4369,100.0,0,0,100.0,0,345,2010-01-04 07:51:54,2011-05-13 14:41:43
DTAA/KGS0398,12.260262529832936,2.66000802643836,18.371996817820207,3.0299961427680415,6.111607000795545,11.309444444444445,0.06666666666666667,3.126827282845205,419,347,1.207492795389049,44,PC-1620,84.24821002386635,132,7,2.863961813842482,2,417,2010-01-04 12:54:06,2011-05-13 19:27:51
DTAA/KIM0617,7.985797101449276,0.0983449148578395,17.041642512077296,0.07107658457472514,9.05644766505636,9.316666666666666,8.76,0.12312564677068008,345,345,1.0,1,PC-3140,100.0,0,0,53.91304347826087,0,345,2010-01-04 08:02:18,2011-05-13 17:01:03
DTAA/KIN0073,8.70302037845706,2.036320753612875,15.627074235807862,2.3227499649719623,6.923915574963611,9.300555555555556,0.006388888888888889,3.708850601615131,458,345,1.327536231884058,69,PC-3757,75.32751091703057,225,0,76.63755458515283,0,458,2010-01-04 07:37:24,2011-05-13 16:45:42
DTAA/KJG0378,8.63123188405797,1.8373894997143219,14.782246376811596,2.0055198041880504,6.151038647342996,8.318888888888889,0.0011111111111111111,3.2888801454702477,460,345,1.3333333333333333,66,PC-4895,75.0,229,0,75.43478260869566,0,460,2010-01-04 07:52:10,2011-05-13 15:50:21
DTAA/KJM0614,11.594637681159421,2.156924521310439,19.03840579710145,0.07237572592195547,7.443926731078904,11.314444444444444,4.961388888888889,2.1559945920439514,345,345,1.0,1,PC-4423,100.0,0,0,12.173913043478262,0,345,2010-01-04 13:22:35,2011-05-13 18:58:25
DTAA/KKC0575,8.729275362318841,0.09563954043277115,17.78487922705314,0.07101283619032239,9.05575845410628,9.32638888888889,8.758888888888889,0.11770374499456539,345,345,1.0,1,PC-1458,100.0,0,0,0.0,0,345,2010-01-04 08:51:57,2011-05-13 17:54:10
DTAA/KKT0039,11.95829694323144,2.1912201440197334,16.76451965065502,2.5619569689114465,4.806107472100922,10.296388888888888,0.006388888888888889,3.0421727044682156,458,345,1.327536231884058,69,PC-4115,75.32751091703057,218,0,7.20524017467249,0,458,2010-01-04 07:53:08,2011-05-13 18:07:12
DTAA/KKW0676,12.109710144927538,1.9564104644485745,18.283623188405798,0.07319035376678634,6.174025764895331,10.261388888888888,3.863611111111111,1.9573699711299668,345,345,1.0,1,PC-4445,100.0,0,0,0.0,0,345,2010-01-04 14:05:00,2011-05-13 18:18:23
DTAA/KKW0945,11.513269054178146,2.063938248759012,17.54072543617998,1.2345321659349877,6.027601775329049,10.273888888888889,0.0016666666666666668,2.3506031233035647,363,345,1.0521739130434782,18,PC-2333,95.0413223140496,36,0,19.834710743801654,0,363,2010-01-04 07:38:18,2011-05-13 17:50:41
DTAA/KLS0717,11.803358522250209,2.073238146838257,17.11112510495382,2.0140113356769254,5.308166806605095,10.284722222222221,0.0475,2.6368236266567853,397,345,1.1507246376811595,52,PC-3136,86.90176322418137,101,0,15.113350125944585,0,397,2010-01-04 07:45:28,2011-05-13 17:44:38
DTAA/KMC0840,7.734347826086958,0.0941254186051377,15.77903381642512,0.07212424109040418,8.044627214170694,8.310555555555556,7.768611111111111,0.12074851826773626,345,345,1.0,1,PC-4658,100.0,0,0,100.0,0,345,2010-01-04 07:54:55,2011-05-13 15:44:09
DTAA/KMG0002,8.489227053140096,0.09370900469311225,20.532415458937198,0.0726258242957819,12.042954911433172,12.306111111111111,11.773888888888889,0.11743628017766448,345,345,1.0,1,PC-4856,100.0,0,0,0.0,0,345,2010-01-04 08:37:13,2011-05-13 20:38:22
DTAA/KMW0755,9.24231884057971,0.09432252716310556,20.279178743961356,0.07152005419124444,11.037595813204508,11.296944444444444,10.767777777777777,0.1169873065881384,345,345,1.0,1,PC-1519,100.0,0,0,0.0,0,345,2010-01-04 09:11:33,2011-05-13 20:23:16
DTAA/KNC0403,8.001739130434784,0.09693395400562256,17.036859903381643,0.07241203354901576,9.035728663446054,9.324444444444444,8.778055555555556,0.12363833698958174,345,345,1.0,1,PC-4475,100.0,0,0,46.95652173913044,0,345,2010-01-04 07:56:31,2011-05-13 17:01:40
DTAA/KNH0719,7.994734299516908,0.09448863766423239,17.032367149758453,0.07686547665697459,9.038031400966183,9.31638888888889,8.775277777777777,0.11642796712738811,345,345,1.0,1,PC-1374,100.0,0,0,48.40579710144928,0,345,2010-01-04 08:00:26,2011-05-13 17:04:18
DTAA/KNJ0633,8.991497584541063,0.09984732568772682,17.034975845410628,0.0703939247905519,8.043650563607086,8.311111111111112,7.7683333333333335,0.1253357427983972,345,345,1.0,1,PC-1466,100.0,0,0,0.0,0,345,2010-01-04 09:06:30,2011-05-13 17:08:57
DTAA/KPB0665,7.983153153153152,0.09539501509280635,17.032792792792794,0.07334944451443214,9.049447447447447,9.324166666666667,8.757777777777777,0.12688991309245126,185,185,1.0,1,PC-4755,100.0,0,0,52.972972972972975,0,185,2010-01-04 07:57:10,2010-09-23 17:09:24
DTAA/KPC0158,6.736859903381642,0.09476593642265657,16.789613526570047,0.07104684244685305,10.052995974235104,10.324722222222222,9.760833333333334,0.12196537137999143,345,345,1.0,1,PC-2342,100.0,0,0,100.0,0,345,2010-01-04 06:42:45,2011-05-13 16:50:56
DTAA/KPS0299,7.993526570048308,0.09312595326319771,16.028840579710145,0.07205641740378604,8.03544927536232,8.298055555555555,7.7619444444444445,0.11316543585236666,345,345,1.0,1,PC-3726,100.0,0,0,50.72463768115942,0,345,2010-01-04 07:53:48,2011-05-13 16:04:53
DTAA/KRC0021,10.829649499284693,2.083916367722476,14.815021459227466,2.3940923731251127,3.9858881735813068,9.319444444444445,0.0033333333333333335,2.6709598033379085,466,345,1.3507246376811595,68,PC-1203,74.0343347639485,234,0,17.59656652360515,0,466,2010-01-04 06:58:01,2011-05-13 16:02:58
DTAA/KRC0455,11.827119883040934,2.1343565287227615,15.860855263157893,2.4452744738096945,4.034179459064328,9.285833333333333,0.0030555555555555557,2.6539364581165343,456,345,1.3217391304347825,73,PC-2286,75.6578947368421,215,0,7.236842105263158,0,456,2010-01-04 08:00:17,2011-05-13 17:02:04
DTAA/KRD0507,11.029033816425121,2.113391311703875,15.534830917874395,0.06971132853090642,4.505916264090177,8.2925,1.8544444444444443,2.1231509901164354,345,345,1.0,1,PC-3424,100.0,0,0,24.347826086956523,0,345,2010-01-04 11:43:30,2011-05-13 15:30:30
DTAA/KSB0673,11.333102493074792,2.1558059223779438,17.548014773776547,1.248352580488873,6.214512927054479,10.28138888888889,0.0011111111111111111,2.391680018668467,361,345,1.046376811594203,17,PC-0847,95.56786703601108,32,0,23.26869806094183,0,361,2010-01-04 07:44:35,2011-05-13 17:49:35
DTAA/KSO0749,7.9912077294685995,0.09139312783820586,16.031545893719805,0.07091042250665733,8.040520128824475,8.3025,7.779166666666667,0.11256688284095821,345,345,1.0,1,PC-0174,100.0,0,0,48.98550724637681,0,345,2010-01-04 08:08:08,2011-05-13 15:55:52
DTAA/KSP0927,9.074937965260546,2.746466993350127,16.472828784119105,3.2707220814988776,7.9938544251447485,9.957222222222223,0.021111111111111112,2.7118382364296076,403,349,1.154727793696275,35,PC-2221,91.3151364764268,70,10,5.707196029776675,4,399,2010-01-04 08:31:10,2011-05-13 17:27:57
DTAA/KSW0597,7.9945410628019316,0.09612144257670806,19.031207729468598,0.07046122280665999,11.036442834138487,11.319722222222222,10.769722222222223,0.11626064452384408,345,345,1.0,1,PC-3787,100.0,0,0,49.85507246376812,0,345,2010-01-04 08:05:22,2011-05-13 19:04:54
DTAA/KTC0285,7.994009661835749,0.09550386525408593,18.032753623188405,0.07269044425037054,10.038457326892111,10.331388888888888,9.755277777777778,0.12058907421157468,345,345,1.0,1,PC-2121,100.0,0,0,50.14492753623189,0,345,2010-01-04 07:53:39,2011-05-13 18:08:36
DTAA/KTM0960,7.991159420289854,0.09476754180093068,17.034830917874395,0.0736211236150318,9.043453301127213,9.306944444444444,8.75388888888889,0.12102227521460006,345,345,1.0,1,PC-0590,100.0,0,0,51.30434782608696,0,345,2010-01-04 08:05:35,2011-05-13 17:07:03
DTAA/KUC0848,8.986183574879226,0.09312142916227417,18.03526570048309,0.07106018347898035,9.048607890499195,9.296111111111111,8.754166666666666,0.11780602709735062,345,345,1.0,1,PC-1155,100.0,0,0,0.0,0,345,2010-01-04 09:06:24,2011-05-13 17:56:29
DTAA/KVH0355,12.144154589371981,2.1082449659604956,17.53806763285024,0.07398190512473614,5.393884057971015,9.261944444444444,2.895277777777778,2.1104500829716146,345,345,1.0,1,PC-0826,100.0,0,0,0.0,0,345,2010-01-04 13:07:40,2011-05-13 17:31:21
DTAA/KYH0920,8.244106280193238,0.09590643475408929,16.29193236714976,0.0722144331354121,8.04751046698873,8.323888888888888,7.776111111111111,0.11507361293630683,345,345,1.0,1,PC-1459,100.0,0,0,0.0,0,345,2010-01-04 08:05:23,2011-05-13 16:21:02
DTAA/LAH0397,8.985893719806763,0.09954214455438398,19.03574879227053,0.07232946632120983,10.049180354267312,10.309166666666666,9.756666666666666,0.12492429713293486,345,345,1.0,1,PC-2632,100.0,0,0,0.0,0,345,2010-01-04 09:09:43,2011-05-13 19:00:55
DTAA/LAH0710,7.987053140096619,0.1006030528120528,18.035314009661835,0.07164169125063859,10.047816425120773,10.309166666666666,9.792222222222222,0.12292527718579888,345,345,1.0,1,PC-3109,100.0,0,0,53.04347826086957,0,345,2010-01-04 08:07:50,2011-05-13 18:07:53
DTAA/LAL0170,7.730434782608696,0.09699775071894357,15.786859903381645,0.07280128536301719,8.056041062801931,8.327777777777778,7.763055555555556,0.12262217735355813,345,345,1.0,1,PC-2598,100.0,0,0,100.0,0,345,2010-01-04 07:43:11,2011-05-13 15:40:02
DTAA/LAM0952,8.98608695652174,0.09938271449870048,18.034927536231883,0.06760389815979,9.048718196457328,9.314444444444444,8.759166666666667,0.1200308674496808,345,345,1.0,1,PC-3449,100.0,0,0,0.0,0,345,2010-01-04 08:59:19,2011-05-13 18:00:22
DTAA/LAT0452,7.488260869565217,0.09382520015086664,19.523091787439615,0.07490156943313261,12.034777777777776,12.319444444444445,11.768611111111111,0.11632408751194506,345,345,1.0,1,PC-0256,100.0,0,0,100.0,0,345,2010-01-04 07:32:54,2011-05-13 19:39:05
DTAA/LAW0437,7.495217391304347,0.09044549206657329,16.53072463768116,0.0716496950456511,9.035528985507245,9.30638888888889,8.775,0.11869362436557049,345,345,1.0,1,PC-4474,100.0,0,0,100.0,0,345,2010-01-04 07:33:06,2011-05-13 16:35:20
DTAA/LBB0095,12.58611683848797,2.5126328517436134,17.994054982817865,2.908784241522416,5.407492554410081,11.2975,0.0225,3.6438165401848157,485,345,1.4057971014492754,99,PC-2780,71.1340206185567,259,0,2.268041237113402,0,485,2010-01-04 13:22:31,2011-05-13 19:28:34
DTAA/LBC0422,7.741835748792271,0.0931877606299706,16.780628019323675,0.06984265113855309,9.038181964573269,9.30888888888889,8.7675,0.1176274418999762,345,345,1.0,1,PC-1535,100.0,0,0,100.0,0,345,2010-01-04 07:43:27,2011-05-13 16:47:18
DTAA/LBD0946,7.481497584541063,0.09923729852513723,16.532657004830916,0.07149108586791732,9.050813204508856,9.308333333333334,8.757222222222222,0.12015843068614072,345,345,1.0,1,PC-3295,100.0,0,0,100.0,0,345,2010-01-04 07:35:09,2011-05-13 16:34:27
DTAA/LCC0556,7.99632850241546,0.09484133514751569,18.028405797101446,0.07268078390279534,10.032194041867955,10.326666666666666,9.770555555555555,0.12097918394128455,345,345,1.0,1,PC-2460,100.0,0,0,48.40579710144928,0,345,2010-01-04 08:09:21,2011-05-13 18:03:30
DTAA/LCG0011,9.499613526570048,0.09252511397304426,19.536183574879228,0.07275333392806262,10.036797906602255,10.299166666666666,9.758333333333333,0.11994582213907905,345,345,1.0,1,PC-0406,100.0,0,0,0.0,0,345,2010-01-04 09:38:58,2011-05-13 19:34:22
DTAA/LCG0546,11.912270531400967,1.9558290513286676,16.033333333333335,0.07390457566964018,4.120938003220612,8.29,1.8588888888888888,1.9620399464957778,345,345,1.0,1,PC-0030,100.0,0,0,10.144927536231885,0,345,2010-01-04 12:02:40,2011-05-13 16:08:00
DTAA/LCK0551,9.236135265700483,0.09750707783957659,20.286425120772947,0.07164169125063856,11.050882447665055,11.31638888888889,10.773055555555555,0.119466214941156,345,345,1.0,1,PC-3491,100.0,0,0,0.0,0,345,2010-01-04 09:08:38,2011-05-13 20:11:24
DTAA/LCK0666,11.930871670702178,2.3790057331287975,18.978087167070218,2.7431058871726157,7.047337906914178,12.306666666666667,0.006111111111111111,3.492102992064048,413,345,1.1971014492753622,49,PC-3245,83.53510895883777,134,0,8.958837772397095,0,413,2010-01-04 13:25:49,2011-05-13 20:09:56
DTAA/LCL0792,6.489710144927537,0.09578274554665715,14.53328502415459,0.07355958041836119,8.043459742351047,8.324722222222222,7.762222222222222,0.12240227220095383,345,345,1.0,1,PC-1506,100.0,0,0,100.0,0,345,2010-01-04 06:30:30,2011-05-13 14:30:34
DTAA/LCP0359,8.735700483091787,0.09554025196009268,19.783140096618357,0.07180958360688516,11.046762479871175,11.329722222222221,10.786666666666667,0.12291548959423339,345,345,1.0,1,PC-2902,100.0,0,0,0.0,0,345,2010-01-04 08:46:06,2011-05-13 19:47:46
DTAA/LDB0961,11.91058394160584,2.278518045140034,18.198256285482564,2.192704474867361,6.287595971884292,11.244722222222222,0.0077777777777777776,3.2073834432749404,411,345,1.191304347826087,51,PC-4678,83.94160583941606,129,0,9.48905109489051,0,411,2010-01-04 07:56:24,2011-05-13 18:59:57
DTAA/LDG0406,12.118534080298787,1.8937882059217523,16.152287581699348,0.7445758258969645,4.033404917522565,8.315555555555555,0.06777777777777778,1.9743032195765966,357,345,1.0347826086956522,12,PC-4454,96.63865546218487,24,0,0.0,0,357,2010-01-04 11:52:01,2011-05-13 16:12:04
DTAA/LDM0318,7.243141025641025,0.09837245575942513,16.286730769230765,0.07306928707822936,9.043779914529916,9.301388888888889,8.774722222222222,0.1291901061665851,260,260,1.0,1,PC-1591,100.0,0,0,100.0,0,260,2010-01-04 07:16:10,2011-01-13 16:21:36
DTAA/LEH0561,8.499661835748793,0.09519656145319388,17.527729468599034,0.07010856465321176,9.027587761674718,9.31638888888889,8.764166666666666,0.11473523773458091,345,345,1.0,1,PC-4482,100.0,0,0,0.0,0,345,2010-01-04 08:20:55,2011-05-13 17:26:44
DTAA/LGA0042,8.243526570048308,0.09679936771376106,15.281980676328507,0.07217844766743604,7.038727858293076,7.316111111111111,6.755277777777778,0.1250498178594474,345,345,1.0,1,PC-0768,100.0,0,0,0.0,0,345,2010-01-04 08:24:11,2011-05-13 15:13:44
DTAA/LGV0288,7.981014492753623,0.09377991227854858,17.030434782608694,0.07357367469658292,9.049958937198069,9.303055555555556,8.76361111111111,0.12254910211842773,345,345,1.0,1,PC-2749,100.0,0,0,54.20289855072464,0,345,2010-01-04 07:57:49,2011-05-13 17:04:52
DTAA/LIB0089,7.241545893719807,0.09831523238693717,15.285410628019324,0.07257959510589018,8.04406038647343,8.3025,7.773055555555556,0.12235537465220499,345,345,1.0,1,PC-0458,100.0,0,0,100.0,0,345,2010-01-04 07:14:37,2011-05-13 15:14:52
DTAA/LID0942,11.819625,2.1440027287411145,16.484958333333335,1.6717772934165211,4.66551875,9.2875,0.005,2.5516558068857207,400,345,1.1594202898550725,45,PC-3769,86.25,108,0,9.75,0,400,2010-01-04 12:39:35,2011-05-13 17:01:52
DTAA/LJB0492,8.501497584541063,0.09826586871061048,17.54115942028986,0.07272569362938265,9.039729468599035,9.320833333333333,8.765277777777778,0.12190054565017087,345,345,1.0,1,PC-0504,100.0,0,0,0.0,0,345,2010-01-04 08:20:32,2011-05-13 17:33:56
DTAA/LJR0772,8.343861788617886,3.628851773135894,17.273739837398374,4.496544158551402,9.632449864498644,11.305555555555555,0.008611111111111111,3.3897688283652236,410,354,1.1581920903954803,18,PC-3780,95.85365853658536,34,28,95.85365853658536,9,401,2010-01-04 07:52:22,2011-05-13 18:45:43
DTAA/LJU0036,8.738550724637681,0.09724977541418971,17.785314009661832,0.07036798542149869,9.046610305958133,9.315833333333334,8.77361111111111,0.11985442060844964,345,345,1.0,1,PC-0632,100.0,0,0,0.0,0,345,2010-01-04 08:39:11,2011-05-13 17:49:42
DTAA/LKY0181,12.794301994301998,3.326577321832182,15.302136752136752,4.004772977564057,4.149169040835707,9.440555555555555,0.2788888888888889,2.0244270551643004,117,103,1.1359223300970873,1,PC-2856,100.0,0,1,11.11111111111111,0,117,2010-01-04 13:19:31,2010-05-28 03:09:15
DTAA/LLB0843,11.591545893719807,2.1096558480150263,15.03623188405797,0.07442482516342712,3.444721417069243,7.306666666666667,0.8513888888888889,2.1104606674581454,345,345,1.0,1,PC-3755,100.0,0,0,12.46376811594203,0,345,2010-01-04 07:58:17,2011-05-13 14:59:53
DTAA/LLK0316,8.497342995169081,0.0914471997693426,17.528599033816427,0.07075726831736516,9.031001610305958,9.311666666666667,8.77111111111111,0.12009704726522873,345,345,1.0,1,PC-3784,100.0,0,0,0.0,0,345,2010-01-04 08:30:02,2011-05-13 17:37:02
DTAA/LMH0690,7.9972946859903375,0.09525614075832683,20.033236714975843,0.06896468363343974,12.03663768115942,12.278888888888888,11.766666666666667,0.11690368696330794,345,345,1.0,1,PC-2166,100.0,0,0,48.11594202898551,0,345,2010-01-04 08:04:14,2011-05-13 20:01:28
DTAA/LMJ0323,7.724299065420562,0.08917512667301161,17.78130841121495,0.07809680200968236,10.057505192107996,10.275277777777777,9.806944444444444,0.12344964474473996,107,107,1.0,1,PC-2875,100.0,0,0,100.0,0,107,2010-01-04 07:36:08,2010-06-03 17:44:58
DTAA/LND0767,7.483429951690821,0.09637313596345445,17.533091787439613,0.07450811750293139,10.049717391304348,10.320833333333333,9.774166666666666,0.12389404867933027,345,345,1.0,1,PC-1646,100.0,0,0,100.0,0,345,2010-01-04 07:32:09,2011-05-13 17:30:53
DTAA/LNM0509,8.246666666666668,0.09523193501671814,17.28169082125604,0.07374405592567293,9.035123993558775,9.320555555555556,8.778055555555556,0.11842243992287438,345,345,1.0,1,PC-0813,100.0,0,0,0.0,0,345,2010-01-04 08:20:07,2011-05-13 17:13:06
DTAA/LPB0141,8.742753623188406,0.09349300524095644,16.792657004830918,0.07038464757593002,8.04994041867955,8.326944444444445,7.768611111111111,0.11915734165961439,345,345,1.0,1,PC-3489,100.0,0,0,0.0,0,345,2010-01-04 08:44:15,2011-05-13 16:51:54
DTAA/LPG0099,11.935685805422647,2.021945063223755,15.558612440191387,1.7901599138539768,3.622435539606592,8.28,0.01138888888888889,2.352223766038246,418,345,1.2115942028985507,51,PC-2359,82.53588516746412,145,0,0.0,0,418,2010-01-04 13:43:13,2011-05-13 16:24:08
DTAA/LQA0232,12.119710144927536,2.0710961330236684,18.536956521739132,0.07052025917617422,6.416927536231884,10.287222222222223,3.8044444444444445,2.069551239143549,345,345,1.0,1,PC-1045,100.0,0,0,0.0,0,345,2010-01-04 12:03:49,2011-05-13 18:34:02
DTAA/LRH0747,11.845467836257308,2.0174326158270515,15.921783625730994,2.243458135627882,4.0762567007797275,9.256666666666666,0.014722222222222222,2.625046482773344,456,345,1.3217391304347825,64,PC-2216,75.6578947368421,216,0,7.236842105263158,0,456,2010-01-04 13:40:57,2011-05-13 16:59:56
DTAA/LRS0325,8.493574879227054,0.09713984504986245,16.530386473429953,0.0665709978092303,8.036554750402576,8.300833333333333,7.758055555555556,0.12032892338817365,345,345,1.0,1,PC-0652,100.0,0,0,0.0,0,345,2010-01-04 08:34:21,2011-05-13 16:36:04
DTAA/LSV0944,6.482657004830918,0.09900764024192377,14.537584541062804,0.07226692030702907,8.05434380032206,8.321944444444444,7.761666666666667,0.12368043605021244,345,345,1.0,1,PC-2992,100.0,0,0,100.0,0,345,2010-01-04 06:30:27,2011-05-13 14:26:19
DTAA/LTB0150,9.488599033816424,0.09487242521537671,20.534685990338165,0.06856389266551469,11.046280998389694,11.323055555555555,10.782777777777778,0.11705117089620869,345,345,1.0,1,PC-1814,100.0,0,0,0.0,0,345,2010-01-04 09:32:02,2011-05-13 20:29:24
DTAA/LTM0418,11.730519480519483,2.1932636452720926,15.915295815295815,2.2667933158732687,4.184887566137566,9.281944444444445,0.0022222222222222222,2.808752285436529,462,345,1.3391304347826087,72,PC-4820,74.67532467532467,228,0,8.441558441558442,0,462,2010-01-04 13:09:14,2011-05-13 17:01:02
DTAA/LVC0027,7.998502415458938,0.09399876337887872,20.024444444444445,0.07280302144206552,12.026105475040257,12.325277777777778,11.759722222222223,0.12244553138488508,345,345,1.0,1,PC-1310,100.0,0,0,46.95652173913044,0,345,2010-01-04 07:53:58,2011-05-13 20:07:06
DTAA/LYC0672,8.496038647342996,0.09522053038307314,17.534444444444443,0.07214341755109571,9.03830998389694,9.321944444444444,8.777222222222223,0.11828207535774994,345,345,1.0,1,PC-4047,100.0,0,0,0.0,0,345,2010-01-04 08:35:44,2011-05-13 17:39:55
DTAA/MAB0532,8.531654072208228,1.6169942155279515,16.43761544920235,1.7343993163836449,7.905368737755387,9.311944444444444,0.015,2.909783500483466,397,345,1.1507246376811595,39,PC-0797,86.90176322418137,104,0,42.56926952141058,0,397,2010-01-04 08:00:53,2011-05-13 17:05:57
DTAA/MAG0290,8.721486486486485,0.9644431552905431,16.259054054054054,1.160445994103316,7.538092342342343,8.30888888888889,0.002777777777777778,1.8849898984123008,370,345,1.0724637681159421,22,PC-4646,93.24324324324324,50,0,0.0,0,370,2010-01-04 08:23:20,2011-05-13 16:38:42
DTAA/MAH0712,8.991449275362319,0.09741569975990727,19.03072463768116,0.06993876420211684,10.039243961352657,10.321388888888889,9.757777777777777,0.12404733628545263,345,345,1.0,1,PC-2112,100.0,0,0,0.0,0,345,2010-01-04 08:54:08,2011-05-13 19:05:44
DTAA/MAM0947,7.992463768115941,0.09645467963832613,19.03256038647343,0.06943883810646807,11.039932367149758,11.318333333333333,10.769444444444444,0.12185130942385758,345,345,1.0,1,PC-4427,100.0,0,0,50.14492753623189,0,345,2010-01-04 07:59:04,2011-05-13 19:08:50
DTAA/MBD0602,8.99536231884058,0.09732072465206852,17.030531400966186,0.07059781453730495,8.035142512077295,8.299166666666666,7.7908333333333335,0.121207320377915,345,345,1.0,1,PC-0120,100.0,0,0,0.0,0,345,2010-01-04 09:05:24,2011-05-13 16:55:54
DTAA/MBR0166,12.260152740341422,2.1092582148346786,16.244339622641508,1.222600366971029,3.9845095837076974,8.290833333333333,0.06111111111111111,2.25749698926293,371,345,1.0753623188405796,25,PC-3669,92.99191374663073,52,0,0.0,0,371,2010-01-04 08:25:41,2011-05-13 16:33:51
DTAA/MBZ0932,6.484299516908213,0.09676969491077832,16.52700483091788,0.0723099507796979,10.042730273752014,10.297222222222222,9.789166666666667,0.11619447219432914,345,345,1.0,1,PC-2560,100.0,0,0,100.0,0,345,2010-01-04 06:29:33,2011-05-13 16:38:54
DTAA/MCC0851,9.243236714975845,0.09881071059975702,17.278840579710145,0.07263681309937821,8.035598228663446,8.306666666666667,7.766666666666667,0.11978456552930304,345,345,1.0,1,PC-2230,100.0,0,0,0.0,0,345,2010-01-04 09:10:12,2011-05-13 17:17:50
DTAA/MCF0427,8.951329787234043,2.563711950998219,17.87668439716312,3.9043895676508877,9.499385342789598,10.321944444444444,0.020555555555555556,1.9480523989802163,376,348,1.0804597701149425,1,PC-3754,100.0,0,21,8.24468085106383,3,373,2010-01-04 09:04:57,2011-05-13 19:01:18
DTAA/MCF0985,12.126811594202898,2.037286111756808,16.532512077294683,0.07300403027063819,4.405967793880837,8.323333333333334,1.886388888888889,2.032176490938069,345,345,1.0,1,PC-1294,100.0,0,0,0.0,0,345,2010-01-04 08:33:00,2011-05-13 16:33:15
DTAA/MCH0530,10.736099585062242,3.0118596644347235,14.459405255878284,3.18470502553855,4.221081143384048,9.317777777777778,0.012222222222222223,2.8136113702819454,482,346,1.393063583815029,79,PC-4577,76.34854771784232,222,6,25.72614107883817,0,482,2010-01-04 06:49:10,2011-05-13 15:48:16
DTAA/MCM0090,7.984830917874397,0.09696714898291438,16.031545893719805,0.07243142464349714,8.047373590982287,8.325555555555555,7.782222222222222,0.1235899307856723,345,345,1.0,1,PC-1436,100.0,0,0,54.78260869565217,0,345,2010-01-04 07:50:16,2011-05-13 16:00:36
DTAA/MCM0346,11.871172248803827,2.247755260654349,17.913995215311004,2.1923142673970677,6.043182482721956,11.307222222222222,0.0002777777777777778,3.1439629978306223,418,345,1.2115942028985507,52,PC-2974,82.53588516746412,142,0,16.507177033492823,0,418,2010-01-04 11:32:48,2011-05-13 18:43:20
DTAA/MCR0314,6.490338164251209,0.09707469507355049,16.534299516908213,0.07400743173030871,10.04419887278583,10.313611111111111,9.774444444444445,0.12176182461166732,345,345,1.0,1,PC-0248,100.0,0,0,100.0,0,345,2010-01-04 06:21:49,2011-05-13 16:29:11
DTAA/MCR0375,11.74372759856631,2.022194037928855,16.4502688172043,1.3726770252512952,4.706919802867384,9.295277777777779,0.08888888888888889,2.2317528912725435,372,345,1.0782608695652174,24,PC-0281,92.74193548387096,54,0,17.473118279569892,0,372,2010-01-04 11:46:42,2011-05-13 16:49:06
DTAA/MDC0595,7.996908212560386,0.09877368037887303,16.030676328502416,0.0725717583712556,8.0340346215781,8.305,7.773611111111111,0.12199095753956173,345,345,1.0,1,PC-3750,100.0,0,0,49.275362318840585,0,345,2010-01-04 08:06:04,2011-05-13 15:55:01
DTAA/MDS0742,7.994347826086956,0.09490969519256658,19.036908212560387,0.07174306105103655,11.04261111111111,11.308055555555555,10.767777777777777,0.12207008641344265,345,345,1.0,1,PC-4317,100.0,0,0,49.56521739130435,0,345,2010-01-04 08:01:28,2011-05-13 19:02:52
DTAA/MDT0356,11.85442648190916,2.348919293532142,17.118090839107005,2.2108004851046674,5.263643187066974,10.281944444444445,0.021388888888888888,3.061191172076884,433,345,1.2550724637681159,54,PC-0029,79.67667436489607,173,0,9.699769053117784,0,433,2010-01-04 11:51:03,2011-05-13 17:57:48
DTAA/MED0748,7.744879227053141,0.09596776838020286,17.78391304347826,0.07062830912358951,10.039183574879226,10.323888888888888,9.775833333333333,0.1203493881508448,345,345,1.0,1,PC-1212,100.0,0,0,100.0,0,345,2010-01-04 07:50:05,2011-05-13 17:52:13
DTAA/MEV0886,11.143667546174145,2.6627287512995874,15.627176781002637,2.6787932887684573,4.863979771328056,9.274444444444445,0.003611111111111111,2.186078402111027,379,347,1.0922190201729107,18,PC-0565,94.9868073878628,38,7,20.844327176781004,2,377,2010-01-04 11:45:29,2011-05-13 16:18:42
DTAA/MFN0656,7.486038647342995,0.09591507360377839,16.531932367149757,0.07237304173244609,9.046328502415458,9.324166666666667,8.781944444444445,0.11838028440822156,345,345,1.0,1,PC-1313,100.0,0,0,100.0,0,345,2010-01-04 07:20:41,2011-05-13 16:27:57
DTAA/MGB0728,7.7443961352657,0.09465272572045873,16.788309178743962,0.07203578816544474,9.044532206119163,9.321666666666667,8.759722222222223,0.11873862518839955,345,345,1.0,1,PC-2929,100.0,0,0,100.0,0,345,2010-01-04 07:37:37,2011-05-13 16:49:55
DTAA/MGF0743,6.744734299516908,0.09420619976413003,15.7756038647343,0.06879944253054653,9.03064734299517,9.321388888888889,8.759444444444444,0.116111337450977,345,345,1.0,1,PC-2137,100.0,0,0,100.0,0,345,2010-01-04 06:40:18,2011-05-13 15:49:28
DTAA/MGY0732,12.448298122065728,1.9580604748718045,16.744776995305163,1.9883398592080477,4.296096439749609,9.250277777777777,0.011666666666666667,2.4480677088207945,284,238,1.1932773109243697,42,PC-1199,83.80281690140845,90,0,0.0,0,284,2010-01-04 13:40:47,2010-12-09 17:39:14
DTAA/MHM0988,7.747632850241546,0.09430676867533419,15.78072463768116,0.07301169237805304,8.032667471819645,8.322222222222223,7.7619444444444445,0.11355924258577059,345,345,1.0,1,PC-4093,100.0,0,0,100.0,0,345,2010-01-04 07:41:06,2011-05-13 15:44:07
DTAA/MIC0914,12.446957403651115,3.204247968208474,16.650135226504393,3.8588471336901673,4.592361392832997,10.281666666666666,0.005555555555555556,2.9950858336600974,493,348,1.4166666666666667,74,PC-3326,76.26774847870182,231,18,6.288032454361055,3,490,2010-01-04 13:39:16,2011-05-13 18:25:40
DTAA/MIH0429,8.244685990338166,0.09466095974544553,20.283574879227054,0.07075022219580451,12.039336553945251,12.308055555555555,11.780555555555555,0.12163635234214303,345,345,1.0,1,PC-4650,100.0,0,0,0.0,0,345,2010-01-04 08:21:07,2011-05-13 20:23:42
DTAA/MIK0034,11.047046925566343,2.1115540469193834,14.834870550161813,1.8028387124339702,3.787664509169363,8.305,0.004722222222222222,2.413168374755186,412,345,1.1942028985507247,49,PC-0845,83.7378640776699,128,0,21.35922330097087,0,412,2010-01-04 10:58:33,2011-05-13 15:35:53
DTAA/MJF0892,11.840114942528736,2.0026136562731773,16.0988122605364,2.0905917781455674,4.258679438058748,9.311111111111112,0.0011111111111111111,2.568244508312264,435,345,1.2608695652173914,62,PC-3210,79.3103448275862,172,0,9.425287356321839,0,435,2010-01-04 11:13:29,2011-05-13 16:59:49
DTAA/MJK0212,7.993719806763284,0.09969678875119833,16.032608695652176,0.07117931818725523,8.038842190016105,8.3325,7.765555555555555,0.12257432384940718,345,345,1.0,1,PC-2645,100.0,0,0,48.98550724637681,0,345,2010-01-04 08:08:47,2011-05-13 16:00:37
DTAA/MJM0228,9.110842803030302,1.451243591300321,17.886742424242424,1.5262909814710024,8.912600220959597,9.298333333333334,0.018055555555555554,0.9428362626899042,352,345,1.0202898550724637,1,PC-2127,100.0,0,2,1.9886363636363635,0,352,2010-01-04 09:05:05,2011-05-13 18:05:17
DTAA/MJM0469,11.633381642512077,1.964829444435688,17.7775845410628,0.0689878936922183,6.1442165861513685,10.280277777777778,3.8975,1.9690006737210066,345,345,1.0,1,PC-1592,100.0,0,0,18.26086956521739,0,345,2010-01-04 07:41:50,2011-05-13 17:52:18
DTAA/MJP0603,7.993188405797101,0.09572320059073226,17.037004830917873,0.07384586776453163,9.042982286634462,9.321944444444444,8.756944444444445,0.11975009061784371,345,345,1.0,1,PC-4040,100.0,0,0,49.275362318840585,0,345,2010-01-04 07:52:11,2011-05-13 16:56:08
DTAA/MKG0273,7.993768115942029,0.09736833195812149,17.03589371980676,0.0724304552120683,9.0421384863124,9.322777777777778,8.765555555555556,0.12224776630794904,345,345,1.0,1,PC-1174,100.0,0,0,49.56521739130435,0,345,2010-01-04 07:53:37,2011-05-13 17:07:33
DTAA/MKN0234,8.73584541062802,0.09642412401245991,17.782657004830916,0.07216560526580595,9.046549919484702,9.313611111111111,8.765555555555556,0.11788574393926614,345,345,1.0,1,PC-1273,100.0,0,0,0.0,0,345,2010-01-04 08:36:20,2011-05-13 17:41:24
DTAA/MLC0238,7.996570048309178,0.09784659956291175,17.035072463768117,0.07405871137924139,9.038591787439614,9.329166666666667,8.757222222222222,0.121649553541614,345,345,1.0,1,PC-2222,100.0,0,0,47.2463768115942,0,345,2010-01-04 07:58:11,2011-05-13 17:06:07
DTAA/MMF0289,11.987755847953215,2.3210625662031306,16.862719298245615,2.4710665665300495,4.875159600389864,10.300833333333333,0.024166666666666666,3.0852026617758663,456,345,1.3217391304347825,69,PC-1734,75.6578947368421,217,0,9.649122807017543,0,456,2010-01-04 12:33:37,2011-05-13 18:00:28
DTAA/MMH0581,11.252072072072071,2.1486374261681735,18.12009009009009,1.7020977344657042,6.867404654654655,11.301388888888889,0.016666666666666666,2.6586826816337723,370,345,1.0724637681159421,21,PC-3464,93.24324324324324,50,0,21.62162162162162,0,370,2010-01-04 07:25:25,2011-05-13 18:35:21
DTAA/MMH0612,12.10465009208103,2.172843815503016,17.31929097605893,1.073932155489176,5.214778238182935,9.299722222222222,0.10555555555555556,2.35351630047092,362,345,1.0492753623188407,17,PC-2886,95.30386740331491,34,0,0.0,0,362,2010-01-04 12:24:43,2011-05-13 17:37:59
DTAA/MNB0956,8.305525846702318,1.2489968830851066,16.676559714795008,1.4007982703835695,8.370998217468806,9.304722222222223,0.004722222222222222,2.3085858417869023,374,345,1.0840579710144929,26,PC-0701,92.24598930481284,58,0,42.513368983957214,0,374,2010-01-04 08:09:12,2011-05-13 17:03:32
DTAA/MND0048,10.884803921568627,1.9508884604979397,15.019607843137255,0.06772774128810244,4.135457516339869,8.179166666666667,2.214722222222222,1.9310431921534974,34,34,1.0,1,PC-4163,100.0,0,0,17.647058823529413,0,34,2010-01-04 12:51:42,2010-02-18 15:02:55
DTAA/MND0675,7.491062801932367,0.09379917789156844,17.539420289855073,0.07473025678820774,10.048475845410627,10.319166666666666,9.765277777777778,0.11878020509753992,345,345,1.0,1,PC-4228,100.0,0,0,100.0,0,345,2010-01-04 07:35:35,2011-05-13 17:36:32
DTAA/MOA0526,8.240869565217391,0.10049723306948845,18.28864734299517,0.07370176748153995,10.04724959742351,10.314722222222223,9.765277777777778,0.12675289449353092,345,345,1.0,1,PC-2701,100.0,0,0,0.0,0,345,2010-01-04 08:08:49,2011-05-13 18:19:29
DTAA/MPA0136,7.992270531400965,0.09609543321491415,17.035458937198065,0.07149648763190528,9.042984702093397,9.313888888888888,8.757777777777777,0.12311700774396596,345,345,1.0,1,PC-3675,100.0,0,0,52.17391304347826,0,345,2010-01-04 07:53:42,2011-05-13 17:07:31
DTAA/MQL0135,11.724633936261844,2.944210745955543,15.000559862187771,2.9031704230972313,4.020506029285099,8.533611111111112,0.03361111111111111,2.0906414849630215,387,350,1.1057142857142856,18,PC-4656,95.60723514211887,34,10,22.22222222222222,4,383,2010-01-04 12:53:27,2011-05-13 15:42:23
DTAA/MRL0518,7.810416666666667,1.0945265420511647,15.128645833333334,1.372745687870229,7.316901041666667,8.241111111111111,0.3013888888888889,2.2114824271592313,32,29,1.103448275862069,4,PC-2827,90.625,5,0,90.625,0,32,2010-01-04 07:37:58,2010-02-11 15:37:12
DTAA/MRM0205,7.98280193236715,0.10005912849521288,15.039758454106282,0.07026233337388772,7.05661191626409,7.319444444444445,6.785,0.122991705621108,345,345,1.0,1,PC-0221,100.0,0,0,53.91304347826087,0,345,2010-01-04 08:02:39,2011-05-13 15:04:32
DTAA/MRS0395,8.485555555555555,0.08982409357400192,15.539420289855073,0.07295877858527228,7.054404991948471,7.313055555555556,6.775555555555556,0.12200834480787402,345,345,1.0,1,PC-3976,100.0,0,0,0.0,0,345,2010-01-04 08:33:08,2011-05-13 15:39:29
DTAA/MSH0322,7.740966183574879,0.09400488855779443,16.78400966183575,0.07061601343467337,9.043103059581322,9.31611111111111,8.7625,0.1205911850456895,345,345,1.0,1,PC-1066,100.0,0,0,100.0,0,345,2010-01-04 07:51:17,2011-05-13 16:47:43
DTAA/MSK0862,7.989806763285025,0.09671591243938556,16.033236714975843,0.07560046239436533,8.043161030595813,8.320833333333333,7.756944444444445,0.11892890898342064,345,345,1.0,1,PC-3506,100.0,0,0,51.30434782608696,0,345,2010-01-04 07:55:16,2011-05-13 16:06:47
DTAA/MSM0226,11.807250221043324,2.129701837958988,15.864102564102563,1.5254381314883692,4.056567933981728,8.328333333333333,0.059722222222222225,2.347473071053989,377,345,1.0927536231884059,31,PC-1732,91.51193633952255,64,0,0.0,0,377,2010-01-04 14:15:30,2011-05-13 16:23:55
DTAA/MSP0078,8.49584541062802,0.09383689908322176,18.536908212560387,0.07237061617437378,10.041666666666666,10.316944444444445,9.786111111111111,0.11557884240986782,345,345,1.0,1,PC-1731,100.0,0,0,0.0,0,345,2010-01-04 08:33:43,2011-05-13 18:25:07
DTAA/MST0883,7.4860441767068275,0.09380300686650114,16.527710843373494,0.0683020183695802,9.04149096385542,9.320833333333333,8.801388888888889,0.11794135015539074,166,166,1.0,1,PC-3200,100.0,0,0,100.0,0,166,2010-01-04 07:30:07,2010-08-26 16:38:39
DTAA/MSV0506,11.601364764267991,4.121805956208376,16.31645988420182,4.3409170259304055,5.906650124069479,10.318055555555556,0.024722222222222222,2.4119638384104127,403,351,1.1481481481481481,1,PC-3240,100.0,0,22,33.49875930521092,5,398,2010-01-04 11:11:29,2011-05-14 04:59:36
DTAA/MTC0538,7.243091787439614,0.09831316118244772,17.276376811594204,0.07010222125267522,10.0334653784219,10.310833333333333,9.766944444444444,0.1192131797959713,345,345,1.0,1,PC-0548,100.0,0,0,100.0,0,345,2010-01-04 07:22:06,2011-05-13 17:18:09
DTAA/MTM0239,8.491304347826087,0.0955066345614447,20.53845410628019,0.06997272380663884,12.047550724637683,12.320555555555556,11.776944444444444,0.11944650963418457,345,345,1.0,1,PC-3013,100.0,0,0,0.0,0,345,2010-01-04 08:29:54,2011-05-13 20:38:47
DTAA/MTS0084,8.743333333333334,0.0942157894786225,18.789710144927536,0.07068495432712878,10.04659581320451,10.309166666666666,9.776666666666667,0.11304202928279429,345,345,1.0,1,PC-0238,100.0,0,0,0.0,0,345,2010-01-04 08:40:11,2011-05-13 18:46:15
DTAA/MVL0885,7.745845410628019,0.09803694294767816,16.78768115942029,0.07108949201267939,9.041845410628019,9.317222222222222,8.756388888888889,0.12146017605546428,345,345,1.0,1,PC-0196,100.0,0,0,100.0,0,345,2010-01-04 07:42:11,2011-05-13 16:46:16
DTAA/MVP0572,11.840273843248347,1.969140831156611,15.920254957507083,0.8207081687151891,4.079390934844193,8.313055555555556,0.06916666666666667,2.022373231308188,353,345,1.0231884057971015,9,PC-3653,97.73371104815864,16,0,10.48158640226629,0,353,2010-01-04 12:26:54,2011-05-13 15:58:48
DTAA/MVW0630,11.609712230215827,3.359304612727469,16.156674660271783,4.215008044488989,5.352705835331735,10.277777777777779,0.03166666666666667,2.5751411749117556,417,350,1.1914285714285715,26,PC-2005,93.04556354916068,58,26,24.700239808153476,5,412,2010-01-04 12:33:41,2011-05-13 17:41:58
DTAA/MWH0853,6.738260869565218,0.09445992392161782,15.776859903381641,0.0757603236114498,9.039122383252819,9.325,8.791666666666666,0.1231171103867593,345,345,1.0,1,PC-3024,100.0,0,0,100.0,0,345,2010-01-04 06:35:17,2011-05-13 15:43:25
DTAA/MWJ0837,7.487439613526569,0.09704973705467985,15.531159420289855,0.07360420834063158,8.044002415458936,8.304166666666667,7.7572222222222225,0.12140934740101045,345,345,1.0,1,PC-3737,100.0,0,0,100.0,0,345,2010-01-04 07:31:28,2011-05-13 15:26:43
DTAA/MXM0271,11.979862617498194,2.023691503151011,15.950903832248734,2.176100371916324,3.9708809351650998,9.272777777777778,0.002777777777777778,2.6407818812149024,461,345,1.336231884057971,74,PC-1011,74.83731019522777,226,0,8.24295010845987,0,461,2010-01-04 11:57:57,2011-05-13 17:08:17
DTAA/MXM0838,11.289082125603864,1.9226003436528543,16.540193236714977,0.07095892663626233,5.25152576489533,9.316944444444445,2.9633333333333334,1.9337449704989145,345,345,1.0,1,PC-4983,100.0,0,0,18.55072463768116,0,345,2010-01-04 12:14:07,2011-05-13 16:27:16
DTAA/MZB0206,7.993236714975845,0.0955957976546508,16.027536231884056,0.07246056615777113,8.034417874396135,8.30861111111111,7.763888888888889,0.12419661243413244,345,345,1.0,1,PC-3615,100.0,0,0,47.82608695652174,0,345,2010-01-04 08:04:47,2011-05-13 16:09:30
DTAA/MZW0111,8.094955609362389,1.5634777775746198,14.899677158999191,1.6057873532606366,6.8046139359698685,8.321944444444444,0.0005555555555555556,2.8068917971145715,413,345,1.1971014492753622,50,PC-0698,83.53510895883777,136,0,84.98789346246973,0,413,2010-01-04 07:32:52,2011-05-13 15:28:44
DTAA/NAC0161,11.248781446540882,2.065477417412353,16.33679245283019,2.2580980755349414,5.087765330188678,10.31,0.020833333333333332,2.8041032729494484,424,345,1.228985507246377,55,PC-1120,81.36792452830188,154,0,15.09433962264151,0,424,2010-01-04 12:10:18,2011-05-13 17:23:53
DTAA/NAT0252,9.244213836477988,0.0964219973631716,21.289811320754715,0.07455653148119584,12.046122641509433,12.308055555555555,11.765,0.12490978850931851,265,265,1.0,1,PC-1796,100.0,0,0,0.0,0,265,2010-01-04 09:17:07,2011-01-20 21:15:19
DTAA/NAW0939,7.99231884057971,0.09669824455461347,17.035507246376813,0.07120644116390615,9.04328502415459,9.326944444444445,8.766111111111112,0.12213963871992567,345,345,1.0,1,PC-0411,100.0,0,0,53.333333333333336,0,345,2010-01-04 08:07:26,2011-05-13 16:57:19
DTAA/NBB0501,7.494106280193235,0.09703642348651526,14.536521739130436,0.06849110822966273,7.0430491143317235,7.316111111111111,6.775,0.11799678181919945,345,345,1.0,1,PC-0457,100.0,0,0,100.0,0,345,2010-01-04 07:27:51,2011-05-13 14:26:44
DTAA/NBT0479,11.58951690821256,1.993107574146366,16.790241545893718,0.07282442968075169,5.200386473429952,9.275833333333333,2.8275,1.9870693314337204,345,345,1.0,1,PC-2462,100.0,0,0,19.130434782608695,0,345,2010-01-04 11:29:07,2011-05-13 16:45:00
DTAA/NCW0246,11.851014492753622,1.9155658537789888,16.034299516908213,0.0715103339265947,4.1827979066022545,8.30861111111111,1.9333333333333333,1.916320620185603,345,345,1.0,1,PC-4174,100.0,0,0,7.82608695652174,0,345,2010-01-04 13:59:52,2011-05-13 16:02:15
DTAA/NDH0524,7.743140096618357,0.09496171549053523,15.782608695652174,0.07189046893468602,8.039549114331722,8.297222222222222,7.758055555555556,0.11653812460655867,345,345,1.0,1,PC-0379,100.0,0,0,100.0,0,345,2010-01-04 07:35:29,2011-05-13 15:50:28
DTAA/NDH0807,12.11103752759382,2.071212641244003,16.010706401766004,2.467198399422774,3.8984565857247975,9.293888888888889,0.11055555555555556,2.631421967809522,151,112,1.3482142857142858,33,PC-3527,74.17218543046357,77,0,0.0,0,151,2010-01-04 08:21:36,2010-06-10 17:19:48
DTAA/NDM0893,11.491309823677582,3.161657728654515,16.52371956339211,3.3983101889044693,5.576745731877975,10.2875,0.07944444444444444,2.514133922275797,397,346,1.1473988439306357,22,PC-0322,93.70277078085643,50,13,23.425692695214106,1,396,2010-01-04 07:37:58,2011-05-13 17:30:14
DTAA/NDS0490,9.852088078967348,3.389408484009193,19.020690964312834,5.360770275212233,9.823981270564415,12.305833333333334,0.05638888888888889,4.348590699222872,439,353,1.2436260623229463,37,PC-2549,90.8883826879271,80,35,13.66742596810934,7,432,2010-01-04 09:30:19,2011-05-13 21:39:47
DTAA/NEP0644,7.999710144927535,0.09601178049090903,17.030096618357486,0.06933835284475506,9.03095813204509,9.300277777777778,8.784722222222221,0.11706303155182844,345,345,1.0,1,PC-1494,100.0,0,0,45.21739130434783,0,345,2010-01-04 07:56:57,2011-05-13 17:02:17
DTAA/NET0306,7.995748792270532,0.09811512390097843,17.037487922705314,0.06843914523962835,9.041943639291466,9.313055555555556,8.761111111111111,0.12290524169619964,345,345,1.0,1,PC-2083,100.0,0,0,48.69565217391305,0,345,2010-01-04 07:59:29,2011-05-13 17:07:35
DTAA/NFD0706,12.069546850998464,2.111785246020119,17.01424731182796,2.3372577597559347,4.944397721454173,10.295,0.008055555555555555,2.845248891099433,434,345,1.2579710144927536,59,PC-4804,79.49308755760369,175,0,6.912442396313365,0,434,2010-01-04 13:07:19,2011-05-13 18:06:24
DTAA/NGC0624,12.985016420361246,2.319487559236439,19.28834154351396,2.0949173156960654,6.302671045429665,11.301666666666666,0.0525,3.125043353762955,406,345,1.1768115942028985,51,PC-3879,84.97536945812809,116,0,2.2167487684729066,0,406,2010-01-04 10:37:10,2011-05-13 20:07:17
DTAA/NHH0566,10.659957264957265,3.9515701973687447,15.245641025641024,4.387452842733798,6.12365527065527,10.295555555555556,0.06305555555555556,2.3126110412461234,390,348,1.1206896551724137,1,PC-1651,100.0,0,13,31.794871794871792,3,387,2010-01-04 10:46:50,2011-05-14 01:13:26
DTAA/NHL0253,12.125143678160919,2.9192380895070014,14.35305316091954,2.932288763395623,2.6409033764367815,10.92388888888889,0.0,2.13003495034044,464,352,1.3181818181818181,60,PC-3339,81.89655172413794,163,17,6.896551724137931,7,457,2010-01-04 13:34:24,2011-05-13 15:39:51
DTAA/NHL0521,11.779112833763996,2.3622555499852047,16.30913006029285,2.5017334039028665,4.653765432098765,10.47,0.028888888888888888,2.318366712647803,387,347,1.1152737752161384,29,PC-2511,91.7312661498708,64,7,10.077519379844961,2,385,2010-01-04 13:28:20,2011-05-13 17:04:58
DTAA/NIC0901,7.9974879227053135,0.09625649043035062,18.033623188405798,0.07365227316160501,10.036868760064412,10.328055555555556,9.771944444444445,0.1178556374494766,345,345,1.0,1,PC-2316,100.0,0,0,43.768115942028984,0,345,2010-01-04 08:01:01,2011-05-13 18:00:52
DTAA/NJC0459,9.248647342995168,0.09211363691729041,17.283188405797105,0.07123956649345868,8.03380112721417,8.325833333333334,7.762777777777778,0.1147685045185829,345,345,1.0,1,PC-3165,100.0,0,0,0.0,0,345,2010-01-04 09:10:24,2011-05-13 17:23:11
DTAA/NJD0267,6.744541062801932,0.09800162653308735,15.785942028985506,0.07207668353343376,9.040961352657005,9.323888888888888,8.767777777777777,0.12689206646499507,345,345,1.0,1,PC-0299,100.0,0,0,100.0,0,345,2010-01-04 06:44:34,2011-05-13 15:46:50
DTAA/NJH0593,8.74830917874396,0.09448388154719356,17.781256038647342,0.07465273058552137,9.032969404186796,9.321944444444444,8.759722222222223,0.12205371228647297,345,345,1.0,1,PC-3128,100.0,0,0,0.0,0,345,2010-01-04 08:44:11,2011-05-13 17:50:04
DTAA/NJM0476,7.733864734299517,0.09665200234334836,18.788599033816425,0.07000232046057325,11.055090177133655,11.309444444444445,10.764722222222222,0.11886672003061374,345,345,1.0,1,PC-3983,100.0,0,0,100.0,0,345,2010-01-04 07:47:49,2011-05-13 18:51:57
DTAA/NJS0448,12.587487922705314,2.088108203016674,19.034830917874395,0.07214760259832655,6.446962157809984,10.283888888888889,3.878888888888889,2.0866853475353135,345,345,1.0,1,PC-1589,100.0,0,0,0.0,0,345,2010-01-04 13:10:49,2011-05-13 19:02:38
DTAA/NJW0094,8.739082125603865,0.09753069492643338,18.781497584541064,0.07006718866638739,10.041964573268922,10.311388888888889,9.77361111111111,0.12461643634018545,345,345,1.0,1,PC-0791,100.0,0,0,0.0,0,345,2010-01-04 08:42:45,2011-05-13 18:53:53
DTAA/NKM0018,10.613913043478261,2.0761106548238013,16.031111111111112,0.0717528476477706,5.4170579710144935,9.302777777777777,2.8075,2.0718958131124428,345,345,1.0,1,PC-3107,100.0,0,0,22.89855072463768,0,345,2010-01-04 10:58:47,2011-05-13 16:00:55
DTAA/NLD0701,6.484975845410628,0.09448900922579384,15.534444444444444,0.06938188396524538,9.04930193236715,9.324166666666667,8.768888888888888,0.11990060366266955,345,345,1.0,1,PC-1189,100.0,0,0,100.0,0,345,2010-01-04 06:30:25,2011-05-13 15:31:44
DTAA/NMC0251,7.940055248618785,0.98271108691691,16.560036832412525,1.1140401706722156,8.620070595457335,9.325277777777778,0.05388888888888889,1.883671534938114,362,345,1.0492753623188407,18,PC-0318,95.30386740331491,34,0,95.30386740331491,0,362,2010-01-04 07:54:13,2011-05-13 16:51:58
DTAA/NMR0621,11.89574879227053,1.9491823042130985,17.032028985507246,0.06922703863613018,5.135879227053141,9.265555555555556,2.951111111111111,1.9500309309892838,345,345,1.0,1,PC-3148,100.0,0,0,10.434782608695652,0,345,2010-01-04 12:25:47,2011-05-13 16:56:14
DTAA/NNB0443,11.61536231884058,2.006003764654633,14.781884057971013,0.07348486427869802,3.166429951690821,7.311944444444444,0.8363888888888888,2.006047067166849,345,345,1.0,1,PC-4625,100.0,0,0,19.130434782608695,0,345,2010-01-04 11:59:33,2011-05-13 14:51:56
DTAA/NNS0898,7.991449275362319,0.0951173596130805,16.037729468599032,0.07277601107946201,8.04666425120773,8.323055555555555,7.775833333333333,0.1195657931877797,345,345,1.0,1,PC-4765,100.0,0,0,50.72463768115942,0,345,2010-01-04 08:08:32,2011-05-13 16:01:43
DTAA/NQC0925,6.738840579710144,0.09505850586418166,15.783913043478261,0.07109551687653452,9.04445652173913,9.314444444444444,8.755,0.12085025270982461,345,345,1.0,1,PC-4866,100.0,0,0,100.0,0,345,2010-01-04 06:39:40,2011-05-13 15:40:04
DTAA/NRH0276,8.73975845410628,0.09738061471172939,15.786521739130436,0.07060424601329719,7.047420289855071,7.3180555555555555,6.776111111111111,0.12400364881797339,345,345,1.0,1,PC-3882,100.0,0,0,0.0,0,345,2010-01-04 08:46:38,2011-05-13 15:42:55
DTAA/NRM0093,7.146594005449591,0.8504890165440615,15.685831062670301,1.4594927104954536,8.539198455949137,9.315555555555555,0.013055555555555556,2.0445357953613255,367,345,1.063768115942029,21,PC-2882,94.00544959128065,44,0,95.36784741144415,0,367,2010-01-04 07:03:17,2011-05-13 16:04:14
DTAA/NRS0477,6.742801932367149,0.0942836845618035,18.781400966183575,0.07143419524086313,12.038178743961353,12.303333333333333,11.768055555555556,0.12256435657855007,345,345,1.0,1,PC-0672,100.0,0,0,100.0,0,345,2010-01-04 06:47:48,2011-05-13 18:48:53
DTAA/NSC0842,11.662692619626926,2.1649953892881997,16.31236820762368,1.9275570181269377,4.649070694782374,9.305,0.0025,2.6641896465907227,411,345,1.191304347826087,47,PC-4132,83.94160583941606,129,0,10.46228710462287,0,411,2010-01-04 08:09:51,2011-05-13 17:02:12
DTAA/NSD0763,8.743961352657006,0.0971647076575939,16.78458937198068,0.07327936141368482,8.041243156199679,8.308055555555555,7.770833333333333,0.12188657080148925,345,345,1.0,1,PC-2782,100.0,0,0,0.0,0,345,2010-01-04 08:49:19,2011-05-13 16:43:37
DTAA/NSP0910,8.961523588553751,1.693851161102071,15.50707656612529,1.8095767523943729,6.545803686517143,8.315833333333334,0.021666666666666667,3.0160808721511723,431,345,1.2492753623188406,58,PC-4479,80.04640371229699,172,0,0.0,0,431,2010-01-04 08:21:08,2011-05-13 16:12:10
DTAA/NTO0396,7.485072463768116,0.09737446151024207,15.534589371980674,0.07201219537040732,8.049818035426732,8.32,7.758055555555556,0.1214601620256927,345,345,1.0,1,PC-2674,100.0,0,0,100.0,0,345,2010-01-04 07:20:49,2011-05-13 15:39:50
DTAA/NWC0765,7.990144927536232,0.09751173450654897,19.027391304347827,0.07076289147901409,11.037367149758454,11.305277777777778,10.760555555555555,0.12011170930374597,345,345,1.0,1,PC-3896,100.0,0,0,52.17391304347826,0,345,2010-01-04 07:59:30,2011-05-13 19:00:54
DTAA/NWG0682,7.24671497584541,0.09850545433032644,16.28666666666667,0.07180534626292086,9.039885668276973,9.306666666666667,8.758888888888889,0.11861915887622478,345,345,1.0,1,PC-2765,100.0,0,0,100.0,0,345,2010-01-04 07:20:53,2011-05-13 16:11:37
DTAA/NWT0708,7.238095238095238,0.09628940537829322,17.282212885154063,0.07338609189118384,10.043530578898226,10.308055555555555,9.77111111111111,0.12377248903626606,238,238,1.0,1,PC-1857,100.0,0,0,100.0,0,238,2010-01-04 07:09:57,2010-12-09 17:19:54
DTAA/NZD0771,8.24550724637681,0.09507379509557226,18.27903381642512,0.07406850801092792,10.033762479871175,10.296666666666667,9.766388888888889,0.12208147539839447,345,345,1.0,1,PC-3712,100.0,0,0,0.0,0,345,2010-01-04 08:07:33,2011-05-13 18:13:58
DTAA/OAR0291,10.547729468599034,1.9489513423553553,15.785507246376811,0.07175995840407055,5.237350241545894,9.286944444444444,2.9591666666666665,1.9519656590886643,345,345,1.0,1,PC-2700,100.0,0,0,18.84057971014493,0,345,2010-01-04 11:49:20,2011-05-13 15:41:17
DTAA/OBD0786,12.421449275362317,1.9192438418561788,16.53280193236715,0.06956310500294273,4.111214975845411,8.28111111111111,1.936388888888889,1.9148099718316074,345,345,1.0,1,PC-1924,100.0,0,0,0.0,0,345,2010-01-04 12:30:02,2011-05-13 16:37:28
DTAA/OBF0564,7.23903381642512,0.09960208533716908,18.287053140096617,0.06987099646669821,11.047485507246376,11.31638888888889,10.7725,0.11870241640461292,345,345,1.0,1,PC-3120,100.0,0,0,100.0,0,345,2010-01-04 07:11:22,2011-05-13 18:18:06
DTAA/ODW0839,9.311232876712328,1.5432036697057585,20.71986301369863,1.494592556640481,11.408570015220699,12.314166666666667,0.028055555555555556,2.637351603991756,365,345,1.0579710144927537,19,PC-1940,94.52054794520548,40,0,1.36986301369863,0,365,2010-01-04 08:51:39,2011-05-13 20:56:14
DTAA/OES0636,8.747004830917874,0.09466919305426291,18.775410628019323,0.07039043350918421,10.02921417069243,10.287777777777778,9.7625,0.12003354826536346,345,345,1.0,1,PC-3802,100.0,0,0,0.0,0,345,2010-01-04 08:37:27,2011-05-13 18:48:24
DTAA/OHA0451,7.500579710144927,0.09506382413661078,16.526666666666667,0.07353654016214019,9.025614331723029,9.316666666666666,8.768888888888888,0.12176719085773904,345,345,1.0,1,PC-1381,100.0,0,0,100.0,0,345,2010-01-04 07:26:19,2011-05-13 16:30:51
DTAA/OHW0215,8.491014492753623,0.09728103409992656,20.529178743961356,0.07319403126986543,12.038175523349436,12.306111111111111,11.777222222222223,0.12199372162147448,345,345,1.0,1,PC-3457,100.0,0,0,0.0,0,345,2010-01-04 08:30:01,2011-05-13 20:34:37
DTAA/OIR0424,8.493140096618356,0.09672259151122337,18.533091787439613,0.07193863763073736,10.039850241545894,10.321944444444444,9.783055555555556,0.11838805748378026,345,345,1.0,1,PC-0686,100.0,0,0,0.0,0,345,2010-01-04 08:34:09,2011-05-13 18:32:52
DTAA/OJG0866,7.7460386473429965,0.09619920949636603,19.779855072463764,0.07365818373105833,12.033783413848631,12.321944444444444,11.769722222222223,0.12332037025106656,345,345,1.0,1,PC-2583,100.0,0,0,100.0,0,345,2010-01-04 07:41:32,2011-05-13 19:48:26
DTAA/OJH0425,11.403453815261045,2.3211093099679623,17.638032128514055,2.320536569874914,6.2346017402945115,11.261388888888888,0.021944444444444444,3.237885670230386,415,345,1.2028985507246377,57,PC-1730,83.13253012048193,136,0,19.518072289156628,0,415,2010-01-04 08:06:53,2011-05-13 18:31:53
DTAA/OKG0160,10.893417366946778,1.9797069163934706,15.87843137254902,0.9331661658276397,4.985441954559602,9.294444444444444,0.16055555555555556,2.1176845334301913,357,345,1.0347826086956522,11,PC-1360,96.63865546218487,24,0,17.92717086834734,0,357,2010-01-04 11:07:52,2011-05-13 15:56:55
DTAA/OLR0984,6.498401826484018,0.09929500084114633,17.535159817351598,0.0698142935576035,11.037064307458143,11.294166666666667,10.765555555555556,0.12015597970491816,146,146,1.0,1,PC-0846,100.0,0,0,100.0,0,146,2010-01-04 06:35:41,2010-07-29 17:32:09
DTAA/ONB0177,10.983333333333333,2.0444483502518582,15.279468599033814,0.07145729102547602,4.296772946859904,8.276388888888889,1.9075,2.0458414664433944,345,345,1.0,1,PC-0232,100.0,0,0,21.15942028985507,0,345,2010-01-04 07:20:24,2011-05-13 15:21:34
DTAA/ONQ0625,9.247826086956522,0.09575591090126595,17.285652173913043,0.0699836275330368,8.03836231884058,8.299444444444445,7.756944444444445,0.1204306458721313,345,345,1.0,1,PC-1104,100.0,0,0,0.0,0,345,2010-01-04 09:11:20,2011-05-13 17:19:18
DTAA/ORW0580,8.980579710144928,0.09666425505167932,18.032753623188405,0.06835071749409125,9.052322061191628,9.332222222222223,8.759722222222223,0.12292533567719927,345,345,1.0,1,PC-2835,100.0,0,0,0.0,0,345,2010-01-04 09:03:06,2011-05-13 17:56:15
DTAA/OSH0281,7.736328502415459,0.0958811726357165,15.778260869565218,0.06960020729268582,8.042471014492754,8.303888888888888,7.760277777777778,0.11598727664156434,345,345,1.0,1,PC-2027,100.0,0,0,100.0,0,345,2010-01-04 07:42:39,2011-05-13 15:45:43
DTAA/OSS0859,11.02352657004831,2.038689799724796,16.288212560386473,0.07390147194039075,5.265243961352657,9.273888888888889,2.899722222222222,2.0378303931225985,345,345,1.0,1,PC-3867,100.0,0,0,20.579710144927535,0,345,2010-01-04 07:12:56,2011-05-13 16:14:24
DTAA/OTS0256,6.73231884057971,0.09467287679541071,15.787874396135269,0.07312684771952312,9.056133655394525,9.320277777777777,8.78888888888889,0.11812882637271295,345,345,1.0,1,PC-0929,100.0,0,0,100.0,0,345,2010-01-04 06:44:18,2011-05-13 15:45:41
DTAA/OUS0565,11.18983333333333,2.0240132874633083,16.5265,0.07281509436659289,5.337711111111112,9.318333333333333,2.9775,2.0256982206765,200,200,1.0,1,PC-2171,100.0,0,0,21.0,0,200,2010-01-04 11:38:11,2010-10-14 16:30:47
DTAA/OXC0609,7.23391304347826,0.09549604704154899,15.272850241545893,0.07145198456964101,8.038309178743962,8.319166666666666,7.772777777777778,0.12127974632905575,345,345,1.0,1,PC-0313,100.0,0,0,100.0,0,345,2010-01-04 07:20:27,2011-05-13 15:20:49
DTAA/OYR0801,11.991304347826086,4.027096254152912,17.110346215781,4.910569978357271,6.62574409554482,11.295277777777779,0.009166666666666667,2.7214070357717657,414,349,1.186246418338109,12,PC-0088,97.10144927536231,24,24,22.705314009661837,4,410,2010-01-04 13:21:51,2011-05-13 18:55:16
DTAA/OZD0789,7.240096618357487,0.09615168057041824,16.278647342995168,0.07041157804782279,9.038284219001609,9.328888888888889,8.752777777777778,0.11682481111898552,345,345,1.0,1,PC-4695,100.0,0,0,100.0,0,345,2010-01-04 07:09:37,2011-05-13 16:13:53
DTAA/OZM0468,8.74391304347826,0.10009678217403065,17.7780193236715,0.07293079894184452,9.034519323671496,9.315555555555555,8.760277777777778,0.12083258331841507,345,345,1.0,1,PC-3041,100.0,0,0,0.0,0,345,2010-01-04 08:48:06,2011-05-13 17:54:41
DTAA/PAC0722,8.23942028985507,0.09414369364031415,18.283478260869565,0.07192767232478896,10.043549919484702,10.321388888888889,9.765277777777778,0.11948403817092604,345,345,1.0,1,PC-4075,100.0,0,0,0.0,0,345,2010-01-04 08:19:14,2011-05-13 18:23:51
DTAA/PAG0557,8.492125603864734,0.09343773751967044,19.534734299516906,0.0714522793830814,11.042677938808373,11.318333333333333,10.770277777777778,0.11829092799491031,345,345,1.0,1,PC-3405,100.0,0,0,0.0,0,345,2010-01-04 08:36:42,2011-05-13 19:29:37
DTAA/PBH0441,8.740203562340968,0.09219243690840137,18.783842239185752,0.07214476576833528,10.0439631043257,10.313333333333333,9.776666666666667,0.11906012423096976,131,131,1.0,1,PC-0264,100.0,0,0,0.0,0,131,2010-01-04 08:46:23,2010-07-08 18:42:46
DTAA/PCM0846,11.860483870967741,3.7935018716164315,17.139400921658986,4.9713598834862,5.997450716845878,11.309166666666666,0.042222222222222223,2.9558034327103058,434,351,1.2364672364672364,24,PC-1898,94.23963133640552,49,36,14.976958525345621,5,429,2010-01-04 09:25:16,2011-05-13 19:19:15
DTAA/PCO0684,8.99207729468599,0.09729065753883871,17.033671497584542,0.07396386987145684,8.041459742351048,8.311666666666667,7.764166666666667,0.11806281475023958,345,345,1.0,1,PC-4867,100.0,0,0,0.0,0,345,2010-01-04 09:08:33,2011-05-13 16:56:35
DTAA/PCS0097,8.242173913043478,0.0995546058057118,17.283140096618354,0.07327888230839683,9.040800322061191,9.305833333333334,8.789166666666667,0.12106322813857268,345,345,1.0,1,PC-1228,100.0,0,0,0.0,0,345,2010-01-04 08:19:09,2011-05-13 17:14:50
DTAA/PDB0413,8.508333333333335,0.09237744167959047,17.549242424242422,0.07708803530218665,9.040056818181819,9.285,8.798333333333334,0.13049856609185162,44,44,1.0,1,PC-3571,100.0,0,0,0.0,0,44,2010-01-04 08:38:33,2010-03-04 17:25:14
DTAA/PDS0896,7.9971014492753625,0.09536058496000419,17.032995169082124,0.07044099031195726,9.036400161030596,9.304166666666667,8.764722222222222,0.12307361386173048,345,345,1.0,1,PC-3654,100.0,0,0,47.82608695652174,0,345,2010-01-04 07:59:38,2011-05-13 17:04:19
DTAA/PFF0657,8.241594202898552,0.09560025362637757,18.284106280193235,0.07273306325740887,10.042326086956521,10.3125,9.755,0.11782558613298483,345,345,1.0,1,PC-4923,100.0,0,0,0.0,0,345,2010-01-04 08:13:10,2011-05-13 18:10:08
DTAA/PID0096,11.197971014492754,1.9281797136681336,14.284251207729469,0.07187702150391947,3.0860837359098237,7.251111111111111,0.8966666666666666,1.924849938701387,345,345,1.0,1,PC-3167,100.0,0,0,17.101449275362317,0,345,2010-01-04 12:25:41,2011-05-13 14:17:59
DTAA/PIG0194,7.9943961352657,0.0953835802179877,17.034057971014494,0.06847326749073909,9.040131239935587,9.324444444444444,8.76,0.1184525737812927,345,345,1.0,1,PC-0932,100.0,0,0,50.72463768115942,0,345,2010-01-04 08:05:12,2011-05-13 17:02:02
DTAA/PIP0746,12.500090579710143,2.034378312265522,19.221105072463768,1.372837771518285,6.720884661835749,11.270833333333334,0.014722222222222222,2.4672184501983887,368,345,1.0666666666666667,21,PC-0416,93.75,46,0,0.5434782608695652,0,368,2010-01-04 12:59:58,2011-05-13 19:39:32
DTAA/PJL0320,11.236253894080997,3.9486640277941367,16.367406542056074,5.020526442921986,6.4766251298027,11.31,0.06055555555555556,2.945332764654886,428,356,1.202247191011236,22,PC-1233,94.39252336448598,48,32,32.94392523364486,10,418,2010-01-04 12:47:43,2011-05-13 18:29:26
DTAA/PJS0809,10.307622173595915,2.2382968619721266,18.006053975200583,2.5623876981057876,7.698095672258692,10.31611111111111,0.002777777777777778,4.119299960408555,457,345,1.3246376811594203,63,PC-0823,75.49234135667396,224,0,0.437636761487965,0,457,2010-01-04 09:14:19,2011-05-13 19:10:54
DTAA/PKH0542,12.081147540983606,2.0465897398650448,19.28071038251366,0.07247482612479694,7.200321493624773,11.285277777777777,4.871944444444445,2.0465065411617087,305,305,1.0,1,PC-2052,100.0,0,0,0.0,0,305,2010-01-04 12:11:27,2011-03-17 19:21:08
DTAA/PKM0092,11.948704663212435,2.759905114278814,18.539248704663212,3.245529545619917,6.776873200921129,11.315277777777778,0.0019444444444444444,2.773699320618198,386,348,1.1091954022988506,24,PC-0731,93.52331606217616,50,11,4.145077720207254,3,383,2010-01-04 13:39:16,2011-05-13 19:36:29
DTAA/PKM0411,7.745845410628019,0.09822620264149826,18.780048309178742,0.0729732454990444,11.03364573268921,11.29861111111111,10.766388888888889,0.11922627982757199,345,345,1.0,1,PC-0224,100.0,0,0,100.0,0,345,2010-01-04 07:47:25,2011-05-13 18:52:28
DTAA/PMB0702,12.824031007751937,2.9115407018757424,17.83604651162791,3.30918332226437,5.694086993970715,10.507222222222222,0.034166666666666665,2.3370950690528876,387,346,1.1184971098265897,19,PC-1792,95.09043927648578,38,9,5.943152454780361,1,386,2010-01-04 14:26:34,2011-05-13 18:48:24
DTAA/PMG0890,8.743236714975845,0.09627756998760048,18.781207729468598,0.07495901337965723,10.038358293075683,10.319166666666666,9.767222222222221,0.12354141131369896,345,345,1.0,1,PC-3988,100.0,0,0,0.0,0,345,2010-01-04 08:40:20,2011-05-13 18:54:19
DTAA/PML0209,9.240676328502415,0.09610902325391728,18.28144927536232,0.07340350382417625,9.041961352657005,9.318888888888889,8.761944444444444,0.11601253546820657,345,345,1.0,1,PC-2793,100.0,0,0,0.0,0,345,2010-01-04 09:05:57,2011-05-13 18:22:18
DTAA/PRB0157,8.491207729468599,0.09511649836119432,16.536763285024154,0.07390669753196666,8.044979871175524,8.307777777777778,7.7636111111111115,0.12296782573475165,345,345,1.0,1,PC-3799,100.0,0,0,0.0,0,345,2010-01-04 08:29:06,2011-05-13 16:29:38
DTAA/PRB0568,7.74231884057971,0.09805818875076559,15.783768115942028,0.06962179353830533,8.041135265700483,8.3175,7.78,0.12116538565831167,345,345,1.0,1,PC-0080,100.0,0,0,100.0,0,345,2010-01-04 07:42:27,2011-05-13 15:53:45
DTAA/PRH0825,7.748405797101449,0.09623837339699551,16.781062801932364,0.07003711814343115,9.03274074074074,9.303055555555556,8.765277777777778,0.11855579707180916,345,345,1.0,1,PC-0921,100.0,0,0,100.0,0,345,2010-01-04 07:36:54,2011-05-13 16:44:51
DTAA/PRR0982,7.2357971014492755,0.0972384389511773,16.284202898550724,0.06971623031512654,9.048020128824476,9.312222222222223,8.766111111111112,0.11741256191097948,345,345,1.0,1,PC-1438,100.0,0,0,100.0,0,345,2010-01-04 07:19:59,2011-05-13 16:11:44
DTAA/PSP0555,11.683441793203182,2.0437918517154383,15.611605206073754,2.3251003151870635,3.9285665220535066,9.282222222222222,0.012777777777777779,2.645416580340718,461,345,1.336231884057971,70,PC-0017,74.83731019522777,223,0,13.882863340563992,0,461,2010-01-04 12:51:43,2011-05-13 16:42:39
DTAA/PTH0957,8.48951690821256,0.09223970878487193,19.53280193236715,0.07690648199598822,11.043563607085346,11.31638888888889,10.78138888888889,0.11767883054891375,345,345,1.0,1,PC-0057,100.0,0,0,0.0,0,345,2010-01-04 08:20:22,2011-05-13 19:28:49
DTAA/PUH0847,7.806607744107744,3.7847397667481144,13.852819865319866,3.7884989238139415,7.439553872053873,10.798333333333334,0.14055555555555554,1.8741039868025586,396,346,1.1445086705202312,1,PC-2550,100.0,0,22,98.48484848484848,1,395,2010-01-04 07:09:30,2011-05-13 14:55:46
DTAA/PVH0124,7.489275362318841,0.09280976759124836,16.532898550724635,0.0708405446476898,9.043725442834138,9.309722222222222,8.788333333333334,0.11510673033011212,345,345,1.0,1,PC-4738,100.0,0,0,100.0,0,345,2010-01-04 07:32:04,2011-05-13 16:36:05
DTAA/PVW0713,7.73816425120773,0.09402796643994148,18.775507246376808,0.06673888067282378,11.037408212560386,11.321944444444444,10.76,0.11138943090546105,345,345,1.0,1,PC-4069,100.0,0,0,100.0,0,345,2010-01-04 07:41:11,2011-05-13 18:52:33
DTAA/PXB0069,12.143167128347184,2.22614468475981,18.328347183748846,1.1514422282748478,6.185133117882426,10.294166666666667,0.058333333333333334,2.4470981487730916,361,345,1.046376811594203,16,PC-1972,95.56786703601108,32,0,0.0,0,361,2010-01-04 08:34:27,2011-05-13 18:33:09
DTAA/QAM0113,7.485024154589371,0.09610237460398072,16.531739130434786,0.073134881000854,9.04644041867955,9.310277777777777,8.778333333333334,0.12038093618197487,345,345,1.0,1,PC-0094,100.0,0,0,100.0,0,345,2010-01-04 07:36:42,2011-05-13 16:26:00
DTAA/QCD0829,11.201690821256038,2.02029700972154,16.533236714975846,0.07203432602675017,5.331290660225442,9.318333333333333,2.8966666666666665,2.017807719672764,345,345,1.0,1,PC-0386,100.0,0,0,20.869565217391305,0,345,2010-01-04 13:16:53,2011-05-13 16:39:43
DTAA/QGF0292,12.062709284627093,2.1625489396330915,17.051141552511414,2.258010283553652,4.987909056316591,10.31638888888889,0.04972222222222222,2.8830424906225827,438,345,1.2695652173913043,59,PC-4358,78.76712328767124,181,0,6.621004566210045,0,438,2010-01-04 07:57:17,2011-05-13 18:07:29
DTAA/QGM0222,7.988260869565217,0.08858383504866456,16.034589371980672,0.07098445222565489,8.046298711755234,8.314166666666667,7.776111111111111,0.10967255896195258,345,345,1.0,1,PC-1214,100.0,0,0,53.333333333333336,0,345,2010-01-04 07:51:12,2011-05-13 15:55:24
DTAA/QKR0651,9.41433734939759,2.4615745158070217,19.50602409638554,2.6684547375741334,10.091125167336012,12.324444444444444,0.0125,4.336953746048047,415,345,1.2028985507246377,48,PC-4881,83.13253012048193,139,0,3.132530120481928,0,415,2010-01-04 08:23:21,2011-05-13 20:38:26
DTAA/QLC0632,7.990676328502415,0.09742747204704816,15.036618357487923,0.07156539796976481,7.046268921095008,7.325833333333334,6.771944444444444,0.1210556301247959,345,345,1.0,1,PC-2855,100.0,0,0,48.98550724637681,0,345,2010-01-04 08:06:35,2011-05-13 15:03:50
DTAA/QLW0941,12.34120583717358,1.9722640834090632,15.664516129032258,1.9286501197587493,3.3231618023553504,8.24388888888889,0.0175,2.255305371919186,434,345,1.2579710144927536,60,PC-2395,79.49308755760369,177,0,0.0,0,434,2010-01-04 13:09:36,2011-05-13 16:26:17
DTAA/QNC0832,11.72952380952381,2.2007602572952387,16.52714285714286,2.5797180221433242,4.797836385836386,10.311666666666667,0.009166666666666667,3.001506762915041,455,345,1.318840579710145,68,PC-0711,75.82417582417582,210,0,15.604395604395604,0,455,2010-01-04 13:21:48,2011-05-13 17:47:30
DTAA/QNK0574,8.245942028985507,0.09447575596002133,19.28608695652174,0.0706968738498241,11.040149758454106,11.295277777777779,10.758611111111112,0.1184384917586457,345,345,1.0,1,PC-1569,100.0,0,0,0.0,0,345,2010-01-04 08:08:10,2011-05-13 19:22:29
DTAA/QOH0361,12.09734299516908,2.2304074884437286,16.537874396135265,0.07258375500392085,4.440210950080515,8.319166666666666,1.8944444444444444,2.2342950922495133,345,345,1.0,1,PC-3747,100.0,0,0,0.0,0,345,2010-01-04 12:10:49,2011-05-13 16:37:48
DTAA/QVM0338,8.745942028985507,0.09638804668796266,17.780917874396135,0.07387590872216399,9.035417069243156,9.31611111111111,8.765555555555556,0.1184075049535591,345,345,1.0,1,PC-4327,100.0,0,0,0.0,0,345,2010-01-04 08:39:06,2011-05-13 17:43:06
DTAA/QZD0164,12.320144927536234,1.9555342386472077,17.53903381642512,0.07105040030035616,5.218743961352657,9.293055555555556,2.8569444444444443,1.9501852647305855,345,345,1.0,1,PC-4694,100.0,0,0,0.0,0,345,2010-01-04 08:36:01,2011-05-13 17:26:00
DTAA/RAA0594,8.98951690821256,0.09588812953521363,18.032125603864735,0.07142190720619628,9.042824476650564,9.308333333333334,8.76361111111111,0.1225378769888774,345,345,1.0,1,PC-1665,100.0,0,0,0.0,0,345,2010-01-04 08:52:19,2011-05-13 17:59:11
DTAA/RAC0282,12.674858757062147,2.458458844217823,17.437193973634653,2.1799373869576635,5.032902542372882,9.290277777777778,0.2902777777777778,1.9786508436918386,354,348,1.0172413793103448,1,PC-3185,100.0,0,4,2.5423728813559325,3,351,2010-01-04 12:44:19,2011-05-13 17:40:51
DTAA/RAH0968,9.304944178628388,3.2859687669874833,16.388237639553427,3.920102223538608,7.7719763423710795,10.022222222222222,0.07694444444444444,2.9673755827573287,418,354,1.1807909604519775,31,PC-3119,92.58373205741627,62,22,10.047846889952153,9,409,2010-01-04 08:54:49,2011-05-13 17:45:28
DTAA/RAY0882,13.008743961352657,1.9953090256156452,16.280048309178746,0.07209376241628418,3.270800322061192,7.315555555555555,0.9344444444444444,1.9872394842759245,345,345,1.0,1,PC-1169,100.0,0,0,0.0,0,345,2010-01-04 14:41:05,2011-05-13 16:14:45
DTAA/RBB0229,7.494879227053141,0.09468869794637931,19.528019323671497,0.06959953471644312,12.033123188405796,12.297777777777778,11.7825,0.11564766584166358,345,345,1.0,1,PC-0696,100.0,0,0,100.0,0,345,2010-01-04 07:22:32,2011-05-13 19:35:03
DTAA/RBC0583,13.336814814814815,2.6108458283473843,17.25459259259259,2.9430785082311215,4.290966666666667,10.631666666666666,0.006388888888888889,2.75061086448854,450,347,1.2968299711815563,62,PC-1380,79.77777777777779,176,5,3.111111111111111,2,448,2010-01-04 13:42:44,2011-05-13 18:36:44
DTAA/RBC0879,11.789865996649917,3.5117611411957266,16.82353433835846,4.285919678223402,5.636970268006699,10.2875,0.02388888888888889,2.389001114412671,398,346,1.1502890173410405,10,PC-1261,97.73869346733667,18,27,11.055276381909549,1,397,2010-01-04 13:36:34,2011-05-13 18:12:12
DTAA/RBY0065,8.0148369132856,2.808647142401737,16.102028639618137,3.291480148589051,8.488444709626094,10.306944444444444,0.034444444444444444,3.454793613374122,419,349,1.2005730659025788,44,PC-2214,87.58949880668257,104,12,88.54415274463007,4,415,2010-01-04 07:08:03,2011-05-14 04:35:48
DTAA/RCF0540,7.4999516908212565,0.09597435319296777,15.528502415458936,0.07362551077698463,8.02862157809984,8.299166666666666,7.773888888888889,0.11922144553408615,345,345,1.0,1,PC-1493,100.0,0,0,100.0,0,345,2010-01-04 07:35:53,2011-05-13 15:33:46
DTAA/RCR0864,7.493671497584541,0.09680480794995391,16.533478260869565,0.0732404159021124,9.03973268921095,9.310277777777777,8.776111111111112,0.12160499255221197,345,345,1.0,1,PC-1583,100.0,0,0,100.0,0,345,2010-01-04 07:27:24,2011-05-13 16:34:22
DTAA/RCW0436,7.993816425120773,0.08947571120033547,16.028260869565216,0.07120594811109032,8.03441465378422,8.300555555555556,7.77,0.11361772390762247,345,345,1.0,1,PC-3171,100.0,0,0,51.01449275362319,0,345,2010-01-04 08:05:46,2011-05-13 16:03:16
DTAA/RDG0335,8.244202898550725,0.09605535820098336,16.291497584541062,0.07155195486805774,8.04710225442834,8.30888888888889,7.769722222222223,0.11764111271582821,345,345,1.0,1,PC-4919,100.0,0,0,0.0,0,345,2010-01-04 08:15:38,2011-05-13 16:23:58
DTAA/RDG0350,7.738792270531401,0.09499757071301157,18.79,0.0721732590934159,11.051575684380033,11.31,10.779166666666667,0.11947648636199752,345,345,1.0,1,PC-3040,100.0,0,0,100.0,0,345,2010-01-04 07:50:11,2011-05-13 18:54:50
DTAA/RDH0117,7.74231884057971,0.09778606141693898,18.78391304347826,0.07146934373271494,11.041502415458938,11.310555555555556,10.7775,0.12343715201537046,345,345,1.0,1,PC-2188,100.0,0,0,100.0,0,345,2010-01-04 07:41:17,2011-05-13 18:51:26
DTAA/RDP0855,7.493236714975846,0.09916963225077258,14.529710144927536,0.0718137555166599,7.036202898550726,7.327222222222222,6.755,0.12557769744353595,345,345,1.0,1,PC-2975,100.0,0,0,100.0,0,345,2010-01-04 07:29:32,2011-05-13 14:31:39
DTAA/RDT0659,12.696908212560384,2.002899651787225,18.03400966183575,0.07081014146128886,5.337461352657005,9.285833333333333,2.966111111111111,2.0086024782105993,345,345,1.0,1,PC-1382,100.0,0,0,0.0,0,345,2010-01-04 08:58:02,2011-05-13 18:02:05
DTAA/REK0484,8.98092428711898,0.09337839414907916,19.03466076696165,0.07403138248720524,10.054102753195675,10.328888888888889,9.76361111111111,0.12231994895073527,339,339,1.0,1,PC-3033,100.0,0,0,0.0,0,339,2010-01-04 09:07:11,2011-05-05 18:56:36
DTAA/RER0237,10.9612077294686,2.0630720153471516,17.2787922705314,0.07356721647988589,6.318243961352657,10.300277777777778,3.788611111111111,2.0638999829990676,345,345,1.0,1,PC-1175,100.0,0,0,21.44927536231884,0,345,2010-01-04 11:06:27,2011-05-13 17:14:33
DTAA/RES0962,7.430436607892527,1.3374733200493787,14.494374475230897,1.5773453069758925,7.064187657430731,8.323055555555555,0.0225,2.54361406501004,397,345,1.1507246376811595,43,PC-3736,86.90176322418137,104,0,88.16120906801007,0,397,2010-01-04 06:59:32,2011-05-13 15:02:57
DTAA/RHP0688,11.856736526946108,2.0984268926667378,16.282235528942117,0.07353593190940567,4.425118097139055,8.301111111111112,1.9447222222222222,2.1035418970157536,334,334,1.0,1,PC-2436,100.0,0,0,0.0,0,334,2010-01-04 12:25:01,2011-04-28 16:22:38
DTAA/RIG0024,7.999877450980394,0.10103367656644278,18.03676470588235,0.07163917494690548,10.036509395424837,10.316944444444445,9.773888888888889,0.12341408537115772,136,136,1.0,1,PC-3418,100.0,0,0,44.85294117647059,0,136,2010-01-04 07:51:42,2010-07-15 17:58:14
DTAA/RIM0938,8.748309178743963,0.09419285700890798,19.78792270531401,0.07216229700431552,11.039923510466988,11.30638888888889,10.760555555555555,0.11831076575599779,345,345,1.0,1,PC-1089,100.0,0,0,0.0,0,345,2010-01-04 08:39:58,2011-05-13 19:42:27
DTAA/RJP0286,7.489420289855072,0.09678280333423686,18.530628019323675,0.07299710482896192,11.041260064412239,11.321388888888889,10.763333333333334,0.12082432415133988,345,345,1.0,1,PC-0026,100.0,0,0,100.0,0,345,2010-01-04 07:27:24,2011-05-13 18:28:58
DTAA/RJP0345,11.86111111111111,1.9531137488909354,17.03570048309179,0.0756114213027348,5.174532206119163,9.273055555555555,2.9588888888888887,1.9447296370865672,345,345,1.0,1,PC-3284,100.0,0,0,7.82608695652174,0,345,2010-01-04 13:25:09,2011-05-13 16:58:32
DTAA/RJP0874,8.741352657004832,0.09869189462558077,17.780579710144927,0.07240104295680796,9.039589371980677,9.2875,8.779722222222222,0.11988343261446813,345,345,1.0,1,PC-3476,100.0,0,0,0.0,0,345,2010-01-04 08:52:21,2011-05-13 17:41:24
DTAA/RJW0590,7.995603864734299,0.09703700237528805,18.02830917874396,0.07375500506032705,10.032151368760065,10.301944444444445,9.769444444444444,0.1198234660388819,345,345,1.0,1,PC-3471,100.0,0,0,46.3768115942029,0,345,2010-01-04 07:56:36,2011-05-13 18:04:13
DTAA/RKC0190,7.493961352657005,0.09402236553281998,16.537632850241547,0.07116622970944789,9.04375845410628,9.3225,8.790277777777778,0.11153410876017117,345,345,1.0,1,PC-4117,100.0,0,0,100.0,0,345,2010-01-04 07:21:31,2011-05-13 16:35:24
DTAA/RKC0733,7.982270531400967,0.09477890216233753,19.024734299516908,0.06902422008049129,11.042610305958132,11.301944444444445,10.769722222222223,0.1131084018873718,345,345,1.0,1,PC-2354,100.0,0,0,52.7536231884058,0,345,2010-01-04 07:53:28,2011-05-13 18:58:51
DTAA/RKD0255,7.731884057971015,0.09325349274182493,17.78734299516908,0.071115102387007,10.0550346215781,10.325,9.767222222222221,0.12376753128322229,345,345,1.0,1,PC-2236,100.0,0,0,100.0,0,345,2010-01-04 07:43:49,2011-05-13 17:48:32
DTAA/RLC0019,7.9975845410628015,0.0975257271728079,18.041304347826088,0.071641462557642,10.04383655394525,10.325277777777778,9.783611111111112,0.12108587130174481,345,345,1.0,1,PC-3825,100.0,0,0,47.53623188405797,0,345,2010-01-04 08:07:04,2011-05-13 18:00:37
DTAA/RLC0442,7.847814910025708,3.5309418487251216,15.135689802913454,3.810517152261146,8.39878391888032,9.310555555555556,0.05583333333333333,2.0252499925946985,389,346,1.1242774566473988,1,PC-1467,100.0,0,21,99.74293059125964,1,388,2010-01-04 07:23:36,2011-05-13 16:11:31
DTAA/RLE0844,7.748019323671498,0.09599593357925708,16.788115942028984,0.0717344151133217,9.039979871175523,9.31861111111111,8.774722222222222,0.12389374388343628,345,345,1.0,1,PC-3714,100.0,0,0,100.0,0,345,2010-01-04 07:50:11,2011-05-13 16:40:47
DTAA/RLS0935,7.743623188405798,0.0948849077249102,17.78425120772947,0.07267028486914165,10.04081964573269,10.303611111111111,9.765,0.11836873280341861,345,345,1.0,1,PC-0300,100.0,0,0,100.0,0,345,2010-01-04 07:51:02,2011-05-13 17:51:47
DTAA/RLS0966,8.488260869565217,0.09580107090181282,17.535845410628017,0.07132559410015984,9.048128019323672,9.315,8.757777777777777,0.12196821860109648,345,345,1.0,1,PC-3614,100.0,0,0,0.0,0,345,2010-01-04 08:36:09,2011-05-13 17:34:00
DTAA/RLW0861,7.9919806763285015,0.09635695983268457,19.038357487922706,0.07141885944641768,11.046311594202898,11.29888888888889,10.768888888888888,0.11828201346539194,345,345,1.0,1,PC-4361,100.0,0,0,53.333333333333336,0,345,2010-01-04 08:03:15,2011-05-13 18:56:17
DTAA/RME0699,11.926129283489097,2.245352420205552,17.123831775700936,2.2123451469963067,5.1979815680166155,10.327222222222222,0.029722222222222223,2.982712186154485,428,345,1.2405797101449276,70,PC-2049,80.60747663551402,160,0,8.411214953271028,0,428,2010-01-04 12:45:07,2011-05-13 18:08:20
DTAA/ROC0257,7.742995169082125,0.09723261375765217,16.780966183574876,0.07479537427763706,9.038269726247988,9.285277777777777,8.7575,0.12292421664551265,345,345,1.0,1,PC-4759,100.0,0,0,100.0,0,345,2010-01-04 07:53:36,2011-05-13 16:46:08
DTAA/ROM0419,7.487294685990339,0.09565204518210259,14.526859903381641,0.07064186172903167,7.03918035426731,7.331388888888889,6.794444444444444,0.12155343044345951,345,345,1.0,1,PC-3957,100.0,0,0,100.0,0,345,2010-01-04 07:23:31,2011-05-13 14:33:05
DTAA/RQH0770,11.536020036429875,2.809165999760305,16.186429872495445,2.779786979525132,5.109748785670917,11.000555555555556,0.08055555555555556,2.1085705376924273,366,346,1.0578034682080926,1,PC-4225,100.0,0,12,23.497267759562842,1,365,2010-01-04 13:19:48,2011-05-13 16:53:06
DTAA/RRF0245,8.99806763285024,0.09346095544590925,19.02521739130435,0.07224813298569796,10.02742270531401,10.324444444444444,9.756666666666666,0.12205225262242435,345,345,1.0,1,PC-0019,100.0,0,0,0.0,0,345,2010-01-04 08:58:20,2011-05-13 19:08:04
DTAA/RRL0780,11.666135265700483,2.1298297161728437,17.03159420289855,0.06939804089447335,5.365357487922705,9.289444444444445,2.9077777777777776,2.1276806141938245,345,345,1.0,1,PC-2526,100.0,0,0,14.202898550724639,0,345,2010-01-04 07:59:31,2011-05-13 17:03:12
DTAA/RSG0385,8.746763285024155,0.09548084993829672,17.785942028985506,0.0723227351870835,9.039022544283414,9.31,8.760833333333334,0.12208102945401354,345,345,1.0,1,PC-4365,100.0,0,0,0.0,0,345,2010-01-04 08:43:57,2011-05-13 17:47:15
DTAA/RSJ0328,7.994879227053141,0.09583304635977417,17.035942028985506,0.07196456376841086,9.041248792270531,9.325,8.759444444444444,0.12092120145967444,345,345,1.0,1,PC-4292,100.0,0,0,47.53623188405797,0,345,2010-01-04 08:02:06,2011-05-13 17:07:41
DTAA/RTH0376,8.249242424242425,0.09149593299828519,18.266287878787875,0.06777076389422397,10.017948232323231,10.298333333333334,9.823611111111111,0.10908362089539211,44,44,1.0,1,PC-0763,100.0,0,0,0.0,0,44,2010-01-04 08:06:21,2010-03-04 18:10:43
DTAA/RVM0826,7.738743961352657,0.09319393911212061,17.78425120772947,0.07396985046905526,10.045157004830918,10.329166666666667,9.803888888888888,0.11706305207347006,345,345,1.0,1,PC-1914,100.0,0,0,100.0,0,345,2010-01-04 07:48:10,2011-05-13 17:54:21
DTAA/RVS0852,12.013672438672439,2.0909153554909348,16.681637806637806,2.632282643961297,4.668097643097643,10.307222222222222,0.0022222222222222222,2.967705279106492,462,345,1.3391304347826087,76,PC-2420,74.67532467532467,224,0,7.35930735930736,0,462,2010-01-04 09:21:59,2011-05-13 18:02:12
DTAA/RWD0210,6.98768115942029,0.10256135799457124,17.027342995169082,0.07253391728718046,10.039687600644124,10.312777777777777,9.7625,0.12296289737083883,345,345,1.0,1,PC-2564,100.0,0,0,100.0,0,345,2010-01-04 06:58:48,2011-05-13 16:59:33
DTAA/RXE0207,11.684844444444444,2.1274545289679643,17.58106666666667,1.7119837447376622,5.895977037037038,10.306666666666667,0.16777777777777778,2.533971494228418,375,345,1.0869565217391304,27,PC-0650,92.0,60,0,10.933333333333334,0,375,2010-01-04 11:39:40,2011-05-13 18:00:52
DTAA/RXM0204,12.82121693121693,1.9673868109685142,18.025502645502648,0.07544667349497537,5.204347442680776,9.26,2.9408333333333334,1.967330877216195,315,315,1.0,1,PC-4875,100.0,0,0,0.0,0,315,2010-01-04 08:55:57,2011-03-31 18:08:15
DTAA/RZW0369,11.452173913043477,2.049216213221382,18.787536231884058,0.07329600039391305,7.33521497584541,11.278055555555556,4.908333333333333,2.0539403484492658,345,345,1.0,1,PC-0825,100.0,0,0,21.44927536231884,0,345,2010-01-04 12:25:02,2011-05-13 18:41:51
DTAA/SAE0683,7.496780303030303,0.09704635284844165,17.541856060606058,0.0728893875926988,10.044539141414141,10.3125,9.771666666666667,0.12364096520084905,88,88,1.0,1,PC-0827,100.0,0,0,100.0,0,88,2010-01-04 07:39:42,2010-05-06 17:34:58
DTAA/SAH0192,12.527011494252873,3.9308129598747295,15.483949096880131,4.093545761787654,4.197914614121511,10.908611111111112,0.07027777777777777,2.3118191986929038,406,350,1.16,1,PC-4079,100.0,0,19,14.285714285714285,5,401,2010-01-04 12:45:39,2011-05-13 16:27:01
DTAA/SAM0954,9.281213450292398,1.727567654742843,15.501059941520468,2.0895421263382605,6.2194377436647175,8.328888888888889,0.021944444444444444,3.236065120875513,456,345,1.3217391304347825,76,PC-3599,75.6578947368421,222,0,0.0,0,456,2010-01-04 08:23:54,2011-05-13 16:32:51
DTAA/SAO0167,8.240869565217393,0.09872189060223903,17.282850241545894,0.07015872407659972,9.041737520128825,9.301388888888889,8.765555555555556,0.12141158117388677,345,345,1.0,1,PC-3364,100.0,0,0,0.0,0,345,2010-01-04 08:16:07,2011-05-13 17:18:16
DTAA/SAP0304,11.886675461741426,3.371489809140493,16.001671064204047,3.693094413593733,5.001396951040751,9.321111111111112,0.035555555555555556,2.122391314924192,379,350,1.082857142857143,1,PC-1331,100.0,0,15,17.41424802110818,3,376,2010-01-04 11:28:56,2011-05-13 16:56:18
DTAA/SAS0433,8.242222222222223,0.10021724894127486,15.284444444444444,0.07016883171333126,7.041731078904992,7.317777777777778,6.7725,0.12477963047748508,345,345,1.0,1,PC-4670,100.0,0,0,0.0,0,345,2010-01-04 08:05:23,2011-05-13 15:18:10
DTAA/SAS0601,7.994975845410627,0.09478764377425881,19.03144927536232,0.07260712984203696,11.036472624798712,11.321666666666667,10.776666666666667,0.11999625654480991,345,345,1.0,1,PC-0262,100.0,0,0,46.08695652173913,0,345,2010-01-04 07:53:09,2011-05-13 19:03:19
DTAA/SBB0044,9.246521739130435,0.09562867392177099,19.282125603864735,0.07141060034680019,10.036083735909823,10.290277777777778,9.78,0.11409417026794966,345,345,1.0,1,PC-0310,100.0,0,0,0.0,0,345,2010-01-04 09:05:49,2011-05-13 19:23:42
DTAA/SBC0360,8.492898550724638,0.09768957757619261,17.534444444444443,0.07336430518149208,9.041365539452496,9.308333333333334,8.755,0.11676938323335498,345,345,1.0,1,PC-0598,100.0,0,0,0.0,0,345,2010-01-04 08:38:54,2011-05-13 17:28:29
DTAA/SBH0674,10.609685230024214,2.085453699723177,14.367110573042776,1.6953249512347142,3.75727199354318,8.303333333333333,0.0033333333333333335,2.4249680893090715,413,345,1.1971014492753622,48,PC-0750,83.53510895883777,134,0,21.307506053268767,0,413,2010-01-04 07:23:32,2011-05-13 15:04:38
DTAA/SBK0108,8.744057971014492,0.09435430911028947,16.780917874396135,0.07049768642540194,8.036723027375201,8.326666666666666,7.767777777777778,0.12030342629417559,345,345,1.0,1,PC-4158,100.0,0,0,0.0,0,345,2010-01-04 08:37:45,2011-05-13 16:41:35
DTAA/SBM0217,7.240434782608695,0.09592119841845717,17.281400966183575,0.075200863233776,10.04045732689211,10.321944444444444,9.750833333333333,0.12174783588515603,345,345,1.0,1,PC-4499,100.0,0,0,100.0,0,345,2010-01-04 07:11:41,2011-05-13 17:17:36
DTAA/SCB0529,7.484347826086957,0.09771171333937621,18.5356038647343,0.07280707213219223,11.05123349436393,11.323333333333334,10.75388888888889,0.1281320248102972,345,345,1.0,1,PC-1462,100.0,0,0,100.0,0,345,2010-01-04 07:23:33,2011-05-13 18:39:27
DTAA/SCJ0498,11.608260869565218,1.9887019880122607,16.778695652173912,0.06748101798201471,5.17063768115942,9.29,2.863611111111111,1.9927137345330117,345,345,1.0,1,PC-3235,100.0,0,0,19.130434782608695,0,345,2010-01-04 11:30:56,2011-05-13 16:45:45
DTAA/SCK0576,7.996714975845411,0.09645943564026542,16.030531400966183,0.0726941470432315,8.034213365539454,8.314444444444444,7.771111111111111,0.11796208513725948,345,345,1.0,1,PC-4950,100.0,0,0,47.2463768115942,0,345,2010-01-04 07:58:46,2011-05-13 16:05:15
DTAA/SCW0707,11.918697318007663,1.9982225432598,15.246283524904214,1.841271282236648,3.3276098339719034,8.313055555555556,0.04972222222222222,2.2513877289176287,435,345,1.2608695652173914,61,PC-1217,79.3103448275862,176,0,7.816091954022989,0,435,2010-01-04 11:40:48,2011-05-13 15:58:50
DTAA/SDC0032,11.961623325453113,4.050914873615954,15.421079590228526,4.5036640592557475,4.707989887050171,9.32,0.022222222222222223,2.3228098171966614,423,350,1.2085714285714286,18,PC-3081,95.74468085106383,36,26,23.64066193853428,5,418,2010-01-04 07:51:09,2011-05-14 04:17:20
DTAA/SDL0679,8.995507246376812,0.09684097170462803,19.026666666666667,0.07031444692969151,10.031074879227052,10.302777777777777,9.768611111111111,0.12044496671660858,345,345,1.0,1,PC-2131,100.0,0,0,0.0,0,345,2010-01-04 09:05:07,2011-05-13 18:55:16
DTAA/SDM0333,8.240966183574878,0.09433930023530702,17.286956521739132,0.07037124499561899,9.04575040257649,9.31861111111111,8.777777777777779,0.11936301218163572,345,345,1.0,1,PC-3021,100.0,0,0,0.0,0,345,2010-01-04 08:15:05,2011-05-13 17:19:37
DTAA/SDR0010,7.994299516908212,0.09749627543617324,17.035217391304347,0.07090791390813028,9.040805152979065,9.326666666666666,8.777222222222223,0.11902737021358421,345,345,1.0,1,PC-2030,100.0,0,0,48.69565217391305,0,345,2010-01-04 08:04:49,2011-05-13 16:57:19
DTAA/SEF0446,11.069483568075118,2.5091375779898293,15.898650234741783,2.0117409442423764,5.082858959311424,9.309722222222222,0.07777777777777778,2.366150351041622,284,265,1.0716981132075472,15,PC-2477,95.07042253521126,28,1,24.295774647887324,0,284,2010-01-04 11:25:28,2011-01-20 16:20:06
DTAA/SER0835,8.480628019323671,0.09656114824082297,18.53415458937198,0.07164188727262606,10.053221417069244,10.309444444444445,9.7875,0.12255073066572349,345,345,1.0,1,PC-1201,100.0,0,0,0.0,0,345,2010-01-04 08:37:48,2011-05-13 18:26:24
DTAA/SES0660,8.515789473684212,0.09851892157211378,17.528070175438597,0.07115724015524122,9.01358187134503,9.272222222222222,8.823333333333334,0.11973600271356724,19,19,1.0,1,PC-2111,100.0,0,0,0.0,0,19,2010-01-04 08:39:24,2010-01-28 17:31:34
DTAA/SFS0308,8.49391304347826,0.09368799676050212,19.539710144927536,0.07042171586510726,11.04537117552335,11.327222222222222,10.775,0.11894164820316531,345,345,1.0,1,PC-4828,100.0,0,0,0.0,0,345,2010-01-04 08:32:08,2011-05-13 19:38:50
DTAA/SGC0118,8.488454106280193,0.09341804660195682,16.530096618357486,0.07196703553466341,8.040926731078907,8.295277777777779,7.775,0.11797554953266932,345,345,1.0,1,PC-4739,100.0,0,0,0.0,0,345,2010-01-04 08:39:10,2011-05-13 16:31:23
DTAA/SGG0584,13.02502415458937,2.050921566285675,20.28526570048309,0.07431514576811796,7.259651368760064,11.290277777777778,4.948055555555555,2.0513897608698493,345,345,1.0,1,PC-1946,100.0,0,0,0.0,0,345,2010-01-04 14:12:34,2011-05-13 20:16:02
DTAA/SGS0352,6.989806763285025,0.09493790310029537,17.032995169082124,0.07220714023298103,10.04269806763285,10.321388888888889,9.76,0.12229677572546319,345,345,1.0,1,PC-4935,100.0,0,0,100.0,0,345,2010-01-04 07:05:02,2011-05-13 16:55:29
DTAA/SHR0025,11.644575303354745,3.2120030873760728,15.340685224839401,3.666023575629351,4.15940697121104,9.3125,0.03833333333333333,2.6537177247328154,467,351,1.3304843304843306,60,PC-0288,81.37044967880087,170,22,14.346895074946467,5,462,2010-01-04 07:57:29,2011-05-13 17:05:01
DTAA/SHS0608,7.74743961352657,0.09617548447397437,14.779806763285023,0.07283455300712544,7.032528180354266,7.322222222222222,6.768888888888889,0.11662944820665293,345,345,1.0,1,PC-1394,100.0,0,0,100.0,0,345,2010-01-04 07:38:31,2011-05-13 14:41:56
DTAA/SHT0953,7.4905314009661845,0.09941954141864338,17.533671497584542,0.07174717158425928,10.043480676328503,10.321666666666667,9.797777777777778,0.12654653038608712,345,345,1.0,1,PC-1822,100.0,0,0,100.0,0,345,2010-01-04 07:39:48,2011-05-13 17:38:37
DTAA/SIP0805,8.991111111111111,0.10326496029204262,17.04246376811594,0.07228874633628053,8.050538647342995,8.313333333333333,7.768611111111111,0.12499371908722921,345,345,1.0,1,PC-0081,100.0,0,0,0.0,0,345,2010-01-04 08:59:18,2011-05-13 17:02:06
DTAA/SIR0586,7.989420289855072,0.09942495599167628,16.027294685990338,0.06989350371253468,8.037585346215781,8.308333333333334,7.7652777777777775,0.12419998750101005,345,345,1.0,1,PC-2044,100.0,0,0,51.30434782608696,0,345,2010-01-04 07:53:14,2011-05-13 16:01:57
DTAA/SJA0691,11.576289134438307,1.971794872359388,14.599079189686925,0.933337824413588,3.02240561694291,7.3075,0.03638888888888889,1.9909888592353873,362,345,1.0492753623188407,17,PC-3231,95.30386740331491,34,0,17.403314917127073,0,362,2010-01-04 11:52:51,2011-05-13 14:51:52
DTAA/SJB0751,7.490869565217391,0.09490177870510699,17.53599033816425,0.06908309537494876,10.045003220611916,10.306666666666667,9.773333333333333,0.11830739018942679,345,345,1.0,1,PC-4002,100.0,0,0,100.0,0,345,2010-01-04 07:37:04,2011-05-13 17:28:51
DTAA/SJC0487,8.610823970037453,2.4364399355995836,17.279700374531835,2.6399380547742792,8.66905243445693,11.305833333333334,0.013888888888888888,4.408366875131078,445,345,1.289855072463768,70,PC-0996,77.52808988764045,198,0,78.65168539325843,0,445,2010-01-04 07:36:48,2011-05-13 18:29:53
DTAA/SJC0735,7.734975845410628,0.09688565009959683,17.782946859903383,0.07375043518437713,10.048417069243158,10.30638888888889,9.76361111111111,0.12122454291985903,345,345,1.0,1,PC-3261,100.0,0,0,100.0,0,345,2010-01-04 07:50:45,2011-05-13 17:52:25
DTAA/SJH0588,12.136004784688996,3.8540447901974133,17.665271132376393,5.105209383493088,6.276258639021797,11.286666666666667,0.018055555555555554,2.8064439552224454,418,350,1.1942857142857144,20,PC-2512,94.97607655502392,42,32,12.918660287081341,4,414,2010-01-04 08:45:31,2011-05-13 19:54:33
DTAA/SJH0907,6.74632850241546,0.09669630815179098,15.786425120772947,0.07099632146587578,9.039876811594203,9.32,8.763333333333334,0.12244338468503053,345,345,1.0,1,PC-2525,100.0,0,0,100.0,0,345,2010-01-04 06:46:36,2011-05-13 15:43:04
DTAA/SKB0263,8.73048309178744,0.09928243090305706,17.78584541062802,0.06824773850050465,9.056195652173912,9.315833333333334,8.762222222222222,0.11972419601569342,345,345,1.0,1,PC-2809,100.0,0,0,0.0,0,345,2010-01-04 08:39:53,2011-05-13 17:50:26
DTAA/SKH0467,11.693148148148147,1.965481512570846,14.678287037037038,0.6326194464219358,2.985061728395062,7.282777777777778,0.14888888888888888,1.998907031936455,360,345,1.0434782608695652,15,PC-1582,95.83333333333334,30,0,17.77777777777778,0,360,2010-01-04 12:17:53,2011-05-13 14:53:29
DTAA/SKL0881,13.117777777777777,1.911502451894934,21.28903381642512,0.07156000140752862,8.171106280193237,12.244444444444444,5.854444444444445,1.9147793471096257,345,345,1.0,1,PC-1581,100.0,0,0,0.0,0,345,2010-01-04 09:16:15,2011-05-13 21:20:36
DTAA/SKP0270,7.7443961352657,0.0954766580535914,17.782946859903383,0.07222366975466388,10.038825281803543,10.30888888888889,9.760833333333334,0.11841656206007048,345,345,1.0,1,PC-0101,100.0,0,0,100.0,0,345,2010-01-04 07:47:30,2011-05-13 17:43:59
DTAA/SKW0871,11.607777777777779,1.9447358770157666,16.78159420289855,0.07281620143279993,5.173884057971014,9.262777777777778,2.862222222222222,1.9460054903659934,345,345,1.0,1,PC-1529,100.0,0,0,18.26086956521739,0,345,2010-01-04 07:51:35,2011-05-13 16:40:20
DTAA/SLC0778,11.224782608695653,2.0167327715365975,16.529855072463768,0.07529535895162423,5.305986312399356,9.327777777777778,2.9,2.0207983137478616,345,345,1.0,1,PC-3199,100.0,0,0,20.579710144927535,0,345,2010-01-04 11:36:41,2011-05-13 16:33:03
DTAA/SLG0008,7.989082125603866,0.09807561164795175,18.032608695652176,0.07507719878151403,10.042921095008053,10.307222222222222,9.756666666666666,0.1253982710639192,345,345,1.0,1,PC-1682,100.0,0,0,49.85507246376812,0,345,2010-01-04 07:56:48,2011-05-13 17:55:36
DTAA/SLM0589,7.991545893719806,0.09831523238693723,17.03869565217391,0.07251084163636519,9.047384863123995,9.32638888888889,8.759722222222223,0.11938930782243094,345,345,1.0,1,PC-2346,100.0,0,0,50.72463768115942,0,345,2010-01-04 07:52:02,2011-05-13 17:05:07
DTAA/SLM0781,11.15062801932367,1.945764239047022,18.286231884057973,0.07514824505584655,7.135731078904992,11.308055555555555,4.828333333333333,1.9450649931632427,345,345,1.0,1,PC-2034,100.0,0,0,17.971014492753625,0,345,2010-01-04 07:23:20,2011-05-13 18:16:58
DTAA/SMC0139,9.055311355311355,2.261017620428444,16.785347985347986,2.5580746533745105,7.7302857142857135,10.296388888888888,0.011666666666666667,4.097504885730474,455,345,1.318840579710145,74,PC-0577,75.82417582417582,219,0,37.582417582417584,0,455,2010-01-04 08:01:54,2011-05-13 17:58:50
DTAA/SMD0773,7.733478260869566,0.0952479336123978,15.786038647342993,0.07387676414014603,8.052454106280193,8.31638888888889,7.785277777777778,0.11724001977254012,345,345,1.0,1,PC-1075,100.0,0,0,100.0,0,345,2010-01-04 07:36:05,2011-05-13 15:43:44
DTAA/SML0086,11.349082125603864,2.1735645924348383,15.77719806763285,0.07311503623323252,4.427424315619968,8.314444444444444,1.9,2.1762949628613457,345,345,1.0,1,PC-1586,100.0,0,0,24.92753623188406,0,345,2010-01-04 13:30:49,2011-05-13 15:53:05
DTAA/SML0486,11.899951690821256,2.070526722482024,18.282028985507246,0.07301909724916343,6.3817286634460535,10.328333333333333,3.8369444444444443,2.0722997088610415,345,345,1.0,1,PC-0001,100.0,0,0,0.0,0,345,2010-01-04 08:19:38,2011-05-13 18:22:19
DTAA/SMW0913,8.492608695652173,0.09795695536838818,16.533913043478265,0.07129966540863582,8.040866344605474,8.319166666666666,7.7588888888888885,0.12095011112807735,345,345,1.0,1,PC-3438,100.0,0,0,0.0,0,345,2010-01-04 08:35:15,2011-05-13 16:37:06
DTAA/SND0611,7.9950241545893705,0.09715863714281359,19.028502415458938,0.07059075249962864,11.03369726247987,11.313888888888888,10.766944444444444,0.12172366440091213,345,345,1.0,1,PC-3657,100.0,0,0,46.95652173913044,0,345,2010-01-04 08:05:30,2011-05-13 19:05:41
DTAA/SOG0461,8.001159420289856,0.09614807783031336,18.031497584541064,0.07161738036611759,10.030693236714976,10.305,9.765555555555556,0.12246066842401976,345,345,1.0,1,PC-4563,100.0,0,0,44.63768115942029,0,345,2010-01-04 07:57:03,2011-05-13 18:00:13
DTAA/SOM0478,9.045833333333334,1.3701262965779377,14.788618827160493,1.6990150675670945,5.7423135288065845,7.307777777777778,0.003611111111111111,2.6198844361241527,432,345,1.2521739130434784,59,PC-3348,79.86111111111111,174,0,0.0,0,432,2010-01-04 08:26:36,2011-05-13 15:39:38
DTAA/SPK0818,11.792541436464088,2.0266399647201334,15.787384898710863,1.2153294640413903,3.994374616329036,8.322222222222223,0.08472222222222223,2.124015341573983,362,345,1.0492753623188407,16,PC-1938,95.30386740331491,34,0,9.668508287292818,0,362,2010-01-04 11:35:52,2011-05-13 16:02:15
DTAA/SRN0275,11.617056074766356,3.3680067982950086,18.07834890965732,4.622150064651465,6.853757139148494,12.274722222222222,0.06194444444444445,3.401309315359294,428,353,1.2124645892351276,41,PC-3531,88.3177570093458,97,23,16.355140186915886,7,421,2010-01-04 11:58:58,2011-05-14 06:18:12
DTAA/SSB0151,8.492512077294686,0.10158372171978951,17.53352657004831,0.07257021027419763,9.040966988727858,9.315,8.759166666666667,0.12818151875859385,345,345,1.0,1,PC-4616,100.0,0,0,0.0,0,345,2010-01-04 08:29:10,2011-05-13 17:39:47
DTAA/SSC0047,12.94352657004831,1.9743277143856677,19.038840579710143,0.07290534482856861,6.09558615136876,10.29111111111111,3.88,1.9758524947689222,345,345,1.0,1,PC-1537,100.0,0,0,0.0,0,345,2010-01-04 12:45:08,2011-05-13 19:07:21
DTAA/SSC0387,8.989710144927535,0.09509742578517738,19.03541062801932,0.06917309078524689,10.045615942028984,10.307777777777778,9.760833333333334,0.11951166973495157,345,345,1.0,1,PC-2858,100.0,0,0,0.0,0,345,2010-01-04 08:52:06,2011-05-13 19:05:59
DTAA/SSH0085,7.741932367149759,0.09889637419299623,18.784396135265702,0.07354640634884332,11.042671497584541,11.318055555555556,10.77111111111111,0.13242090084613156,345,345,1.0,1,PC-0903,100.0,0,0,100.0,0,345,2010-01-04 07:46:06,2011-05-13 18:46:19
DTAA/SSH0144,11.826557632398753,1.9315150103704586,15.26553738317757,1.8445383641001387,3.438792185877466,8.325555555555555,0.004722222222222222,2.19336675642259,428,345,1.2405797101449276,56,PC-4673,80.60747663551402,164,0,6.5420560747663545,0,428,2010-01-04 11:40:04,2011-05-13 16:03:43
DTAA/SSV0560,7.993851132686085,0.09793595043771217,19.03106796116505,0.07655606343054099,11.037230312837108,11.281666666666666,10.768888888888888,0.1328639184683993,103,103,1.0,1,PC-1609,100.0,0,0,49.51456310679612,0,103,2010-01-04 07:56:27,2010-05-27 19:03:37
DTAA/SSW0815,7.241449275362319,0.09838895789246165,15.284057971014496,0.07253901553160924,8.042454911433174,8.309444444444445,7.770833333333333,0.12139099436859309,345,345,1.0,1,PC-0542,100.0,0,0,100.0,0,345,2010-01-04 07:06:33,2011-05-13 15:22:12
DTAA/STC0066,6.9971980676328505,0.09441890684823305,17.027342995169082,0.07492153455773613,10.030375201288244,10.322777777777778,9.771944444444445,0.11786644733917363,345,345,1.0,1,PC-3069,100.0,0,0,100.0,0,345,2010-01-04 07:08:37,2011-05-13 17:07:46
DTAA/STF0145,12.325418760469011,3.601920458378512,16.16000837520938,4.027301653234203,4.799713149078727,10.360555555555555,0.03333333333333333,2.2057915184492636,398,350,1.1371428571428572,8,PC-0191,97.98994974874373,15,18,11.306532663316583,4,394,2010-01-04 12:09:42,2011-05-13 17:33:19
DTAA/SVC0175,7.485362318840579,0.09790640700217247,17.531835748792272,0.07021914807991099,10.046326086956523,10.313611111111111,9.756666666666666,0.12175339003030662,345,345,1.0,1,PC-3384,100.0,0,0,100.0,0,345,2010-01-04 07:29:01,2011-05-13 17:39:43
DTAA/SVM0756,8.499033816425122,0.0975757531351675,17.533961352657006,0.07592299274674524,9.03508615136876,9.285,8.759722222222223,0.11823729723234927,345,345,1.0,1,PC-0312,100.0,0,0,0.0,0,345,2010-01-04 08:28:13,2011-05-13 17:30:35
DTAA/SWM0768,7.502415458937197,0.09687775012012248,18.529275362318838,0.07335374444014833,11.027667471819646,11.2925,10.755833333333333,0.11922884495006547,345,345,1.0,1,PC-0942,100.0,0,0,100.0,0,345,2010-01-04 07:36:09,2011-05-13 18:34:28
DTAA/SXH0895,6.9239782016348785,0.8338124171925702,13.565395095367847,0.9807024884212087,6.64134574629125,7.295277777777778,0.05472222222222222,1.551418829785125,367,345,1.063768115942029,19,PC-4647,94.00544959128065,44,0,95.36784741144415,0,367,2010-01-04 06:51:23,2011-05-13 13:51:18
DTAA/TAO0639,9.554697380307136,1.3956807423481041,18.966440831074976,1.407436612148903,9.412521830773864,10.314722222222223,0.05277777777777778,2.446460135110187,369,345,1.0695652173913044,24,PC-2198,93.4959349593496,48,0,0.27100271002710025,0,369,2010-01-04 09:08:16,2011-05-13 19:22:19
DTAA/TCH0230,9.485555555555557,0.09743921889117498,16.53270531400966,0.07203725027446252,7.047214170692431,7.316388888888889,6.775,0.12490797261083338,345,345,1.0,1,PC-3052,100.0,0,0,0.0,0,345,2010-01-04 09:34:26,2011-05-13 16:37:49
DTAA/TCR0218,7.989464285714287,0.09566005952089174,17.029345238095235,0.0738846972235391,9.040092261904762,9.321111111111112,8.768888888888888,0.12675640230596893,280,280,1.0,1,PC-0655,100.0,0,0,48.57142857142857,0,280,2010-01-04 07:56:40,2011-02-10 17:04:18
DTAA/TDW0348,8.989323671497583,0.0989423717607041,17.023623188405796,0.07339967737687474,8.03414653784219,8.315,7.773055555555556,0.12432108118762741,345,345,1.0,1,PC-4642,100.0,0,0,0.0,0,345,2010-01-04 09:00:08,2011-05-13 16:56:31
DTAA/TEG0502,7.990772946859903,0.09968967502878,17.029227053140097,0.069478364932176,9.03866505636071,9.315555555555555,8.760277777777778,0.11601028517515306,345,345,1.0,1,PC-4566,100.0,0,0,51.30434782608696,0,345,2010-01-04 07:50:34,2011-05-13 17:04:26
DTAA/TER0923,8.98927536231884,0.09763493539159206,17.03048309178744,0.07472446234043302,8.041545893719807,8.317777777777778,7.764444444444444,0.1242188905648375,345,345,1.0,1,PC-0011,100.0,0,0,0.0,0,345,2010-01-04 08:51:35,2011-05-13 17:08:58
DTAA/TFS0216,6.9855072463768115,0.09740301292727827,15.032608695652174,0.07273911287427766,8.047126409017714,8.320833333333333,7.779444444444445,0.1252108238225291,345,345,1.0,1,PC-0502,100.0,0,0,100.0,0,345,2010-01-04 07:07:08,2011-05-13 14:59:29
DTAA/TGC0670,11.610498084291187,2.138933852598058,15.877164750957855,2.10328197497163,4.266986590038314,9.303055555555556,0.0008333333333333334,2.6392509713994277,435,345,1.2608695652173914,56,PC-4332,79.3103448275862,175,0,17.011494252873565,0,435,2010-01-04 09:53:54,2011-05-13 16:48:33
DTAA/THB0783,8.995072463768116,0.094767171331435,18.028937198067634,0.07352664081871944,9.03370692431562,9.324444444444444,8.762222222222222,0.11787312812017882,345,345,1.0,1,PC-0906,100.0,0,0,0.0,0,345,2010-01-04 08:51:16,2011-05-13 18:08:23
DTAA/THL0671,9.107985143918292,0.7137655070356099,15.893268337975856,0.7813003227941174,6.78504255648406,7.310555555555555,0.0022222222222222222,1.2721515835304147,359,345,1.0405797101449274,14,PC-3221,96.10027855153204,28,0,0.0,0,359,2010-01-04 09:06:56,2011-05-13 16:00:48
DTAA/THS0006,8.989516908212561,0.09736727427087706,16.03487922705314,0.07296458494181654,7.044808373590982,7.328055555555555,6.759166666666666,0.12141919458329692,345,345,1.0,1,PC-3234,100.0,0,0,0.0,0,345,2010-01-04 08:51:42,2011-05-13 15:57:12
DTAA/TIW0195,8.249468599033817,0.09664364733337892,16.289468599033817,0.07345660707431334,8.039823671497583,8.322777777777778,7.759722222222222,0.12534294577318633,345,345,1.0,1,PC-0513,100.0,0,0,0.0,0,345,2010-01-04 08:22:16,2011-05-13 16:16:13
DTAA/TJP0714,11.952204585537919,2.5618832794260995,14.842592592592593,2.066609503597039,3.208253968253968,12.894444444444444,0.10388888888888889,2.174502651794608,378,346,1.092485549132948,19,PC-2079,94.97354497354497,38,6,2.6455026455026456,1,377,2010-01-04 13:38:18,2011-05-13 15:21:03
DTAA/TKG0523,7.99463768115942,0.09773470622460022,19.036811594202902,0.07548815037537877,11.042079710144927,11.319444444444445,10.786388888888888,0.12204067128810579,345,345,1.0,1,PC-4393,100.0,0,0,48.40579710144928,0,345,2010-01-04 08:05:20,2011-05-13 18:59:49
DTAA/TKH0211,11.353690186536902,4.006950334538264,16.67169505271695,4.88211634637249,6.486458502297919,11.275277777777777,0.042222222222222223,2.7860370415189166,411,350,1.1742857142857144,14,PC-0719,96.35036496350365,30,26,30.900243309002434,5,406,2010-01-04 07:28:45,2011-05-14 04:59:02
DTAA/TLB0017,9.003802588996763,1.3383882669644813,14.993891585760519,1.4073186782807086,5.990307443365696,7.321944444444444,0.028055555555555556,2.398993502971528,412,345,1.1942028985507247,49,PC-0053,83.7378640776699,134,0,0.0,0,412,2010-01-04 08:22:00,2011-05-13 15:35:40
DTAA/TLB0831,7.992367149758454,0.09417653006118583,16.028067632850238,0.0731609270874403,8.036341384863123,8.325555555555555,7.782222222222222,0.11615980445855263,345,345,1.0,1,PC-3459,100.0,0,0,49.56521739130435,0,345,2010-01-04 08:01:13,2011-05-13 16:03:40
DTAA/TLV0936,7.232898550724639,0.09311212893117118,16.281400966183575,0.07617173790451741,9.048370370370371,9.305833333333334,8.776944444444444,0.11079736657884849,345,345,1.0,1,PC-1917,100.0,0,0,100.0,0,345,2010-01-04 07:23:00,2011-05-13 16:18:00
DTAA/TNB0740,9.0240790655885,1.169474618716382,16.540296495956877,1.058632554206381,7.516515423779575,8.32611111111111,0.02388888888888889,1.9365920561979055,371,345,1.0753623188405796,25,PC-2015,92.99191374663073,52,0,0.0,0,371,2010-01-04 08:49:09,2011-05-13 16:41:24
DTAA/TPC0102,11.696179039301311,3.0246717222604524,15.307023289665212,3.4261469114486505,4.134890223192625,10.445833333333333,0.011666666666666667,2.5705519063293125,458,352,1.3011363636363635,56,PC-1945,81.6593886462882,163,15,20.087336244541483,5,453,2010-01-04 07:51:41,2011-05-13 16:54:06
DTAA/TQC0249,7.1844748858447485,1.012116494423398,14.801415525114155,1.1551314771443502,7.617040334855403,8.314722222222223,0.06472222222222222,1.796281237405206,365,345,1.0579710144927537,21,PC-1513,94.52054794520548,40,0,96.16438356164385,0,365,2010-01-04 07:03:13,2011-05-13 15:02:57
DTAA/TRB0414,10.658237547892721,2.0962827558546864,15.71007662835249,2.378650614267385,5.051906768837804,10.321388888888889,0.009722222222222222,2.924896806709262,435,345,1.2608695652173914,63,PC-3114,79.3103448275862,175,0,18.160919540229887,0,435,2010-01-04 12:07:11,2011-05-13 16:53:39
DTAA/TRP0068,7.74695652173913,0.0929764410062128,16.789565217391303,0.0736680018545873,9.04226006441224,9.29888888888889,8.758055555555556,0.11743527826835258,345,345,1.0,1,PC-0666,100.0,0,0,100.0,0,345,2010-01-04 07:50:53,2011-05-13 16:43:06
DTAA/TRT0979,7.475983436853001,0.09351999044501898,15.536542443064182,0.07711183094733076,8.06101966873706,8.315277777777778,7.7652777777777775,0.12708194358832361,161,161,1.0,1,PC-1846,100.0,0,0,100.0,0,161,2010-01-04 07:27:55,2010-08-19 15:38:57
DTAA/TSC0431,7.987632850241547,0.09451204318977287,18.03207729468599,0.07265965546788428,10.044323671497585,10.302222222222222,9.77111111111111,0.12047772338850743,345,345,1.0,1,PC-0497,100.0,0,0,50.43478260869565,0,345,2010-01-04 07:58:20,2011-05-13 17:57:02
DTAA/TSM0130,11.734541062801933,2.0417072429929695,19.029855072463768,0.0726759532474748,7.295723832528181,11.303888888888888,4.9255555555555555,2.0469312944092666,345,345,1.0,1,PC-0633,100.0,0,0,10.72463768115942,0,345,2010-01-04 11:48:25,2011-05-13 19:03:12
DTAA/TTG0637,7.992995169082125,0.0958356840418407,19.032512077294683,0.0701843406019493,11.039908212560388,11.308055555555555,10.787777777777778,0.11730878564819125,345,345,1.0,1,PC-0410,100.0,0,0,45.507246376811594,0,345,2010-01-04 08:00:54,2011-05-13 19:03:57
DTAA/TUA0298,11.70168970814132,2.3112875198615734,16.642933947772658,2.632403046372716,4.996663466461854,10.255833333333333,0.03138888888888889,2.8614049641862893,434,346,1.254335260115607,53,PC-3426,80.87557603686636,163,5,16.589861751152075,1,433,2010-01-04 12:22:39,2011-05-13 17:43:40
DTAA/TXR0884,8.745797101449275,0.09760148791780979,18.784879227053143,0.07131919485633838,10.038450080515297,10.305,9.768888888888888,0.1194060579749006,345,345,1.0,1,PC-3310,100.0,0,0,0.0,0,345,2010-01-04 08:52:54,2011-05-13 18:49:48
DTAA/TZB0870,7.737149758454106,0.09603286501786602,14.785652173913045,0.07439094724658095,7.0483663446054745,7.313888888888889,6.7844444444444445,0.11744599445467485,345,345,1.0,1,PC-2534,100.0,0,0,100.0,0,345,2010-01-04 07:48:16,2011-05-13 14:45:28
DTAA/UAD0165,7.739855072463768,0.09729121085763572,18.78729468599034,0.07298382922890752,11.047106280193237,11.303333333333333,10.758333333333333,0.11654512931579185,345,345,1.0,1,PC-1441,100.0,0,0,100.0,0,345,2010-01-04 07:52:54,2011-05-13 18:41:45
DTAA/UBB0186,7.750241545893719,0.09280880926779857,17.784927536231883,0.07260297128330297,10.035294685990337,10.313333333333333,9.775277777777777,0.12067899581788526,345,345,1.0,1,PC-1740,100.0,0,0,100.0,0,345,2010-01-04 07:53:56,2011-05-13 17:54:03
DTAA/UBH0964,12.37743961352657,2.0040633903774134,18.535700483091787,0.07333443764424714,6.157872785829307,10.310277777777777,3.9633333333333334,2.0043380704419094,345,345,1.0,1,PC-4473,100.0,0,0,0.0,0,345,2010-01-04 12:24:04,2011-05-13 18:36:57
DTAA/UCM0106,9.487294685990339,0.09976761655672886,19.531884057971016,0.07065007817966296,10.04408615136876,10.30888888888889,9.78,0.11716063276037764,345,345,1.0,1,PC-4444,100.0,0,0,0.0,0,345,2010-01-04 09:22:23,2011-05-13 19:36:07
DTAA/UGW0223,7.4875,0.08664914849783878,16.528409090909093,0.0775579757688134,9.041635101010101,9.305555555555555,8.832777777777778,0.10945985895837769,44,44,1.0,1,PC-3346,100.0,0,0,100.0,0,44,2010-01-04 07:34:43,2010-03-04 16:37:56
DTAA/UJC0849,8.246086956521738,0.09690787288675326,18.28415458937198,0.07173200058986552,10.03845652173913,10.304444444444444,9.771944444444445,0.11766002782624717,345,345,1.0,1,PC-2481,100.0,0,0,0.0,0,345,2010-01-04 08:19:36,2011-05-13 18:20:31
DTAA/ULB0178,12.979745685740236,2.0683754456886874,18.0236148955495,1.098884879129557,5.04357629427793,9.309444444444445,0.10083333333333333,2.325532586255684,367,345,1.063768115942029,19,PC-1859,94.00544959128065,44,0,0.0,0,367,2010-01-04 15:04:22,2011-05-13 18:10:32
DTAA/UMB0449,11.639634703196348,2.088065655387771,15.799086757990866,1.1265468622327537,4.159420852359209,8.327777777777778,0.008611111111111111,2.1941406074127277,365,345,1.0579710144927537,21,PC-3960,94.52054794520548,40,0,9.58904109589041,0,365,2010-01-04 13:49:13,2011-05-13 16:02:28
DTAA/UMK0142,8.499227053140098,0.09564675961669172,17.53734299516908,0.0725428228475266,9.03798309178744,9.32,8.754722222222222,0.1254459194898535,345,345,1.0,1,PC-3542,100.0,0,0,0.0,0,345,2010-01-04 08:29:57,2011-05-13 17:32:19
DTAA/USB0641,7.499251497005988,0.09783409494080975,19.530389221556884,0.06881291124258454,12.031305721889554,12.30638888888889,11.766944444444444,0.11717647448770539,334,334,1.0,1,PC-1302,100.0,0,0,100.0,0,334,2010-01-04 07:39:35,2011-04-28 19:32:12
DTAA/VAH0262,13.318089430894307,2.3068467025156463,20.29577235772358,2.597020373237621,6.977568428184282,12.307222222222222,0.04805555555555555,3.385466038059586,410,345,1.1884057971014492,51,PC-1398,84.14634146341463,129,0,2.9268292682926833,0,410,2010-01-04 13:45:07,2011-05-13 21:22:43
DTAA/VAP0168,11.695748792270532,2.021352337577134,19.030338164251205,0.07294148509532972,7.334547504025767,11.310277777777777,4.9880555555555555,2.0174654179289075,345,345,1.0,1,PC-2033,100.0,0,0,10.434782608695652,0,345,2010-01-04 11:53:52,2011-05-13 18:59:46
DTAA/VBW0447,8.243864734299516,0.09644123538487061,17.283140096618354,0.0696402811063726,9.03930193236715,9.312222222222223,8.791666666666666,0.1180075580640988,345,345,1.0,1,PC-2662,100.0,0,0,0.0,0,345,2010-01-04 08:19:36,2011-05-13 17:19:20
DTAA/VCG0663,11.557890685142414,2.014496706579823,14.955581216320246,1.9385509965408612,3.3975481139337953,8.279444444444444,0.006388888888888889,2.313749333258374,433,345,1.2550724637681159,60,PC-2219,79.67667436489607,170,0,16.166281755196305,0,433,2010-01-04 12:10:24,2011-05-13 15:43:10
DTAA/VDP0070,9.241014492753623,0.09814050260662938,17.277971014492753,0.07111655051309247,8.03710305958132,8.304166666666667,7.7619444444444445,0.12086055348287003,345,345,1.0,1,PC-4791,100.0,0,0,0.0,0,345,2010-01-04 09:24:18,2011-05-13 17:20:24
DTAA/VFP0669,11.724118942731277,2.1110392059049388,16.527202643171808,2.5540513981848316,4.802912383749389,10.26,0.03666666666666667,2.9937019520794115,454,345,1.3159420289855073,67,PC-1717,75.99118942731278,208,0,14.757709251101323,0,454,2010-01-04 13:32:54,2011-05-13 17:49:12
DTAA/VFS0231,7.987198067632851,0.0966052049805291,17.035555555555554,0.07185406063184664,9.048727053140096,9.310277777777777,8.7625,0.1239432740398763,345,345,1.0,1,PC-1112,100.0,0,0,53.04347826086957,0,345,2010-01-04 08:01:17,2011-05-13 17:05:36
DTAA/VFT0014,8.494251207729468,0.09855199059768321,18.533478260869565,0.07113747922477291,10.038840579710145,10.3175,9.752777777777778,0.12007300508342184,345,345,1.0,1,PC-1870,100.0,0,0,0.0,0,345,2010-01-04 08:27:23,2011-05-13 18:28:40
DTAA/VIR0488,7.996183574879227,0.09211005410883467,17.035942028985506,0.07081080253892871,9.040252818035428,9.325277777777778,8.785,0.11627364376029815,345,345,1.0,1,PC-0198,100.0,0,0,46.666666666666664,0,345,2010-01-04 07:54:11,2011-05-13 16:59:17
DTAA/VJD0704,8.73840579710145,0.0967204620021715,16.784347826086957,0.07204404056962349,8.046184380032205,8.315277777777778,7.759444444444444,0.12332477523906138,345,345,1.0,1,PC-0639,100.0,0,0,0.0,0,345,2010-01-04 08:51:21,2011-05-13 16:49:53
DTAA/VKB0605,8.242850241545892,0.09696837999624024,16.287246376811595,0.07010272206832331,8.04424074074074,8.316666666666666,7.760277777777778,0.1149929483237054,345,345,1.0,1,PC-2644,100.0,0,0,0.0,0,345,2010-01-04 08:06:15,2011-05-13 16:24:31
DTAA/VMA0051,12.643230625583566,1.9764930406489156,17.629645191409896,0.9393995604542896,4.986586523498288,9.269166666666667,0.034166666666666665,2.108716025134089,357,345,1.0347826086956522,12,PC-1950,96.63865546218487,24,0,0.0,0,357,2010-01-04 13:53:21,2011-05-13 17:47:48
DTAA/VMF0423,8.479918699186992,0.09688359647676927,17.531219512195122,0.07269237154629422,9.05119918699187,9.318888888888889,8.78138888888889,0.1263301121294353,205,205,1.0,1,PC-4970,100.0,0,0,0.0,0,205,2010-01-04 08:35:04,2010-10-21 17:27:11
DTAA/VMM0309,8.920643528561097,1.919296833156086,15.056941431670282,2.0007115332590844,6.1364220294046765,8.303888888888888,0.010555555555555556,3.273264446022457,461,345,1.336231884057971,69,PC-0574,74.83731019522777,231,0,36.22559652928417,0,461,2010-01-04 07:50:08,2011-05-13 16:08:00
DTAA/VNM0127,8.671180555555555,2.570170970447118,18.333723958333334,4.4491475071164075,10.162297453703703,11.301944444444445,0.025,2.7051324049248544,384,350,1.0971428571428572,1,PC-3456,100.0,0,24,10.15625,5,379,2010-01-04 08:37:54,2011-05-13 19:44:23
DTAA/VUF0522,11.638695652173913,2.1147666056364285,18.033961352657006,0.07213806422982588,6.395438003220612,10.282222222222222,3.785833333333333,2.1151453577466235,345,345,1.0,1,PC-3818,100.0,0,0,12.46376811594203,0,345,2010-01-04 07:53:58,2011-05-13 18:08:08
DTAA/WAB0970,8.741545893719806,0.09963690494126262,17.785797101449276,0.07390163029707944,9.044588566827697,9.3225,8.761388888888888,0.1292058251466781,345,345,1.0,1,PC-4718,100.0,0,0,0.0,0,345,2010-01-04 08:40:53,2011-05-13 17:47:33
DTAA/WAH0813,7.989275362318841,0.09651195445698113,18.033913043478265,0.07289012589341642,10.045236714975845,10.323888888888888,9.751944444444444,0.11967951998851399,345,345,1.0,1,PC-1147,100.0,0,0,51.30434782608696,0,345,2010-01-04 08:01:18,2011-05-13 18:08:30
DTAA/WBW0591,7.739565217391305,0.09286029253008009,18.783816425120772,0.07222308642418482,11.04387922705314,11.304722222222223,10.777222222222223,0.11135585285512078,345,345,1.0,1,PC-0249,100.0,0,0,100.0,0,345,2010-01-04 07:52:45,2011-05-13 18:50:54
DTAA/WCB0440,7.988792270531401,0.095014569490862,16.03144927536232,0.07197041781407512,8.042705314009662,8.316944444444445,7.765833333333333,0.12216949300984321,345,345,1.0,1,PC-3022,100.0,0,0,52.17391304347826,0,345,2010-01-04 08:06:12,2011-05-13 15:58:58
DTAA/WCM0391,8.243526570048308,0.09802619893497462,19.284057971014494,0.07191292997652937,11.040425120772946,11.308055555555555,10.782777777777778,0.12438551584493424,345,345,1.0,1,PC-2110,100.0,0,0,0.0,0,345,2010-01-04 08:07:26,2011-05-13 19:24:00
DTAA/WCN0570,7.507322551662174,1.9082162687735293,17.832165318957774,3.0356023314884513,10.389788110212638,11.3075,0.03388888888888889,2.435952794425225,371,349,1.0630372492836677,8,PC-3651,98.11320754716981,14,16,98.11320754716981,4,367,2010-01-04 07:21:55,2011-05-13 18:32:06
DTAA/WDW0064,8.239806763285024,0.09579310591149826,17.29024154589372,0.06939503916084737,9.050565217391304,9.316944444444445,8.770833333333334,0.12037566992113288,345,345,1.0,1,PC-0702,100.0,0,0,0.0,0,345,2010-01-04 08:14:44,2011-05-13 17:16:43
DTAA/WDW0198,8.483526570048308,0.10032229081429697,16.53792270531401,0.07103448740526472,8.053872785829308,8.315833333333334,7.756388888888889,0.12038334604717266,345,345,1.0,1,PC-2106,100.0,0,0,0.0,0,345,2010-01-04 08:26:48,2011-05-13 16:34:45
DTAA/WDW0485,11.859500805152978,2.0751057015774608,15.5805152979066,1.7960715816319746,3.7208064949006983,8.279722222222222,0.011944444444444445,2.3917692776486876,414,345,1.2,50,PC-3096,83.33333333333334,134,0,0.0,0,414,2010-01-04 08:20:42,2011-05-13 16:10:08
DTAA/WFH0909,7.488792270531401,0.09287430555642444,17.53521739130435,0.07277375976339248,10.04595652173913,10.313611111111111,9.787222222222223,0.11667030912455821,345,345,1.0,1,PC-1631,100.0,0,0,100.0,0,345,2010-01-04 07:26:42,2011-05-13 17:33:00
DTAA/WFL0495,11.520348837209303,2.2527506847366587,17.053197674418602,1.7103983233837479,5.533428617571059,10.243333333333334,0.050833333333333335,2.67963767566914,172,151,1.1390728476821192,22,PC-2899,87.79069767441861,42,0,18.023255813953487,0,172,2010-01-04 07:23:34,2010-08-05 17:27:45
DTAA/WGL0515,7.4976811594202895,0.0980235963191738,17.529516908212557,0.07382209252261947,10.031724637681158,10.324444444444444,9.762222222222222,0.12382941065479963,345,345,1.0,1,PC-0417,100.0,0,0,100.0,0,345,2010-01-04 07:33:41,2011-05-13 17:29:25
DTAA/WJG0153,13.120579710144929,1.9671864012792033,17.27961352657005,0.0719772794503132,4.159219001610306,8.309166666666666,1.9202777777777778,1.9738681168294965,345,345,1.0,1,PC-3249,100.0,0,0,0.0,0,345,2010-01-04 13:24:02,2011-05-13 17:18:03
DTAA/WJR0592,7.98584541062802,0.09852006609232657,16.036086956521743,0.07090217020359689,8.05043236714976,8.305,7.771111111111111,0.12372179083411472,345,345,1.0,1,PC-3947,100.0,0,0,51.59420289855072,0,345,2010-01-04 08:05:30,2011-05-13 16:07:35
DTAA/WKH0407,12.864251207729467,2.1190135987769567,19.279082125603864,0.0758434145653816,6.415462157809984,10.305,3.888888888888889,2.1142496538044546,345,345,1.0,1,PC-3822,100.0,0,0,0.0,0,345,2010-01-04 13:50:50,2011-05-13 19:11:30
DTAA/WLB0169,11.68743961352657,2.0760205099955855,17.02975845410628,0.07249324757065084,5.342227858293075,9.285277777777777,2.8855555555555554,2.085572110874373,345,345,1.0,1,PC-0986,100.0,0,0,10.144927536231885,0,345,2010-01-04 13:37:32,2011-05-13 17:06:46
DTAA/WMJ0364,11.89463768115942,1.9815434090887676,16.029468599033816,0.07133287869431897,4.13489694041868,8.2975,1.783611111111111,1.991282380385956,345,345,1.0,1,PC-4532,100.0,0,0,10.434782608695652,0,345,2010-01-04 12:08:34,2011-05-13 16:03:49
DTAA/WNS0816,12.661787439613525,1.896518091661506,17.781932367149757,0.07209356762294264,5.120161030595813,9.32,2.8647222222222224,1.8984514841376006,345,345,1.0,1,PC-1040,100.0,0,0,0.0,0,345,2010-01-04 12:37:30,2011-05-13 17:44:31
DTAA/WOT0549,11.589431818181819,3.3373499043556984,14.133295454545454,3.5387487866509524,3.689286616161616,12.28138888888889,0.0011111111111111111,2.3138329907580846,440,345,1.2753623188405796,47,PC-0304,87.5,108,15,22.954545454545457,0,440,2010-01-04 13:11:59,2011-05-13 15:34:25
DTAA/WPH0764,8.991884057971014,0.09766405772911295,18.032028985507246,0.07212897889665784,9.04038003220612,9.310555555555556,8.761666666666667,0.12020582242602941,345,345,1.0,1,PC-2350,100.0,0,0,0.0,0,345,2010-01-04 08:53:03,2011-05-13 18:01:16
DTAA/WSL0470,12.073574879227053,1.9412660796175192,16.27690821256039,0.07227906468267063,4.203458132045089,8.3125,1.9097222222222223,1.9396417610646437,345,345,1.0,1,PC-4692,100.0,0,0,0.0,0,345,2010-01-04 08:16:14,2011-05-13 16:18:12
DTAA/WTA0867,8.025396825396827,2.8432533323677904,15.021252204585537,3.122262713480704,7.6301859200470314,10.847777777777777,0.057777777777777775,1.6180329591831508,378,352,1.0738636363636365,1,PC-1522,100.0,0,18,100.0,7,371,2010-01-04 07:51:26,2011-05-13 15:53:50
DTAA/WWC0894,8.990144927536232,0.09600117553955773,18.031739130434783,0.07400199185384969,9.041471819645734,9.314166666666667,8.769722222222223,0.12312725053112836,345,345,1.0,1,PC-3980,100.0,0,0,0.0,0,345,2010-01-04 09:08:20,2011-05-13 17:58:29
DTAA/XCB0445,8.433947583947583,2.4178724763662336,16.834889434889433,2.8291198811989506,8.637034534534534,10.727222222222222,0.009166666666666667,3.3984927632612663,407,346,1.176300578034682,50,PC-2710,87.46928746928747,100,6,87.96068796068795,1,406,2010-01-04 07:47:39,2011-05-13 17:50:26
DTAA/XGB0052,8.240531400966184,0.09990567772003532,18.281062801932368,0.06996790689563546,10.040742351046699,10.322777777777778,9.761111111111111,0.12800135968398163,345,345,1.0,1,PC-1700,100.0,0,0,0.0,0,345,2010-01-04 08:16:13,2011-05-13 18:23:23
DTAA/XHN0227,6.735072463768117,0.09256188776743432,16.783091787439613,0.07394241168412928,10.0476038647343,10.29861111111111,9.771944444444445,0.11892458376808276,345,345,1.0,1,PC-0440,100.0,0,0,100.0,0,345,2010-01-04 06:46:56,2011-05-13 16:43:02
DTAA/XIN0791,8.049861111111111,1.8823885632443471,18.459027777777777,2.8849301849313784,10.675672839506174,11.315833333333334,0.11222222222222222,1.7804770125650013,360,349,1.0315186246418337,1,PC-2332,100.0,0,10,52.77777777777778,4,356,2010-01-04 08:06:29,2011-05-13 19:03:33
DTAA/XKR0971,7.992415458937199,0.10147313524449342,19.03159420289855,0.0702538050493968,11.039065217391304,11.323055555555555,10.759722222222223,0.12407103668042442,345,345,1.0,1,PC-1355,100.0,0,0,48.98550724637681,0,345,2010-01-04 07:54:43,2011-05-13 18:59:33
DTAA/XQW0354,12.840972222222222,1.9691506541624355,16.19849537037037,1.894770601513016,3.3577231224279833,8.311944444444444,0.008333333333333333,2.2632809348486993,432,345,1.2521739130434784,69,PC-4067,79.86111111111111,168,0,0.0,0,432,2010-01-04 08:56:20,2011-05-13 16:57:45
DTAA/XRP0435,8.982512077294686,0.09389539680782777,19.03951690821256,0.07171144121953305,10.056652979066023,10.303333333333333,9.76388888888889,0.11863834544346968,345,345,1.0,1,PC-0431,100.0,0,0,0.0,0,345,2010-01-04 08:50:40,2011-05-13 18:56:57
DTAA/XXD0650,7.486473429951691,0.09605742935601995,17.52111111111111,0.07254524264785027,10.035148953301126,10.317222222222222,9.773888888888889,0.11197037921182518,345,345,1.0,1,PC-3137,100.0,0,0,100.0,0,345,2010-01-04 07:24:13,2011-05-13 17:27:56
DTAA/YCB0005,11.55096618357488,1.9578270912092222,16.78193236714976,0.06931840038646805,5.230615136876007,9.258611111111112,2.9466666666666668,1.9548800335120566,345,345,1.0,1,PC-3392,100.0,0,0,18.84057971014493,0,345,2010-01-04 13:23:32,2011-05-13 16:53:40
DTAA/YCB0967,7.73768115942029,0.09807795037659085,17.780193236714975,0.07176909045198963,10.042625603864735,10.331944444444444,9.758888888888889,0.12557479052634257,345,345,1.0,1,PC-0799,100.0,0,0,100.0,0,345,2010-01-04 07:39:52,2011-05-13 17:52:30
DTAA/YCD0922,6.982608695652174,0.10015470843570085,17.036328502415458,0.07196069333228457,10.053849436392914,10.318055555555556,9.771666666666667,0.12127131488353328,345,345,1.0,1,PC-1763,100.0,0,0,100.0,0,345,2010-01-04 07:02:27,2011-05-13 16:59:39
DTAA/YCS0667,7.989516908212561,0.09745017172761287,15.037246376811595,0.07117724655336385,7.047450080515299,7.310277777777777,6.765833333333333,0.1212567824396751,345,345,1.0,1,PC-2615,100.0,0,0,50.72463768115942,0,345,2010-01-04 08:04:50,2011-05-13 15:07:35
DTAA/YCV0635,7.993140096618357,0.09489366423668419,17.035024154589372,0.07335320200452809,9.04163043478261,9.321666666666667,8.758888888888889,0.11699124777165419,345,345,1.0,1,PC-4928,100.0,0,0,51.8840579710145,0,345,2010-01-04 08:07:43,2011-05-13 17:01:39
DTAA/YJJ0129,8.106225831399845,2.097013820372928,16.248453209590103,2.3862231474379914,8.141330239752513,10.321111111111112,0.0025,3.8195989778882975,431,345,1.2492753623188406,59,PC-0075,80.04640371229699,172,0,82.13457076566125,0,431,2010-01-04 07:07:16,2011-05-13 17:10:29
DTAA/YLO0362,8.490579710144928,0.0966525593183334,18.535942028985506,0.0739894659666941,10.045012882447665,10.315277777777778,9.78,0.1206850601107418,345,345,1.0,1,PC-2343,100.0,0,0,0.0,0,345,2010-01-04 08:29:16,2011-05-13 18:36:41
DTAA/YQW0689,10.958454106280193,2.128573603138872,16.239694041867956,2.0707248325270187,5.281013150831991,10.281666666666666,0.010833333333333334,2.7941974971566212,414,345,1.2,52,PC-1761,83.33333333333334,133,0,17.391304347826086,0,414,2010-01-04 07:05:32,2011-05-13 17:08:09
DTAA/YSH0268,7.9956038647343,0.09100801557966805,18.033043478260872,0.07263661976236346,10.037729468599034,10.310555555555556,9.777222222222223,0.12024910700211074,345,345,1.0,1,PC-2544,100.0,0,0,46.95652173913044,0,345,2010-01-04 08:02:10,2011-05-13 18:09:58
DTAA/YVF0045,11.592487235594456,2.1151029619994017,15.843946024799415,2.3674286443247192,4.251159737417944,9.247777777777777,0.011944444444444445,2.800867090347401,457,345,1.3246376811594203,67,PC-3949,75.49234135667396,217,0,8.971553610503284,0,457,2010-01-04 13:03:31,2011-05-13 16:56:04
DTAA/ZAB0889,11.86186224489796,3.6808093934052057,16.65174319727891,4.292529272246574,5.830809948979591,10.301944444444445,0.01861111111111111,2.317921741636941,392,351,1.1168091168091168,1,PC-2844,100.0,0,23,21.428571428571427,6,386,2010-01-04 07:58:05,2011-05-13 18:08:01
DTAA/ZBH0980,8.244492753623188,0.09473515729699686,17.2924154589372,0.07303384064383846,9.047602254428341,9.296666666666667,8.78888888888889,0.11708330675144317,345,345,1.0,1,PC-0111,100.0,0,0,0.0,0,345,2010-01-04 08:13:10,2011-05-13 17:22:58
DTAA/ZBM0626,6.986038647342995,0.096778329256445,16.03454106280193,0.07459618033760301,9.048276167471819,9.31861111111111,8.783333333333333,0.1260155402200746,345,345,1.0,1,PC-2382,100.0,0,0,100.0,0,345,2010-01-04 07:03:52,2011-05-13 15:59:32
DTAA/ZCA0652,12.398695652173913,1.9274999051025445,16.534782608695654,0.07116254608568423,4.13583574879227,8.280833333333334,1.801388888888889,1.928365058366056,345,345,1.0,1,PC-4944,100.0,0,0,0.0,0,345,2010-01-04 12:42:47,2011-05-13 16:38:34
DTAA/ZCH0336,7.746473429951691,0.09934196293671592,16.783091787439613,0.07174756305133159,9.03614734299517,9.313055555555556,8.773333333333333,0.12373568644476644,345,345,1.0,1,PC-2554,100.0,0,0,100.0,0,345,2010-01-04 07:46:14,2011-05-13 16:45:17
DTAA/ZGH0528,12.614106280193237,1.9398069865330503,17.783091787439613,0.06957632685465055,5.1691239935587765,9.225555555555555,2.9055555555555554,1.9417687260189695,345,345,1.0,1,PC-4270,100.0,0,0,0.0,0,345,2010-01-04 13:32:01,2011-05-13 17:40:33
DTAA/ZKE0662,11.363623188405798,2.006406787616497,19.530289855072464,0.07505110044355767,8.166980676328503,12.29,5.873888888888889,2.003419275535964,345,345,1.0,1,PC-0434,100.0,0,0,19.130434782608695,0,345,2010-01-04 12:10:01,2011-05-13 19:26:37
DTAA/ZKH0388,10.759778911564627,2.0710389239142772,17.122321428571432,1.9989283636163988,6.362456065759637,11.280833333333334,0.035555555555555556,2.8376526856118267,392,345,1.136231884057971,44,PC-1021,88.01020408163265,91,0,17.091836734693878,0,392,2010-01-04 12:27:47,2011-05-13 17:43:29
DTAA/ZKN0548,8.486521739130435,0.09372845968322208,18.531014492753624,0.07532938940554691,10.04402576489533,10.292777777777777,9.7575,0.11356863990259425,345,345,1.0,1,PC-3415,100.0,0,0,0.0,0,345,2010-01-04 08:21:52,2011-05-13 18:26:55
DTAA/ZRR0705,9.25328502415459,0.09633378388622009,18.28270531400966,0.0698750161494501,9.029675523349436,9.311388888888889,8.758333333333333,0.11758901606702625,345,345,1.0,1,PC-3176,100.0,0,0,0.0,0,345,2010-01-04 09:24:32,2011-05-13 18:22:18
