id,date,user,employee_id,to,external_flag,size_kb,has_attachment,off_hours_flag
E000001,2026-01-21 23:06:29,farah.iyer1,EMP0001,farah.chatterjee33@company-intranet.local,0,444,0,0
E000002,2026-02-05 14:33:57,farah.iyer1,EMP0001,farah.iyer1@company-intranet.local,0,10,0,0
E000003,2026-01-14 15:51:01,farah.iyer1,EMP0001,rahul.gupta38@company-intranet.local,0,59,0,0
E000004,2026-01-27 07:08:53,farah.iyer1,EMP0001,divya.kapoor39@company-intranet.local,0,273,0,0
E000005,2026-01-16 14:21:30,farah.iyer1,EMP0001,isha.saxena41@company-intranet.local,0,364,0,0
E000006,2026-01-17 14:52:38,farah.iyer1,EMP0001,deepak.gupta8@company-intranet.local,0,496,1,0
E000007,2026-01-27 17:56:39,farah.iyer1,EMP0001,karthik.rao44@company-intranet.local,0,114,0,0
E000008,2026-01-24 13:22:08,farah.iyer1,EMP0001,manoj.mehta57@company-intranet.local,0,34,0,0
E000009,2026-01-20 13:51:07,farah.iyer1,EMP0001,rajesh.iyer56@company-intranet.local,0,274,1,0
E000010,2026-02-06 09:34:18,farah.iyer1,EMP0001,tanya.khan15@company-intranet.local,0,123,0,0
E000011,2026-02-03 11:53:01,farah.iyer1,EMP0001,rahul.gupta38@company-intranet.local,0,76,0,0
E000012,2026-01-13 08:46:10,farah.iyer1,EMP0001,meera.reddy14@company-intranet.local,0,315,1,0
E000013,2026-02-02 08:15:28,farah.iyer1,EMP0001,meera.das18@company-intranet.local,0,176,0,0
E000014,2026-01-27 07:16:59,farah.iyer1,EMP0001,yusuf.naidu3@company-intranet.local,0,361,1,0
E000015,2026-01-19 07:34:26,farah.iyer1,EMP0001,manoj.menon48@company-intranet.local,0,26,0,0
E000016,2026-02-10 02:50:21,farah.iyer1,EMP0001,kiran.joshi16@company-intranet.local,0,257,0,0
E000017,2026-01-28 11:50:47,farah.iyer1,EMP0001,yusuf.naidu3@company-intranet.local,0,270,1,0
E000018,2026-01-07 07:08:27,farah.iyer1,EMP0001,rohan.chatterjee50@company-intranet.local,0,438,0,0
E000019,2026-01-03 18:55:03,farah.iyer1,EMP0001,arjun.mehta34@company-intranet.local,0,458,0,0
E000020,2026-01-24 10:56:38,farah.iyer1,EMP0001,lakshmi.naidu6@company-intranet.local,0,423,0,0
E000021,2026-01-25 08:29:04,farah.iyer1,EMP0001,divya.verma21@company-intranet.local,0,486,1,0
E000022,2026-01-14 07:11:49,farah.iyer1,EMP0001,meera.reddy14@company-intranet.local,0,135,0,0
E000023,2026-01-23 05:27:32,farah.iyer1,EMP0001,varun.iyer36@company-intranet.local,0,98,0,0
E000024,2026-02-06 07:40:54,farah.iyer1,EMP0001,isha.naidu32@company-intranet.local,0,222,1,0
E000025,2026-02-11 17:39:13,farah.iyer1,EMP0001,arjun.mehta34@company-intranet.local,0,430,0,0
E000026,2026-01-19 15:02:07,farah.iyer1,EMP0001,kiran.joshi16@company-intranet.local,0,160,1,0
E000027,2026-01-01 15:28:49,farah.iyer1,EMP0001,manoj.khan13@company-intranet.local,0,180,0,0
E000028,2026-01-16 11:42:58,farah.iyer1,EMP0001,varun.iyer36@company-intranet.local,0,382,1,0
E000029,2026-01-09 11:13:14,farah.iyer1,EMP0001,sameer.reddy42@company-intranet.local,0,196,1,0
E000030,2026-01-08 05:42:23,farah.iyer1,EMP0001,deepak.bose29@company-intranet.local,0,358,1,0
E000031,2026-01-02 13:03:32,farah.iyer1,EMP0001,farah.kapoor24@company-intranet.local,0,294,1,0
E000032,2026-01-05 15:18:36,farah.iyer1,EMP0001,neha.naidu12@company-intranet.local,0,483,0,0
E000033,2026-01-29 23:37:51,farah.iyer1,EMP0001,rahul.bhatt11@company-intranet.local,0,211,1,0
E000034,2026-02-06 13:40:26,farah.iyer1,EMP0001,rohan.chatterjee50@company-intranet.local,0,324,1,0
E000035,2026-01-25 16:42:18,farah.iyer1,EMP0001,karthik.bose54@company-intranet.local,0,287,1,0
E000036,2026-02-08 15:47:46,farah.iyer1,EMP0001,karthik.rao44@company-intranet.local,0,352,0,0
E000037,2026-01-06 17:18:09,farah.iyer1,EMP0001,yusuf.das35@company-intranet.local,0,406,0,0
E000038,2026-02-07 10:36:15,farah.iyer1,EMP0001,sneha.joshi10@company-intranet.local,0,174,1,0
E000039,2026-01-07 09:49:32,farah.iyer1,EMP0001,manoj.mehta57@company-intranet.local,0,163,1,0
E000040,2026-01-13 19:56:12,vikram.menon2,EMP0002,swati.das7@company-intranet.local,0,99,0,0
E000041,2026-01-19 15:49:27,vikram.menon2,EMP0002,swati.bose26@company-intranet.local,0,293,1,0
E000042,2026-01-04 11:44:01,vikram.menon2,EMP0002,varun.iyer36@company-intranet.local,0,247,0,0
E000043,2026-01-26 13:29:48,vikram.menon2,EMP0002,vikram.nair27@company-intranet.local,0,461,0,0
E000044,2026-02-11 11:47:13,vikram.menon2,EMP0002,neha.joshi20@company-intranet.local,0,292,1,0
E000045,2026-01-15 12:14:20,vikram.menon2,EMP0002,nikhil.kapoor43@company-intranet.local,0,344,1,0
E000046,2026-01-24 14:57:33,vikram.menon2,EMP0002,anjali.nair9@company-intranet.local,0,341,1,0
E000047,2026-01-02 16:18:52,vikram.menon2,EMP0002,farah.iyer1@company-intranet.local,0,464,0,0
E000048,2026-01-27 16:07:09,vikram.menon2,EMP0002,anjali.mehta58@company-intranet.local,0,360,1,0
E000049,2026-02-09 11:01:35,vikram.menon2,EMP0002,swati.kapoor52@company-intranet.local,0,439,0,0
E000050,2026-01-26 13:22:34,vikram.menon2,EMP0002,karthik.rao44@company-intranet.local,0,80,0,0
E000051,2026-02-12 09:50:35,vikram.menon2,EMP0002,vikram.naidu25@company-intranet.local,0,298,0,0
E000052,2026-01-23 11:04:59,vikram.menon2,EMP0002,karthik.bose54@company-intranet.local,0,115,0,0
E000053,2026-02-05 11:27:06,vikram.menon2,EMP0002,karthik.rao44@company-intranet.local,0,430,1,0
E000054,2026-01-10 15:51:33,vikram.menon2,EMP0002,divya.verma21@company-intranet.local,0,297,0,0
E000055,2026-01-08 09:12:49,vikram.menon2,EMP0002,meera.das18@company-intranet.local,0,209,1,0
E000056,2026-01-10 09:50:49,vikram.menon2,EMP0002,neha.joshi20@company-intranet.local,0,440,1,0
E000057,2026-01-18 13:02:54,vikram.menon2,EMP0002,vikram.menon2@company-intranet.local,0,431,0,0
E000058,2026-01-31 15:00:00,vikram.menon2,EMP0002,nikhil.kapoor43@company-intranet.local,0,441,1,0
E000059,2026-01-28 13:58:56,vikram.menon2,EMP0002,vikram.naidu25@company-intranet.local,0,37,0,0
E000060,2026-01-08 16:48:24,vikram.menon2,EMP0002,farah.chatterjee33@company-intranet.local,0,108,0,0
E000061,2026-01-06 14:52:39,vikram.menon2,EMP0002,divya.joshi22@company-intranet.local,0,426,0,0
E000062,2026-01-04 19:24:33,vikram.menon2,EMP0002,rohan.sharma4@company-intranet.local,0,318,1,0
E000063,2026-01-18 07:40:38,vikram.menon2,EMP0002,ritu.bhatt5@company-intranet.local,0,444,1,0
E000064,2026-01-21 05:26:49,vikram.menon2,EMP0002,neha.naidu12@company-intranet.local,0,446,1,0
E000065,2026-02-03 08:37:28,vikram.menon2,EMP0002,sameer.reddy42@company-intranet.local,0,215,1,0
E000066,2026-01-10 05:23:14,vikram.menon2,EMP0002,isha.saxena41@company-intranet.local,0,148,0,0
E000067,2026-01-02 17:28:28,vikram.menon2,EMP0002,divya.kapoor39@company-intranet.local,0,149,0,0
E000068,2026-01-11 06:28:56,vikram.menon2,EMP0002,anjali.nair9@company-intranet.local,0,376,0,0
E000069,2026-01-27 14:38:08,vikram.menon2,EMP0002,varun.saxena23@company-intranet.local,0,14,1,0
E000070,2026-01-06 15:31:46,vikram.menon2,EMP0002,isha.saxena41@company-intranet.local,0,427,0,0
E000071,2026-01-25 17:10:36,vikram.menon2,EMP0002,suresh.joshi45@company-intranet.local,0,482,1,0
E000072,2026-01-05 15:16:01,vikram.menon2,EMP0002,swati.bose26@company-intranet.local,0,484,1,0
E000073,2026-02-13 12:04:12,vikram.menon2,EMP0002,manoj.khan13@company-intranet.local,0,108,0,0
E000074,2026-01-06 18:59:20,yusuf.naidu3,EMP0003,varun.saxena23@company-intranet.local,0,371,0,0
E000075,2026-01-13 10:25:06,yusuf.naidu3,EMP0003,pooja.bhatt30@company-intranet.local,0,283,0,0
E000076,2026-01-30 01:54:57,yusuf.naidu3,EMP0003,deepak.naidu59@company-intranet.local,0,89,1,0
E000077,2026-01-07 07:10:00,yusuf.naidu3,EMP0003,vikram.naidu25@company-intranet.local,0,62,0,0
E000078,2026-01-28 09:32:42,yusuf.naidu3,EMP0003,divya.verma21@company-intranet.local,0,72,0,0
E000079,2026-02-01 12:22:24,yusuf.naidu3,EMP0003,deepak.gupta8@company-intranet.local,0,102,0,0
E000080,2026-01-29 06:42:34,yusuf.naidu3,EMP0003,farah.gupta19@company-intranet.local,0,162,0,0
E000081,2026-02-07 05:10:55,yusuf.naidu3,EMP0003,rahul.gupta38@company-intranet.local,0,170,0,0
E000082,2026-01-10 16:18:32,yusuf.naidu3,EMP0003,yusuf.naidu3@company-intranet.local,0,423,0,0
E000083,2026-01-28 09:03:15,yusuf.naidu3,EMP0003,deepak.bose29@company-intranet.local,0,109,1,0
E000084,2026-01-17 16:25:30,yusuf.naidu3,EMP0003,yusuf.das35@company-intranet.local,0,60,0,0
E000085,2026-01-30 15:31:42,yusuf.naidu3,EMP0003,farah.chatterjee33@company-intranet.local,0,92,0,0
E000086,2026-01-05 01:10:40,yusuf.naidu3,EMP0003,lakshmi.naidu6@company-intranet.local,0,454,0,0
E000087,2026-02-07 12:11:06,yusuf.naidu3,EMP0003,isha.saxena41@company-intranet.local,0,104,0,0
E000088,2026-02-03 18:26:10,yusuf.naidu3,EMP0003,farah.pillai37@company-intranet.local,0,284,0,0
E000089,2026-02-01 15:43:38,yusuf.naidu3,EMP0003,deepak.bose29@company-intranet.local,0,124,0,0
E000090,2026-01-15 16:34:15,yusuf.naidu3,EMP0003,manoj.mehta57@company-intranet.local,0,63,1,0
E000091,2026-01-12 12:20:26,yusuf.naidu3,EMP0003,vikram.menon2@company-intranet.local,0,178,0,0
E000092,2026-02-06 15:47:01,yusuf.naidu3,EMP0003,isha.naidu32@company-intranet.local,0,407,1,0
E000093,2026-02-07 12:40:27,yusuf.naidu3,EMP0003,swati.bose26@company-intranet.local,0,353,0,0
E000094,2026-01-30 11:03:25,yusuf.naidu3,EMP0003,rajesh.iyer56@company-intranet.local,0,485,0,0
E000095,2026-01-16 17:33:49,yusuf.naidu3,EMP0003,swati.kapoor52@company-intranet.local,0,80,0,0
E000096,2026-01-01 10:09:05,rohan.sharma4,EMP0004,nikhil.kapoor43@company-intranet.local,0,435,0,0
E000097,2026-01-12 08:22:20,rohan.sharma4,EMP0004,karthik.rao44@company-intranet.local,0,86,0,0
E000098,2026-01-26 14:42:23,rohan.sharma4,EMP0004,farah.iyer1@company-intranet.local,0,402,0,0
E000099,2026-02-04 22:59:06,rohan.sharma4,EMP0004,karthik.rao44@company-intranet.local,0,140,0,0
E000100,2026-02-06 08:04:33,rohan.sharma4,EMP0004,sameer.reddy42@company-intranet.local,0,399,0,0
E000101,2026-01-05 22:08:20,rohan.sharma4,EMP0004,farah.pillai37@company-intranet.local,0,208,0,0
E000102,2026-02-08 19:35:37,rohan.sharma4,EMP0004,yusuf.das35@company-intranet.local,0,400,1,0
E000103,2026-01-18 09:39:38,rohan.sharma4,EMP0004,yusuf.das35@company-intranet.local,0,152,1,0
E000104,2026-01-02 19:08:57,rohan.sharma4,EMP0004,deepak.naidu59@company-intranet.local,0,24,0,0
E000105,2026-01-03 19:44:46,rohan.sharma4,EMP0004,tanya.khan15@company-intranet.local,0,344,1,0
E000106,2026-01-28 21:38:45,rohan.sharma4,EMP0004,suresh.joshi45@company-intranet.local,0,133,1,0
E000107,2026-01-19 14:19:56,rohan.sharma4,EMP0004,divya.kapoor39@company-intranet.local,0,177,1,0
E000108,2026-02-09 12:40:04,rohan.sharma4,EMP0004,sameer.reddy42@company-intranet.local,0,48,0,0
E000109,2026-01-23 11:34:32,rohan.sharma4,EMP0004,pooja.bhatt30@company-intranet.local,0,497,0,0
E000110,2026-02-14 14:05:22,rohan.sharma4,EMP0004,manoj.sharma60@company-intranet.local,0,96,0,0
E000111,2026-02-04 10:24:30,rohan.sharma4,EMP0004,manoj.khan13@company-intranet.local,0,281,1,0
E000112,2026-01-12 02:39:28,rohan.sharma4,EMP0004,meera.das18@company-intranet.local,0,199,0,0
E000113,2026-02-09 06:40:42,rohan.sharma4,EMP0004,pooja.bhatt30@company-intranet.local,0,258,1,0
E000114,2026-02-04 12:34:09,rohan.sharma4,EMP0004,rohan.joshi55@company-intranet.local,0,324,1,0
E000115,2026-01-28 12:45:54,rohan.sharma4,EMP0004,sneha.joshi10@company-intranet.local,0,433,0,0
E000116,2026-01-21 12:12:31,rohan.sharma4,EMP0004,manoj.menon48@company-intranet.local,0,24,1,0
E000117,2026-02-04 10:33:00,rohan.sharma4,EMP0004,swati.bose26@company-intranet.local,0,334,0,0
E000118,2026-02-13 13:15:23,rohan.sharma4,EMP0004,rohan.sharma4@company-intranet.local,0,361,0,0
E000119,2026-01-02 14:55:23,rohan.sharma4,EMP0004,sneha.verma49@company-intranet.local,0,204,0,0
E000120,2026-02-09 10:29:36,rohan.sharma4,EMP0004,yusuf.naidu3@company-intranet.local,0,20,1,0
E000121,2026-01-08 08:57:34,rohan.sharma4,EMP0004,neha.naidu12@company-intranet.local,0,403,1,0
E000122,2026-01-24 09:11:59,ritu.bhatt5,EMP0005,arjun.mehta34@company-intranet.local,0,206,0,0
E000123,2026-02-07 10:08:22,ritu.bhatt5,EMP0005,kiran.iyer53@company-intranet.local,0,422,1,0
E000124,2026-01-19 08:15:40,ritu.bhatt5,EMP0005,anjali.nair9@company-intranet.local,0,354,1,0
E000125,2026-02-06 16:50:25,ritu.bhatt5,EMP0005,karthik.bose54@company-intranet.local,0,448,0,0
E000126,2026-01-13 12:57:59,ritu.bhatt5,EMP0005,farah.pillai37@company-intranet.local,0,483,0,0
E000127,2026-01-22 11:16:05,ritu.bhatt5,EMP0005,karthik.rao44@company-intranet.local,0,353,0,0
E000128,2026-01-12 12:21:46,ritu.bhatt5,EMP0005,manoj.sharma60@company-intranet.local,0,252,0,0
E000129,2026-01-22 10:36:10,ritu.bhatt5,EMP0005,swati.bose26@company-intranet.local,0,489,1,0
E000130,2026-01-15 16:14:21,ritu.bhatt5,EMP0005,arjun.mehta34@company-intranet.local,0,316,1,0
E000131,2026-01-24 07:55:32,ritu.bhatt5,EMP0005,swati.das7@company-intranet.local,0,291,1,0
E000132,2026-01-26 10:01:41,ritu.bhatt5,EMP0005,isha.naidu32@company-intranet.local,0,270,0,0
E000133,2026-01-25 19:35:20,ritu.bhatt5,EMP0005,vikram.menon2@company-intranet.local,0,317,0,0
E000134,2026-02-01 15:18:52,ritu.bhatt5,EMP0005,kavya.patil17@company-intranet.local,0,119,0,0
E000135,2026-01-13 09:39:07,ritu.bhatt5,EMP0005,manoj.mehta57@company-intranet.local,0,350,1,0
E000136,2026-02-06 06:53:07,ritu.bhatt5,EMP0005,deepak.naidu59@company-intranet.local,0,251,1,0
E000137,2026-01-31 08:12:33,ritu.bhatt5,EMP0005,karthik.bose54@company-intranet.local,0,365,0,0
E000138,2026-02-07 09:50:02,ritu.bhatt5,EMP0005,lakshmi.naidu6@company-intranet.local,0,434,0,0
E000139,2026-01-14 10:05:20,ritu.bhatt5,EMP0005,farah.gupta19@company-intranet.local,0,237,0,0
E000140,2026-01-21 16:12:06,ritu.bhatt5,EMP0005,meera.reddy14@company-intranet.local,0,378,0,0
E000141,2026-01-24 13:13:52,ritu.bhatt5,EMP0005,vikram.nair27@company-intranet.local,0,248,1,0
E000142,2026-02-03 07:51:27,ritu.bhatt5,EMP0005,deepak.bose29@company-intranet.local,0,440,0,0
E000143,2026-01-03 01:39:17,ritu.bhatt5,EMP0005,rohan.joshi55@company-intranet.local,0,81,1,0
E000144,2026-02-11 15:18:49,ritu.bhatt5,EMP0005,anjali.kapoor51@company-intranet.local,0,49,0,0
E000145,2026-01-23 08:24:39,ritu.bhatt5,EMP0005,arjun.mehta34@company-intranet.local,0,490,0,0
E000146,2026-02-14 13:30:35,ritu.bhatt5,EMP0005,rohan.sharma4@company-intranet.local,0,314,1,0
E000147,2026-01-31 00:23:08,lakshmi.naidu6,EMP0006,kiran.joshi16@company-intranet.local,0,437,1,0
E000148,2026-02-03 12:49:22,lakshmi.naidu6,EMP0006,swati.bose26@company-intranet.local,0,88,0,0
E000149,2026-01-22 12:58:51,lakshmi.naidu6,EMP0006,rohan.chatterjee50@company-intranet.local,0,224,0,0
E000150,2026-01-04 19:55:49,lakshmi.naidu6,EMP0006,rahul.gupta38@company-intranet.local,0,264,0,0
E000151,2026-01-29 12:17:19,lakshmi.naidu6,EMP0006,rajesh.iyer56@company-intranet.local,0,90,0,0
E000152,2026-02-01 14:32:21,lakshmi.naidu6,EMP0006,manoj.menon48@company-intranet.local,0,462,1,0
E000153,2026-01-18 12:21:46,lakshmi.naidu6,EMP0006,rahul.gupta38@company-intranet.local,0,221,0,0
E000154,2026-01-21 15:53:39,lakshmi.naidu6,EMP0006,farah.gupta19@company-intranet.local,0,96,1,0
E000155,2026-01-09 09:39:58,lakshmi.naidu6,EMP0006,deepak.gupta8@company-intranet.local,0,500,0,0
E000156,2026-02-14 11:21:01,lakshmi.naidu6,EMP0006,anjali.nair9@company-intranet.local,0,482,0,0
E000157,2026-01-03 04:51:19,lakshmi.naidu6,EMP0006,farah.kapoor24@company-intranet.local,0,332,0,0
E000158,2026-02-07 14:14:04,lakshmi.naidu6,EMP0006,kiran.joshi16@company-intranet.local,0,72,1,0
E000159,2026-01-08 15:55:20,lakshmi.naidu6,EMP0006,ritu.bhatt5@company-intranet.local,0,111,0,0
E000160,2026-01-21 10:02:33,lakshmi.naidu6,EMP0006,meera.reddy14@company-intranet.local,0,329,1,0
E000161,2026-01-28 12:11:43,lakshmi.naidu6,EMP0006,swati.das7@company-intranet.local,0,150,0,0
E000162,2026-01-19 16:33:39,lakshmi.naidu6,EMP0006,vikram.naidu25@company-intranet.local,0,202,1,0
E000163,2026-02-09 23:31:09,lakshmi.naidu6,EMP0006,isha.naidu32@company-intranet.local,0,498,1,0
E000164,2026-01-15 11:57:40,lakshmi.naidu6,EMP0006,anjali.kapoor51@company-intranet.local,0,230,1,0
E000165,2026-01-19 13:09:47,lakshmi.naidu6,EMP0006,farah.iyer1@company-intranet.local,0,71,0,0
E000166,2026-01-11 17:18:13,swati.das7,EMP0007,ritu.bhatt5@company-intranet.local,0,274,0,0
E000167,2026-01-12 14:51:52,swati.das7,EMP0007,swati.das7@company-intranet.local,0,382,0,0
E000168,2026-01-13 16:08:12,swati.das7,EMP0007,divya.kapoor39@company-intranet.local,0,78,1,0
E000169,2026-01-01 13:39:05,swati.das7,EMP0007,rohan.sharma4@company-intranet.local,0,198,1,0
E000170,2026-01-01 16:33:15,swati.das7,EMP0007,vikram.nair27@company-intranet.local,0,139,0,0
E000171,2026-01-11 08:35:29,swati.das7,EMP0007,varun.saxena23@company-intranet.local,0,17,1,0
E000172,2026-01-11 15:25:33,swati.das7,EMP0007,isha.pillai46@company-intranet.local,0,49,1,0
E000173,2026-01-30 08:11:57,swati.das7,EMP0007,varun.saxena23@company-intranet.local,0,250,0,0
E000174,2026-01-21 09:23:35,swati.das7,EMP0007,isha.saxena41@company-intranet.local,0,141,0,0
E000175,2026-01-09 10:55:36,swati.das7,EMP0007,yusuf.naidu3@company-intranet.local,0,171,0,0
E000176,2026-02-09 07:52:49,swati.das7,EMP0007,rohan.joshi55@company-intranet.local,0,347,1,0
E000177,2026-01-30 10:42:35,swati.das7,EMP0007,kiran.joshi16@company-intranet.local,0,378,0,0
E000178,2026-01-26 05:55:11,swati.das7,EMP0007,isha.pillai46@company-intranet.local,0,230,0,0
E000179,2026-02-11 11:04:29,swati.das7,EMP0007,karthik.rao44@company-intranet.local,0,115,0,0
E000180,2026-01-29 15:46:13,swati.das7,EMP0007,manoj.sharma60@company-intranet.local,0,294,1,0
E000181,2026-02-07 20:53:59,swati.das7,EMP0007,vikram.menon2@company-intranet.local,0,171,0,0
E000182,2026-01-12 08:36:58,swati.das7,EMP0007,rahul.khan40@company-intranet.local,0,114,1,0
E000183,2026-01-27 16:06:46,swati.das7,EMP0007,tanya.verma28@company-intranet.local,0,414,0,0
E000184,2026-02-12 16:04:40,swati.das7,EMP0007,neha.joshi20@company-intranet.local,0,125,1,0
E000185,2026-02-05 08:57:10,swati.das7,EMP0007,divya.verma21@company-intranet.local,0,339,0,0
E000186,2026-02-14 20:50:36,swati.das7,EMP0007,rohan.joshi55@company-intranet.local,0,462,1,0
E000187,2026-01-14 10:19:17,swati.das7,EMP0007,vikram.nair27@company-intranet.local,0,67,0,0
E000188,2026-02-11 11:47:56,swati.das7,EMP0007,isha.naidu32@company-intranet.local,0,117,0,0
E000189,2026-01-26 09:01:36,swati.das7,EMP0007,divya.joshi22@company-intranet.local,0,138,0,0
E000190,2026-02-06 15:49:31,swati.das7,EMP0007,rahul.khan40@company-intranet.local,0,371,1,0
E000191,2026-01-08 08:28:38,swati.das7,EMP0007,kiran.iyer53@company-intranet.local,0,439,1,0
E000192,2026-01-29 00:36:11,swati.das7,EMP0007,deepak.bose29@company-intranet.local,0,40,0,0
E000193,2026-01-04 10:42:57,swati.das7,EMP0007,divya.kapoor39@company-intranet.local,0,244,1,0
E000194,2026-02-01 14:13:31,swati.das7,EMP0007,isha.pillai46@company-intranet.local,0,463,0,0
E000195,2026-01-09 13:35:58,swati.das7,EMP0007,arjun.mehta34@company-intranet.local,0,129,0,0
E000196,2026-01-10 03:43:48,swati.das7,EMP0007,swati.das7@company-intranet.local,0,73,0,0
E000197,2026-01-04 12:11:02,deepak.gupta8,EMP0008,manoj.mehta57@company-intranet.local,0,27,0,0
E000198,2026-02-05 12:51:43,deepak.gupta8,EMP0008,manoj.mehta57@company-intranet.local,0,243,1,0
E000199,2026-02-02 12:36:28,deepak.gupta8,EMP0008,varun.saxena23@company-intranet.local,0,355,0,0
E000200,2026-02-14 15:45:56,deepak.gupta8,EMP0008,farah.kapoor24@company-intranet.local,0,346,1,0
E000201,2026-01-23 08:40:34,deepak.gupta8,EMP0008,swati.bose26@company-intranet.local,0,478,0,0
E000202,2026-01-03 08:17:19,deepak.gupta8,EMP0008,kiran.joshi16@company-intranet.local,0,477,0,0
E000203,2026-02-11 07:36:54,deepak.gupta8,EMP0008,anjali.kapoor51@company-intranet.local,0,298,0,0
E000204,2026-01-08 11:22:53,deepak.gupta8,EMP0008,rajesh.iyer56@company-intranet.local,0,88,0,0
E000205,2026-02-06 17:55:05,deepak.gupta8,EMP0008,vikram.menon2@company-intranet.local,0,403,0,0
E000206,2026-02-11 13:49:59,deepak.gupta8,EMP0008,vikram.reddy47@company-intranet.local,0,487,1,0
E000207,2026-01-23 14:05:19,deepak.gupta8,EMP0008,manoj.khan13@company-intranet.local,0,249,0,0
E000208,2026-02-11 16:32:12,deepak.gupta8,EMP0008,rohan.sharma4@company-intranet.local,0,318,0,0
E000209,2026-01-01 13:30:05,deepak.gupta8,EMP0008,meera.reddy14@company-intranet.local,0,356,1,0
E000210,2026-02-01 07:07:09,deepak.gupta8,EMP0008,swati.bose26@company-intranet.local,0,29,1,0
E000211,2026-01-10 14:07:13,deepak.gupta8,EMP0008,rahul.bhatt11@company-intranet.local,0,65,1,0
E000212,2026-02-14 19:26:29,deepak.gupta8,EMP0008,sneha.verma49@company-intranet.local,0,343,0,0
E000213,2026-01-04 07:49:47,deepak.gupta8,EMP0008,karthik.rao44@company-intranet.local,0,50,0,0
E000214,2026-01-08 10:06:08,deepak.gupta8,EMP0008,deepak.naidu59@company-intranet.local,0,97,0,0
E000215,2026-01-08 13:02:28,deepak.gupta8,EMP0008,anjali.nair9@company-intranet.local,0,375,0,0
E000216,2026-02-12 15:33:48,deepak.gupta8,EMP0008,deepak.bose29@company-intranet.local,0,482,0,0
E000217,2026-01-13 18:47:46,deepak.gupta8,EMP0008,meera.reddy14@company-intranet.local,0,23,0,0
E000218,2026-02-06 08:24:21,deepak.gupta8,EMP0008,meera.reddy14@company-intranet.local,0,279,0,0
E000219,2026-02-12 08:41:56,deepak.gupta8,EMP0008,nikhil.kapoor43@company-intranet.local,0,420,0,0
E000220,2026-02-03 07:48:50,deepak.gupta8,EMP0008,farah.gupta19@company-intranet.local,0,95,0,0
E000221,2026-01-06 09:50:35,deepak.gupta8,EMP0008,karthik.rao44@company-intranet.local,0,207,1,0
E000222,2026-02-03 08:21:55,deepak.gupta8,EMP0008,farah.iyer1@company-intranet.local,0,300,1,0
E000223,2026-01-21 22:09:38,deepak.gupta8,EMP0008,farah.gupta19@company-intranet.local,0,197,0,0
E000224,2026-02-07 08:54:23,anjali.nair9,EMP0009,varun.saxena23@company-intranet.local,0,374,0,0
E000225,2026-01-05 15:47:41,anjali.nair9,EMP0009,farah.iyer1@company-intranet.local,0,417,0,0
E000226,2026-02-12 13:22:08,anjali.nair9,EMP0009,rohan.chatterjee50@company-intranet.local,0,360,1,0
E000227,2026-02-01 16:49:06,anjali.nair9,EMP0009,tanya.khan15@company-intranet.local,0,237,0,0
E000228,2026-01-10 09:27:59,anjali.nair9,EMP0009,varun.saxena23@company-intranet.local,0,286,0,0
E000229,2026-02-04 10:19:48,anjali.nair9,EMP0009,manoj.sharma60@company-intranet.local,0,71,0,0
E000230,2026-01-02 09:04:56,anjali.nair9,EMP0009,manoj.menon48@company-intranet.local,0,403,0,0
E000231,2026-01-02 08:30:59,anjali.nair9,EMP0009,rohan.sharma4@company-intranet.local,0,221,0,0
E000232,2026-01-24 13:30:14,anjali.nair9,EMP0009,varun.iyer36@company-intranet.local,0,258,0,0
E000233,2026-01-04 08:39:03,anjali.nair9,EMP0009,deepak.bose29@company-intranet.local,0,373,1,0
E000234,2026-01-06 11:55:37,anjali.nair9,EMP0009,vikram.menon2@company-intranet.local,0,216,0,0
E000235,2026-01-09 07:18:33,anjali.nair9,EMP0009,sameer.reddy42@company-intranet.local,0,488,0,0
E000236,2026-01-22 10:55:10,anjali.nair9,EMP0009,kiran.iyer53@company-intranet.local,0,454,1,0
E000237,2026-02-10 13:14:44,anjali.nair9,EMP0009,isha.pillai46@company-intranet.local,0,448,0,0
E000238,2026-01-03 09:07:01,anjali.nair9,EMP0009,rahul.khan40@company-intranet.local,0,190,0,0
E000239,2026-02-06 17:40:28,sneha.joshi10,EMP0010,farah.kapoor24@company-intranet.local,0,221,0,0
E000240,2026-02-09 06:28:37,sneha.joshi10,EMP0010,karthik.rao44@company-intranet.local,0,403,0,0
E000241,2026-01-24 09:53:11,sneha.joshi10,EMP0010,kiran.joshi16@company-intranet.local,0,133,0,0
E000242,2026-01-07 08:51:16,sneha.joshi10,EMP0010,pooja.bhatt30@company-intranet.local,0,227,0,0
E000243,2026-01-08 04:03:49,sneha.joshi10,EMP0010,deepak.gupta8@company-intranet.local,0,413,1,0
E000244,2026-01-08 04:01:51,sneha.joshi10,EMP0010,deepak.naidu59@company-intranet.local,0,382,0,0
E000245,2026-02-05 09:28:25,sneha.joshi10,EMP0010,meera.das18@company-intranet.local,0,395,0,0
E000246,2026-02-01 08:33:02,sneha.joshi10,EMP0010,yusuf.das35@company-intranet.local,0,11,1,0
E000247,2026-01-07 15:42:23,sneha.joshi10,EMP0010,deepak.bose29@company-intranet.local,0,59,0,0
E000248,2026-02-07 03:46:06,sneha.joshi10,EMP0010,divya.joshi22@company-intranet.local,0,365,0,0
E000249,2026-01-30 07:32:02,sneha.joshi10,EMP0010,vikram.nair27@company-intranet.local,0,236,0,0
E000250,2026-01-16 05:45:14,sneha.joshi10,EMP0010,divya.joshi22@company-intranet.local,0,45,0,0
E000251,2026-01-19 10:33:17,sneha.joshi10,EMP0010,isha.naidu32@company-intranet.local,0,158,0,0
E000252,2026-01-26 08:45:12,sneha.joshi10,EMP0010,vikram.menon2@company-intranet.local,0,13,1,0
E000253,2026-01-28 08:34:55,sneha.joshi10,EMP0010,arjun.mehta34@company-intranet.local,0,351,0,0
E000254,2026-01-29 11:27:38,sneha.joshi10,EMP0010,kavya.patil17@company-intranet.local,0,259,0,0
E000255,2026-01-14 07:00:21,sneha.joshi10,EMP0010,manoj.khan13@company-intranet.local,0,348,0,0
E000256,2026-02-08 11:52:51,sneha.joshi10,EMP0010,deepak.naidu59@company-intranet.local,0,485,0,0
E000257,2026-01-17 16:56:25,sneha.joshi10,EMP0010,tanya.verma28@company-intranet.local,0,426,0,0
E000258,2026-01-06 10:04:33,sneha.joshi10,EMP0010,kiran.joshi16@company-intranet.local,0,430,0,0
E000259,2026-02-14 16:01:02,sneha.joshi10,EMP0010,rohan.sharma4@company-intranet.local,0,141,0,0
E000260,2026-01-27 11:19:21,sneha.joshi10,EMP0010,isha.saxena41@company-intranet.local,0,306,0,0
E000261,2026-01-05 15:03:28,sneha.joshi10,EMP0010,rahul.gupta38@company-intranet.local,0,253,1,0
E000262,2026-01-30 07:16:02,sneha.joshi10,EMP0010,vikram.menon2@company-intranet.local,0,388,1,0
E000263,2026-01-17 13:34:49,sneha.joshi10,EMP0010,varun.iyer36@company-intranet.local,0,39,1,0
E000264,2026-02-06 15:54:45,sneha.joshi10,EMP0010,isha.saxena41@company-intranet.local,0,361,0,0
E000265,2026-02-06 00:15:42,sneha.joshi10,EMP0010,isha.pillai46@company-intranet.local,0,38,0,0
E000266,2026-01-12 04:39:38,sneha.joshi10,EMP0010,farah.chatterjee33@company-intranet.local,0,24,1,0
E000267,2026-01-20 14:38:52,sneha.joshi10,EMP0010,isha.naidu32@company-intranet.local,0,480,0,0
E000268,2026-02-08 12:31:40,sneha.joshi10,EMP0010,tanya.khan15@company-intranet.local,0,336,0,0
E000269,2026-01-30 13:43:07,rahul.bhatt11,EMP0011,kiran.iyer53@company-intranet.local,0,217,0,0
E000270,2026-02-08 12:18:06,rahul.bhatt11,EMP0011,vikram.nair27@company-intranet.local,0,469,0,0
E000271,2026-01-07 08:31:18,rahul.bhatt11,EMP0011,rohan.sharma4@company-intranet.local,0,253,0,0
E000272,2026-02-06 09:14:53,rahul.bhatt11,EMP0011,neha.naidu12@company-intranet.local,0,395,0,0
E000273,2026-01-28 08:47:44,rahul.bhatt11,EMP0011,farah.chatterjee33@company-intranet.local,0,347,1,0
E000274,2026-02-08 09:36:58,rahul.bhatt11,EMP0011,deepak.gupta8@company-intranet.local,0,317,0,0
E000275,2026-01-01 06:52:58,rahul.bhatt11,EMP0011,kavya.patil17@company-intranet.local,0,89,0,0
E000276,2026-02-12 08:13:29,rahul.bhatt11,EMP0011,rohan.sharma4@company-intranet.local,0,268,0,0
E000277,2026-02-04 16:06:05,rahul.bhatt11,EMP0011,vikram.nair27@company-intranet.local,0,33,0,0
E000278,2026-02-12 14:01:40,rahul.bhatt11,EMP0011,swati.kapoor52@company-intranet.local,0,343,1,0
E000279,2026-01-17 07:59:57,rahul.bhatt11,EMP0011,manoj.sharma60@company-intranet.local,0,284,0,0
E000280,2026-01-16 10:44:48,rahul.bhatt11,EMP0011,rahul.khan40@company-intranet.local,0,297,1,0
E000281,2026-02-08 12:49:37,rahul.bhatt11,EMP0011,deepak.bose29@company-intranet.local,0,466,0,0
E000282,2026-01-08 07:28:01,rahul.bhatt11,EMP0011,vikram.reddy47@company-intranet.local,0,433,1,0
E000283,2026-02-02 13:18:59,rahul.bhatt11,EMP0011,nikhil.kapoor43@company-intranet.local,0,265,0,0
E000284,2026-01-05 20:59:25,rahul.bhatt11,EMP0011,anjali.mehta58@company-intranet.local,0,138,0,0
E000285,2026-02-04 08:48:07,rahul.bhatt11,EMP0011,deepak.bose29@company-intranet.local,0,489,0,0
E000286,2026-02-03 12:59:14,rahul.bhatt11,EMP0011,farah.pillai37@company-intranet.local,0,230,1,0
E000287,2026-01-24 11:00:34,rahul.bhatt11,EMP0011,neha.naidu12@company-intranet.local,0,36,0,0
E000288,2026-01-17 12:26:30,rahul.bhatt11,EMP0011,divya.verma21@company-intranet.local,0,247,1,0
E000289,2026-01-06 16:11:53,rahul.bhatt11,EMP0011,manoj.khan13@company-intranet.local,0,199,1,0
E000290,2026-01-20 13:05:48,neha.naidu12,EMP0012,sameer.reddy42@company-intranet.local,0,347,0,0
E000291,2026-01-11 12:31:43,neha.naidu12,EMP0012,kiran.iyer53@company-intranet.local,0,307,0,0
E000292,2026-01-11 13:27:35,neha.naidu12,EMP0012,anjali.mehta58@company-intranet.local,0,263,0,0
E000293,2026-01-30 14:25:37,neha.naidu12,EMP0012,nikhil.kapoor43@company-intranet.local,0,481,0,0
E000294,2026-02-12 13:17:02,neha.naidu12,EMP0012,rahul.gupta38@company-intranet.local,0,186,0,0
E000295,2026-01-08 09:50:05,neha.naidu12,EMP0012,anjali.kapoor51@company-intranet.local,0,302,0,0
E000296,2026-01-08 10:02:31,neha.naidu12,EMP0012,anjali.mehta58@company-intranet.local,0,287,1,0
E000297,2026-01-16 08:18:43,neha.naidu12,EMP0012,anjali.mehta58@company-intranet.local,0,418,1,0
E000298,2026-02-05 12:21:46,neha.naidu12,EMP0012,vikram.naidu25@company-intranet.local,0,186,0,0
E000299,2026-01-30 13:54:51,neha.naidu12,EMP0012,nikhil.kapoor43@company-intranet.local,0,348,1,0
E000300,2026-01-26 08:40:02,neha.naidu12,EMP0012,manoj.mehta57@company-intranet.local,0,314,0,0
E000301,2026-02-14 13:53:39,neha.naidu12,EMP0012,vikram.naidu25@company-intranet.local,0,201,1,0
E000302,2026-01-16 14:59:39,neha.naidu12,EMP0012,tanya.verma28@company-intranet.local,0,18,0,0
E000303,2026-01-29 12:09:04,neha.naidu12,EMP0012,deepak.bose29@company-intranet.local,0,10,0,0
E000304,2026-02-05 10:24:09,neha.naidu12,EMP0012,rahul.bhatt11@company-intranet.local,0,482,0,0
E000305,2026-02-07 15:52:40,neha.naidu12,EMP0012,vikram.nair27@company-intranet.local,0,145,1,0
E000306,2026-02-04 07:32:36,neha.naidu12,EMP0012,anjali.kapoor51@company-intranet.local,0,403,0,0
E000307,2026-02-04 10:44:32,manoj.khan13,EMP0013,tanya.khan15@company-intranet.local,0,319,0,0
E000308,2026-01-28 08:16:25,manoj.khan13,EMP0013,rajesh.sharma31@company-intranet.local,0,82,1,0
E000309,2026-01-29 13:04:27,manoj.khan13,EMP0013,vikram.menon2@company-intranet.local,0,324,0,0
E000310,2026-01-06 09:13:53,manoj.khan13,EMP0013,deepak.gupta8@company-intranet.local,0,305,1,0
E000311,2026-01-16 10:48:38,manoj.khan13,EMP0013,isha.saxena41@company-intranet.local,0,422,0,0
E000312,2026-01-14 14:06:14,manoj.khan13,EMP0013,meera.reddy14@company-intranet.local,0,248,1,0
E000313,2026-01-27 17:21:11,manoj.khan13,EMP0013,kiran.joshi16@company-intranet.local,0,27,0,0
E000314,2026-01-21 12:06:25,manoj.khan13,EMP0013,divya.joshi22@company-intranet.local,0,404,1,0
E000315,2026-01-02 17:23:58,manoj.khan13,EMP0013,meera.das18@company-intranet.local,0,389,0,0
E000316,2026-02-01 08:07:39,manoj.khan13,EMP0013,swati.das7@company-intranet.local,0,224,0,0
E000317,2026-02-11 03:12:44,manoj.khan13,EMP0013,farah.gupta19@company-intranet.local,0,145,0,0
E000318,2026-02-06 11:54:04,manoj.khan13,EMP0013,rajesh.sharma31@company-intranet.local,0,391,1,0
E000319,2026-01-31 17:59:47,manoj.khan13,EMP0013,ritu.bhatt5@company-intranet.local,0,400,1,0
E000320,2026-01-09 14:38:34,manoj.khan13,EMP0013,farah.pillai37@company-intranet.local,0,390,1,0
E000321,2026-02-10 04:34:58,manoj.khan13,EMP0013,vikram.reddy47@company-intranet.local,0,6,0,0
E000322,2026-01-30 16:09:06,manoj.khan13,EMP0013,meera.das18@company-intranet.local,0,45,0,0
E000323,2026-01-18 11:54:06,manoj.khan13,EMP0013,anjali.kapoor51@company-intranet.local,0,120,0,0
E000324,2026-02-09 08:25:40,manoj.khan13,EMP0013,vikram.naidu25@company-intranet.local,0,489,0,0
E000325,2026-02-04 11:42:34,manoj.khan13,EMP0013,rahul.khan40@company-intranet.local,0,417,0,0
E000326,2026-02-14 21:25:44,manoj.khan13,EMP0013,rahul.khan40@company-intranet.local,0,286,0,0
E000327,2026-01-20 18:24:36,manoj.khan13,EMP0013,neha.joshi20@company-intranet.local,0,357,0,0
E000328,2026-01-21 10:16:20,manoj.khan13,EMP0013,swati.kapoor52@company-intranet.local,0,342,0,0
E000329,2026-01-08 07:08:46,manoj.khan13,EMP0013,divya.kapoor39@company-intranet.local,0,352,0,0
E000330,2026-02-13 23:15:44,meera.reddy14,EMP0014,manoj.sharma60@company-intranet.local,0,200,1,0
E000331,2026-01-03 06:05:27,meera.reddy14,EMP0014,karthik.rao44@company-intranet.local,0,377,0,0
E000332,2026-01-15 12:49:35,meera.reddy14,EMP0014,swati.kapoor52@company-intranet.local,0,207,0,0
E000333,2026-01-27 11:45:41,meera.reddy14,EMP0014,anjali.nair9@company-intranet.local,0,56,1,0
E000334,2026-02-07 05:38:03,meera.reddy14,EMP0014,pooja@protonmail.com,1,2125,1,1
E000335,2026-01-04 04:51:08,meera.reddy14,EMP0014,suresh@outlook.com,1,4931,1,1
E000336,2026-01-04 22:24:43,meera.reddy14,EMP0014,rajesh@outlook.com,1,14869,1,1
E000337,2026-02-05 11:26:03,meera.reddy14,EMP0014,divya.verma21@company-intranet.local,0,409,0,0
E000338,2026-01-17 04:20:27,meera.reddy14,EMP0014,rajesh@outlook.com,1,10028,1,1
E000339,2026-01-29 17:36:28,meera.reddy14,EMP0014,anjali.kapoor51@company-intranet.local,0,492,0,0
E000340,2026-01-21 08:32:51,meera.reddy14,EMP0014,divya.kapoor39@company-intranet.local,0,19,0,0
E000341,2026-01-09 05:16:51,meera.reddy14,EMP0014,pooja@protonmail.com,1,14833,1,1
E000342,2026-01-09 08:26:21,meera.reddy14,EMP0014,suresh.joshi45@company-intranet.local,0,153,0,0
E000343,2026-01-07 10:38:22,meera.reddy14,EMP0014,tanya.khan15@company-intranet.local,0,478,0,0
E000344,2026-01-01 14:10:54,meera.reddy14,EMP0014,neha.naidu12@company-intranet.local,0,65,0,0
E000345,2026-01-10 23:27:56,meera.reddy14,EMP0014,sameer@protonmail.com,1,7089,1,1
E000346,2026-01-09 15:39:04,tanya.khan15,EMP0015,vikram.naidu25@company-intranet.local,0,19,0,0
E000347,2026-01-06 08:45:06,tanya.khan15,EMP0015,lakshmi.naidu6@company-intranet.local,0,195,1,0
E000348,2026-01-17 12:33:40,tanya.khan15,EMP0015,vikram.naidu25@company-intranet.local,0,35,0,0
E000349,2026-02-04 01:30:37,tanya.khan15,EMP0015,arjun.mehta34@company-intranet.local,0,207,0,0
E000350,2026-02-01 23:08:12,tanya.khan15,EMP0015,rajesh.iyer56@company-intranet.local,0,45,0,0
E000351,2026-02-06 13:22:28,tanya.khan15,EMP0015,manoj.sharma60@company-intranet.local,0,407,0,0
E000352,2026-01-18 11:45:26,tanya.khan15,EMP0015,anjali.kapoor51@company-intranet.local,0,139,0,0
E000353,2026-02-10 15:04:09,tanya.khan15,EMP0015,vikram.reddy47@company-intranet.local,0,61,0,0
E000354,2026-01-04 08:16:14,tanya.khan15,EMP0015,manoj.menon48@company-intranet.local,0,393,0,0
E000355,2026-01-22 09:22:44,tanya.khan15,EMP0015,rahul.gupta38@company-intranet.local,0,378,0,0
E000356,2026-02-04 05:35:22,tanya.khan15,EMP0015,kiran.iyer53@company-intranet.local,0,330,0,0
E000357,2026-01-24 22:32:11,tanya.khan15,EMP0015,neha.joshi20@company-intranet.local,0,70,0,0
E000358,2026-02-12 12:48:14,tanya.khan15,EMP0015,farah.chatterjee33@company-intranet.local,0,171,0,0
E000359,2026-01-24 15:17:03,tanya.khan15,EMP0015,yusuf.naidu3@company-intranet.local,0,351,0,0
E000360,2026-01-17 09:23:18,tanya.khan15,EMP0015,sameer.reddy42@company-intranet.local,0,244,0,0
E000361,2026-01-10 16:54:56,tanya.khan15,EMP0015,ritu.bhatt5@company-intranet.local,0,62,0,0
E000362,2026-01-13 08:45:28,tanya.khan15,EMP0015,farah.gupta19@company-intranet.local,0,399,1,0
E000363,2026-02-09 15:46:31,tanya.khan15,EMP0015,karthik.rao44@company-intranet.local,0,486,1,0
E000364,2026-01-06 11:57:49,tanya.khan15,EMP0015,swati.bose26@company-intranet.local,0,396,0,0
E000365,2026-01-16 14:41:41,tanya.khan15,EMP0015,karthik.rao44@company-intranet.local,0,385,0,0
E000366,2026-02-01 08:12:55,tanya.khan15,EMP0015,karthik.bose54@company-intranet.local,0,289,1,0
E000367,2026-01-25 14:52:04,tanya.khan15,EMP0015,anjali.mehta58@company-intranet.local,0,248,0,0
E000368,2026-01-01 14:03:51,tanya.khan15,EMP0015,rohan.joshi55@company-intranet.local,0,39,1,0
E000369,2026-01-25 19:52:02,tanya.khan15,EMP0015,kavya.patil17@company-intranet.local,0,173,1,0
E000370,2026-02-10 08:24:38,tanya.khan15,EMP0015,anjali.kapoor51@company-intranet.local,0,122,0,0
E000371,2026-02-04 12:09:17,tanya.khan15,EMP0015,rahul.khan40@company-intranet.local,0,462,0,0
E000372,2026-01-22 16:56:19,tanya.khan15,EMP0015,farah.iyer1@company-intranet.local,0,23,1,0
E000373,2026-02-10 15:32:04,kiran.joshi16,EMP0016,isha.pillai46@company-intranet.local,0,451,0,0
E000374,2026-01-29 11:18:32,kiran.joshi16,EMP0016,anjali.mehta58@company-intranet.local,0,39,0,0
E000375,2026-01-23 22:17:16,kiran.joshi16,EMP0016,kavya.patil17@company-intranet.local,0,474,1,0
E000376,2026-01-24 09:27:03,kiran.joshi16,EMP0016,kiran.iyer53@company-intranet.local,0,277,0,0
E000377,2026-02-04 16:44:04,kiran.joshi16,EMP0016,rajesh.sharma31@company-intranet.local,0,313,1,0
E000378,2026-01-14 11:50:35,kiran.joshi16,EMP0016,swati.das7@company-intranet.local,0,12,1,0
E000379,2026-02-13 14:58:51,kiran.joshi16,EMP0016,vikram.reddy47@company-intranet.local,0,347,0,0
E000380,2026-01-16 13:07:09,kiran.joshi16,EMP0016,yusuf.das35@company-intranet.local,0,238,1,0
E000381,2026-02-02 14:55:34,kiran.joshi16,EMP0016,manoj.menon48@company-intranet.local,0,202,1,0
E000382,2026-02-06 13:37:33,kiran.joshi16,EMP0016,farah.chatterjee33@company-intranet.local,0,402,0,0
E000383,2026-02-14 13:19:20,kiran.joshi16,EMP0016,rajesh.sharma31@company-intranet.local,0,301,1,0
E000384,2026-01-09 16:06:17,kiran.joshi16,EMP0016,karthik.bose54@company-intranet.local,0,235,1,0
E000385,2026-01-09 09:14:02,kiran.joshi16,EMP0016,swati.kapoor52@company-intranet.local,0,50,1,0
E000386,2026-02-08 12:24:45,kiran.joshi16,EMP0016,kavya.patil17@company-intranet.local,0,94,0,0
E000387,2026-01-09 17:53:35,kiran.joshi16,EMP0016,sameer.reddy42@company-intranet.local,0,120,1,0
E000388,2026-01-29 08:15:15,kiran.joshi16,EMP0016,farah.pillai37@company-intranet.local,0,410,0,0
E000389,2026-01-10 21:41:42,kiran.joshi16,EMP0016,varun.iyer36@company-intranet.local,0,260,0,0
E000390,2026-01-26 17:10:56,kiran.joshi16,EMP0016,farah.pillai37@company-intranet.local,0,112,0,0
E000391,2026-02-03 16:59:03,kiran.joshi16,EMP0016,isha.pillai46@company-intranet.local,0,300,1,0
E000392,2026-01-14 08:07:02,kiran.joshi16,EMP0016,kiran.iyer53@company-intranet.local,0,64,0,0
E000393,2026-01-12 09:56:00,kiran.joshi16,EMP0016,vikram.menon2@company-intranet.local,0,37,1,0
E000394,2026-02-03 10:27:24,kiran.joshi16,EMP0016,deepak.gupta8@company-intranet.local,0,28,0,0
E000395,2026-02-02 16:38:42,kiran.joshi16,EMP0016,rajesh.iyer56@company-intranet.local,0,290,1,0
E000396,2026-01-31 14:07:00,kiran.joshi16,EMP0016,varun.iyer36@company-intranet.local,0,47,0,0
E000397,2026-01-13 10:50:05,kiran.joshi16,EMP0016,farah.gupta19@company-intranet.local,0,36,1,0
E000398,2026-01-16 17:18:59,kiran.joshi16,EMP0016,divya.verma21@company-intranet.local,0,337,0,0
E000399,2026-02-11 18:37:32,kiran.joshi16,EMP0016,sneha.verma49@company-intranet.local,0,29,0,0
E000400,2026-01-18 11:48:49,kiran.joshi16,EMP0016,rohan.joshi55@company-intranet.local,0,286,1,0
E000401,2026-01-09 08:19:26,kiran.joshi16,EMP0016,rajesh.iyer56@company-intranet.local,0,306,0,0
E000402,2026-02-13 15:02:00,kiran.joshi16,EMP0016,manoj.khan13@company-intranet.local,0,380,0,0
E000403,2026-01-30 16:25:58,kiran.joshi16,EMP0016,neha.naidu12@company-intranet.local,0,6,0,0
E000404,2026-01-18 18:47:37,kiran.joshi16,EMP0016,vikram.naidu25@company-intranet.local,0,229,0,0
E000405,2026-01-22 02:44:02,kiran.joshi16,EMP0016,tanya.verma28@company-intranet.local,0,226,1,0
E000406,2026-01-25 11:05:04,kiran.joshi16,EMP0016,farah.iyer1@company-intranet.local,0,468,1,0
E000407,2026-01-26 17:19:55,kiran.joshi16,EMP0016,lakshmi.naidu6@company-intranet.local,0,367,0,0
E000408,2026-01-15 22:00:51,kiran.joshi16,EMP0016,deepak.bose29@company-intranet.local,0,282,0,0
E000409,2026-01-07 10:52:59,kiran.joshi16,EMP0016,deepak.naidu59@company-intranet.local,0,307,0,0
E000410,2026-02-09 11:33:39,kiran.joshi16,EMP0016,farah.iyer1@company-intranet.local,0,193,1,0
E000411,2026-01-13 11:35:12,kiran.joshi16,EMP0016,farah.gupta19@company-intranet.local,0,288,0,0
E000412,2026-01-25 12:36:36,kiran.joshi16,EMP0016,rahul.khan40@company-intranet.local,0,212,0,0
E000413,2026-02-08 11:00:33,kavya.patil17,EMP0017,tanya.khan15@company-intranet.local,0,281,0,0
E000414,2026-02-05 12:57:40,kavya.patil17,EMP0017,farah.pillai37@company-intranet.local,0,65,0,0
E000415,2026-02-03 23:42:41,kavya.patil17,EMP0017,isha.naidu32@company-intranet.local,0,405,1,0
E000416,2026-01-05 10:23:51,kavya.patil17,EMP0017,rahul.gupta38@company-intranet.local,0,224,0,0
E000417,2026-01-24 11:04:36,kavya.patil17,EMP0017,pooja.bhatt30@company-intranet.local,0,464,0,0
E000418,2026-01-02 14:15:08,kavya.patil17,EMP0017,vikram.menon2@company-intranet.local,0,487,0,0
E000419,2026-01-09 11:44:48,kavya.patil17,EMP0017,varun.saxena23@company-intranet.local,0,237,1,0
E000420,2026-02-03 13:53:55,kavya.patil17,EMP0017,neha.naidu12@company-intranet.local,0,199,0,0
E000421,2026-01-20 21:35:54,kavya.patil17,EMP0017,farah.iyer1@company-intranet.local,0,394,1,0
E000422,2026-01-24 18:04:50,kavya.patil17,EMP0017,pooja.bhatt30@company-intranet.local,0,189,0,0
E000423,2026-02-02 09:07:29,kavya.patil17,EMP0017,isha.naidu32@company-intranet.local,0,238,0,0
E000424,2026-01-06 14:08:31,kavya.patil17,EMP0017,farah.gupta19@company-intranet.local,0,202,1,0
E000425,2026-01-12 15:06:34,kavya.patil17,EMP0017,karthik.rao44@company-intranet.local,0,413,1,0
E000426,2026-02-05 08:05:38,kavya.patil17,EMP0017,isha.pillai46@company-intranet.local,0,308,0,0
E000427,2026-01-09 11:11:10,kavya.patil17,EMP0017,sneha.joshi10@company-intranet.local,0,313,0,0
E000428,2026-01-22 12:04:28,kavya.patil17,EMP0017,rohan.sharma4@company-intranet.local,0,420,1,0
E000429,2026-01-17 14:23:17,kavya.patil17,EMP0017,deepak.naidu59@company-intranet.local,0,72,0,0
E000430,2026-02-05 10:18:23,kavya.patil17,EMP0017,isha.naidu32@company-intranet.local,0,431,0,0
E000431,2026-01-21 11:32:08,kavya.patil17,EMP0017,farah.iyer1@company-intranet.local,0,437,1,0
E000432,2026-01-10 07:55:23,kavya.patil17,EMP0017,isha.naidu32@company-intranet.local,0,430,0,0
E000433,2026-02-06 01:46:03,kavya.patil17,EMP0017,ritu.bhatt5@company-intranet.local,0,328,0,0
E000434,2026-01-15 18:57:21,kavya.patil17,EMP0017,vikram.nair27@company-intranet.local,0,145,0,0
E000435,2026-01-30 08:52:08,kavya.patil17,EMP0017,meera.das18@company-intranet.local,0,438,0,0
E000436,2026-01-12 12:58:35,kavya.patil17,EMP0017,rahul.khan40@company-intranet.local,0,172,1,0
E000437,2026-01-18 00:05:31,kavya.patil17,EMP0017,arjun.mehta34@company-intranet.local,0,338,1,0
E000438,2026-01-12 08:16:45,kavya.patil17,EMP0017,deepak.bose29@company-intranet.local,0,128,0,0
E000439,2026-01-09 23:04:24,kavya.patil17,EMP0017,manoj.sharma60@company-intranet.local,0,282,0,0
E000440,2026-01-31 06:50:22,meera.das18,EMP0018,varun.iyer36@company-intranet.local,0,333,1,0
E000441,2026-01-04 07:36:23,meera.das18,EMP0018,farah.iyer1@company-intranet.local,0,317,0,0
E000442,2026-01-30 16:06:52,meera.das18,EMP0018,nikhil.kapoor43@company-intranet.local,0,49,0,0
E000443,2026-01-12 11:47:56,meera.das18,EMP0018,yusuf.naidu3@company-intranet.local,0,385,0,0
E000444,2026-01-15 19:55:50,meera.das18,EMP0018,deepak.bose29@company-intranet.local,0,32,1,0
E000445,2026-01-09 08:02:29,meera.das18,EMP0018,ritu.bhatt5@company-intranet.local,0,419,0,0
E000446,2026-02-07 09:00:00,meera.das18,EMP0018,rajesh.sharma31@company-intranet.local,0,136,1,0
E000447,2026-02-11 07:32:36,meera.das18,EMP0018,anjali.kapoor51@company-intranet.local,0,164,1,0
E000448,2026-01-21 14:14:51,meera.das18,EMP0018,sameer.reddy42@company-intranet.local,0,77,1,0
E000449,2026-02-03 11:37:35,meera.das18,EMP0018,farah.pillai37@company-intranet.local,0,114,0,0
E000450,2026-01-23 08:16:17,meera.das18,EMP0018,rajesh.sharma31@company-intranet.local,0,397,0,0
E000451,2026-01-27 16:05:39,meera.das18,EMP0018,anjali.kapoor51@company-intranet.local,0,374,1,0
E000452,2026-01-10 21:12:51,meera.das18,EMP0018,neha.joshi20@company-intranet.local,0,420,1,0
E000453,2026-01-06 08:49:46,meera.das18,EMP0018,rohan.chatterjee50@company-intranet.local,0,41,0,0
E000454,2026-01-17 10:09:22,meera.das18,EMP0018,rohan.chatterjee50@company-intranet.local,0,292,1,0
E000455,2026-01-26 08:11:04,farah.gupta19,EMP0019,pooja.bhatt30@company-intranet.local,0,461,0,0
E000456,2026-01-14 20:50:50,farah.gupta19,EMP0019,vikram.reddy47@company-intranet.local,0,189,0,0
E000457,2026-01-17 12:56:52,farah.gupta19,EMP0019,kiran.joshi16@company-intranet.local,0,177,0,0
E000458,2026-01-27 12:25:55,farah.gupta19,EMP0019,meera.das18@company-intranet.local,0,284,0,0
E000459,2026-01-03 15:28:12,farah.gupta19,EMP0019,rahul.gupta38@company-intranet.local,0,285,0,0
E000460,2026-01-17 17:59:34,farah.gupta19,EMP0019,farah.chatterjee33@company-intranet.local,0,104,1,0
E000461,2026-01-20 20:20:51,farah.gupta19,EMP0019,tanya.khan15@company-intranet.local,0,200,1,0
E000462,2026-01-20 11:08:34,farah.gupta19,EMP0019,rohan.sharma4@company-intranet.local,0,174,0,0
E000463,2026-01-04 11:28:59,farah.gupta19,EMP0019,meera.das18@company-intranet.local,0,365,0,0
E000464,2026-01-26 10:39:21,farah.gupta19,EMP0019,varun.saxena23@company-intranet.local,0,45,0,0
E000465,2026-01-26 08:36:11,farah.gupta19,EMP0019,vikram.reddy47@company-intranet.local,0,427,0,0
E000466,2026-02-08 03:59:21,farah.gupta19,EMP0019,anjali.mehta58@company-intranet.local,0,397,0,0
E000467,2026-01-07 04:40:44,farah.gupta19,EMP0019,neha.joshi20@company-intranet.local,0,379,0,0
E000468,2026-02-12 22:06:56,farah.gupta19,EMP0019,tanya.khan15@company-intranet.local,0,56,0,0
E000469,2026-01-07 11:32:24,farah.gupta19,EMP0019,swati.das7@company-intranet.local,0,312,1,0
E000470,2026-01-02 08:51:18,farah.gupta19,EMP0019,isha.pillai46@company-intranet.local,0,487,0,0
E000471,2026-02-13 10:43:44,farah.gupta19,EMP0019,neha.naidu12@company-intranet.local,0,91,1,0
E000472,2026-01-02 11:39:23,farah.gupta19,EMP0019,deepak.naidu59@company-intranet.local,0,124,0,0
E000473,2026-01-18 14:05:43,farah.gupta19,EMP0019,neha.naidu12@company-intranet.local,0,5,0,0
E000474,2026-02-12 08:28:57,farah.gupta19,EMP0019,divya.verma21@company-intranet.local,0,406,1,0
E000475,2026-01-23 16:03:00,farah.gupta19,EMP0019,rahul.bhatt11@company-intranet.local,0,445,0,0
E000476,2026-02-14 17:05:20,farah.gupta19,EMP0019,deepak.gupta8@company-intranet.local,0,177,0,0
E000477,2026-01-12 17:22:51,farah.gupta19,EMP0019,sameer.reddy42@company-intranet.local,0,356,1,0
E000478,2026-02-07 09:40:56,farah.gupta19,EMP0019,rahul.khan40@company-intranet.local,0,178,0,0
E000479,2026-01-29 09:53:31,farah.gupta19,EMP0019,swati.das7@company-intranet.local,0,396,0,0
E000480,2026-01-13 16:29:38,farah.gupta19,EMP0019,varun.iyer36@company-intranet.local,0,30,0,0
E000481,2026-02-07 14:41:01,farah.gupta19,EMP0019,deepak.naidu59@company-intranet.local,0,123,1,0
E000482,2026-01-05 05:25:18,farah.gupta19,EMP0019,karthik.rao44@company-intranet.local,0,323,0,0
E000483,2026-01-20 15:00:13,farah.gupta19,EMP0019,suresh.joshi45@company-intranet.local,0,464,1,0
E000484,2026-01-08 00:22:08,farah.gupta19,EMP0019,yusuf.naidu3@company-intranet.local,0,454,0,0
E000485,2026-01-28 04:39:44,farah.gupta19,EMP0019,sneha.verma49@company-intranet.local,0,150,0,0
E000486,2026-01-05 12:40:39,farah.gupta19,EMP0019,deepak.naidu59@company-intranet.local,0,53,0,0
E000487,2026-02-11 10:39:39,farah.gupta19,EMP0019,anjali.mehta58@company-intranet.local,0,94,1,0
E000488,2026-01-23 10:48:15,farah.gupta19,EMP0019,deepak.naidu59@company-intranet.local,0,196,1,0
E000489,2026-01-22 08:23:24,neha.joshi20,EMP0020,ritu.bhatt5@company-intranet.local,0,22,0,0
E000490,2026-01-27 20:36:36,neha.joshi20,EMP0020,farah.iyer1@company-intranet.local,0,334,0,0
E000491,2026-01-26 13:58:58,neha.joshi20,EMP0020,kiran.iyer53@company-intranet.local,0,285,0,0
E000492,2026-01-05 12:45:28,neha.joshi20,EMP0020,rajesh.sharma31@company-intranet.local,0,139,0,0
E000493,2026-02-14 17:30:32,neha.joshi20,EMP0020,meera.das18@company-intranet.local,0,360,1,0
E000494,2026-01-09 14:13:42,neha.joshi20,EMP0020,manoj.khan13@company-intranet.local,0,296,0,0
E000495,2026-01-20 13:23:55,neha.joshi20,EMP0020,tanya.khan15@company-intranet.local,0,15,0,0
E000496,2026-01-26 12:24:48,neha.joshi20,EMP0020,rohan.joshi55@company-intranet.local,0,438,0,0
E000497,2026-01-22 10:13:10,neha.joshi20,EMP0020,isha.saxena41@company-intranet.local,0,183,0,0
E000498,2026-01-05 12:24:20,neha.joshi20,EMP0020,kavya.patil17@company-intranet.local,0,71,0,0
E000499,2026-01-12 09:29:34,neha.joshi20,EMP0020,kavya.patil17@company-intranet.local,0,99,1,0
E000500,2026-01-04 13:42:36,neha.joshi20,EMP0020,suresh.joshi45@company-intranet.local,0,403,0,0
E000501,2026-01-15 15:19:21,neha.joshi20,EMP0020,rohan.joshi55@company-intranet.local,0,53,0,0
E000502,2026-01-01 14:02:36,neha.joshi20,EMP0020,yusuf.naidu3@company-intranet.local,0,334,0,0
E000503,2026-02-13 04:15:00,neha.joshi20,EMP0020,isha.saxena41@company-intranet.local,0,396,1,0
E000504,2026-02-05 17:32:16,neha.joshi20,EMP0020,kiran.joshi16@company-intranet.local,0,12,0,0
E000505,2026-01-08 07:25:28,neha.joshi20,EMP0020,tanya.khan15@company-intranet.local,0,411,0,0
E000506,2026-02-09 18:18:57,neha.joshi20,EMP0020,karthik.rao44@company-intranet.local,0,176,0,0
E000507,2026-01-22 15:36:35,neha.joshi20,EMP0020,anjali.kapoor51@company-intranet.local,0,283,0,0
E000508,2026-01-21 16:55:11,neha.joshi20,EMP0020,lakshmi.naidu6@company-intranet.local,0,92,1,0
E000509,2026-02-07 15:19:10,neha.joshi20,EMP0020,swati.bose26@company-intranet.local,0,28,0,0
E000510,2026-01-16 11:51:56,neha.joshi20,EMP0020,neha.naidu12@company-intranet.local,0,413,0,0
E000511,2026-02-14 08:23:22,neha.joshi20,EMP0020,arjun.mehta34@company-intranet.local,0,100,0,0
E000512,2026-01-17 11:29:56,neha.joshi20,EMP0020,vikram.menon2@company-intranet.local,0,360,1,0
E000513,2026-01-09 00:28:07,neha.joshi20,EMP0020,lakshmi.naidu6@company-intranet.local,0,415,0,0
E000514,2026-01-11 09:48:35,neha.joshi20,EMP0020,farah.iyer1@company-intranet.local,0,97,0,0
E000515,2026-01-28 14:10:06,neha.joshi20,EMP0020,sameer.reddy42@company-intranet.local,0,412,1,0
E000516,2026-02-12 08:22:58,neha.joshi20,EMP0020,deepak.naidu59@company-intranet.local,0,273,0,0
E000517,2026-02-03 13:31:46,neha.joshi20,EMP0020,farah.iyer1@company-intranet.local,0,356,0,0
E000518,2026-02-06 07:06:49,neha.joshi20,EMP0020,deepak.gupta8@company-intranet.local,0,262,0,0
E000519,2026-01-14 12:21:35,neha.joshi20,EMP0020,varun.iyer36@company-intranet.local,0,46,1,0
E000520,2026-02-07 16:36:47,neha.joshi20,EMP0020,pooja.bhatt30@company-intranet.local,0,358,0,0
E000521,2026-01-11 14:06:24,neha.joshi20,EMP0020,varun.iyer36@company-intranet.local,0,269,0,0
E000522,2026-01-04 15:49:21,divya.verma21,EMP0021,deepak.naidu59@company-intranet.local,0,126,0,0
E000523,2026-02-04 15:44:38,divya.verma21,EMP0021,rohan.joshi55@company-intranet.local,0,115,0,0
E000524,2026-02-05 21:38:09,divya.verma21,EMP0021,farah.chatterjee33@company-intranet.local,0,470,1,0
E000525,2026-01-31 17:51:32,divya.verma21,EMP0021,meera.das18@company-intranet.local,0,174,0,0
E000526,2026-01-04 14:32:08,divya.verma21,EMP0021,rahul.bhatt11@company-intranet.local,0,374,0,0
E000527,2026-01-11 00:11:35,divya.verma21,EMP0021,meera.reddy14@company-intranet.local,0,319,0,0
E000528,2026-02-04 07:59:53,divya.verma21,EMP0021,tanya.khan15@company-intranet.local,0,74,1,0
E000529,2026-01-10 06:05:17,divya.verma21,EMP0021,meera.das18@company-intranet.local,0,254,0,0
E000530,2026-02-11 08:08:59,divya.verma21,EMP0021,manoj.menon48@company-intranet.local,0,445,1,0
E000531,2026-01-08 06:23:36,divya.verma21,EMP0021,divya.kapoor39@company-intranet.local,0,368,0,0
E000532,2026-02-14 01:08:47,divya.verma21,EMP0021,isha.saxena41@company-intranet.local,0,381,0,0
E000533,2026-01-09 03:13:03,divya.verma21,EMP0021,meera.das18@company-intranet.local,0,484,1,0
E000534,2026-02-14 08:54:08,divya.verma21,EMP0021,anjali.nair9@company-intranet.local,0,372,0,0
E000535,2026-02-01 10:59:08,divya.verma21,EMP0021,suresh.joshi45@company-intranet.local,0,453,0,0
E000536,2026-01-16 10:12:02,divya.verma21,EMP0021,anjali.mehta58@company-intranet.local,0,402,0,0
E000537,2026-02-02 07:21:56,divya.verma21,EMP0021,rohan.sharma4@company-intranet.local,0,213,0,0
E000538,2026-01-26 08:43:52,divya.verma21,EMP0021,rohan.sharma4@company-intranet.local,0,181,1,0
E000539,2026-02-08 09:53:28,divya.verma21,EMP0021,pooja.bhatt30@company-intranet.local,0,240,0,0
E000540,2026-01-26 17:06:39,divya.verma21,EMP0021,yusuf.das35@company-intranet.local,0,119,0,0
E000541,2026-01-05 14:41:10,divya.verma21,EMP0021,divya.kapoor39@company-intranet.local,0,50,0,0
E000542,2026-02-13 16:43:47,divya.verma21,EMP0021,ritu.bhatt5@company-intranet.local,0,245,0,0
E000543,2026-01-25 16:02:55,divya.verma21,EMP0021,rahul.bhatt11@company-intranet.local,0,303,1,0
E000544,2026-02-03 08:50:01,divya.verma21,EMP0021,kavya.patil17@company-intranet.local,0,131,1,0
E000545,2026-02-04 15:04:39,divya.verma21,EMP0021,vikram.naidu25@company-intranet.local,0,205,0,0
E000546,2026-01-10 13:51:55,divya.verma21,EMP0021,manoj.khan13@company-intranet.local,0,485,0,0
E000547,2026-01-27 12:32:03,divya.verma21,EMP0021,farah.kapoor24@company-intranet.local,0,212,1,0
E000548,2026-01-24 20:26:53,divya.verma21,EMP0021,deepak.naidu59@company-intranet.local,0,206,0,0
E000549,2026-01-03 10:44:25,divya.verma21,EMP0021,manoj.sharma60@company-intranet.local,0,83,0,0
E000550,2026-02-06 12:25:23,divya.verma21,EMP0021,farah.kapoor24@company-intranet.local,0,35,0,0
E000551,2026-02-07 09:48:50,divya.verma21,EMP0021,kavya.patil17@company-intranet.local,0,158,1,0
E000552,2026-01-03 11:27:25,divya.verma21,EMP0021,manoj.khan13@company-intranet.local,0,355,0,0
E000553,2026-02-08 15:45:14,divya.verma21,EMP0021,farah.pillai37@company-intranet.local,0,218,0,0
E000554,2026-01-01 09:38:24,divya.verma21,EMP0021,rahul.bhatt11@company-intranet.local,0,237,0,0
E000555,2026-01-09 16:24:08,divya.verma21,EMP0021,tanya.verma28@company-intranet.local,0,456,0,0
E000556,2026-01-06 09:09:16,divya.verma21,EMP0021,meera.reddy14@company-intranet.local,0,407,0,0
E000557,2026-02-12 08:53:47,divya.verma21,EMP0021,divya.joshi22@company-intranet.local,0,486,1,0
E000558,2026-02-05 14:17:43,divya.verma21,EMP0021,sneha.joshi10@company-intranet.local,0,56,1,0
E000559,2026-02-02 13:02:34,divya.joshi22,EMP0022,manoj.menon48@company-intranet.local,0,257,1,0
E000560,2026-02-13 13:47:39,divya.joshi22,EMP0022,manoj.sharma60@company-intranet.local,0,213,0,0
E000561,2026-02-10 09:19:58,divya.joshi22,EMP0022,kiran.iyer53@company-intranet.local,0,369,0,0
E000562,2026-02-12 13:43:24,divya.joshi22,EMP0022,kavya.patil17@company-intranet.local,0,117,0,0
E000563,2026-02-05 10:15:56,divya.joshi22,EMP0022,anjali.nair9@company-intranet.local,0,373,0,0
E000564,2026-01-30 21:11:56,divya.joshi22,EMP0022,farah.kapoor24@company-intranet.local,0,346,0,0
E000565,2026-01-24 12:14:15,divya.joshi22,EMP0022,kavya.patil17@company-intranet.local,0,491,0,0
E000566,2026-01-03 15:15:04,divya.joshi22,EMP0022,lakshmi.naidu6@company-intranet.local,0,366,0,0
E000567,2026-02-12 12:25:01,divya.joshi22,EMP0022,farah.kapoor24@company-intranet.local,0,373,0,0
E000568,2026-01-24 16:49:46,divya.joshi22,EMP0022,vikram.naidu25@company-intranet.local,0,474,1,0
E000569,2026-02-06 14:31:21,divya.joshi22,EMP0022,anjali.kapoor51@company-intranet.local,0,237,0,0
E000570,2026-02-07 14:46:51,divya.joshi22,EMP0022,meera.das18@company-intranet.local,0,374,1,0
E000571,2026-01-22 19:23:15,divya.joshi22,EMP0022,tanya.verma28@company-intranet.local,0,194,1,0
E000572,2026-01-31 23:17:25,divya.joshi22,EMP0022,vikram.naidu25@company-intranet.local,0,481,1,0
E000573,2026-02-08 15:24:51,divya.joshi22,EMP0022,ritu.bhatt5@company-intranet.local,0,225,0,0
E000574,2026-01-18 07:11:21,divya.joshi22,EMP0022,farah.gupta19@company-intranet.local,0,194,0,0
E000575,2026-02-04 14:00:36,divya.joshi22,EMP0022,divya.joshi22@company-intranet.local,0,478,1,0
E000576,2026-01-20 12:52:21,divya.joshi22,EMP0022,neha.naidu12@company-intranet.local,0,394,0,0
E000577,2026-02-08 08:50:23,divya.joshi22,EMP0022,farah.pillai37@company-intranet.local,0,200,0,0
E000578,2026-01-20 16:11:07,divya.joshi22,EMP0022,rohan.joshi55@company-intranet.local,0,477,0,0
E000579,2026-01-01 11:17:08,divya.joshi22,EMP0022,kiran.joshi16@company-intranet.local,0,193,1,0
E000580,2026-02-07 22:17:11,divya.joshi22,EMP0022,vikram.naidu25@company-intranet.local,0,67,0,0
E000581,2026-01-04 23:16:41,divya.joshi22,EMP0022,yusuf.das35@company-intranet.local,0,303,0,0
E000582,2026-01-16 15:10:26,divya.joshi22,EMP0022,kiran.iyer53@company-intranet.local,0,64,0,0
E000583,2026-01-21 16:13:45,divya.joshi22,EMP0022,swati.kapoor52@company-intranet.local,0,33,0,0
E000584,2026-02-06 11:42:49,divya.joshi22,EMP0022,pooja.bhatt30@company-intranet.local,0,120,0,0
E000585,2026-02-13 17:01:34,divya.joshi22,EMP0022,sameer.reddy42@company-intranet.local,0,356,1,0
E000586,2026-01-08 12:33:52,divya.joshi22,EMP0022,varun.saxena23@company-intranet.local,0,475,0,0
E000587,2026-01-10 18:05:23,divya.joshi22,EMP0022,vikram.reddy47@company-intranet.local,0,286,0,0
E000588,2026-01-06 17:35:17,divya.joshi22,EMP0022,divya.verma21@company-intranet.local,0,85,0,0
E000589,2026-01-24 15:42:17,divya.joshi22,EMP0022,manoj.menon48@company-intranet.local,0,463,0,0
E000590,2026-02-02 15:16:17,varun.saxena23,EMP0023,rohan.joshi55@company-intranet.local,0,353,1,0
E000591,2026-02-13 12:07:31,varun.saxena23,EMP0023,manoj.khan13@company-intranet.local,0,334,0,0
E000592,2026-02-11 18:43:01,varun.saxena23,EMP0023,suresh.joshi45@company-intranet.local,0,275,0,0
E000593,2026-01-22 16:52:09,varun.saxena23,EMP0023,tanya.khan15@company-intranet.local,0,468,0,0
E000594,2026-01-30 11:36:27,varun.saxena23,EMP0023,swati.bose26@company-intranet.local,0,354,0,0
E000595,2026-01-27 08:29:00,varun.saxena23,EMP0023,deepak.gupta8@company-intranet.local,0,147,0,0
E000596,2026-02-11 16:59:48,varun.saxena23,EMP0023,isha.saxena41@company-intranet.local,0,363,0,0
E000597,2026-01-10 15:59:34,varun.saxena23,EMP0023,ritu.bhatt5@company-intranet.local,0,17,0,0
E000598,2026-01-21 14:42:02,varun.saxena23,EMP0023,yusuf.naidu3@company-intranet.local,0,17,0,0
E000599,2026-01-31 16:11:46,varun.saxena23,EMP0023,anjali.nair9@company-intranet.local,0,38,0,0
E000600,2026-01-12 10:42:54,varun.saxena23,EMP0023,manoj.khan13@company-intranet.local,0,66,0,0
E000601,2026-01-02 13:14:36,varun.saxena23,EMP0023,suresh.joshi45@company-intranet.local,0,410,0,0
E000602,2026-01-14 15:33:51,varun.saxena23,EMP0023,isha.saxena41@company-intranet.local,0,360,0,0
E000603,2026-02-01 23:58:02,varun.saxena23,EMP0023,manoj.khan13@company-intranet.local,0,67,0,0
E000604,2026-01-25 13:22:45,varun.saxena23,EMP0023,sneha.joshi10@company-intranet.local,0,270,0,0
E000605,2026-01-12 17:01:38,varun.saxena23,EMP0023,sameer.reddy42@company-intranet.local,0,100,1,0
E000606,2026-02-10 16:50:15,varun.saxena23,EMP0023,varun.saxena23@company-intranet.local,0,70,1,0
E000607,2026-01-24 20:22:52,varun.saxena23,EMP0023,anjali.mehta58@company-intranet.local,0,445,1,0
E000608,2026-02-13 08:15:09,varun.saxena23,EMP0023,rahul.bhatt11@company-intranet.local,0,82,1,0
E000609,2026-02-14 15:28:14,varun.saxena23,EMP0023,suresh.joshi45@company-intranet.local,0,320,0,0
E000610,2026-02-03 13:11:00,varun.saxena23,EMP0023,farah.gupta19@company-intranet.local,0,191,0,0
E000611,2026-02-14 14:57:50,varun.saxena23,EMP0023,karthik.bose54@company-intranet.local,0,118,0,0
E000612,2026-01-15 07:27:27,varun.saxena23,EMP0023,lakshmi.naidu6@company-intranet.local,0,264,0,0
E000613,2026-01-03 11:05:58,varun.saxena23,EMP0023,rohan.sharma4@company-intranet.local,0,287,0,0
E000614,2026-01-03 12:24:38,varun.saxena23,EMP0023,isha.naidu32@company-intranet.local,0,408,0,0
E000615,2026-02-02 15:53:54,varun.saxena23,EMP0023,manoj.khan13@company-intranet.local,0,200,0,0
E000616,2026-01-07 01:07:09,varun.saxena23,EMP0023,swati.bose26@company-intranet.local,0,56,0,0
E000617,2026-02-11 16:52:35,varun.saxena23,EMP0023,tanya.khan15@company-intranet.local,0,462,1,0
E000618,2026-02-05 13:11:45,farah.kapoor24,EMP0024,lakshmi.naidu6@company-intranet.local,0,498,0,0
E000619,2026-02-12 15:40:27,farah.kapoor24,EMP0024,manoj.sharma60@company-intranet.local,0,367,0,0
E000620,2026-02-04 16:49:25,farah.kapoor24,EMP0024,rajesh.sharma31@company-intranet.local,0,107,0,0
E000621,2026-01-29 15:08:09,farah.kapoor24,EMP0024,meera.reddy14@company-intranet.local,0,498,0,0
E000622,2026-02-14 22:09:10,farah.kapoor24,EMP0024,deepak.naidu59@company-intranet.local,0,369,1,0
E000623,2026-01-02 13:48:38,farah.kapoor24,EMP0024,farah.gupta19@company-intranet.local,0,134,0,0
E000624,2026-01-23 12:42:54,farah.kapoor24,EMP0024,manoj.menon48@company-intranet.local,0,294,0,0
E000625,2026-02-12 23:40:55,farah.kapoor24,EMP0024,neha.naidu12@company-intranet.local,0,96,1,0
E000626,2026-01-23 11:24:11,farah.kapoor24,EMP0024,kiran.iyer53@company-intranet.local,0,459,1,0
E000627,2026-01-22 08:41:03,farah.kapoor24,EMP0024,anjali.mehta58@company-intranet.local,0,204,0,0
E000628,2026-02-10 15:30:55,farah.kapoor24,EMP0024,swati.kapoor52@company-intranet.local,0,130,0,0
E000629,2026-02-11 07:03:17,farah.kapoor24,EMP0024,swati.bose26@company-intranet.local,0,355,0,0
E000630,2026-01-18 07:15:00,farah.kapoor24,EMP0024,isha.naidu32@company-intranet.local,0,347,0,0
E000631,2026-01-15 16:19:49,farah.kapoor24,EMP0024,deepak.gupta8@company-intranet.local,0,339,1,0
E000632,2026-01-21 08:56:42,farah.kapoor24,EMP0024,ritu.bhatt5@company-intranet.local,0,117,0,0
E000633,2026-01-12 10:03:32,farah.kapoor24,EMP0024,anjali.kapoor51@company-intranet.local,0,151,1,0
E000634,2026-01-26 09:53:46,farah.kapoor24,EMP0024,rajesh.sharma31@company-intranet.local,0,341,0,0
E000635,2026-01-25 06:46:17,farah.kapoor24,EMP0024,anjali.kapoor51@company-intranet.local,0,248,0,0
E000636,2026-01-24 10:36:04,farah.kapoor24,EMP0024,swati.kapoor52@company-intranet.local,0,94,1,0
E000637,2026-02-12 06:05:27,farah.kapoor24,EMP0024,vikram.reddy47@company-intranet.local,0,142,0,0
E000638,2026-01-05 13:58:43,farah.kapoor24,EMP0024,divya.joshi22@company-intranet.local,0,173,0,0
E000639,2026-01-18 01:59:42,farah.kapoor24,EMP0024,lakshmi.naidu6@company-intranet.local,0,300,1,0
E000640,2026-01-25 13:13:37,farah.kapoor24,EMP0024,divya.verma21@company-intranet.local,0,235,1,0
E000641,2026-02-01 10:11:03,farah.kapoor24,EMP0024,rajesh.sharma31@company-intranet.local,0,416,0,0
E000642,2026-01-09 01:10:27,farah.kapoor24,EMP0024,rahul.bhatt11@company-intranet.local,0,346,0,0
E000643,2026-01-05 13:41:31,farah.kapoor24,EMP0024,swati.das7@company-intranet.local,0,74,1,0
E000644,2026-02-12 07:19:04,farah.kapoor24,EMP0024,manoj.khan13@company-intranet.local,0,297,0,0
E000645,2026-01-28 17:39:25,farah.kapoor24,EMP0024,pooja.bhatt30@company-intranet.local,0,277,1,0
E000646,2026-02-11 11:02:36,farah.kapoor24,EMP0024,arjun.mehta34@company-intranet.local,0,247,0,0
E000647,2026-01-05 08:31:57,farah.kapoor24,EMP0024,rajesh.sharma31@company-intranet.local,0,123,0,0
E000648,2026-02-08 22:11:08,farah.kapoor24,EMP0024,deepak.bose29@company-intranet.local,0,338,0,0
E000649,2026-02-13 15:29:21,farah.kapoor24,EMP0024,suresh.joshi45@company-intranet.local,0,300,1,0
E000650,2026-02-04 13:41:34,farah.kapoor24,EMP0024,vikram.nair27@company-intranet.local,0,185,0,0
E000651,2026-02-10 18:40:43,farah.kapoor24,EMP0024,farah.pillai37@company-intranet.local,0,465,1,0
E000652,2026-02-14 09:07:38,farah.kapoor24,EMP0024,lakshmi.naidu6@company-intranet.local,0,327,0,0
E000653,2026-01-22 09:01:32,farah.kapoor24,EMP0024,karthik.rao44@company-intranet.local,0,376,1,0
E000654,2026-01-22 08:07:09,vikram.naidu25,EMP0025,yusuf.naidu3@company-intranet.local,0,86,0,0
E000655,2026-02-07 06:53:01,vikram.naidu25,EMP0025,rohan.chatterjee50@company-intranet.local,0,183,0,0
E000656,2026-01-25 09:18:36,vikram.naidu25,EMP0025,isha.saxena41@company-intranet.local,0,238,0,0
E000657,2026-01-31 00:03:00,vikram.naidu25,EMP0025,anjali.nair9@company-intranet.local,0,220,1,0
E000658,2026-01-30 10:19:34,vikram.naidu25,EMP0025,nikhil.kapoor43@company-intranet.local,0,395,0,0
E000659,2026-02-01 10:36:28,vikram.naidu25,EMP0025,rahul.gupta38@company-intranet.local,0,235,0,0
E000660,2026-01-06 11:12:24,vikram.naidu25,EMP0025,manoj.mehta57@company-intranet.local,0,182,0,0
E000661,2026-02-14 22:16:54,vikram.naidu25,EMP0025,divya.joshi22@company-intranet.local,0,21,0,0
E000662,2026-01-27 09:20:44,vikram.naidu25,EMP0025,tanya.khan15@company-intranet.local,0,245,0,0
E000663,2026-01-03 13:24:17,vikram.naidu25,EMP0025,farah.pillai37@company-intranet.local,0,223,1,0
E000664,2026-01-12 20:28:05,vikram.naidu25,EMP0025,deepak.gupta8@company-intranet.local,0,456,1,0
E000665,2026-02-06 14:08:36,vikram.naidu25,EMP0025,suresh.joshi45@company-intranet.local,0,199,0,0
E000666,2026-01-21 08:44:23,vikram.naidu25,EMP0025,rahul.gupta38@company-intranet.local,0,243,1,0
E000667,2026-01-01 08:22:07,vikram.naidu25,EMP0025,rahul.bhatt11@company-intranet.local,0,275,0,0
E000668,2026-01-30 11:13:27,vikram.naidu25,EMP0025,neha.joshi20@company-intranet.local,0,125,0,0
E000669,2026-01-21 13:58:33,vikram.naidu25,EMP0025,rahul.khan40@company-intranet.local,0,440,1,0
E000670,2026-02-06 15:39:25,vikram.naidu25,EMP0025,varun.saxena23@company-intranet.local,0,477,0,0
E000671,2026-01-27 14:15:19,vikram.naidu25,EMP0025,divya.joshi22@company-intranet.local,0,390,0,0
E000672,2026-01-19 15:19:45,vikram.naidu25,EMP0025,kavya.patil17@company-intranet.local,0,407,0,0
E000673,2026-01-20 13:25:36,vikram.naidu25,EMP0025,manoj.sharma60@company-intranet.local,0,313,1,0
E000674,2026-01-16 15:15:53,vikram.naidu25,EMP0025,isha.pillai46@company-intranet.local,0,488,0,0
E000675,2026-01-18 13:18:14,vikram.naidu25,EMP0025,farah.pillai37@company-intranet.local,0,456,0,0
E000676,2026-01-27 09:33:48,vikram.naidu25,EMP0025,karthik.rao44@company-intranet.local,0,433,1,0
E000677,2026-02-14 13:09:14,vikram.naidu25,EMP0025,rohan.sharma4@company-intranet.local,0,308,0,0
E000678,2026-02-02 11:38:46,vikram.naidu25,EMP0025,rajesh.sharma31@company-intranet.local,0,375,0,0
E000679,2026-02-06 14:34:41,vikram.naidu25,EMP0025,rohan.chatterjee50@company-intranet.local,0,456,1,0
E000680,2026-02-07 16:17:06,vikram.naidu25,EMP0025,kiran.joshi16@company-intranet.local,0,85,0,0
E000681,2026-01-01 23:48:36,vikram.naidu25,EMP0025,deepak.bose29@company-intranet.local,0,71,0,0
E000682,2026-02-14 08:55:30,vikram.naidu25,EMP0025,sneha.verma49@company-intranet.local,0,27,0,0
E000683,2026-01-21 09:54:33,vikram.naidu25,EMP0025,varun.saxena23@company-intranet.local,0,103,0,0
E000684,2026-02-10 14:26:23,vikram.naidu25,EMP0025,divya.joshi22@company-intranet.local,0,246,1,0
E000685,2026-01-09 16:08:02,vikram.naidu25,EMP0025,kiran.joshi16@company-intranet.local,0,10,0,0
E000686,2026-01-20 09:27:54,vikram.naidu25,EMP0025,neha.joshi20@company-intranet.local,0,200,0,0
E000687,2026-01-10 14:14:36,vikram.naidu25,EMP0025,rohan.sharma4@company-intranet.local,0,426,0,0
E000688,2026-01-10 17:55:22,vikram.naidu25,EMP0025,swati.das7@company-intranet.local,0,74,0,0
E000689,2026-01-30 10:22:33,swati.bose26,EMP0026,isha.pillai46@company-intranet.local,0,309,0,0
E000690,2026-01-13 10:43:53,swati.bose26,EMP0026,rajesh.sharma31@company-intranet.local,0,498,0,0
E000691,2026-02-05 20:05:59,swati.bose26,EMP0026,farah.pillai37@company-intranet.local,0,317,0,0
E000692,2026-01-05 05:35:19,swati.bose26,EMP0026,meera@outlook.com,1,13399,1,1
E000693,2026-01-21 08:04:14,swati.bose26,EMP0026,manoj.sharma60@company-intranet.local,0,282,1,0
E000694,2026-01-24 03:18:56,swati.bose26,EMP0026,arjun@yahoo.com,1,8674,1,1
E000695,2026-01-11 15:02:54,swati.bose26,EMP0026,kiran.joshi16@company-intranet.local,0,104,0,0
E000696,2026-01-30 04:26:13,swati.bose26,EMP0026,farah@gmail.com,1,2306,1,1
E000697,2026-01-20 23:45:37,swati.bose26,EMP0026,karthik@protonmail.com,1,14802,1,1
E000698,2026-02-04 03:50:57,swati.bose26,EMP0026,sameer.reddy42@company-intranet.local,0,165,1,0
E000699,2026-01-10 09:48:37,swati.bose26,EMP0026,rohan.sharma4@company-intranet.local,0,83,1,0
E000700,2026-01-06 21:28:56,swati.bose26,EMP0026,farah.gupta19@company-intranet.local,0,37,0,0
E000701,2026-01-17 00:19:13,swati.bose26,EMP0026,kavya@outlook.com,1,2957,1,1
E000702,2026-01-10 05:03:10,swati.bose26,EMP0026,arjun@outlook.com,1,8916,1,1
E000703,2026-01-26 11:21:46,swati.bose26,EMP0026,rajesh.iyer56@company-intranet.local,0,390,0,0
E000704,2026-01-13 02:39:50,swati.bose26,EMP0026,vikram@gmail.com,1,4233,1,1
E000705,2026-01-02 22:36:06,swati.bose26,EMP0026,meera@yahoo.com,1,2163,1,1
E000706,2026-01-15 03:16:26,swati.bose26,EMP0026,neha@protonmail.com,1,3109,1,1
E000707,2026-02-14 22:50:29,swati.bose26,EMP0026,rahul@gmail.com,1,9168,1,1
E000708,2026-01-28 23:39:39,swati.bose26,EMP0026,rahul@outlook.com,1,6081,1,1
E000709,2026-01-04 05:13:03,swati.bose26,EMP0026,sneha@yahoo.com,1,5781,1,1
E000710,2026-02-07 09:31:10,vikram.nair27,EMP0027,kiran.joshi16@company-intranet.local,0,19,0,0
E000711,2026-01-18 19:08:02,vikram.nair27,EMP0027,anjali.nair9@company-intranet.local,0,281,0,0
E000712,2026-01-30 00:05:29,vikram.nair27,EMP0027,lakshmi@yahoo.com,1,4677,1,1
E000713,2026-02-12 09:56:23,vikram.nair27,EMP0027,rohan.sharma4@company-intranet.local,0,229,1,0
E000714,2026-01-27 09:56:34,vikram.nair27,EMP0027,pooja.bhatt30@company-intranet.local,0,378,0,0
E000715,2026-01-31 14:20:52,vikram.nair27,EMP0027,kavya.patil17@company-intranet.local,0,216,0,0
E000716,2026-02-09 13:55:11,vikram.nair27,EMP0027,manoj.sharma60@company-intranet.local,0,140,0,0
E000717,2026-01-25 12:34:55,vikram.nair27,EMP0027,deepak.naidu59@company-intranet.local,0,230,0,0
E000718,2026-02-13 08:32:55,vikram.nair27,EMP0027,manoj.sharma60@company-intranet.local,0,37,0,0
E000719,2026-01-10 04:37:50,vikram.nair27,EMP0027,suresh.joshi45@company-intranet.local,0,180,0,0
E000720,2026-01-26 09:16:58,vikram.nair27,EMP0027,farah.chatterjee33@company-intranet.local,0,376,1,0
E000721,2026-01-10 11:40:12,vikram.nair27,EMP0027,deepak.bose29@company-intranet.local,0,298,0,0
E000722,2026-01-12 01:05:03,vikram.nair27,EMP0027,kiran@protonmail.com,1,10413,1,1
E000723,2026-01-03 05:44:35,vikram.nair27,EMP0027,karthik@gmail.com,1,12970,1,1
E000724,2026-01-05 05:52:31,vikram.nair27,EMP0027,farah.gupta19@company-intranet.local,0,360,0,0
E000725,2026-02-10 13:22:06,vikram.nair27,EMP0027,rahul.gupta38@company-intranet.local,0,322,1,0
E000726,2026-01-17 08:20:47,vikram.nair27,EMP0027,manoj.mehta57@company-intranet.local,0,464,0,0
E000727,2026-02-01 02:09:57,vikram.nair27,EMP0027,sameer@protonmail.com,1,14262,1,1
E000728,2026-01-17 23:11:10,vikram.nair27,EMP0027,aditi@outlook.com,1,6739,1,1
E000729,2026-01-10 22:11:24,vikram.nair27,EMP0027,nikhil@outlook.com,1,13224,1,1
E000730,2026-01-17 14:54:12,vikram.nair27,EMP0027,deepak.naidu59@company-intranet.local,0,104,1,0
E000731,2026-01-01 15:12:18,vikram.nair27,EMP0027,farah.gupta19@company-intranet.local,0,159,0,0
E000732,2026-01-02 16:31:32,vikram.nair27,EMP0027,divya.kapoor39@company-intranet.local,0,302,0,0
E000733,2026-01-01 00:51:10,vikram.nair27,EMP0027,aditi@outlook.com,1,12057,1,1
E000734,2026-02-13 12:22:04,vikram.nair27,EMP0027,rahul.khan40@company-intranet.local,0,397,0,0
E000735,2026-01-13 11:16:39,vikram.nair27,EMP0027,suresh.joshi45@company-intranet.local,0,467,0,0
E000736,2026-01-26 14:10:56,vikram.nair27,EMP0027,divya.kapoor39@company-intranet.local,0,384,0,0
E000737,2026-01-27 02:28:58,vikram.nair27,EMP0027,sameer@protonmail.com,1,7224,1,1
E000738,2026-01-11 05:36:09,vikram.nair27,EMP0027,aditi@protonmail.com,1,3319,1,1
E000739,2026-01-26 07:51:38,vikram.nair27,EMP0027,anjali.nair9@company-intranet.local,0,19,1,0
E000740,2026-01-24 18:09:37,vikram.nair27,EMP0027,farah.gupta19@company-intranet.local,0,64,0,0
E000741,2026-01-21 19:49:26,vikram.nair27,EMP0027,meera.reddy14@company-intranet.local,0,26,0,0
E000742,2026-02-07 15:44:37,vikram.nair27,EMP0027,swati.bose26@company-intranet.local,0,124,0,0
E000743,2026-01-16 14:09:41,vikram.nair27,EMP0027,vikram.nair27@company-intranet.local,0,93,1,0
E000744,2026-01-19 19:02:27,vikram.nair27,EMP0027,vikram.naidu25@company-intranet.local,0,43,0,0
E000745,2026-02-12 00:41:42,vikram.nair27,EMP0027,manoj@outlook.com,1,3590,1,1
E000746,2026-01-13 01:14:41,vikram.nair27,EMP0027,manoj@gmail.com,1,2714,1,1
E000747,2026-01-18 16:14:45,vikram.nair27,EMP0027,rohan.joshi55@company-intranet.local,0,85,0,0
E000748,2026-01-06 08:09:06,tanya.verma28,EMP0028,karthik.bose54@company-intranet.local,0,93,0,0
E000749,2026-01-24 15:32:42,tanya.verma28,EMP0028,deepak.naidu59@company-intranet.local,0,457,0,0
E000750,2026-01-24 12:55:27,tanya.verma28,EMP0028,yusuf.das35@company-intranet.local,0,218,1,0
E000751,2026-02-01 23:19:57,tanya.verma28,EMP0028,farah.iyer1@company-intranet.local,0,58,1,0
E000752,2026-01-08 12:16:35,tanya.verma28,EMP0028,yusuf.das35@company-intranet.local,0,34,0,0
E000753,2026-01-20 22:48:08,tanya.verma28,EMP0028,karthik.bose54@company-intranet.local,0,433,1,0
E000754,2026-01-01 04:24:11,tanya.verma28,EMP0028,farah.pillai37@company-intranet.local,0,480,1,0
E000755,2026-02-01 11:33:30,tanya.verma28,EMP0028,kiran.joshi16@company-intranet.local,0,430,0,0
E000756,2026-02-03 10:47:24,tanya.verma28,EMP0028,isha.saxena41@company-intranet.local,0,210,0,0
E000757,2026-01-26 15:49:47,tanya.verma28,EMP0028,deepak.gupta8@company-intranet.local,0,310,0,0
E000758,2026-01-09 08:42:11,tanya.verma28,EMP0028,deepak.gupta8@company-intranet.local,0,317,0,0
E000759,2026-01-28 15:11:04,tanya.verma28,EMP0028,manoj.khan13@company-intranet.local,0,98,0,0
E000760,2026-01-20 14:02:18,tanya.verma28,EMP0028,rahul.bhatt11@company-intranet.local,0,318,0,0
E000761,2026-02-04 08:07:18,tanya.verma28,EMP0028,vikram.reddy47@company-intranet.local,0,253,1,0
E000762,2026-02-06 15:44:55,tanya.verma28,EMP0028,deepak.gupta8@company-intranet.local,0,51,0,0
E000763,2026-02-09 11:52:48,tanya.verma28,EMP0028,vikram.nair27@company-intranet.local,0,306,1,0
E000764,2026-02-08 21:17:36,tanya.verma28,EMP0028,suresh.joshi45@company-intranet.local,0,274,0,0
E000765,2026-02-11 08:44:12,tanya.verma28,EMP0028,deepak.gupta8@company-intranet.local,0,381,1,0
E000766,2026-01-02 06:56:27,tanya.verma28,EMP0028,tanya.verma28@company-intranet.local,0,214,0,0
E000767,2026-02-14 15:45:00,tanya.verma28,EMP0028,rohan.sharma4@company-intranet.local,0,7,0,0
E000768,2026-01-13 15:34:21,tanya.verma28,EMP0028,manoj.khan13@company-intranet.local,0,283,0,0
E000769,2026-01-13 16:00:20,tanya.verma28,EMP0028,isha.saxena41@company-intranet.local,0,28,0,0
E000770,2026-01-12 09:56:33,tanya.verma28,EMP0028,anjali.mehta58@company-intranet.local,0,125,1,0
E000771,2026-01-01 18:35:44,tanya.verma28,EMP0028,rahul.bhatt11@company-intranet.local,0,478,0,0
E000772,2026-02-09 08:49:36,tanya.verma28,EMP0028,rohan.chatterjee50@company-intranet.local,0,318,0,0
E000773,2026-01-04 11:34:44,tanya.verma28,EMP0028,tanya.verma28@company-intranet.local,0,88,0,0
E000774,2026-01-28 18:54:14,tanya.verma28,EMP0028,neha.naidu12@company-intranet.local,0,437,1,0
E000775,2026-01-14 16:32:39,tanya.verma28,EMP0028,anjali.mehta58@company-intranet.local,0,202,1,0
E000776,2026-01-14 08:30:26,tanya.verma28,EMP0028,anjali.mehta58@company-intranet.local,0,387,0,0
E000777,2026-02-02 10:07:56,tanya.verma28,EMP0028,isha.saxena41@company-intranet.local,0,498,1,0
E000778,2026-01-26 08:29:06,tanya.verma28,EMP0028,kiran.joshi16@company-intranet.local,0,227,1,0
E000779,2026-01-20 20:06:00,tanya.verma28,EMP0028,ritu.bhatt5@company-intranet.local,0,102,0,0
E000780,2026-02-12 12:10:12,tanya.verma28,EMP0028,anjali.mehta58@company-intranet.local,0,120,1,0
E000781,2026-02-08 08:43:34,tanya.verma28,EMP0028,rohan.joshi55@company-intranet.local,0,265,1,0
E000782,2026-01-15 10:11:29,tanya.verma28,EMP0028,manoj.menon48@company-intranet.local,0,312,1,0
E000783,2026-02-03 11:45:48,deepak.bose29,EMP0029,manoj.menon48@company-intranet.local,0,486,1,0
E000784,2026-01-02 11:57:30,deepak.bose29,EMP0029,isha.naidu32@company-intranet.local,0,202,0,0
E000785,2026-02-11 04:48:40,deepak.bose29,EMP0029,vikram.reddy47@company-intranet.local,0,194,1,0
E000786,2026-01-11 00:57:59,deepak.bose29,EMP0029,yusuf.das35@company-intranet.local,0,272,0,0
E000787,2026-02-11 15:15:49,deepak.bose29,EMP0029,ritu.bhatt5@company-intranet.local,0,323,0,0
E000788,2026-01-30 13:26:07,deepak.bose29,EMP0029,pooja.bhatt30@company-intranet.local,0,475,1,0
E000789,2026-02-14 07:37:26,deepak.bose29,EMP0029,rahul.gupta38@company-intranet.local,0,441,1,0
E000790,2026-02-11 09:44:19,deepak.bose29,EMP0029,varun.saxena23@company-intranet.local,0,343,0,0
E000791,2026-01-12 14:01:45,deepak.bose29,EMP0029,kiran.iyer53@company-intranet.local,0,379,0,0
E000792,2026-02-14 10:23:44,deepak.bose29,EMP0029,kiran.iyer53@company-intranet.local,0,209,1,0
E000793,2026-01-25 15:39:55,deepak.bose29,EMP0029,varun.saxena23@company-intranet.local,0,299,0,0
E000794,2026-01-09 10:13:19,deepak.bose29,EMP0029,rahul.khan40@company-intranet.local,0,264,1,0
E000795,2026-02-06 17:10:21,deepak.bose29,EMP0029,divya.verma21@company-intranet.local,0,119,1,0
E000796,2026-01-18 14:40:40,deepak.bose29,EMP0029,farah.iyer1@company-intranet.local,0,396,0,0
E000797,2026-01-20 16:37:55,deepak.bose29,EMP0029,divya.kapoor39@company-intranet.local,0,16,0,0
E000798,2026-01-18 13:09:48,deepak.bose29,EMP0029,rahul.khan40@company-intranet.local,0,215,0,0
E000799,2026-02-07 22:19:04,deepak.bose29,EMP0029,sneha.verma49@company-intranet.local,0,229,1,0
E000800,2026-01-26 11:35:00,pooja.bhatt30,EMP0030,varun.iyer36@company-intranet.local,0,405,1,0
E000801,2026-01-30 09:43:31,pooja.bhatt30,EMP0030,kavya.patil17@company-intranet.local,0,291,0,0
E000802,2026-02-13 13:36:18,pooja.bhatt30,EMP0030,swati.bose26@company-intranet.local,0,146,0,0
E000803,2026-02-02 08:38:51,pooja.bhatt30,EMP0030,farah.chatterjee33@company-intranet.local,0,438,0,0
E000804,2026-01-08 11:15:18,pooja.bhatt30,EMP0030,karthik.bose54@company-intranet.local,0,239,1,0
E000805,2026-02-10 10:25:46,pooja.bhatt30,EMP0030,rahul.gupta38@company-intranet.local,0,279,1,0
E000806,2026-01-07 23:18:49,pooja.bhatt30,EMP0030,rahul.gupta38@company-intranet.local,0,278,0,0
E000807,2026-01-17 09:00:50,pooja.bhatt30,EMP0030,divya.kapoor39@company-intranet.local,0,90,1,0
E000808,2026-02-10 12:25:56,pooja.bhatt30,EMP0030,farah.iyer1@company-intranet.local,0,172,0,0
E000809,2026-01-08 16:02:10,pooja.bhatt30,EMP0030,swati.bose26@company-intranet.local,0,76,0,0
E000810,2026-01-03 10:18:35,pooja.bhatt30,EMP0030,divya.kapoor39@company-intranet.local,0,466,0,0
E000811,2026-01-02 16:11:17,pooja.bhatt30,EMP0030,yusuf.das35@company-intranet.local,0,431,0,0
E000812,2026-01-23 12:49:14,pooja.bhatt30,EMP0030,farah.iyer1@company-intranet.local,0,289,1,0
E000813,2026-02-06 12:55:42,pooja.bhatt30,EMP0030,swati.kapoor52@company-intranet.local,0,26,0,0
E000814,2026-01-31 09:52:34,pooja.bhatt30,EMP0030,varun.iyer36@company-intranet.local,0,126,1,0
E000815,2026-02-08 14:16:53,pooja.bhatt30,EMP0030,rohan.joshi55@company-intranet.local,0,385,0,0
E000816,2026-02-05 10:55:15,pooja.bhatt30,EMP0030,farah.iyer1@company-intranet.local,0,81,0,0
E000817,2026-01-24 17:03:00,pooja.bhatt30,EMP0030,meera.reddy14@company-intranet.local,0,28,1,0
E000818,2026-01-23 14:48:43,pooja.bhatt30,EMP0030,swati.bose26@company-intranet.local,0,57,1,0
E000819,2026-02-08 10:13:01,pooja.bhatt30,EMP0030,deepak.naidu59@company-intranet.local,0,500,0,0
E000820,2026-01-25 09:35:16,pooja.bhatt30,EMP0030,rohan.chatterjee50@company-intranet.local,0,294,0,0
E000821,2026-01-29 21:42:54,pooja.bhatt30,EMP0030,anjali.mehta58@company-intranet.local,0,155,0,0
E000822,2026-01-29 13:32:48,pooja.bhatt30,EMP0030,rajesh.sharma31@company-intranet.local,0,472,1,0
E000823,2026-01-02 14:33:30,pooja.bhatt30,EMP0030,rahul.bhatt11@company-intranet.local,0,217,1,0
E000824,2026-01-03 03:40:48,pooja.bhatt30,EMP0030,meera.reddy14@company-intranet.local,0,223,0,0
E000825,2026-02-14 07:14:17,pooja.bhatt30,EMP0030,deepak.naidu59@company-intranet.local,0,156,0,0
E000826,2026-01-17 08:38:02,pooja.bhatt30,EMP0030,swati.bose26@company-intranet.local,0,252,0,0
E000827,2026-02-12 10:27:35,pooja.bhatt30,EMP0030,anjali.mehta58@company-intranet.local,0,480,0,0
E000828,2026-01-24 08:02:24,pooja.bhatt30,EMP0030,sneha.joshi10@company-intranet.local,0,408,0,0
E000829,2026-01-08 10:22:39,pooja.bhatt30,EMP0030,divya.kapoor39@company-intranet.local,0,228,0,0
E000830,2026-01-09 09:27:49,pooja.bhatt30,EMP0030,neha.naidu12@company-intranet.local,0,99,0,0
E000831,2026-01-08 13:21:15,pooja.bhatt30,EMP0030,meera.reddy14@company-intranet.local,0,482,1,0
E000832,2026-02-11 14:28:50,pooja.bhatt30,EMP0030,vikram.menon2@company-intranet.local,0,137,0,0
E000833,2026-01-20 11:24:19,pooja.bhatt30,EMP0030,yusuf.das35@company-intranet.local,0,152,1,0
E000834,2026-01-21 08:27:20,rajesh.sharma31,EMP0031,rahul.bhatt11@company-intranet.local,0,54,0,0
E000835,2026-02-04 00:31:53,rajesh.sharma31,EMP0031,sneha@yahoo.com,1,6709,1,1
E000836,2026-01-22 08:10:44,rajesh.sharma31,EMP0031,karthik.bose54@company-intranet.local,0,446,1,0
E000837,2026-01-04 03:25:08,rajesh.sharma31,EMP0031,nikhil@yahoo.com,1,3497,1,1
E000838,2026-01-05 15:15:59,rajesh.sharma31,EMP0031,rohan.chatterjee50@company-intranet.local,0,332,0,0
E000839,2026-02-10 12:27:49,rajesh.sharma31,EMP0031,meera.das18@company-intranet.local,0,279,1,0
E000840,2026-02-04 13:35:20,rajesh.sharma31,EMP0031,isha.pillai46@company-intranet.local,0,350,0,0
E000841,2026-02-05 08:42:19,rajesh.sharma31,EMP0031,rahul.bhatt11@company-intranet.local,0,353,0,0
E000842,2026-01-09 09:25:07,rajesh.sharma31,EMP0031,farah.chatterjee33@company-intranet.local,0,172,0,0
E000843,2026-01-24 11:03:21,rajesh.sharma31,EMP0031,deepak.naidu59@company-intranet.local,0,31,1,0
E000844,2026-02-10 04:38:05,rajesh.sharma31,EMP0031,anjali@protonmail.com,1,9440,1,1
E000845,2026-01-20 03:48:23,rajesh.sharma31,EMP0031,farah@yahoo.com,1,7842,1,1
E000846,2026-01-10 04:07:53,rajesh.sharma31,EMP0031,deepak@protonmail.com,1,3951,1,1
E000847,2026-01-23 14:36:29,rajesh.sharma31,EMP0031,manoj.khan13@company-intranet.local,0,138,0,0
E000848,2026-02-08 05:14:31,rajesh.sharma31,EMP0031,ritu@gmail.com,1,5641,1,1
E000849,2026-01-13 03:26:05,rajesh.sharma31,EMP0031,rajesh@gmail.com,1,13278,1,1
E000850,2026-01-13 02:27:59,rajesh.sharma31,EMP0031,rohan@protonmail.com,1,10290,1,1
E000851,2026-02-04 15:35:04,rajesh.sharma31,EMP0031,varun.saxena23@company-intranet.local,0,411,0,0
E000852,2026-01-31 08:18:52,rajesh.sharma31,EMP0031,varun.iyer36@company-intranet.local,0,227,0,0
E000853,2026-01-21 09:07:28,rajesh.sharma31,EMP0031,suresh.joshi45@company-intranet.local,0,161,0,0
E000854,2026-01-21 08:20:46,rajesh.sharma31,EMP0031,tanya.khan15@company-intranet.local,0,252,1,0
E000855,2026-01-04 01:22:27,rajesh.sharma31,EMP0031,nikhil@protonmail.com,1,5080,1,1
E000856,2026-01-19 22:31:05,rajesh.sharma31,EMP0031,yusuf@protonmail.com,1,9253,1,1
E000857,2026-01-25 13:25:37,rajesh.sharma31,EMP0031,manoj.sharma60@company-intranet.local,0,38,0,0
E000858,2026-01-15 22:08:37,rajesh.sharma31,EMP0031,ajay@outlook.com,1,8161,1,1
E000859,2026-02-10 09:57:21,rajesh.sharma31,EMP0031,rohan.sharma4@company-intranet.local,0,317,1,0
E000860,2026-02-06 03:02:07,rajesh.sharma31,EMP0031,rohan.sharma4@company-intranet.local,0,277,1,0
E000861,2026-02-05 09:01:34,rajesh.sharma31,EMP0031,anjali.mehta58@company-intranet.local,0,124,1,0
E000862,2026-01-22 01:34:38,rajesh.sharma31,EMP0031,karthik@outlook.com,1,6710,1,1
E000863,2026-01-11 10:47:32,rajesh.sharma31,EMP0031,rohan.chatterjee50@company-intranet.local,0,269,0,0
E000864,2026-02-09 17:42:39,rajesh.sharma31,EMP0031,vikram.reddy47@company-intranet.local,0,239,1,0
E000865,2026-01-24 13:56:23,rajesh.sharma31,EMP0031,kiran.iyer53@company-intranet.local,0,401,0,0
E000866,2026-01-22 13:48:33,rajesh.sharma31,EMP0031,anjali.nair9@company-intranet.local,0,489,1,0
E000867,2026-01-08 05:09:04,rajesh.sharma31,EMP0031,deepak.bose29@company-intranet.local,0,386,1,0
E000868,2026-01-30 13:57:42,rajesh.sharma31,EMP0031,rohan.joshi55@company-intranet.local,0,328,0,0
E000869,2026-01-09 03:40:38,rajesh.sharma31,EMP0031,varun@protonmail.com,1,3342,1,1
E000870,2026-01-30 05:48:37,rajesh.sharma31,EMP0031,ritu@outlook.com,1,6303,1,1
E000871,2026-01-22 15:50:59,rajesh.sharma31,EMP0031,meera.reddy14@company-intranet.local,0,222,0,0
E000872,2026-01-11 10:33:06,rajesh.sharma31,EMP0031,lakshmi.naidu6@company-intranet.local,0,98,1,0
E000873,2026-01-14 08:32:21,rajesh.sharma31,EMP0031,sneha.verma49@company-intranet.local,0,227,1,0
E000874,2026-01-06 13:31:53,isha.naidu32,EMP0032,yusuf.das35@company-intranet.local,0,45,0,0
E000875,2026-01-22 16:01:47,isha.naidu32,EMP0032,anjali.kapoor51@company-intranet.local,0,321,1,0
E000876,2026-02-06 08:06:28,isha.naidu32,EMP0032,pooja.bhatt30@company-intranet.local,0,300,0,0
E000877,2026-01-24 12:27:59,isha.naidu32,EMP0032,tanya.verma28@company-intranet.local,0,304,0,0
E000878,2026-01-15 10:40:53,isha.naidu32,EMP0032,nikhil.kapoor43@company-intranet.local,0,165,1,0
E000879,2026-02-02 02:46:29,isha.naidu32,EMP0032,manoj.menon48@company-intranet.local,0,11,1,0
E000880,2026-01-21 22:01:47,isha.naidu32,EMP0032,yusuf@gmail.com,1,3996,1,1
E000881,2026-02-06 01:00:15,isha.naidu32,EMP0032,rajesh@yahoo.com,1,11396,1,1
E000882,2026-01-31 14:20:22,isha.naidu32,EMP0032,deepak.gupta8@company-intranet.local,0,129,1,0
E000883,2026-01-28 00:44:33,isha.naidu32,EMP0032,divya@gmail.com,1,10229,1,1
E000884,2026-01-08 05:03:56,isha.naidu32,EMP0032,priya@outlook.com,1,5476,1,1
E000885,2026-01-30 01:57:21,isha.naidu32,EMP0032,varun@protonmail.com,1,5369,1,1
E000886,2026-01-25 08:28:05,isha.naidu32,EMP0032,meera.reddy14@company-intranet.local,0,358,0,0
E000887,2026-02-02 10:15:13,isha.naidu32,EMP0032,varun.saxena23@company-intranet.local,0,128,1,0
E000888,2026-01-04 13:34:20,isha.naidu32,EMP0032,rajesh.iyer56@company-intranet.local,0,389,0,0
E000889,2026-01-06 19:28:42,isha.naidu32,EMP0032,kiran.joshi16@company-intranet.local,0,49,1,0
E000890,2026-01-22 15:15:37,isha.naidu32,EMP0032,isha.naidu32@company-intranet.local,0,295,0,0
E000891,2026-01-23 16:06:24,isha.naidu32,EMP0032,farah.gupta19@company-intranet.local,0,131,0,0
E000892,2026-02-09 04:08:53,farah.chatterjee33,EMP0033,farah.chatterjee33@company-intranet.local,0,471,0,0
E000893,2026-01-31 12:29:01,farah.chatterjee33,EMP0033,rohan.joshi55@company-intranet.local,0,86,1,0
E000894,2026-02-08 11:49:41,farah.chatterjee33,EMP0033,vikram.naidu25@company-intranet.local,0,214,0,0
E000895,2026-01-22 17:18:11,farah.chatterjee33,EMP0033,arjun.mehta34@company-intranet.local,0,47,0,0
E000896,2026-01-17 09:52:45,farah.chatterjee33,EMP0033,karthik.rao44@company-intranet.local,0,216,0,0
E000897,2026-01-03 17:39:44,farah.chatterjee33,EMP0033,pooja.bhatt30@company-intranet.local,0,495,0,0
E000898,2026-02-10 17:21:34,farah.chatterjee33,EMP0033,rajesh.iyer56@company-intranet.local,0,423,1,0
E000899,2026-01-20 11:16:02,farah.chatterjee33,EMP0033,farah.kapoor24@company-intranet.local,0,498,0,0
E000900,2026-01-03 08:35:34,farah.chatterjee33,EMP0033,farah.iyer1@company-intranet.local,0,74,0,0
E000901,2026-01-14 00:09:31,farah.chatterjee33,EMP0033,vikram.nair27@company-intranet.local,0,111,0,0
E000902,2026-01-09 18:32:55,farah.chatterjee33,EMP0033,swati.das7@company-intranet.local,0,139,1,0
E000903,2026-01-17 14:29:07,farah.chatterjee33,EMP0033,arjun.mehta34@company-intranet.local,0,391,1,0
E000904,2026-01-15 13:50:13,farah.chatterjee33,EMP0033,manoj.sharma60@company-intranet.local,0,16,1,0
E000905,2026-01-27 13:02:26,farah.chatterjee33,EMP0033,isha.naidu32@company-intranet.local,0,210,0,0
E000906,2026-02-14 15:58:42,farah.chatterjee33,EMP0033,rajesh.iyer56@company-intranet.local,0,315,1,0
E000907,2026-02-14 17:36:11,farah.chatterjee33,EMP0033,neha.naidu12@company-intranet.local,0,263,1,0
E000908,2026-01-18 18:32:29,farah.chatterjee33,EMP0033,sneha.verma49@company-intranet.local,0,143,0,0
E000909,2026-01-23 07:45:15,farah.chatterjee33,EMP0033,karthik.bose54@company-intranet.local,0,430,0,0
E000910,2026-02-04 15:29:08,farah.chatterjee33,EMP0033,rohan.joshi55@company-intranet.local,0,256,0,0
E000911,2026-01-30 09:12:01,farah.chatterjee33,EMP0033,sameer.reddy42@company-intranet.local,0,500,0,0
E000912,2026-02-05 19:07:50,farah.chatterjee33,EMP0033,swati.das7@company-intranet.local,0,392,0,0
E000913,2026-01-18 15:49:53,farah.chatterjee33,EMP0033,yusuf.naidu3@company-intranet.local,0,108,0,0
E000914,2026-01-14 13:48:33,farah.chatterjee33,EMP0033,anjali.mehta58@company-intranet.local,0,38,1,0
E000915,2026-02-01 08:30:28,farah.chatterjee33,EMP0033,sameer.reddy42@company-intranet.local,0,387,0,0
E000916,2026-02-02 08:14:13,farah.chatterjee33,EMP0033,swati.bose26@company-intranet.local,0,150,0,0
E000917,2026-01-29 01:16:06,farah.chatterjee33,EMP0033,tanya.khan15@company-intranet.local,0,372,0,0
E000918,2026-02-08 01:58:07,farah.chatterjee33,EMP0033,varun.saxena23@company-intranet.local,0,103,1,0
E000919,2026-02-10 16:01:11,farah.chatterjee33,EMP0033,yusuf.das35@company-intranet.local,0,70,0,0
E000920,2026-01-09 10:50:10,farah.chatterjee33,EMP0033,yusuf.naidu3@company-intranet.local,0,478,0,0
E000921,2026-01-05 14:10:55,farah.chatterjee33,EMP0033,rajesh.iyer56@company-intranet.local,0,124,0,0
E000922,2026-02-09 03:41:22,farah.chatterjee33,EMP0033,deepak.bose29@company-intranet.local,0,241,0,0
E000923,2026-01-01 09:17:04,farah.chatterjee33,EMP0033,vikram.menon2@company-intranet.local,0,33,1,0
E000924,2026-02-14 12:37:53,farah.chatterjee33,EMP0033,isha.pillai46@company-intranet.local,0,144,0,0
E000925,2026-02-06 08:17:23,farah.chatterjee33,EMP0033,rohan.chatterjee50@company-intranet.local,0,127,1,0
E000926,2026-02-11 07:39:30,farah.chatterjee33,EMP0033,isha.pillai46@company-intranet.local,0,320,0,0
E000927,2026-01-07 19:59:09,farah.chatterjee33,EMP0033,sneha.joshi10@company-intranet.local,0,389,0,0
E000928,2026-01-30 03:46:47,arjun.mehta34,EMP0034,varun.iyer36@company-intranet.local,0,248,0,0
E000929,2026-01-25 22:55:59,arjun.mehta34,EMP0034,farah.pillai37@company-intranet.local,0,213,0,0
E000930,2026-01-12 08:05:31,arjun.mehta34,EMP0034,karthik.bose54@company-intranet.local,0,157,0,0
E000931,2026-01-12 09:16:53,arjun.mehta34,EMP0034,manoj.mehta57@company-intranet.local,0,360,1,0
E000932,2026-02-13 08:26:06,arjun.mehta34,EMP0034,swati.das7@company-intranet.local,0,278,1,0
E000933,2026-01-04 03:19:24,arjun.mehta34,EMP0034,arjun.mehta34@company-intranet.local,0,225,0,0
E000934,2026-02-14 10:03:30,arjun.mehta34,EMP0034,farah.iyer1@company-intranet.local,0,81,1,0
E000935,2026-01-26 11:41:10,arjun.mehta34,EMP0034,rohan.sharma4@company-intranet.local,0,483,0,0
E000936,2026-01-03 03:21:49,arjun.mehta34,EMP0034,anjali.kapoor51@company-intranet.local,0,126,0,0
E000937,2026-01-27 14:04:36,arjun.mehta34,EMP0034,farah.kapoor24@company-intranet.local,0,105,0,0
E000938,2026-02-04 13:00:21,arjun.mehta34,EMP0034,pooja.bhatt30@company-intranet.local,0,248,1,0
E000939,2026-01-21 03:06:31,arjun.mehta34,EMP0034,kiran.joshi16@company-intranet.local,0,74,0,0
E000940,2026-02-06 20:01:51,arjun.mehta34,EMP0034,pooja.bhatt30@company-intranet.local,0,115,1,0
E000941,2026-01-30 07:48:49,arjun.mehta34,EMP0034,yusuf.naidu3@company-intranet.local,0,340,0,0
E000942,2026-01-11 08:06:13,arjun.mehta34,EMP0034,yusuf.das35@company-intranet.local,0,421,0,0
E000943,2026-02-06 04:32:30,arjun.mehta34,EMP0034,manoj.mehta57@company-intranet.local,0,43,1,0
E000944,2026-01-25 12:11:07,arjun.mehta34,EMP0034,vikram.menon2@company-intranet.local,0,416,0,0
E000945,2026-01-21 16:45:49,arjun.mehta34,EMP0034,meera.das18@company-intranet.local,0,385,0,0
E000946,2026-01-08 23:07:36,arjun.mehta34,EMP0034,rahul.bhatt11@company-intranet.local,0,285,0,0
E000947,2026-01-31 16:29:16,arjun.mehta34,EMP0034,neha.joshi20@company-intranet.local,0,130,0,0
E000948,2026-01-04 22:09:52,arjun.mehta34,EMP0034,tanya.khan15@company-intranet.local,0,393,0,0
E000949,2026-01-19 16:59:57,arjun.mehta34,EMP0034,anjali.nair9@company-intranet.local,0,99,0,0
E000950,2026-01-10 07:25:00,arjun.mehta34,EMP0034,sneha.joshi10@company-intranet.local,0,180,0,0
E000951,2026-01-14 17:17:48,arjun.mehta34,EMP0034,lakshmi.naidu6@company-intranet.local,0,77,1,0
E000952,2026-02-12 14:37:17,arjun.mehta34,EMP0034,neha.joshi20@company-intranet.local,0,384,0,0
E000953,2026-01-31 16:24:39,arjun.mehta34,EMP0034,vikram.menon2@company-intranet.local,0,111,1,0
E000954,2026-01-12 11:40:22,arjun.mehta34,EMP0034,divya.verma21@company-intranet.local,0,53,0,0
E000955,2026-01-09 11:05:41,arjun.mehta34,EMP0034,pooja.bhatt30@company-intranet.local,0,313,0,0
E000956,2026-02-05 02:43:08,arjun.mehta34,EMP0034,meera.das18@company-intranet.local,0,490,0,0
E000957,2026-02-14 10:34:22,arjun.mehta34,EMP0034,deepak.gupta8@company-intranet.local,0,200,0,0
E000958,2026-01-09 07:36:42,arjun.mehta34,EMP0034,deepak.gupta8@company-intranet.local,0,168,1,0
E000959,2026-02-07 17:05:10,arjun.mehta34,EMP0034,swati.kapoor52@company-intranet.local,0,225,1,0
E000960,2026-02-14 09:38:51,yusuf.das35,EMP0035,yusuf.das35@company-intranet.local,0,458,0,0
E000961,2026-01-17 11:27:50,yusuf.das35,EMP0035,manoj.mehta57@company-intranet.local,0,470,1,0
E000962,2026-02-13 11:13:29,yusuf.das35,EMP0035,vikram.naidu25@company-intranet.local,0,35,0,0
E000963,2026-02-02 12:19:29,yusuf.das35,EMP0035,kavya.patil17@company-intranet.local,0,17,1,0
E000964,2026-01-15 11:42:35,yusuf.das35,EMP0035,lakshmi.naidu6@company-intranet.local,0,294,0,0
E000965,2026-02-06 03:18:39,yusuf.das35,EMP0035,rohan.joshi55@company-intranet.local,0,295,0,0
E000966,2026-01-06 11:02:03,yusuf.das35,EMP0035,swati.bose26@company-intranet.local,0,297,1,0
E000967,2026-02-03 18:49:57,yusuf.das35,EMP0035,manoj.khan13@company-intranet.local,0,206,1,0
E000968,2026-02-10 07:12:50,yusuf.das35,EMP0035,divya.verma21@company-intranet.local,0,122,0,0
E000969,2026-02-04 09:27:17,yusuf.das35,EMP0035,deepak.bose29@company-intranet.local,0,488,0,0
E000970,2026-02-02 08:14:36,yusuf.das35,EMP0035,arjun.mehta34@company-intranet.local,0,215,0,0
E000971,2026-01-18 11:09:45,yusuf.das35,EMP0035,rohan.joshi55@company-intranet.local,0,9,0,0
E000972,2026-01-05 23:12:47,yusuf.das35,EMP0035,vikram.reddy47@company-intranet.local,0,256,1,0
E000973,2026-01-10 16:22:57,yusuf.das35,EMP0035,divya.joshi22@company-intranet.local,0,5,0,0
E000974,2026-01-14 00:01:01,yusuf.das35,EMP0035,varun.iyer36@company-intranet.local,0,270,0,0
E000975,2026-01-16 15:47:45,yusuf.das35,EMP0035,swati.bose26@company-intranet.local,0,237,0,0
E000976,2026-02-07 07:00:00,yusuf.das35,EMP0035,arjun.mehta34@company-intranet.local,0,271,1,0
E000977,2026-02-06 23:07:16,yusuf.das35,EMP0035,deepak.gupta8@company-intranet.local,0,212,0,0
E000978,2026-01-02 13:54:54,yusuf.das35,EMP0035,lakshmi.naidu6@company-intranet.local,0,201,1,0
E000979,2026-02-10 08:15:08,yusuf.das35,EMP0035,karthik.rao44@company-intranet.local,0,258,0,0
E000980,2026-01-30 15:37:43,yusuf.das35,EMP0035,yusuf.das35@company-intranet.local,0,488,1,0
E000981,2026-01-30 15:39:02,yusuf.das35,EMP0035,vikram.naidu25@company-intranet.local,0,9,1,0
E000982,2026-01-22 09:53:05,yusuf.das35,EMP0035,rohan.joshi55@company-intranet.local,0,448,1,0
E000983,2026-01-28 11:16:24,yusuf.das35,EMP0035,kiran.joshi16@company-intranet.local,0,25,0,0
E000984,2026-01-02 17:52:53,yusuf.das35,EMP0035,rahul.gupta38@company-intranet.local,0,268,0,0
E000985,2026-02-13 08:27:07,yusuf.das35,EMP0035,manoj.mehta57@company-intranet.local,0,54,1,0
E000986,2026-01-16 19:05:59,yusuf.das35,EMP0035,swati.das7@company-intranet.local,0,272,0,0
E000987,2026-01-06 14:35:41,varun.iyer36,EMP0036,farah.kapoor24@company-intranet.local,0,360,0,0
E000988,2026-01-22 12:48:36,varun.iyer36,EMP0036,swati.kapoor52@company-intranet.local,0,163,0,0
E000989,2026-01-02 08:16:51,varun.iyer36,EMP0036,rohan.joshi55@company-intranet.local,0,345,0,0
E000990,2026-01-05 10:20:48,varun.iyer36,EMP0036,kiran.joshi16@company-intranet.local,0,147,0,0
E000991,2026-01-27 03:20:24,varun.iyer36,EMP0036,farah.pillai37@company-intranet.local,0,315,1,0
E000992,2026-01-17 09:56:45,varun.iyer36,EMP0036,meera.das18@company-intranet.local,0,446,0,0
E000993,2026-01-28 11:45:03,varun.iyer36,EMP0036,swati.das7@company-intranet.local,0,34,1,0
E000994,2026-01-09 09:41:46,varun.iyer36,EMP0036,vikram.menon2@company-intranet.local,0,419,0,0
E000995,2026-02-04 17:44:32,varun.iyer36,EMP0036,sneha.joshi10@company-intranet.local,0,476,0,0
E000996,2026-02-11 08:28:38,varun.iyer36,EMP0036,manoj.sharma60@company-intranet.local,0,397,0,0
E000997,2026-01-01 08:57:25,varun.iyer36,EMP0036,sneha.joshi10@company-intranet.local,0,22,1,0
E000998,2026-01-23 12:04:31,varun.iyer36,EMP0036,kavya.patil17@company-intranet.local,0,357,0,0
E000999,2026-01-09 11:50:58,varun.iyer36,EMP0036,varun.saxena23@company-intranet.local,0,331,0,0
E001000,2026-01-27 09:59:14,varun.iyer36,EMP0036,varun.saxena23@company-intranet.local,0,237,0,0
E001001,2026-01-01 09:10:39,varun.iyer36,EMP0036,swati.das7@company-intranet.local,0,400,1,0
E001002,2026-01-09 12:21:06,varun.iyer36,EMP0036,varun.iyer36@company-intranet.local,0,64,1,0
E001003,2026-01-27 18:40:11,varun.iyer36,EMP0036,anjali.kapoor51@company-intranet.local,0,328,0,0
E001004,2026-01-23 13:18:42,varun.iyer36,EMP0036,rajesh.iyer56@company-intranet.local,0,461,0,0
E001005,2026-01-08 16:03:29,varun.iyer36,EMP0036,divya.kapoor39@company-intranet.local,0,93,0,0
E001006,2026-01-04 09:26:01,varun.iyer36,EMP0036,rohan.sharma4@company-intranet.local,0,48,0,0
E001007,2026-02-05 09:09:29,varun.iyer36,EMP0036,lakshmi.naidu6@company-intranet.local,0,20,0,0
E001008,2026-01-12 08:57:08,varun.iyer36,EMP0036,farah.pillai37@company-intranet.local,0,381,1,0
E001009,2026-01-28 06:05:08,varun.iyer36,EMP0036,vikram.menon2@company-intranet.local,0,340,0,0
E001010,2026-02-04 14:00:31,varun.iyer36,EMP0036,manoj.menon48@company-intranet.local,0,224,0,0
E001011,2026-01-21 09:52:49,varun.iyer36,EMP0036,anjali.mehta58@company-intranet.local,0,379,0,0
E001012,2026-01-25 14:56:19,farah.pillai37,EMP0037,sameer.reddy42@company-intranet.local,0,95,0,0
E001013,2026-01-29 11:14:54,farah.pillai37,EMP0037,isha.saxena41@company-intranet.local,0,158,0,0
E001014,2026-01-02 07:05:21,farah.pillai37,EMP0037,kiran.joshi16@company-intranet.local,0,8,0,0
E001015,2026-02-01 14:51:40,farah.pillai37,EMP0037,meera.reddy14@company-intranet.local,0,498,1,0
E001016,2026-01-20 12:09:16,farah.pillai37,EMP0037,kiran.joshi16@company-intranet.local,0,184,1,0
E001017,2026-01-27 07:26:34,farah.pillai37,EMP0037,rahul.bhatt11@company-intranet.local,0,88,0,0
E001018,2026-01-07 15:08:52,farah.pillai37,EMP0037,pooja.bhatt30@company-intranet.local,0,347,0,0
E001019,2026-01-26 11:00:32,farah.pillai37,EMP0037,swati.bose26@company-intranet.local,0,438,0,0
E001020,2026-01-25 18:59:44,farah.pillai37,EMP0037,anjali.kapoor51@company-intranet.local,0,209,0,0
E001021,2026-01-09 09:04:59,farah.pillai37,EMP0037,rahul.khan40@company-intranet.local,0,455,0,0
E001022,2026-01-27 16:28:32,farah.pillai37,EMP0037,rohan.joshi55@company-intranet.local,0,437,0,0
E001023,2026-02-09 09:29:53,farah.pillai37,EMP0037,lakshmi.naidu6@company-intranet.local,0,344,0,0
E001024,2026-02-07 06:13:23,farah.pillai37,EMP0037,farah.iyer1@company-intranet.local,0,23,0,0
E001025,2026-01-07 15:19:32,farah.pillai37,EMP0037,farah.pillai37@company-intranet.local,0,252,0,0
E001026,2026-01-10 07:20:55,farah.pillai37,EMP0037,meera.das18@company-intranet.local,0,420,0,0
E001027,2026-01-20 05:46:26,farah.pillai37,EMP0037,manoj.mehta57@company-intranet.local,0,383,0,0
E001028,2026-02-05 08:07:09,farah.pillai37,EMP0037,lakshmi.naidu6@company-intranet.local,0,177,1,0
E001029,2026-01-28 16:38:47,farah.pillai37,EMP0037,sneha.verma49@company-intranet.local,0,187,0,0
E001030,2026-01-23 09:50:11,farah.pillai37,EMP0037,vikram.menon2@company-intranet.local,0,209,1,0
E001031,2026-02-14 09:18:41,farah.pillai37,EMP0037,kiran.iyer53@company-intranet.local,0,50,0,0
E001032,2026-01-07 14:39:31,farah.pillai37,EMP0037,rohan.chatterjee50@company-intranet.local,0,105,1,0
E001033,2026-02-05 07:09:29,farah.pillai37,EMP0037,kiran.joshi16@company-intranet.local,0,6,1,0
E001034,2026-01-28 09:14:21,farah.pillai37,EMP0037,karthik.rao44@company-intranet.local,0,305,0,0
E001035,2026-02-02 16:32:51,farah.pillai37,EMP0037,neha.naidu12@company-intranet.local,0,375,0,0
E001036,2026-02-03 09:51:26,rahul.gupta38,EMP0038,yusuf.das35@company-intranet.local,0,16,0,0
E001037,2026-01-26 09:49:01,rahul.gupta38,EMP0038,varun.saxena23@company-intranet.local,0,438,0,0
E001038,2026-01-07 23:11:05,rahul.gupta38,EMP0038,rahul.bhatt11@company-intranet.local,0,422,0,0
E001039,2026-01-20 08:47:17,rahul.gupta38,EMP0038,lakshmi.naidu6@company-intranet.local,0,415,1,0
E001040,2026-01-12 09:01:07,rahul.gupta38,EMP0038,isha.pillai46@company-intranet.local,0,210,0,0
E001041,2026-01-20 13:33:27,rahul.gupta38,EMP0038,farah.iyer1@company-intranet.local,0,426,0,0
E001042,2026-02-01 08:45:46,rahul.gupta38,EMP0038,sameer.reddy42@company-intranet.local,0,451,1,0
E001043,2026-01-25 05:03:12,rahul.gupta38,EMP0038,rahul.bhatt11@company-intranet.local,0,36,1,0
E001044,2026-01-13 07:28:35,rahul.gupta38,EMP0038,kiran.iyer53@company-intranet.local,0,308,1,0
E001045,2026-02-08 17:03:05,rahul.gupta38,EMP0038,lakshmi.naidu6@company-intranet.local,0,418,0,0
E001046,2026-01-03 18:13:19,rahul.gupta38,EMP0038,deepak.naidu59@company-intranet.local,0,484,0,0
E001047,2026-01-08 09:48:44,rahul.gupta38,EMP0038,isha.naidu32@company-intranet.local,0,387,0,0
E001048,2026-02-07 16:48:41,rahul.gupta38,EMP0038,varun.iyer36@company-intranet.local,0,217,0,0
E001049,2026-01-07 16:48:24,rahul.gupta38,EMP0038,manoj.mehta57@company-intranet.local,0,479,0,0
E001050,2026-01-23 14:39:48,rahul.gupta38,EMP0038,rohan.sharma4@company-intranet.local,0,374,1,0
E001051,2026-01-17 07:41:18,rahul.gupta38,EMP0038,rohan.joshi55@company-intranet.local,0,330,0,0
E001052,2026-02-03 10:23:58,rahul.gupta38,EMP0038,farah.iyer1@company-intranet.local,0,326,0,0
E001053,2026-01-05 08:28:21,rahul.gupta38,EMP0038,tanya.khan15@company-intranet.local,0,177,1,0
E001054,2026-01-11 14:01:30,rahul.gupta38,EMP0038,manoj.sharma60@company-intranet.local,0,90,1,0
E001055,2026-02-03 14:53:28,rahul.gupta38,EMP0038,arjun.mehta34@company-intranet.local,0,386,0,0
E001056,2026-01-31 08:29:38,rahul.gupta38,EMP0038,sneha.verma49@company-intranet.local,0,33,1,0
E001057,2026-01-15 11:26:06,rahul.gupta38,EMP0038,tanya.verma28@company-intranet.local,0,19,1,0
E001058,2026-02-14 12:49:39,rahul.gupta38,EMP0038,rajesh.sharma31@company-intranet.local,0,432,0,0
E001059,2026-01-09 17:43:38,rahul.gupta38,EMP0038,manoj.mehta57@company-intranet.local,0,393,1,0
E001060,2026-02-10 22:16:30,rahul.gupta38,EMP0038,isha.naidu32@company-intranet.local,0,401,0,0
E001061,2026-02-04 08:21:53,rahul.gupta38,EMP0038,tanya.khan15@company-intranet.local,0,25,0,0
E001062,2026-01-27 12:06:57,rahul.gupta38,EMP0038,anjali.mehta58@company-intranet.local,0,8,0,0
E001063,2026-01-19 12:43:46,rahul.gupta38,EMP0038,isha.pillai46@company-intranet.local,0,286,0,0
E001064,2026-01-23 11:32:02,rahul.gupta38,EMP0038,farah.iyer1@company-intranet.local,0,91,1,0
E001065,2026-01-17 14:18:12,rahul.gupta38,EMP0038,swati.kapoor52@company-intranet.local,0,398,0,0
E001066,2026-01-14 16:11:10,rahul.gupta38,EMP0038,kiran.iyer53@company-intranet.local,0,67,0,0
E001067,2026-01-03 15:24:38,divya.kapoor39,EMP0039,nikhil.kapoor43@company-intranet.local,0,395,0,0
E001068,2026-02-05 10:29:16,divya.kapoor39,EMP0039,swati.bose26@company-intranet.local,0,346,0,0
E001069,2026-01-02 10:28:43,divya.kapoor39,EMP0039,karthik.rao44@company-intranet.local,0,187,0,0
E001070,2026-01-28 13:07:15,divya.kapoor39,EMP0039,farah.pillai37@company-intranet.local,0,440,0,0
E001071,2026-02-14 15:56:09,divya.kapoor39,EMP0039,lakshmi.naidu6@company-intranet.local,0,169,0,0
E001072,2026-01-08 16:57:19,divya.kapoor39,EMP0039,kiran.iyer53@company-intranet.local,0,79,0,0
E001073,2026-01-05 00:59:00,divya.kapoor39,EMP0039,meera.reddy14@company-intranet.local,0,106,0,0
E001074,2026-01-03 21:52:41,divya.kapoor39,EMP0039,arjun.mehta34@company-intranet.local,0,397,0,0
E001075,2026-01-11 09:13:44,divya.kapoor39,EMP0039,manoj.menon48@company-intranet.local,0,360,0,0
E001076,2026-02-09 12:14:36,divya.kapoor39,EMP0039,anjali.nair9@company-intranet.local,0,152,1,0
E001077,2026-01-19 12:14:01,divya.kapoor39,EMP0039,farah.iyer1@company-intranet.local,0,159,0,0
E001078,2026-01-28 13:51:04,divya.kapoor39,EMP0039,kiran.iyer53@company-intranet.local,0,12,0,0
E001079,2026-01-15 05:06:23,divya.kapoor39,EMP0039,deepak.naidu59@company-intranet.local,0,41,0,0
E001080,2026-01-31 14:48:51,divya.kapoor39,EMP0039,isha.pillai46@company-intranet.local,0,286,0,0
E001081,2026-02-14 09:45:50,divya.kapoor39,EMP0039,kiran.joshi16@company-intranet.local,0,123,1,0
E001082,2026-02-09 16:14:19,divya.kapoor39,EMP0039,varun.iyer36@company-intranet.local,0,51,0,0
E001083,2026-01-01 10:52:07,divya.kapoor39,EMP0039,manoj.mehta57@company-intranet.local,0,394,0,0
E001084,2026-02-01 11:49:09,divya.kapoor39,EMP0039,isha.naidu32@company-intranet.local,0,263,1,0
E001085,2026-01-28 16:07:20,divya.kapoor39,EMP0039,rajesh.sharma31@company-intranet.local,0,131,1,0
E001086,2026-01-22 10:48:58,divya.kapoor39,EMP0039,rajesh.iyer56@company-intranet.local,0,61,0,0
E001087,2026-02-04 15:57:28,divya.kapoor39,EMP0039,deepak.naidu59@company-intranet.local,0,257,0,0
E001088,2026-01-07 08:37:23,divya.kapoor39,EMP0039,sneha.verma49@company-intranet.local,0,293,0,0
E001089,2026-02-02 07:23:16,divya.kapoor39,EMP0039,sneha.joshi10@company-intranet.local,0,197,1,0
E001090,2026-01-03 15:51:38,divya.kapoor39,EMP0039,pooja.bhatt30@company-intranet.local,0,87,0,0
E001091,2026-01-25 02:18:50,divya.kapoor39,EMP0039,farah.gupta19@company-intranet.local,0,227,1,0
E001092,2026-01-24 15:27:49,divya.kapoor39,EMP0039,pooja.bhatt30@company-intranet.local,0,244,0,0
E001093,2026-01-03 10:28:06,divya.kapoor39,EMP0039,vikram.menon2@company-intranet.local,0,240,0,0
E001094,2026-01-04 16:29:07,divya.kapoor39,EMP0039,farah.kapoor24@company-intranet.local,0,201,0,0
E001095,2026-02-11 11:41:48,divya.kapoor39,EMP0039,tanya.khan15@company-intranet.local,0,251,1,0
E001096,2026-01-04 08:31:20,divya.kapoor39,EMP0039,neha.joshi20@company-intranet.local,0,121,1,0
E001097,2026-01-02 15:56:28,divya.kapoor39,EMP0039,farah.gupta19@company-intranet.local,0,425,0,0
E001098,2026-01-20 12:20:45,divya.kapoor39,EMP0039,pooja.bhatt30@company-intranet.local,0,348,0,0
E001099,2026-01-25 05:36:11,divya.kapoor39,EMP0039,divya.joshi22@company-intranet.local,0,137,0,0
E001100,2026-02-03 11:09:57,rahul.khan40,EMP0040,deepak.bose29@company-intranet.local,0,100,1,0
E001101,2026-02-03 16:02:28,rahul.khan40,EMP0040,vikram.nair27@company-intranet.local,0,224,0,0
E001102,2026-01-09 01:41:57,rahul.khan40,EMP0040,vikram.naidu25@company-intranet.local,0,354,0,0
E001103,2026-01-10 11:04:55,rahul.khan40,EMP0040,karthik.bose54@company-intranet.local,0,366,0,0
E001104,2026-01-22 08:35:58,rahul.khan40,EMP0040,swati.bose26@company-intranet.local,0,248,0,0
E001105,2026-02-14 08:38:08,rahul.khan40,EMP0040,meera.reddy14@company-intranet.local,0,462,1,0
E001106,2026-01-28 14:53:30,rahul.khan40,EMP0040,divya.kapoor39@company-intranet.local,0,31,0,0
E001107,2026-02-12 14:51:16,rahul.khan40,EMP0040,arjun.mehta34@company-intranet.local,0,475,1,0
E001108,2026-01-26 13:14:11,rahul.khan40,EMP0040,rohan.sharma4@company-intranet.local,0,360,0,0
E001109,2026-01-24 15:16:00,rahul.khan40,EMP0040,varun.saxena23@company-intranet.local,0,408,0,0
E001110,2026-02-13 12:53:38,rahul.khan40,EMP0040,rohan.chatterjee50@company-intranet.local,0,79,0,0
E001111,2026-01-13 13:47:05,rahul.khan40,EMP0040,anjali.mehta58@company-intranet.local,0,172,1,0
E001112,2026-01-29 11:16:49,rahul.khan40,EMP0040,farah.iyer1@company-intranet.local,0,165,0,0
E001113,2026-02-13 14:20:26,rahul.khan40,EMP0040,deepak.bose29@company-intranet.local,0,34,1,0
E001114,2026-01-31 12:56:29,rahul.khan40,EMP0040,isha.naidu32@company-intranet.local,0,368,0,0
E001115,2026-01-23 09:27:54,rahul.khan40,EMP0040,ritu.bhatt5@company-intranet.local,0,305,1,0
E001116,2026-01-02 09:50:33,rahul.khan40,EMP0040,kavya.patil17@company-intranet.local,0,80,0,0
E001117,2026-01-31 08:25:47,rahul.khan40,EMP0040,karthik.bose54@company-intranet.local,0,71,0,0
E001118,2026-01-14 08:45:11,rahul.khan40,EMP0040,neha.naidu12@company-intranet.local,0,488,1,0
E001119,2026-01-10 11:06:48,rahul.khan40,EMP0040,ritu.bhatt5@company-intranet.local,0,432,0,0
E001120,2026-01-24 14:31:27,rahul.khan40,EMP0040,divya.kapoor39@company-intranet.local,0,66,0,0
E001121,2026-01-07 11:03:49,rahul.khan40,EMP0040,farah.gupta19@company-intranet.local,0,85,1,0
E001122,2026-02-04 10:18:17,rahul.khan40,EMP0040,karthik.bose54@company-intranet.local,0,287,0,0
E001123,2026-02-06 12:02:23,rahul.khan40,EMP0040,neha.naidu12@company-intranet.local,0,486,0,0
E001124,2026-01-28 19:00:13,rahul.khan40,EMP0040,rahul.gupta38@company-intranet.local,0,443,0,0
E001125,2026-01-12 03:11:47,rahul.khan40,EMP0040,vikram.nair27@company-intranet.local,0,497,1,0
E001126,2026-02-05 01:56:17,rahul.khan40,EMP0040,neha.naidu12@company-intranet.local,0,352,0,0
E001127,2026-01-18 12:04:03,rahul.khan40,EMP0040,tanya.verma28@company-intranet.local,0,284,0,0
E001128,2026-01-05 11:56:56,rahul.khan40,EMP0040,sneha.verma49@company-intranet.local,0,14,0,0
E001129,2026-01-06 10:12:28,rahul.khan40,EMP0040,manoj.mehta57@company-intranet.local,0,403,0,0
E001130,2026-01-22 14:02:18,rahul.khan40,EMP0040,rahul.gupta38@company-intranet.local,0,106,0,0
E001131,2026-01-12 11:29:11,rahul.khan40,EMP0040,kavya.patil17@company-intranet.local,0,474,0,0
E001132,2026-01-25 13:54:07,rahul.khan40,EMP0040,rajesh.iyer56@company-intranet.local,0,418,0,0
E001133,2026-01-11 13:50:28,rahul.khan40,EMP0040,tanya.verma28@company-intranet.local,0,128,1,0
E001134,2026-01-01 12:36:02,rahul.khan40,EMP0040,manoj.menon48@company-intranet.local,0,208,0,0
E001135,2026-01-17 06:56:22,rahul.khan40,EMP0040,rahul.khan40@company-intranet.local,0,378,1,0
E001136,2026-01-21 07:38:14,isha.saxena41,EMP0041,manoj.menon48@company-intranet.local,0,314,0,0
E001137,2026-01-09 11:10:48,isha.saxena41,EMP0041,isha.naidu32@company-intranet.local,0,97,1,0
E001138,2026-01-06 08:36:07,isha.saxena41,EMP0041,kiran.iyer53@company-intranet.local,0,203,0,0
E001139,2026-01-23 14:19:49,isha.saxena41,EMP0041,farah.pillai37@company-intranet.local,0,423,0,0
E001140,2026-01-04 07:27:45,isha.saxena41,EMP0041,vikram.nair27@company-intranet.local,0,236,0,0
E001141,2026-02-11 10:10:29,isha.saxena41,EMP0041,rajesh.iyer56@company-intranet.local,0,90,1,0
E001142,2026-02-11 09:13:37,isha.saxena41,EMP0041,isha.naidu32@company-intranet.local,0,140,1,0
E001143,2026-02-10 13:01:28,isha.saxena41,EMP0041,vikram.reddy47@company-intranet.local,0,5,1,0
E001144,2026-02-04 11:52:00,isha.saxena41,EMP0041,vikram.nair27@company-intranet.local,0,388,0,0
E001145,2026-01-24 15:54:55,isha.saxena41,EMP0041,vikram.menon2@company-intranet.local,0,91,0,0
E001146,2026-02-04 01:45:59,isha.saxena41,EMP0041,swati.das7@company-intranet.local,0,294,0,0
E001147,2026-02-08 04:11:49,isha.saxena41,EMP0041,ritu.bhatt5@company-intranet.local,0,467,0,0
E001148,2026-01-20 16:15:39,isha.saxena41,EMP0041,yusuf.naidu3@company-intranet.local,0,148,0,0
E001149,2026-02-04 13:02:37,isha.saxena41,EMP0041,tanya.khan15@company-intranet.local,0,93,0,0
E001150,2026-01-23 19:15:13,isha.saxena41,EMP0041,neha.naidu12@company-intranet.local,0,8,0,0
E001151,2026-01-16 10:02:09,isha.saxena41,EMP0041,swati.kapoor52@company-intranet.local,0,196,1,0
E001152,2026-01-22 10:03:07,isha.saxena41,EMP0041,rahul.khan40@company-intranet.local,0,457,1,0
E001153,2026-01-15 22:18:21,isha.saxena41,EMP0041,anjali.kapoor51@company-intranet.local,0,372,1,0
E001154,2026-01-03 09:25:37,isha.saxena41,EMP0041,farah.chatterjee33@company-intranet.local,0,421,1,0
E001155,2026-02-05 09:50:13,isha.saxena41,EMP0041,rahul.khan40@company-intranet.local,0,104,0,0
E001156,2026-01-13 16:18:54,isha.saxena41,EMP0041,kiran.joshi16@company-intranet.local,0,206,0,0
E001157,2026-02-07 11:00:51,isha.saxena41,EMP0041,yusuf.das35@company-intranet.local,0,18,0,0
E001158,2026-02-06 15:34:41,isha.saxena41,EMP0041,tanya.khan15@company-intranet.local,0,67,0,0
E001159,2026-01-18 15:05:10,isha.saxena41,EMP0041,manoj.mehta57@company-intranet.local,0,301,0,0
E001160,2026-01-29 15:48:38,isha.saxena41,EMP0041,swati.bose26@company-intranet.local,0,165,1,0
E001161,2026-02-08 13:03:07,isha.saxena41,EMP0041,sneha.joshi10@company-intranet.local,0,129,0,0
E001162,2026-01-26 08:30:29,isha.saxena41,EMP0041,neha.joshi20@company-intranet.local,0,306,0,0
E001163,2026-01-18 08:58:00,isha.saxena41,EMP0041,vikram.naidu25@company-intranet.local,0,98,1,0
E001164,2026-01-18 13:36:13,isha.saxena41,EMP0041,anjali.mehta58@company-intranet.local,0,234,0,0
E001165,2026-02-09 22:06:37,isha.saxena41,EMP0041,anjali.nair9@company-intranet.local,0,97,0,0
E001166,2026-01-29 07:14:06,isha.saxena41,EMP0041,rajesh.sharma31@company-intranet.local,0,195,0,0
E001167,2026-01-26 07:27:54,isha.saxena41,EMP0041,meera.das18@company-intranet.local,0,247,0,0
E001168,2026-02-12 16:40:58,sameer.reddy42,EMP0042,swati.bose26@company-intranet.local,0,133,0,0
E001169,2026-01-07 17:09:44,sameer.reddy42,EMP0042,vikram.menon2@company-intranet.local,0,460,1,0
E001170,2026-01-28 07:51:49,sameer.reddy42,EMP0042,tanya.khan15@company-intranet.local,0,18,0,0
E001171,2026-02-06 13:42:47,sameer.reddy42,EMP0042,manoj.mehta57@company-intranet.local,0,277,0,0
E001172,2026-01-21 16:17:03,sameer.reddy42,EMP0042,manoj.khan13@company-intranet.local,0,90,1,0
E001173,2026-01-07 06:44:14,sameer.reddy42,EMP0042,rajesh.iyer56@company-intranet.local,0,174,0,0
E001174,2026-01-01 10:17:13,sameer.reddy42,EMP0042,vikram.reddy47@company-intranet.local,0,400,0,0
E001175,2026-01-07 13:06:19,sameer.reddy42,EMP0042,kiran.joshi16@company-intranet.local,0,346,0,0
E001176,2026-02-03 16:31:58,sameer.reddy42,EMP0042,rahul.gupta38@company-intranet.local,0,241,1,0
E001177,2026-01-09 09:38:08,sameer.reddy42,EMP0042,farah.kapoor24@company-intranet.local,0,359,1,0
E001178,2026-01-17 16:09:05,sameer.reddy42,EMP0042,farah.chatterjee33@company-intranet.local,0,284,0,0
E001179,2026-01-17 13:43:20,sameer.reddy42,EMP0042,suresh.joshi45@company-intranet.local,0,482,1,0
E001180,2026-01-08 13:47:59,sameer.reddy42,EMP0042,farah.iyer1@company-intranet.local,0,159,1,0
E001181,2026-01-31 12:27:31,sameer.reddy42,EMP0042,isha.saxena41@company-intranet.local,0,200,1,0
E001182,2026-01-13 19:56:15,sameer.reddy42,EMP0042,sneha.verma49@company-intranet.local,0,92,1,0
E001183,2026-02-07 22:27:22,sameer.reddy42,EMP0042,swati.das7@company-intranet.local,0,188,1,0
E001184,2026-01-04 08:29:45,sameer.reddy42,EMP0042,yusuf.das35@company-intranet.local,0,345,0,0
E001185,2026-01-28 09:56:33,sameer.reddy42,EMP0042,divya.joshi22@company-intranet.local,0,330,1,0
E001186,2026-01-23 14:33:12,sameer.reddy42,EMP0042,karthik.bose54@company-intranet.local,0,383,1,0
E001187,2026-01-21 14:45:50,nikhil.kapoor43,EMP0043,rajesh.sharma31@company-intranet.local,0,74,0,0
E001188,2026-01-12 01:32:17,nikhil.kapoor43,EMP0043,swati.bose26@company-intranet.local,0,251,0,0
E001189,2026-02-12 13:10:23,nikhil.kapoor43,EMP0043,neha.joshi20@company-intranet.local,0,478,0,0
E001190,2026-02-10 16:47:23,nikhil.kapoor43,EMP0043,lakshmi.naidu6@company-intranet.local,0,407,1,0
E001191,2026-01-26 08:10:11,nikhil.kapoor43,EMP0043,neha.naidu12@company-intranet.local,0,450,0,0
E001192,2026-01-01 15:34:11,nikhil.kapoor43,EMP0043,varun.saxena23@company-intranet.local,0,378,1,0
E001193,2026-02-10 11:48:56,nikhil.kapoor43,EMP0043,neha.joshi20@company-intranet.local,0,233,0,0
E001194,2026-02-05 11:37:48,nikhil.kapoor43,EMP0043,kavya.patil17@company-intranet.local,0,455,0,0
E001195,2026-02-11 01:54:10,nikhil.kapoor43,EMP0043,anjali.kapoor51@company-intranet.local,0,88,0,0
E001196,2026-01-18 07:36:36,nikhil.kapoor43,EMP0043,neha.naidu12@company-intranet.local,0,309,0,0
E001197,2026-01-01 13:41:26,nikhil.kapoor43,EMP0043,swati.bose26@company-intranet.local,0,92,1,0
E001198,2026-01-29 04:26:25,nikhil.kapoor43,EMP0043,farah.iyer1@company-intranet.local,0,139,0,0
E001199,2026-01-04 20:23:27,nikhil.kapoor43,EMP0043,manoj.khan13@company-intranet.local,0,99,0,0
E001200,2026-01-31 16:41:02,nikhil.kapoor43,EMP0043,vikram.menon2@company-intranet.local,0,372,0,0
E001201,2026-02-09 07:47:48,nikhil.kapoor43,EMP0043,lakshmi.naidu6@company-intranet.local,0,299,0,0
E001202,2026-01-16 10:12:34,nikhil.kapoor43,EMP0043,rahul.khan40@company-intranet.local,0,95,0,0
E001203,2026-01-11 09:29:05,nikhil.kapoor43,EMP0043,lakshmi.naidu6@company-intranet.local,0,491,1,0
E001204,2026-01-15 10:00:44,nikhil.kapoor43,EMP0043,yusuf.naidu3@company-intranet.local,0,219,0,0
E001205,2026-02-03 08:31:42,nikhil.kapoor43,EMP0043,yusuf.naidu3@company-intranet.local,0,169,0,0
E001206,2026-01-18 10:59:43,nikhil.kapoor43,EMP0043,manoj.menon48@company-intranet.local,0,219,0,0
E001207,2026-01-28 16:25:18,karthik.rao44,EMP0044,meera.reddy14@company-intranet.local,0,367,1,0
E001208,2026-01-23 01:36:20,karthik.rao44,EMP0044,tanya.khan15@company-intranet.local,0,242,0,0
E001209,2026-01-13 09:05:28,karthik.rao44,EMP0044,kiran.iyer53@company-intranet.local,0,222,1,0
E001210,2026-01-10 16:43:07,karthik.rao44,EMP0044,meera.reddy14@company-intranet.local,0,449,0,0
E001211,2026-01-27 07:41:59,karthik.rao44,EMP0044,anjali.kapoor51@company-intranet.local,0,321,0,0
E001212,2026-01-19 14:27:19,karthik.rao44,EMP0044,anjali.nair9@company-intranet.local,0,485,0,0
E001213,2026-01-07 10:17:57,karthik.rao44,EMP0044,kiran.iyer53@company-intranet.local,0,152,0,0
E001214,2026-01-13 11:29:30,karthik.rao44,EMP0044,nikhil.kapoor43@company-intranet.local,0,463,0,0
E001215,2026-02-03 10:26:57,karthik.rao44,EMP0044,deepak.naidu59@company-intranet.local,0,390,0,0
E001216,2026-01-28 16:13:50,karthik.rao44,EMP0044,kavya.patil17@company-intranet.local,0,314,0,0
E001217,2026-01-12 13:02:52,karthik.rao44,EMP0044,meera.das18@company-intranet.local,0,455,0,0
E001218,2026-01-05 11:54:21,karthik.rao44,EMP0044,swati.das7@company-intranet.local,0,266,1,0
E001219,2026-01-29 02:05:53,karthik.rao44,EMP0044,rohan.joshi55@company-intranet.local,0,258,1,0
E001220,2026-02-09 13:11:19,karthik.rao44,EMP0044,suresh.joshi45@company-intranet.local,0,98,0,0
E001221,2026-01-11 09:14:28,karthik.rao44,EMP0044,neha.joshi20@company-intranet.local,0,141,0,0
E001222,2026-01-05 15:10:14,karthik.rao44,EMP0044,meera.das18@company-intranet.local,0,181,0,0
E001223,2026-01-22 15:32:52,karthik.rao44,EMP0044,vikram.naidu25@company-intranet.local,0,298,0,0
E001224,2026-01-29 13:00:10,karthik.rao44,EMP0044,varun.saxena23@company-intranet.local,0,452,0,0
E001225,2026-02-04 10:14:24,karthik.rao44,EMP0044,karthik.bose54@company-intranet.local,0,394,0,0
E001226,2026-01-27 12:02:17,karthik.rao44,EMP0044,suresh.joshi45@company-intranet.local,0,244,0,0
E001227,2026-01-13 12:46:45,karthik.rao44,EMP0044,meera.das18@company-intranet.local,0,37,1,0
E001228,2026-01-01 21:00:38,karthik.rao44,EMP0044,divya.joshi22@company-intranet.local,0,121,1,0
E001229,2026-01-22 13:20:30,karthik.rao44,EMP0044,manoj.menon48@company-intranet.local,0,488,0,0
E001230,2026-01-12 07:46:17,karthik.rao44,EMP0044,kiran.joshi16@company-intranet.local,0,169,1,0
E001231,2026-02-08 01:51:02,karthik.rao44,EMP0044,rahul.gupta38@company-intranet.local,0,404,0,0
E001232,2026-01-31 12:16:43,karthik.rao44,EMP0044,tanya.verma28@company-intranet.local,0,30,0,0
E001233,2026-02-01 16:40:26,karthik.rao44,EMP0044,manoj.menon48@company-intranet.local,0,53,0,0
E001234,2026-01-15 11:58:33,karthik.rao44,EMP0044,kavya.patil17@company-intranet.local,0,146,0,0
E001235,2026-01-30 05:46:24,karthik.rao44,EMP0044,lakshmi.naidu6@company-intranet.local,0,282,0,0
E001236,2026-02-11 20:22:56,karthik.rao44,EMP0044,vikram.nair27@company-intranet.local,0,136,0,0
E001237,2026-01-09 14:24:48,suresh.joshi45,EMP0045,tanya.khan15@company-intranet.local,0,211,1,0
E001238,2026-01-05 10:19:56,suresh.joshi45,EMP0045,suresh.joshi45@company-intranet.local,0,49,1,0
E001239,2026-01-24 15:47:38,suresh.joshi45,EMP0045,farah.pillai37@company-intranet.local,0,22,0,0
E001240,2026-01-10 11:59:44,suresh.joshi45,EMP0045,rahul.bhatt11@company-intranet.local,0,300,0,0
E001241,2026-01-01 15:19:21,suresh.joshi45,EMP0045,yusuf.naidu3@company-intranet.local,0,362,0,0
E001242,2026-02-11 16:35:24,suresh.joshi45,EMP0045,vikram.menon2@company-intranet.local,0,153,0,0
E001243,2026-01-24 11:56:27,suresh.joshi45,EMP0045,yusuf.naidu3@company-intranet.local,0,177,0,0
E001244,2026-01-15 14:28:17,suresh.joshi45,EMP0045,deepak.naidu59@company-intranet.local,0,222,1,0
E001245,2026-02-02 09:01:25,suresh.joshi45,EMP0045,rajesh.sharma31@company-intranet.local,0,335,0,0
E001246,2026-02-12 08:52:25,suresh.joshi45,EMP0045,rajesh.sharma31@company-intranet.local,0,363,0,0
E001247,2026-02-05 18:11:47,suresh.joshi45,EMP0045,neha.naidu12@company-intranet.local,0,220,0,0
E001248,2026-01-31 17:41:17,suresh.joshi45,EMP0045,rohan.chatterjee50@company-intranet.local,0,46,1,0
E001249,2026-01-02 15:28:32,suresh.joshi45,EMP0045,sameer.reddy42@company-intranet.local,0,264,0,0
E001250,2026-01-22 08:48:21,suresh.joshi45,EMP0045,karthik.rao44@company-intranet.local,0,311,0,0
E001251,2026-01-25 11:13:36,suresh.joshi45,EMP0045,vikram.nair27@company-intranet.local,0,109,0,0
E001252,2026-02-13 15:44:32,suresh.joshi45,EMP0045,suresh.joshi45@company-intranet.local,0,321,1,0
E001253,2026-01-31 22:01:47,suresh.joshi45,EMP0045,rohan.joshi55@company-intranet.local,0,166,1,0
E001254,2026-01-21 16:54:42,suresh.joshi45,EMP0045,isha.saxena41@company-intranet.local,0,159,1,0
E001255,2026-01-09 08:07:44,suresh.joshi45,EMP0045,pooja.bhatt30@company-intranet.local,0,35,0,0
E001256,2026-02-11 16:27:48,suresh.joshi45,EMP0045,suresh.joshi45@company-intranet.local,0,396,0,0
E001257,2026-02-04 16:43:46,suresh.joshi45,EMP0045,deepak.bose29@company-intranet.local,0,20,0,0
E001258,2026-01-26 08:53:03,suresh.joshi45,EMP0045,sneha.verma49@company-intranet.local,0,40,0,0
E001259,2026-01-11 13:43:57,suresh.joshi45,EMP0045,manoj.mehta57@company-intranet.local,0,12,0,0
E001260,2026-01-13 18:37:37,suresh.joshi45,EMP0045,neha.naidu12@company-intranet.local,0,397,1,0
E001261,2026-02-09 07:36:52,suresh.joshi45,EMP0045,yusuf.das35@company-intranet.local,0,481,0,0
E001262,2026-02-01 07:09:26,suresh.joshi45,EMP0045,suresh.joshi45@company-intranet.local,0,170,0,0
E001263,2026-01-15 11:29:47,suresh.joshi45,EMP0045,deepak.naidu59@company-intranet.local,0,477,0,0
E001264,2026-02-04 11:53:19,suresh.joshi45,EMP0045,rahul.khan40@company-intranet.local,0,139,0,0
E001265,2026-01-26 13:10:01,suresh.joshi45,EMP0045,meera.reddy14@company-intranet.local,0,372,1,0
E001266,2026-02-04 14:42:15,isha.pillai46,EMP0046,manoj.mehta57@company-intranet.local,0,49,1,0
E001267,2026-01-16 19:19:43,isha.pillai46,EMP0046,isha.saxena41@company-intranet.local,0,312,1,0
E001268,2026-01-02 07:22:49,isha.pillai46,EMP0046,farah.pillai37@company-intranet.local,0,317,0,0
E001269,2026-01-29 02:24:38,isha.pillai46,EMP0046,neha.naidu12@company-intranet.local,0,37,1,0
E001270,2026-01-22 15:28:12,isha.pillai46,EMP0046,farah.iyer1@company-intranet.local,0,193,0,0
E001271,2026-02-08 12:17:14,isha.pillai46,EMP0046,varun.iyer36@company-intranet.local,0,472,1,0
E001272,2026-01-18 14:15:51,isha.pillai46,EMP0046,rohan.sharma4@company-intranet.local,0,362,0,0
E001273,2026-02-14 14:47:04,isha.pillai46,EMP0046,pooja.bhatt30@company-intranet.local,0,376,1,0
E001274,2026-01-08 11:32:55,isha.pillai46,EMP0046,manoj.sharma60@company-intranet.local,0,7,0,0
E001275,2026-02-10 10:41:17,isha.pillai46,EMP0046,nikhil.kapoor43@company-intranet.local,0,118,1,0
E001276,2026-01-08 10:41:33,isha.pillai46,EMP0046,rahul.gupta38@company-intranet.local,0,447,0,0
E001277,2026-01-07 10:54:16,isha.pillai46,EMP0046,manoj.mehta57@company-intranet.local,0,400,1,0
E001278,2026-02-12 08:54:41,isha.pillai46,EMP0046,farah.chatterjee33@company-intranet.local,0,52,0,0
E001279,2026-01-01 08:28:49,isha.pillai46,EMP0046,yusuf.naidu3@company-intranet.local,0,63,0,0
E001280,2026-01-04 18:09:26,isha.pillai46,EMP0046,isha.saxena41@company-intranet.local,0,157,0,0
E001281,2026-01-29 16:13:01,isha.pillai46,EMP0046,farah.chatterjee33@company-intranet.local,0,327,1,0
E001282,2026-01-03 12:57:55,isha.pillai46,EMP0046,rohan.joshi55@company-intranet.local,0,38,0,0
E001283,2026-01-11 11:33:10,isha.pillai46,EMP0046,divya.kapoor39@company-intranet.local,0,489,0,0
E001284,2026-02-05 08:55:49,isha.pillai46,EMP0046,farah.gupta19@company-intranet.local,0,431,0,0
E001285,2026-02-03 10:01:42,isha.pillai46,EMP0046,rohan.joshi55@company-intranet.local,0,14,0,0
E001286,2026-01-10 12:42:37,isha.pillai46,EMP0046,divya.joshi22@company-intranet.local,0,492,1,0
E001287,2026-01-12 13:29:40,isha.pillai46,EMP0046,meera.das18@company-intranet.local,0,50,0,0
E001288,2026-01-27 12:27:59,isha.pillai46,EMP0046,rahul.gupta38@company-intranet.local,0,355,0,0
E001289,2026-02-08 16:24:54,isha.pillai46,EMP0046,deepak.gupta8@company-intranet.local,0,92,0,0
E001290,2026-01-26 10:00:35,isha.pillai46,EMP0046,yusuf.naidu3@company-intranet.local,0,276,0,0
E001291,2026-01-02 09:07:29,isha.pillai46,EMP0046,rohan.sharma4@company-intranet.local,0,330,0,0
E001292,2026-01-27 08:57:56,isha.pillai46,EMP0046,kavya.patil17@company-intranet.local,0,148,0,0
E001293,2026-01-14 10:38:24,isha.pillai46,EMP0046,isha.saxena41@company-intranet.local,0,338,0,0
E001294,2026-02-11 09:33:43,isha.pillai46,EMP0046,kiran.iyer53@company-intranet.local,0,453,0,0
E001295,2026-01-01 07:00:47,isha.pillai46,EMP0046,manoj.menon48@company-intranet.local,0,156,1,0
E001296,2026-02-12 08:10:42,isha.pillai46,EMP0046,manoj.mehta57@company-intranet.local,0,196,0,0
E001297,2026-01-27 13:37:05,isha.pillai46,EMP0046,manoj.sharma60@company-intranet.local,0,84,0,0
E001298,2026-01-30 10:00:11,isha.pillai46,EMP0046,varun.iyer36@company-intranet.local,0,470,0,0
E001299,2026-01-29 11:52:59,vikram.reddy47,EMP0047,isha.pillai46@company-intranet.local,0,35,0,0
E001300,2026-02-09 10:48:28,vikram.reddy47,EMP0047,farah.iyer1@company-intranet.local,0,72,0,0
E001301,2026-01-16 10:08:54,vikram.reddy47,EMP0047,sneha.verma49@company-intranet.local,0,461,1,0
E001302,2026-01-20 04:22:14,vikram.reddy47,EMP0047,suresh.joshi45@company-intranet.local,0,396,0,0
E001303,2026-01-17 12:05:44,vikram.reddy47,EMP0047,yusuf.das35@company-intranet.local,0,422,0,0
E001304,2026-01-24 15:17:43,vikram.reddy47,EMP0047,vikram.menon2@company-intranet.local,0,129,0,0
E001305,2026-02-14 09:56:57,vikram.reddy47,EMP0047,farah.chatterjee33@company-intranet.local,0,284,0,0
E001306,2026-01-08 10:45:36,vikram.reddy47,EMP0047,deepak.bose29@company-intranet.local,0,260,0,0
E001307,2026-02-03 10:45:25,vikram.reddy47,EMP0047,vikram.nair27@company-intranet.local,0,82,0,0
E001308,2026-01-09 09:02:24,vikram.reddy47,EMP0047,swati.bose26@company-intranet.local,0,418,0,0
E001309,2026-02-08 15:33:26,vikram.reddy47,EMP0047,farah.gupta19@company-intranet.local,0,304,0,0
E001310,2026-01-09 10:19:36,vikram.reddy47,EMP0047,kiran.iyer53@company-intranet.local,0,253,1,0
E001311,2026-01-12 08:03:16,vikram.reddy47,EMP0047,neha.naidu12@company-intranet.local,0,314,1,0
E001312,2026-01-25 08:26:36,vikram.reddy47,EMP0047,rahul.khan40@company-intranet.local,0,70,0,0
E001313,2026-01-25 11:04:29,vikram.reddy47,EMP0047,manoj.sharma60@company-intranet.local,0,296,1,0
E001314,2026-01-27 08:57:22,vikram.reddy47,EMP0047,vikram.naidu25@company-intranet.local,0,317,1,0
E001315,2026-02-08 14:09:37,vikram.reddy47,EMP0047,deepak.naidu59@company-intranet.local,0,382,1,0
E001316,2026-02-05 09:20:48,vikram.reddy47,EMP0047,varun.iyer36@company-intranet.local,0,381,0,0
E001317,2026-01-26 12:29:45,vikram.reddy47,EMP0047,isha.naidu32@company-intranet.local,0,235,1,0
E001318,2026-01-12 10:49:27,vikram.reddy47,EMP0047,farah.iyer1@company-intranet.local,0,159,0,0
E001319,2026-01-16 09:11:03,vikram.reddy47,EMP0047,arjun.mehta34@company-intranet.local,0,490,0,0
E001320,2026-02-08 15:06:20,vikram.reddy47,EMP0047,manoj.khan13@company-intranet.local,0,313,1,0
E001321,2026-01-13 21:38:05,vikram.reddy47,EMP0047,sneha.joshi10@company-intranet.local,0,69,0,0
E001322,2026-01-01 03:57:04,vikram.reddy47,EMP0047,farah.gupta19@company-intranet.local,0,157,0,0
E001323,2026-02-11 21:44:29,vikram.reddy47,EMP0047,manoj.sharma60@company-intranet.local,0,209,0,0
E001324,2026-02-09 14:04:50,vikram.reddy47,EMP0047,neha.joshi20@company-intranet.local,0,384,1,0
E001325,2026-02-12 09:02:55,vikram.reddy47,EMP0047,farah.gupta19@company-intranet.local,0,379,1,0
E001326,2026-01-05 08:07:01,vikram.reddy47,EMP0047,meera.reddy14@company-intranet.local,0,269,1,0
E001327,2026-02-01 10:57:40,vikram.reddy47,EMP0047,karthik.bose54@company-intranet.local,0,283,0,0
E001328,2026-01-09 03:39:34,vikram.reddy47,EMP0047,tanya.verma28@company-intranet.local,0,334,0,0
E001329,2026-02-12 10:10:47,vikram.reddy47,EMP0047,anjali.kapoor51@company-intranet.local,0,346,1,0
E001330,2026-01-09 09:00:21,vikram.reddy47,EMP0047,rahul.khan40@company-intranet.local,0,368,1,0
E001331,2026-01-10 05:11:14,vikram.reddy47,EMP0047,divya.joshi22@company-intranet.local,0,430,0,0
E001332,2026-02-06 18:27:27,manoj.menon48,EMP0048,divya.kapoor39@company-intranet.local,0,487,0,0
E001333,2026-02-09 18:35:57,manoj.menon48,EMP0048,rahul.khan40@company-intranet.local,0,210,0,0
E001334,2026-02-06 18:52:49,manoj.menon48,EMP0048,yusuf.das35@company-intranet.local,0,476,0,0
E001335,2026-02-11 22:23:25,manoj.menon48,EMP0048,yusuf.das35@company-intranet.local,0,72,0,0
E001336,2026-01-06 11:23:15,manoj.menon48,EMP0048,isha.saxena41@company-intranet.local,0,483,0,0
E001337,2026-01-29 13:26:06,manoj.menon48,EMP0048,manoj.sharma60@company-intranet.local,0,274,0,0
E001338,2026-02-06 10:30:09,manoj.menon48,EMP0048,sneha.verma49@company-intranet.local,0,396,1,0
E001339,2026-02-11 20:18:54,manoj.menon48,EMP0048,rohan.joshi55@company-intranet.local,0,8,0,0
E001340,2026-01-16 15:19:31,manoj.menon48,EMP0048,kavya.patil17@company-intranet.local,0,66,1,0
E001341,2026-01-11 10:04:42,manoj.menon48,EMP0048,manoj.khan13@company-intranet.local,0,251,1,0
E001342,2026-02-09 09:25:06,manoj.menon48,EMP0048,farah.iyer1@company-intranet.local,0,31,0,0
E001343,2026-02-01 12:41:10,manoj.menon48,EMP0048,ritu.bhatt5@company-intranet.local,0,259,0,0
E001344,2026-01-04 09:05:48,manoj.menon48,EMP0048,farah.pillai37@company-intranet.local,0,395,1,0
E001345,2026-01-12 20:09:44,manoj.menon48,EMP0048,divya.joshi22@company-intranet.local,0,431,1,0
E001346,2026-02-07 13:04:37,manoj.menon48,EMP0048,manoj.khan13@company-intranet.local,0,269,0,0
E001347,2026-01-14 11:12:19,sneha.verma49,EMP0049,vikram.reddy47@company-intranet.local,0,99,0,0
E001348,2026-01-20 09:28:18,sneha.verma49,EMP0049,varun.iyer36@company-intranet.local,0,316,0,0
E001349,2026-01-18 12:01:28,sneha.verma49,EMP0049,manoj.menon48@company-intranet.local,0,495,1,0
E001350,2026-01-27 16:49:14,sneha.verma49,EMP0049,divya.verma21@company-intranet.local,0,38,0,0
E001351,2026-02-14 16:26:20,sneha.verma49,EMP0049,ritu.bhatt5@company-intranet.local,0,403,1,0
E001352,2026-01-05 15:40:02,sneha.verma49,EMP0049,deepak.naidu59@company-intranet.local,0,357,1,0
E001353,2026-01-23 07:44:15,sneha.verma49,EMP0049,nikhil.kapoor43@company-intranet.local,0,90,1,0
E001354,2026-02-07 10:17:22,sneha.verma49,EMP0049,vikram.naidu25@company-intranet.local,0,103,0,0
E001355,2026-01-03 13:04:35,sneha.verma49,EMP0049,anjali.kapoor51@company-intranet.local,0,186,1,0
E001356,2026-01-01 10:34:47,sneha.verma49,EMP0049,lakshmi.naidu6@company-intranet.local,0,378,1,0
E001357,2026-01-07 10:53:28,sneha.verma49,EMP0049,kavya.patil17@company-intranet.local,0,143,1,0
E001358,2026-02-09 10:23:15,sneha.verma49,EMP0049,divya.kapoor39@company-intranet.local,0,346,0,0
E001359,2026-01-26 05:31:52,sneha.verma49,EMP0049,rajesh.sharma31@company-intranet.local,0,6,0,0
E001360,2026-01-19 01:15:57,sneha.verma49,EMP0049,karthik.bose54@company-intranet.local,0,415,0,0
E001361,2026-01-20 10:19:07,sneha.verma49,EMP0049,yusuf.das35@company-intranet.local,0,146,0,0
E001362,2026-01-16 13:50:45,sneha.verma49,EMP0049,yusuf.das35@company-intranet.local,0,81,0,0
E001363,2026-01-06 15:01:43,sneha.verma49,EMP0049,meera.reddy14@company-intranet.local,0,306,0,0
E001364,2026-01-26 15:49:47,sneha.verma49,EMP0049,vikram.reddy47@company-intranet.local,0,25,0,0
E001365,2026-02-02 10:52:34,sneha.verma49,EMP0049,varun.iyer36@company-intranet.local,0,209,1,0
E001366,2026-01-18 13:44:47,sneha.verma49,EMP0049,vikram.menon2@company-intranet.local,0,342,0,0
E001367,2026-02-04 12:09:25,sneha.verma49,EMP0049,divya.verma21@company-intranet.local,0,85,1,0
E001368,2026-01-22 07:57:24,rohan.chatterjee50,EMP0050,farah.gupta19@company-intranet.local,0,359,0,0
E001369,2026-02-08 08:13:46,rohan.chatterjee50,EMP0050,kiran.joshi16@company-intranet.local,0,180,1,0
E001370,2026-01-27 08:03:59,rohan.chatterjee50,EMP0050,manoj.khan13@company-intranet.local,0,314,0,0
E001371,2026-01-20 09:01:32,rohan.chatterjee50,EMP0050,deepak.naidu59@company-intranet.local,0,264,0,0
E001372,2026-01-28 12:32:46,rohan.chatterjee50,EMP0050,divya.kapoor39@company-intranet.local,0,290,0,0
E001373,2026-01-03 13:02:43,rohan.chatterjee50,EMP0050,isha.pillai46@company-intranet.local,0,65,1,0
E001374,2026-02-14 13:34:53,rohan.chatterjee50,EMP0050,vikram.reddy47@company-intranet.local,0,426,1,0
E001375,2026-02-10 16:18:55,rohan.chatterjee50,EMP0050,tanya.khan15@company-intranet.local,0,45,0,0
E001376,2026-01-13 14:58:09,rohan.chatterjee50,EMP0050,swati.kapoor52@company-intranet.local,0,204,0,0
E001377,2026-01-07 07:34:17,rohan.chatterjee50,EMP0050,varun.iyer36@company-intranet.local,0,178,1,0
E001378,2026-01-04 10:51:25,rohan.chatterjee50,EMP0050,kiran.joshi16@company-intranet.local,0,100,1,0
E001379,2026-01-08 07:41:25,rohan.chatterjee50,EMP0050,yusuf.naidu3@company-intranet.local,0,156,0,0
E001380,2026-02-13 14:10:09,rohan.chatterjee50,EMP0050,vikram.menon2@company-intranet.local,0,165,0,0
E001381,2026-02-08 17:43:00,rohan.chatterjee50,EMP0050,rajesh.sharma31@company-intranet.local,0,249,0,0
E001382,2026-01-24 14:18:30,rohan.chatterjee50,EMP0050,vikram.reddy47@company-intranet.local,0,362,0,0
E001383,2026-02-04 14:43:49,rohan.chatterjee50,EMP0050,anjali.nair9@company-intranet.local,0,475,1,0
E001384,2026-01-13 07:48:04,rohan.chatterjee50,EMP0050,farah.gupta19@company-intranet.local,0,204,1,0
E001385,2026-01-05 16:36:21,rohan.chatterjee50,EMP0050,vikram.reddy47@company-intranet.local,0,129,1,0
E001386,2026-01-18 11:50:31,rohan.chatterjee50,EMP0050,swati.kapoor52@company-intranet.local,0,203,0,0
E001387,2026-01-09 16:11:15,rohan.chatterjee50,EMP0050,divya.verma21@company-intranet.local,0,364,1,0
E001388,2026-01-25 17:23:14,rohan.chatterjee50,EMP0050,farah.iyer1@company-intranet.local,0,75,1,0
E001389,2026-01-25 06:34:19,rohan.chatterjee50,EMP0050,vikram.menon2@company-intranet.local,0,71,0,0
E001390,2026-02-01 15:58:28,rohan.chatterjee50,EMP0050,farah.iyer1@company-intranet.local,0,115,0,0
E001391,2026-02-03 10:21:59,rohan.chatterjee50,EMP0050,kiran.iyer53@company-intranet.local,0,31,0,0
E001392,2026-01-16 04:25:15,rohan.chatterjee50,EMP0050,tanya.verma28@company-intranet.local,0,429,0,0
E001393,2026-01-24 04:46:33,rohan.chatterjee50,EMP0050,manoj.mehta57@company-intranet.local,0,333,0,0
E001394,2026-02-11 13:17:53,rohan.chatterjee50,EMP0050,farah.iyer1@company-intranet.local,0,324,1,0
E001395,2026-02-07 07:55:13,rohan.chatterjee50,EMP0050,rahul.gupta38@company-intranet.local,0,27,1,0
E001396,2026-01-08 22:03:51,rohan.chatterjee50,EMP0050,manoj.menon48@company-intranet.local,0,126,1,0
E001397,2026-01-02 08:08:01,rohan.chatterjee50,EMP0050,divya.kapoor39@company-intranet.local,0,139,0,0
E001398,2026-01-11 14:49:29,rohan.chatterjee50,EMP0050,sneha.verma49@company-intranet.local,0,194,1,0
E001399,2026-01-30 14:23:14,rohan.chatterjee50,EMP0050,rohan.joshi55@company-intranet.local,0,62,1,0
E001400,2026-02-11 16:25:02,rohan.chatterjee50,EMP0050,rohan.sharma4@company-intranet.local,0,324,1,0
E001401,2026-02-04 11:08:55,rohan.chatterjee50,EMP0050,pooja.bhatt30@company-intranet.local,0,183,0,0
E001402,2026-01-19 14:16:51,rohan.chatterjee50,EMP0050,meera.das18@company-intranet.local,0,327,1,0
E001403,2026-01-09 04:18:47,rohan.chatterjee50,EMP0050,varun.iyer36@company-intranet.local,0,497,1,0
E001404,2026-01-19 14:59:21,rohan.chatterjee50,EMP0050,tanya.khan15@company-intranet.local,0,268,0,0
E001405,2026-02-05 01:35:07,anjali.kapoor51,EMP0051,isha.pillai46@company-intranet.local,0,285,1,0
E001406,2026-01-25 10:22:33,anjali.kapoor51,EMP0051,meera.reddy14@company-intranet.local,0,150,0,0
E001407,2026-01-22 10:25:10,anjali.kapoor51,EMP0051,rajesh.iyer56@company-intranet.local,0,90,1,0
E001408,2026-02-13 10:07:31,anjali.kapoor51,EMP0051,rahul.khan40@company-intranet.local,0,258,0,0
E001409,2026-01-21 14:24:00,anjali.kapoor51,EMP0051,kiran.joshi16@company-intranet.local,0,420,0,0
E001410,2026-01-07 15:53:08,anjali.kapoor51,EMP0051,neha.joshi20@company-intranet.local,0,282,0,0
E001411,2026-01-02 11:18:28,anjali.kapoor51,EMP0051,rajesh.iyer56@company-intranet.local,0,332,0,0
E001412,2026-01-27 17:25:01,anjali.kapoor51,EMP0051,anjali.nair9@company-intranet.local,0,105,0,0
E001413,2026-01-05 10:23:01,anjali.kapoor51,EMP0051,ritu.bhatt5@company-intranet.local,0,196,0,0
E001414,2026-02-13 00:28:14,anjali.kapoor51,EMP0051,karthik.rao44@company-intranet.local,0,376,1,0
E001415,2026-01-06 11:51:06,anjali.kapoor51,EMP0051,divya.verma21@company-intranet.local,0,221,0,0
E001416,2026-01-23 12:36:03,anjali.kapoor51,EMP0051,farah.kapoor24@company-intranet.local,0,71,0,0
E001417,2026-01-17 09:13:15,anjali.kapoor51,EMP0051,rahul.gupta38@company-intranet.local,0,172,0,0
E001418,2026-01-29 13:03:45,anjali.kapoor51,EMP0051,vikram.naidu25@company-intranet.local,0,500,0,0
E001419,2026-01-24 08:43:51,anjali.kapoor51,EMP0051,divya.verma21@company-intranet.local,0,360,0,0
E001420,2026-02-07 05:46:29,anjali.kapoor51,EMP0051,deepak.gupta8@company-intranet.local,0,298,1,0
E001421,2026-01-06 15:59:33,anjali.kapoor51,EMP0051,isha.saxena41@company-intranet.local,0,299,1,0
E001422,2026-01-26 11:47:59,anjali.kapoor51,EMP0051,neha.joshi20@company-intranet.local,0,438,1,0
E001423,2026-02-07 08:21:24,swati.kapoor52,EMP0052,manoj.mehta57@company-intranet.local,0,68,1,0
E001424,2026-01-16 08:20:45,swati.kapoor52,EMP0052,divya.kapoor39@company-intranet.local,0,258,0,0
E001425,2026-02-10 14:29:25,swati.kapoor52,EMP0052,varun.iyer36@company-intranet.local,0,493,0,0
E001426,2026-01-24 14:03:49,swati.kapoor52,EMP0052,neha.naidu12@company-intranet.local,0,129,1,0
E001427,2026-02-14 11:30:51,swati.kapoor52,EMP0052,vikram.reddy47@company-intranet.local,0,50,1,0
E001428,2026-01-17 09:00:51,swati.kapoor52,EMP0052,sameer.reddy42@company-intranet.local,0,56,1,0
E001429,2026-01-12 08:38:23,swati.kapoor52,EMP0052,tanya.verma28@company-intranet.local,0,255,0,0
E001430,2026-01-14 08:52:09,swati.kapoor52,EMP0052,suresh.joshi45@company-intranet.local,0,366,1,0
E001431,2026-02-14 11:50:43,swati.kapoor52,EMP0052,anjali.nair9@company-intranet.local,0,112,1,0
E001432,2026-01-26 09:02:11,swati.kapoor52,EMP0052,rajesh.iyer56@company-intranet.local,0,292,0,0
E001433,2026-01-21 09:10:52,swati.kapoor52,EMP0052,swati.bose26@company-intranet.local,0,483,0,0
E001434,2026-01-25 13:37:41,swati.kapoor52,EMP0052,neha.naidu12@company-intranet.local,0,137,0,0
E001435,2026-01-29 11:15:39,swati.kapoor52,EMP0052,manoj.sharma60@company-intranet.local,0,368,0,0
E001436,2026-01-15 14:55:21,swati.kapoor52,EMP0052,sameer.reddy42@company-intranet.local,0,77,0,0
E001437,2026-01-09 09:11:01,swati.kapoor52,EMP0052,farah.pillai37@company-intranet.local,0,53,0,0
E001438,2026-02-14 23:04:27,swati.kapoor52,EMP0052,rahul.khan40@company-intranet.local,0,101,0,0
E001439,2026-01-12 12:18:08,swati.kapoor52,EMP0052,meera.reddy14@company-intranet.local,0,497,0,0
E001440,2026-02-01 14:38:37,swati.kapoor52,EMP0052,arjun.mehta34@company-intranet.local,0,81,1,0
E001441,2026-01-01 15:30:21,swati.kapoor52,EMP0052,kiran.iyer53@company-intranet.local,0,169,0,0
E001442,2026-01-22 16:44:21,swati.kapoor52,EMP0052,anjali.nair9@company-intranet.local,0,464,0,0
E001443,2026-01-04 17:28:20,swati.kapoor52,EMP0052,tanya.verma28@company-intranet.local,0,296,1,0
E001444,2026-02-08 13:12:35,swati.kapoor52,EMP0052,tanya.khan15@company-intranet.local,0,68,0,0
E001445,2026-01-01 14:25:50,swati.kapoor52,EMP0052,farah.gupta19@company-intranet.local,0,130,0,0
E001446,2026-02-13 08:49:48,swati.kapoor52,EMP0052,tanya.verma28@company-intranet.local,0,325,1,0
E001447,2026-01-10 17:31:28,swati.kapoor52,EMP0052,pooja.bhatt30@company-intranet.local,0,244,0,0
E001448,2026-01-14 18:26:56,swati.kapoor52,EMP0052,vikram.reddy47@company-intranet.local,0,264,1,0
E001449,2026-01-03 19:25:59,swati.kapoor52,EMP0052,neha.joshi20@company-intranet.local,0,378,0,0
E001450,2026-01-29 00:35:23,kiran.iyer53,EMP0053,rohan.sharma4@company-intranet.local,0,126,0,0
E001451,2026-01-03 10:20:10,kiran.iyer53,EMP0053,rahul.khan40@company-intranet.local,0,262,0,0
E001452,2026-01-09 13:05:46,kiran.iyer53,EMP0053,kiran.iyer53@company-intranet.local,0,24,1,0
E001453,2026-01-31 15:19:46,kiran.iyer53,EMP0053,rohan.sharma4@company-intranet.local,0,72,0,0
E001454,2026-01-18 01:41:55,kiran.iyer53,EMP0053,tanya.verma28@company-intranet.local,0,247,0,0
E001455,2026-02-02 08:29:26,kiran.iyer53,EMP0053,anjali.nair9@company-intranet.local,0,195,1,0
E001456,2026-01-01 16:27:53,kiran.iyer53,EMP0053,rahul.bhatt11@company-intranet.local,0,12,0,0
E001457,2026-01-16 14:12:51,kiran.iyer53,EMP0053,farah.chatterjee33@company-intranet.local,0,344,0,0
E001458,2026-02-10 16:51:25,kiran.iyer53,EMP0053,manoj.mehta57@company-intranet.local,0,494,0,0
E001459,2026-01-27 14:18:36,kiran.iyer53,EMP0053,deepak.bose29@company-intranet.local,0,141,0,0
E001460,2026-02-08 11:37:13,kiran.iyer53,EMP0053,swati.das7@company-intranet.local,0,272,0,0
E001461,2026-02-07 14:36:43,kiran.iyer53,EMP0053,isha.naidu32@company-intranet.local,0,388,1,0
E001462,2026-02-04 14:53:38,kiran.iyer53,EMP0053,anjali.kapoor51@company-intranet.local,0,44,0,0
E001463,2026-02-08 17:32:27,kiran.iyer53,EMP0053,yusuf.naidu3@company-intranet.local,0,306,1,0
E001464,2026-02-09 17:52:20,kiran.iyer53,EMP0053,farah.iyer1@company-intranet.local,0,448,0,0
E001465,2026-02-14 15:13:09,karthik.bose54,EMP0054,kiran.iyer53@company-intranet.local,0,218,0,0
E001466,2026-01-19 08:08:47,karthik.bose54,EMP0054,tanya.khan15@company-intranet.local,0,307,0,0
E001467,2026-01-25 07:06:10,karthik.bose54,EMP0054,isha.pillai46@company-intranet.local,0,285,1,0
E001468,2026-02-04 15:04:42,karthik.bose54,EMP0054,rajesh.iyer56@company-intranet.local,0,471,0,0
E001469,2026-01-22 13:35:59,karthik.bose54,EMP0054,divya.joshi22@company-intranet.local,0,121,0,0
E001470,2026-01-02 00:04:11,karthik.bose54,EMP0054,karthik.rao44@company-intranet.local,0,235,0,0
E001471,2026-02-14 22:56:10,karthik.bose54,EMP0054,anjali.nair9@company-intranet.local,0,470,0,0
E001472,2026-02-07 21:45:58,karthik.bose54,EMP0054,neha.joshi20@company-intranet.local,0,485,0,0
E001473,2026-01-20 08:56:59,karthik.bose54,EMP0054,isha.saxena41@company-intranet.local,0,87,0,0
E001474,2026-01-26 14:47:32,karthik.bose54,EMP0054,suresh.joshi45@company-intranet.local,0,256,0,0
E001475,2026-02-02 15:33:09,karthik.bose54,EMP0054,deepak.naidu59@company-intranet.local,0,499,0,0
E001476,2026-01-14 11:41:34,karthik.bose54,EMP0054,sameer.reddy42@company-intranet.local,0,252,0,0
E001477,2026-01-22 14:54:18,karthik.bose54,EMP0054,ritu.bhatt5@company-intranet.local,0,203,1,0
E001478,2026-01-04 10:04:46,karthik.bose54,EMP0054,manoj.khan13@company-intranet.local,0,362,1,0
E001479,2026-01-17 13:23:25,karthik.bose54,EMP0054,neha.joshi20@company-intranet.local,0,244,1,0
E001480,2026-02-06 13:55:17,karthik.bose54,EMP0054,swati.bose26@company-intranet.local,0,17,1,0
E001481,2026-01-21 12:43:28,karthik.bose54,EMP0054,rahul.khan40@company-intranet.local,0,142,1,0
E001482,2026-01-25 08:43:34,karthik.bose54,EMP0054,kiran.joshi16@company-intranet.local,0,6,1,0
E001483,2026-01-29 08:25:51,karthik.bose54,EMP0054,deepak.gupta8@company-intranet.local,0,30,1,0
E001484,2026-01-04 13:09:26,karthik.bose54,EMP0054,lakshmi.naidu6@company-intranet.local,0,201,0,0
E001485,2026-01-09 00:26:20,karthik.bose54,EMP0054,varun.saxena23@company-intranet.local,0,466,0,0
E001486,2026-01-29 14:26:17,karthik.bose54,EMP0054,divya.joshi22@company-intranet.local,0,260,1,0
E001487,2026-02-03 19:20:20,karthik.bose54,EMP0054,sneha.verma49@company-intranet.local,0,393,0,0
E001488,2026-02-01 10:11:16,karthik.bose54,EMP0054,rajesh.sharma31@company-intranet.local,0,225,0,0
E001489,2026-01-01 00:24:33,karthik.bose54,EMP0054,deepak.bose29@company-intranet.local,0,177,1,0
E001490,2026-01-27 15:54:08,karthik.bose54,EMP0054,farah.gupta19@company-intranet.local,0,354,0,0
E001491,2026-01-23 06:24:22,karthik.bose54,EMP0054,kavya.patil17@company-intranet.local,0,171,0,0
E001492,2026-01-10 08:16:55,karthik.bose54,EMP0054,neha.joshi20@company-intranet.local,0,138,0,0
E001493,2026-02-02 13:30:59,karthik.bose54,EMP0054,farah.gupta19@company-intranet.local,0,7,0,0
E001494,2026-01-13 08:26:58,karthik.bose54,EMP0054,yusuf.das35@company-intranet.local,0,223,0,0
E001495,2026-02-02 15:53:20,karthik.bose54,EMP0054,kiran.iyer53@company-intranet.local,0,245,0,0
E001496,2026-01-05 11:15:26,karthik.bose54,EMP0054,manoj.khan13@company-intranet.local,0,28,1,0
E001497,2026-01-20 15:17:09,karthik.bose54,EMP0054,deepak.naidu59@company-intranet.local,0,113,1,0
E001498,2026-02-11 11:11:02,karthik.bose54,EMP0054,swati.kapoor52@company-intranet.local,0,360,0,0
E001499,2026-01-04 12:47:34,rohan.joshi55,EMP0055,tanya.khan15@company-intranet.local,0,20,1,0
E001500,2026-01-18 15:13:17,rohan.joshi55,EMP0055,nikhil.kapoor43@company-intranet.local,0,301,0,0
E001501,2026-02-07 15:40:04,rohan.joshi55,EMP0055,kiran.iyer53@company-intranet.local,0,315,0,0
E001502,2026-02-08 11:54:58,rohan.joshi55,EMP0055,kiran.iyer53@company-intranet.local,0,463,1,0
E001503,2026-02-01 08:17:21,rohan.joshi55,EMP0055,sneha.joshi10@company-intranet.local,0,289,0,0
E001504,2026-01-08 08:24:39,rohan.joshi55,EMP0055,meera.das18@company-intranet.local,0,274,0,0
E001505,2026-01-20 10:02:29,rohan.joshi55,EMP0055,meera.reddy14@company-intranet.local,0,186,0,0
E001506,2026-02-14 12:32:00,rohan.joshi55,EMP0055,farah.pillai37@company-intranet.local,0,169,0,0
E001507,2026-02-10 13:14:36,rohan.joshi55,EMP0055,kavya.patil17@company-intranet.local,0,351,0,0
E001508,2026-01-22 13:40:48,rohan.joshi55,EMP0055,varun.iyer36@company-intranet.local,0,28,0,0
E001509,2026-02-12 22:00:10,rohan.joshi55,EMP0055,isha.pillai46@company-intranet.local,0,320,0,0
E001510,2026-01-18 08:55:51,rohan.joshi55,EMP0055,rohan.joshi55@company-intranet.local,0,27,0,0
E001511,2026-01-06 10:33:38,rohan.joshi55,EMP0055,sneha.verma49@company-intranet.local,0,76,0,0
E001512,2026-02-03 09:53:55,rohan.joshi55,EMP0055,vikram.menon2@company-intranet.local,0,244,0,0
E001513,2026-01-20 08:14:06,rohan.joshi55,EMP0055,farah.pillai37@company-intranet.local,0,385,0,0
E001514,2026-02-12 11:18:34,rohan.joshi55,EMP0055,tanya.verma28@company-intranet.local,0,240,0,0
E001515,2026-02-09 10:07:42,rohan.joshi55,EMP0055,neha.joshi20@company-intranet.local,0,39,1,0
E001516,2026-01-28 14:58:43,rohan.joshi55,EMP0055,arjun.mehta34@company-intranet.local,0,374,0,0
E001517,2026-01-13 00:33:48,rohan.joshi55,EMP0055,vikram.reddy47@company-intranet.local,0,71,1,0
E001518,2026-01-21 15:33:55,rohan.joshi55,EMP0055,swati.bose26@company-intranet.local,0,361,1,0
E001519,2026-01-18 07:26:10,rohan.joshi55,EMP0055,kiran.joshi16@company-intranet.local,0,336,0,0
E001520,2026-01-11 20:27:01,rohan.joshi55,EMP0055,manoj.menon48@company-intranet.local,0,334,0,0
E001521,2026-02-05 10:39:48,rohan.joshi55,EMP0055,meera.das18@company-intranet.local,0,89,0,0
E001522,2026-01-27 16:18:59,rohan.joshi55,EMP0055,arjun.mehta34@company-intranet.local,0,112,0,0
E001523,2026-01-29 08:00:24,rohan.joshi55,EMP0055,swati.bose26@company-intranet.local,0,98,1,0
E001524,2026-01-14 14:41:58,rohan.joshi55,EMP0055,karthik.rao44@company-intranet.local,0,49,0,0
E001525,2026-01-06 22:33:59,rohan.joshi55,EMP0055,anjali.mehta58@company-intranet.local,0,413,0,0
E001526,2026-01-30 12:09:18,rohan.joshi55,EMP0055,rohan.chatterjee50@company-intranet.local,0,80,0,0
E001527,2026-01-24 15:36:19,rohan.joshi55,EMP0055,vikram.nair27@company-intranet.local,0,323,1,0
E001528,2026-02-07 16:59:26,rohan.joshi55,EMP0055,manoj.sharma60@company-intranet.local,0,83,0,0
E001529,2026-01-09 11:09:14,rohan.joshi55,EMP0055,sameer.reddy42@company-intranet.local,0,247,0,0
E001530,2026-01-29 13:37:01,rohan.joshi55,EMP0055,sneha.joshi10@company-intranet.local,0,457,0,0
E001531,2026-01-15 11:52:36,rohan.joshi55,EMP0055,rohan.sharma4@company-intranet.local,0,23,1,0
E001532,2026-01-28 09:17:55,rohan.joshi55,EMP0055,swati.kapoor52@company-intranet.local,0,370,1,0
E001533,2026-02-10 13:03:42,rohan.joshi55,EMP0055,manoj.mehta57@company-intranet.local,0,287,0,0
E001534,2026-01-30 22:37:20,rohan.joshi55,EMP0055,isha.pillai46@company-intranet.local,0,137,0,0
E001535,2026-02-10 15:26:31,rohan.joshi55,EMP0055,divya.verma21@company-intranet.local,0,165,0,0
E001536,2026-02-07 12:52:56,rohan.joshi55,EMP0055,rajesh.iyer56@company-intranet.local,0,283,1,0
E001537,2026-02-13 23:47:13,rajesh.iyer56,EMP0056,neha@gmail.com,1,7779,1,1
E001538,2026-02-07 23:38:03,rajesh.iyer56,EMP0056,manoj@outlook.com,1,8055,1,1
E001539,2026-02-02 15:40:24,rajesh.iyer56,EMP0056,rahul.bhatt11@company-intranet.local,0,212,1,0
E001540,2026-01-14 12:28:26,rajesh.iyer56,EMP0056,meera.reddy14@company-intranet.local,0,273,0,0
E001541,2026-01-10 14:25:05,rajesh.iyer56,EMP0056,sneha.joshi10@company-intranet.local,0,126,1,0
E001542,2026-01-26 08:59:40,rajesh.iyer56,EMP0056,anjali.kapoor51@company-intranet.local,0,346,1,0
E001543,2026-01-02 10:05:35,rajesh.iyer56,EMP0056,manoj.mehta57@company-intranet.local,0,418,1,0
E001544,2026-01-07 22:54:41,rajesh.iyer56,EMP0056,deepak@gmail.com,1,10368,1,1
E001545,2026-01-09 02:52:31,rajesh.iyer56,EMP0056,farah.iyer1@company-intranet.local,0,473,0,0
E001546,2026-01-25 16:38:02,rajesh.iyer56,EMP0056,rajesh.iyer56@company-intranet.local,0,65,0,0
E001547,2026-01-30 08:49:09,rajesh.iyer56,EMP0056,rahul.gupta38@company-intranet.local,0,289,0,0
E001548,2026-01-25 17:14:17,rajesh.iyer56,EMP0056,anjali.mehta58@company-intranet.local,0,366,1,0
E001549,2026-02-12 11:19:38,rajesh.iyer56,EMP0056,anjali.mehta58@company-intranet.local,0,237,0,0
E001550,2026-01-16 04:31:20,rajesh.iyer56,EMP0056,pooja.bhatt30@company-intranet.local,0,266,1,0
E001551,2026-01-27 15:55:14,rajesh.iyer56,EMP0056,manoj.khan13@company-intranet.local,0,178,0,0
E001552,2026-02-14 15:28:15,rajesh.iyer56,EMP0056,manoj.menon48@company-intranet.local,0,56,0,0
E001553,2026-02-12 08:20:21,rajesh.iyer56,EMP0056,divya.joshi22@company-intranet.local,0,328,0,0
E001554,2026-02-13 10:43:57,rajesh.iyer56,EMP0056,yusuf.naidu3@company-intranet.local,0,188,0,0
E001555,2026-02-11 23:39:38,rajesh.iyer56,EMP0056,nikhil@yahoo.com,1,10463,1,1
E001556,2026-01-18 09:02:19,rajesh.iyer56,EMP0056,farah.kapoor24@company-intranet.local,0,265,1,0
E001557,2026-01-14 01:19:04,rajesh.iyer56,EMP0056,suresh@protonmail.com,1,2842,1,1
E001558,2026-02-11 07:09:59,rajesh.iyer56,EMP0056,tanya.khan15@company-intranet.local,0,336,0,0
E001559,2026-01-04 23:07:20,rajesh.iyer56,EMP0056,farah@protonmail.com,1,14721,1,1
E001560,2026-02-04 15:37:40,rajesh.iyer56,EMP0056,deepak.bose29@company-intranet.local,0,454,0,0
E001561,2026-02-09 05:56:09,rajesh.iyer56,EMP0056,tanya.khan15@company-intranet.local,0,332,0,0
E001562,2026-02-10 22:32:18,rajesh.iyer56,EMP0056,anjali@protonmail.com,1,9750,1,1
E001563,2026-02-06 02:48:14,rajesh.iyer56,EMP0056,kiran.iyer53@company-intranet.local,0,400,0,0
E001564,2026-01-28 15:04:27,rajesh.iyer56,EMP0056,meera.reddy14@company-intranet.local,0,485,0,0
E001565,2026-02-09 08:31:32,rajesh.iyer56,EMP0056,nikhil.kapoor43@company-intranet.local,0,111,0,0
E001566,2026-01-23 12:28:45,rajesh.iyer56,EMP0056,deepak.naidu59@company-intranet.local,0,87,1,0
E001567,2026-02-12 23:14:06,rajesh.iyer56,EMP0056,ritu@protonmail.com,1,11167,1,1
E001568,2026-01-14 08:53:05,rajesh.iyer56,EMP0056,divya.joshi22@company-intranet.local,0,291,0,0
E001569,2026-02-12 08:52:14,rajesh.iyer56,EMP0056,tanya.khan15@company-intranet.local,0,94,0,0
E001570,2026-01-06 23:23:04,rajesh.iyer56,EMP0056,varun.iyer36@company-intranet.local,0,182,1,0
E001571,2026-01-17 12:37:27,manoj.mehta57,EMP0057,swati.kapoor52@company-intranet.local,0,204,0,0
E001572,2026-01-30 17:19:18,manoj.mehta57,EMP0057,anjali.kapoor51@company-intranet.local,0,201,0,0
E001573,2026-01-17 10:46:07,manoj.mehta57,EMP0057,varun.saxena23@company-intranet.local,0,385,1,0
E001574,2026-02-06 10:18:41,manoj.mehta57,EMP0057,lakshmi.naidu6@company-intranet.local,0,476,1,0
E001575,2026-02-01 09:59:59,manoj.mehta57,EMP0057,manoj.sharma60@company-intranet.local,0,317,0,0
E001576,2026-01-28 06:00:21,manoj.mehta57,EMP0057,farah.iyer1@company-intranet.local,0,490,0,0
E001577,2026-01-11 07:42:06,manoj.mehta57,EMP0057,swati.bose26@company-intranet.local,0,294,1,0
E001578,2026-01-05 14:18:57,manoj.mehta57,EMP0057,swati.das7@company-intranet.local,0,121,0,0
E001579,2026-01-18 14:24:44,manoj.mehta57,EMP0057,manoj.mehta57@company-intranet.local,0,34,1,0
E001580,2026-02-07 09:35:13,manoj.mehta57,EMP0057,suresh.joshi45@company-intranet.local,0,254,0,0
E001581,2026-01-19 02:08:37,manoj.mehta57,EMP0057,swati.kapoor52@company-intranet.local,0,373,0,0
E001582,2026-02-04 11:42:40,manoj.mehta57,EMP0057,kiran.joshi16@company-intranet.local,0,108,0,0
E001583,2026-01-10 11:54:40,manoj.mehta57,EMP0057,varun.saxena23@company-intranet.local,0,482,1,0
E001584,2026-01-02 13:41:37,manoj.mehta57,EMP0057,vikram.naidu25@company-intranet.local,0,367,0,0
E001585,2026-01-08 12:12:26,manoj.mehta57,EMP0057,vikram.naidu25@company-intranet.local,0,236,0,0
E001586,2026-01-08 13:24:26,manoj.mehta57,EMP0057,vikram.nair27@company-intranet.local,0,227,0,0
E001587,2026-01-01 08:20:47,manoj.mehta57,EMP0057,swati.bose26@company-intranet.local,0,473,0,0
E001588,2026-01-18 08:58:02,manoj.mehta57,EMP0057,anjali.nair9@company-intranet.local,0,411,0,0
E001589,2026-01-09 14:14:17,manoj.mehta57,EMP0057,rahul.khan40@company-intranet.local,0,306,1,0
E001590,2026-01-03 06:13:46,manoj.mehta57,EMP0057,deepak.bose29@company-intranet.local,0,221,1,0
E001591,2026-01-15 17:31:22,manoj.mehta57,EMP0057,rahul.khan40@company-intranet.local,0,384,0,0
E001592,2026-01-07 11:28:39,manoj.mehta57,EMP0057,ritu.bhatt5@company-intranet.local,0,172,0,0
E001593,2026-02-10 09:52:25,manoj.mehta57,EMP0057,deepak.gupta8@company-intranet.local,0,145,0,0
E001594,2026-01-02 13:13:15,manoj.mehta57,EMP0057,rohan.chatterjee50@company-intranet.local,0,444,0,0
E001595,2026-01-05 11:54:25,manoj.mehta57,EMP0057,deepak.naidu59@company-intranet.local,0,189,0,0
E001596,2026-01-20 08:51:24,manoj.mehta57,EMP0057,kiran.iyer53@company-intranet.local,0,31,0,0
E001597,2026-02-05 10:31:48,manoj.mehta57,EMP0057,anjali.nair9@company-intranet.local,0,199,0,0
E001598,2026-01-05 13:50:48,manoj.mehta57,EMP0057,varun.saxena23@company-intranet.local,0,381,1,0
E001599,2026-01-25 17:40:21,manoj.mehta57,EMP0057,varun.saxena23@company-intranet.local,0,303,0,0
E001600,2026-02-10 08:43:28,manoj.mehta57,EMP0057,vikram.naidu25@company-intranet.local,0,440,0,0
E001601,2026-01-06 09:02:01,manoj.mehta57,EMP0057,meera.reddy14@company-intranet.local,0,479,1,0
E001602,2026-01-21 00:11:47,manoj.mehta57,EMP0057,swati.kapoor52@company-intranet.local,0,176,0,0
E001603,2026-01-05 14:13:53,manoj.mehta57,EMP0057,manoj.sharma60@company-intranet.local,0,405,0,0
E001604,2026-01-19 18:16:56,manoj.mehta57,EMP0057,varun.iyer36@company-intranet.local,0,209,0,0
E001605,2026-01-10 08:58:34,manoj.mehta57,EMP0057,tanya.khan15@company-intranet.local,0,298,0,0
E001606,2026-01-20 11:15:14,manoj.mehta57,EMP0057,ritu.bhatt5@company-intranet.local,0,134,0,0
E001607,2026-01-18 10:47:44,manoj.mehta57,EMP0057,lakshmi.naidu6@company-intranet.local,0,196,1,0
E001608,2026-01-31 09:53:12,manoj.mehta57,EMP0057,sneha.joshi10@company-intranet.local,0,188,0,0
E001609,2026-01-17 14:37:29,anjali.mehta58,EMP0058,arjun.mehta34@company-intranet.local,0,269,0,0
E001610,2026-02-07 16:13:04,anjali.mehta58,EMP0058,anjali.nair9@company-intranet.local,0,452,1,0
E001611,2026-01-01 09:37:20,anjali.mehta58,EMP0058,farah.gupta19@company-intranet.local,0,129,0,0
E001612,2026-02-01 14:27:06,anjali.mehta58,EMP0058,farah.chatterjee33@company-intranet.local,0,104,0,0
E001613,2026-02-14 12:23:32,anjali.mehta58,EMP0058,rohan.sharma4@company-intranet.local,0,35,0,0
E001614,2026-02-14 12:15:05,anjali.mehta58,EMP0058,neha.joshi20@company-intranet.local,0,110,1,0
E001615,2026-01-06 10:04:16,anjali.mehta58,EMP0058,tanya.khan15@company-intranet.local,0,226,0,0
E001616,2026-02-04 11:40:06,anjali.mehta58,EMP0058,swati.kapoor52@company-intranet.local,0,12,0,0
E001617,2026-02-05 07:29:06,anjali.mehta58,EMP0058,yusuf.naidu3@company-intranet.local,0,319,1,0
E001618,2026-01-26 13:20:27,anjali.mehta58,EMP0058,neha.joshi20@company-intranet.local,0,70,0,0
E001619,2026-01-30 16:26:41,anjali.mehta58,EMP0058,varun.iyer36@company-intranet.local,0,338,0,0
E001620,2026-01-10 16:52:37,anjali.mehta58,EMP0058,nikhil.kapoor43@company-intranet.local,0,106,0,0
E001621,2026-01-05 10:16:11,anjali.mehta58,EMP0058,isha.pillai46@company-intranet.local,0,385,0,0
E001622,2026-01-01 11:03:11,anjali.mehta58,EMP0058,manoj.khan13@company-intranet.local,0,32,0,0
E001623,2026-02-02 11:21:41,anjali.mehta58,EMP0058,suresh.joshi45@company-intranet.local,0,487,0,0
E001624,2026-02-14 02:20:58,anjali.mehta58,EMP0058,karthik.bose54@company-intranet.local,0,75,0,0
E001625,2026-01-19 15:06:18,anjali.mehta58,EMP0058,anjali.kapoor51@company-intranet.local,0,83,0,0
E001626,2026-01-26 11:02:06,anjali.mehta58,EMP0058,divya.verma21@company-intranet.local,0,43,0,0
E001627,2026-02-07 13:01:06,deepak.naidu59,EMP0059,rajesh.iyer56@company-intranet.local,0,210,0,0
E001628,2026-01-16 08:47:33,deepak.naidu59,EMP0059,sneha.joshi10@company-intranet.local,0,70,0,0
E001629,2026-01-09 09:02:20,deepak.naidu59,EMP0059,tanya.khan15@company-intranet.local,0,449,1,0
E001630,2026-01-09 08:11:03,deepak.naidu59,EMP0059,farah.kapoor24@company-intranet.local,0,198,0,0
E001631,2026-02-11 02:42:47,deepak.naidu59,EMP0059,rahul.khan40@company-intranet.local,0,392,0,0
E001632,2026-01-05 07:13:16,deepak.naidu59,EMP0059,yusuf.das35@company-intranet.local,0,162,0,0
E001633,2026-01-15 13:12:14,deepak.naidu59,EMP0059,sameer.reddy42@company-intranet.local,0,94,0,0
E001634,2026-01-12 12:07:50,deepak.naidu59,EMP0059,meera.reddy14@company-intranet.local,0,86,0,0
E001635,2026-02-08 09:53:55,deepak.naidu59,EMP0059,vikram.nair27@company-intranet.local,0,352,0,0
E001636,2026-01-22 07:19:11,deepak.naidu59,EMP0059,farah.chatterjee33@company-intranet.local,0,209,0,0
E001637,2026-01-20 13:27:50,deepak.naidu59,EMP0059,farah.iyer1@company-intranet.local,0,93,0,0
E001638,2026-02-07 12:27:12,deepak.naidu59,EMP0059,meera.das18@company-intranet.local,0,94,1,0
E001639,2026-01-04 14:37:22,deepak.naidu59,EMP0059,kiran.joshi16@company-intranet.local,0,228,0,0
E001640,2026-02-10 14:40:57,deepak.naidu59,EMP0059,rajesh.iyer56@company-intranet.local,0,425,0,0
E001641,2026-01-18 14:35:40,deepak.naidu59,EMP0059,isha.saxena41@company-intranet.local,0,189,0,0
E001642,2026-02-09 11:14:22,deepak.naidu59,EMP0059,swati.bose26@company-intranet.local,0,432,0,0
E001643,2026-01-22 14:24:25,deepak.naidu59,EMP0059,farah.kapoor24@company-intranet.local,0,421,0,0
E001644,2026-02-06 16:17:31,deepak.naidu59,EMP0059,sneha.verma49@company-intranet.local,0,464,0,0
E001645,2026-01-11 10:15:55,deepak.naidu59,EMP0059,isha.saxena41@company-intranet.local,0,266,0,0
E001646,2026-02-09 17:26:19,deepak.naidu59,EMP0059,swati.das7@company-intranet.local,0,141,0,0
E001647,2026-01-24 08:25:54,deepak.naidu59,EMP0059,rahul.gupta38@company-intranet.local,0,362,0,0
E001648,2026-01-11 09:28:49,deepak.naidu59,EMP0059,meera.das18@company-intranet.local,0,477,0,0
E001649,2026-01-28 14:42:14,deepak.naidu59,EMP0059,divya.joshi22@company-intranet.local,0,111,1,0
E001650,2026-02-07 14:44:59,deepak.naidu59,EMP0059,vikram.nair27@company-intranet.local,0,70,1,0
E001651,2026-02-06 12:21:47,deepak.naidu59,EMP0059,kiran.joshi16@company-intranet.local,0,83,0,0
E001652,2026-01-25 12:37:09,manoj.sharma60,EMP0060,neha.joshi20@company-intranet.local,0,57,0,0
E001653,2026-01-31 07:41:29,manoj.sharma60,EMP0060,rajesh.iyer56@company-intranet.local,0,335,1,0
E001654,2026-01-27 19:47:40,manoj.sharma60,EMP0060,varun.iyer36@company-intranet.local,0,481,0,0
E001655,2026-01-21 09:42:18,manoj.sharma60,EMP0060,vikram.nair27@company-intranet.local,0,285,0,0
E001656,2026-02-02 15:15:42,manoj.sharma60,EMP0060,farah.pillai37@company-intranet.local,0,18,0,0
E001657,2026-01-07 10:34:09,manoj.sharma60,EMP0060,farah.gupta19@company-intranet.local,0,294,0,0
E001658,2026-02-07 13:39:38,manoj.sharma60,EMP0060,sneha.verma49@company-intranet.local,0,460,1,0
E001659,2026-02-12 07:06:22,manoj.sharma60,EMP0060,rajesh.iyer56@company-intranet.local,0,119,1,0
E001660,2026-02-02 07:25:57,manoj.sharma60,EMP0060,anjali.kapoor51@company-intranet.local,0,268,1,0
E001661,2026-01-13 14:05:01,manoj.sharma60,EMP0060,kiran.joshi16@company-intranet.local,0,16,0,0
E001662,2026-01-14 11:24:03,manoj.sharma60,EMP0060,rajesh.sharma31@company-intranet.local,0,358,0,0
E001663,2026-01-01 18:17:34,manoj.sharma60,EMP0060,rahul.khan40@company-intranet.local,0,221,0,0
E001664,2026-02-05 17:01:35,manoj.sharma60,EMP0060,anjali.mehta58@company-intranet.local,0,76,0,0
E001665,2026-01-18 13:07:08,manoj.sharma60,EMP0060,deepak.gupta8@company-intranet.local,0,151,0,0
E001666,2026-01-13 13:19:50,manoj.sharma60,EMP0060,rohan.chatterjee50@company-intranet.local,0,231,0,0
E001667,2026-01-12 10:17:53,manoj.sharma60,EMP0060,sneha.joshi10@company-intranet.local,0,388,1,0
E001668,2026-02-10 08:53:44,manoj.sharma60,EMP0060,farah.gupta19@company-intranet.local,0,181,0,0
E001669,2026-01-14 17:12:38,manoj.sharma60,EMP0060,swati.das7@company-intranet.local,0,240,0,0
E001670,2026-02-07 16:37:40,manoj.sharma60,EMP0060,anjali.mehta58@company-intranet.local,0,158,0,0
E001671,2026-01-14 10:36:16,manoj.sharma60,EMP0060,farah.chatterjee33@company-intranet.local,0,438,1,0
E001672,2026-01-06 23:07:11,manoj.sharma60,EMP0060,sameer.reddy42@company-intranet.local,0,216,1,0
