id,date,user,employee_id,pc,url_domain,suspicious_flag,off_hours_flag
H000001,2026-01-19 13:05:39,farah.iyer1,EMP0001,PC-ENG-001,slack.com,0,0
H000002,2026-01-29 22:01:26,farah.iyer1,EMP0001,PC-ENG-001,wikipedia.org,0,0
H000003,2026-01-15 08:14:38,farah.iyer1,EMP0001,PC-ENG-001,office365.com,0,0
H000004,2026-01-03 07:24:06,farah.iyer1,EMP0001,PC-ENG-001,github.com,0,0
H000005,2026-01-23 15:36:01,farah.iyer1,EMP0001,PC-ENG-001,office365.com,0,0
H000006,2026-01-26 15:15:36,farah.iyer1,EMP0001,PC-ENG-001,google.com,0,0
H000007,2026-01-18 14:02:48,farah.iyer1,EMP0001,PC-ENG-001,office365.com,0,0
H000008,2026-01-13 09:17:17,farah.iyer1,EMP0001,PC-ENG-001,stackoverflow.com,0,0
H000009,2026-01-31 17:26:53,farah.iyer1,EMP0001,PC-ENG-001,linkedin.com,0,0
H000010,2026-02-12 15:43:17,farah.iyer1,EMP0001,PC-ENG-001,wikipedia.org,0,0
H000011,2026-01-07 09:52:36,farah.iyer1,EMP0001,PC-ENG-001,wikipedia.org,0,0
H000012,2026-02-14 09:46:03,farah.iyer1,EMP0001,PC-ENG-001,office365.com,0,0
H000013,2026-01-28 12:13:02,farah.iyer1,EMP0001,PC-ENG-001,office365.com,0,0
H000014,2026-01-17 17:05:06,farah.iyer1,EMP0001,PC-ENG-001,slack.com,0,0
H000015,2026-01-01 21:37:41,farah.iyer1,EMP0001,PC-ENG-001,google.com,0,0
H000016,2026-02-12 14:49:01,farah.iyer1,EMP0001,PC-ENG-001,company-intranet.local,0,0
H000017,2026-01-20 14:59:10,farah.iyer1,EMP0001,PC-ENG-001,company-intranet.local,0,0
H000018,2026-01-10 12:53:56,farah.iyer1,EMP0001,PC-ENG-001,slack.com,0,0
H000019,2026-01-27 18:25:58,farah.iyer1,EMP0001,PC-ENG-001,wikipedia.org,0,0
H000020,2026-01-03 15:04:56,farah.iyer1,EMP0001,PC-ENG-001,google.com,0,0
H000021,2026-02-08 04:18:09,farah.iyer1,EMP0001,PC-ENG-001,office365.com,0,0
H000022,2026-01-13 09:57:47,farah.iyer1,EMP0001,PC-ENG-001,zoom.us,0,0
H000023,2026-01-20 12:56:09,farah.iyer1,EMP0001,PC-ENG-001,company-intranet.local,0,0
H000024,2026-01-14 10:04:27,farah.iyer1,EMP0001,PC-ENG-001,company-intranet.local,0,0
H000025,2026-02-14 11:42:06,farah.iyer1,EMP0001,PC-ENG-001,linkedin.com,0,0
H000026,2026-02-07 07:58:34,farah.iyer1,EMP0001,PC-ENG-001,slack.com,0,0
H000027,2026-01-04 07:50:30,farah.iyer1,EMP0001,PC-ENG-001,office365.com,0,0
H000028,2026-02-14 16:50:31,farah.iyer1,EMP0001,PC-ENG-001,office365.com,0,0
H000029,2026-01-14 16:50:45,farah.iyer1,EMP0001,PC-ENG-001,office365.com,0,0
H000030,2026-02-07 14:59:54,farah.iyer1,EMP0001,PC-ENG-001,company-intranet.local,0,0
H000031,2026-01-09 09:29:42,farah.iyer1,EMP0001,PC-ENG-001,company-intranet.local,0,0
H000032,2026-01-11 20:33:35,farah.iyer1,EMP0001,PC-ENG-001,office365.com,0,0
H000033,2026-01-19 07:08:53,farah.iyer1,EMP0001,PC-ENG-001,wikipedia.org,0,0
H000034,2026-01-30 16:19:20,farah.iyer1,EMP0001,PC-ENG-001,github.com,0,0
H000035,2026-02-01 18:04:49,farah.iyer1,EMP0001,PC-ENG-001,google.com,0,0
H000036,2026-01-14 20:30:54,farah.iyer1,EMP0001,PC-ENG-001,wikipedia.org,0,0
H000037,2026-01-24 12:18:55,farah.iyer1,EMP0001,PC-ENG-001,slack.com,0,0
H000038,2026-01-13 13:15:35,farah.iyer1,EMP0001,PC-ENG-001,office365.com,0,0
H000039,2026-01-03 17:31:19,farah.iyer1,EMP0001,PC-ENG-001,google.com,0,0
H000040,2026-01-08 14:24:07,farah.iyer1,EMP0001,PC-ENG-001,google.com,0,0
H000041,2026-01-19 08:41:09,farah.iyer1,EMP0001,PC-ENG-001,office365.com,0,0
H000042,2026-01-23 09:03:04,farah.iyer1,EMP0001,PC-ENG-001,stackoverflow.com,0,0
H000043,2026-01-06 17:13:21,farah.iyer1,EMP0001,PC-ENG-001,company-intranet.local,0,0
H000044,2026-01-27 13:27:42,farah.iyer1,EMP0001,PC-ENG-001,github.com,0,0
H000045,2026-01-25 06:35:16,farah.iyer1,EMP0001,PC-ENG-001,zoom.us,0,0
H000046,2026-01-22 08:20:11,farah.iyer1,EMP0001,PC-ENG-001,linkedin.com,0,0
H000047,2026-01-20 17:00:08,farah.iyer1,EMP0001,PC-ENG-001,zoom.us,0,0
H000048,2026-01-19 12:51:04,farah.iyer1,EMP0001,PC-ENG-001,linkedin.com,0,0
H000049,2026-02-07 12:45:39,farah.iyer1,EMP0001,PC-ENG-001,atlassian.net,0,0
H000050,2026-02-03 12:58:22,farah.iyer1,EMP0001,PC-ENG-001,slack.com,0,0
H000051,2026-01-25 13:32:36,farah.iyer1,EMP0001,PC-ENG-001,google.com,0,0
H000052,2026-01-15 21:01:23,farah.iyer1,EMP0001,PC-ENG-001,office365.com,0,0
H000053,2026-02-07 22:44:46,farah.iyer1,EMP0001,PC-ENG-001,zoom.us,0,0
H000054,2026-01-28 11:42:58,farah.iyer1,EMP0001,PC-ENG-001,slack.com,0,0
H000055,2026-01-24 10:32:18,vikram.menon2,EMP0002,PC-FIN-002,github.com,0,0
H000056,2026-01-12 11:46:05,vikram.menon2,EMP0002,PC-FIN-002,linkedin.com,0,0
H000057,2026-01-10 10:08:48,vikram.menon2,EMP0002,PC-FIN-002,zoom.us,0,0
H000058,2026-01-26 10:16:24,vikram.menon2,EMP0002,PC-FIN-002,company-intranet.local,0,0
H000059,2026-01-31 02:02:05,vikram.menon2,EMP0002,PC-FIN-002,atlassian.net,0,0
H000060,2026-02-11 17:07:53,vikram.menon2,EMP0002,PC-FIN-002,stackoverflow.com,0,0
H000061,2026-01-01 22:24:32,vikram.menon2,EMP0002,PC-FIN-002,slack.com,0,0
H000062,2026-01-12 09:50:44,vikram.menon2,EMP0002,PC-FIN-002,wikipedia.org,0,0
H000063,2026-01-29 15:06:56,vikram.menon2,EMP0002,PC-FIN-002,company-intranet.local,0,0
H000064,2026-01-01 20:52:26,vikram.menon2,EMP0002,PC-FIN-002,slack.com,0,0
H000065,2026-02-04 13:43:17,vikram.menon2,EMP0002,PC-FIN-002,office365.com,0,0
H000066,2026-02-01 08:09:00,vikram.menon2,EMP0002,PC-FIN-002,linkedin.com,0,0
H000067,2026-01-27 08:32:46,vikram.menon2,EMP0002,PC-FIN-002,office365.com,0,0
H000068,2026-01-08 10:50:42,vikram.menon2,EMP0002,PC-FIN-002,github.com,0,0
H000069,2026-01-09 09:35:09,vikram.menon2,EMP0002,PC-FIN-002,github.com,0,0
H000070,2026-01-12 12:18:00,vikram.menon2,EMP0002,PC-FIN-002,wikipedia.org,0,0
H000071,2026-01-18 11:55:09,vikram.menon2,EMP0002,PC-FIN-002,wikipedia.org,0,0
H000072,2026-01-13 10:38:37,vikram.menon2,EMP0002,PC-FIN-002,google.com,0,0
H000073,2026-01-20 03:17:05,vikram.menon2,EMP0002,PC-FIN-002,company-intranet.local,0,0
H000074,2026-02-05 09:38:51,vikram.menon2,EMP0002,PC-FIN-002,office365.com,0,0
H000075,2026-01-15 10:50:06,vikram.menon2,EMP0002,PC-FIN-002,office365.com,0,0
H000076,2026-01-16 10:01:52,vikram.menon2,EMP0002,PC-FIN-002,zoom.us,0,0
H000077,2026-01-13 10:49:28,vikram.menon2,EMP0002,PC-FIN-002,github.com,0,0
H000078,2026-01-11 15:33:37,vikram.menon2,EMP0002,PC-FIN-002,github.com,0,0
H000079,2026-01-01 15:27:18,vikram.menon2,EMP0002,PC-FIN-002,office365.com,0,0
H000080,2026-02-10 14:42:23,vikram.menon2,EMP0002,PC-FIN-002,linkedin.com,0,0
H000081,2026-02-05 21:38:48,vikram.menon2,EMP0002,PC-FIN-002,linkedin.com,0,0
H000082,2026-02-03 09:08:59,vikram.menon2,EMP0002,PC-FIN-002,wikipedia.org,0,0
H000083,2026-01-02 16:01:57,vikram.menon2,EMP0002,PC-FIN-002,atlassian.net,0,0
H000084,2026-01-07 13:58:55,vikram.menon2,EMP0002,PC-FIN-002,zoom.us,0,0
H000085,2026-01-16 09:39:21,vikram.menon2,EMP0002,PC-FIN-002,github.com,0,0
H000086,2026-02-02 15:06:59,vikram.menon2,EMP0002,PC-FIN-002,atlassian.net,0,0
H000087,2026-01-19 11:26:51,vikram.menon2,EMP0002,PC-FIN-002,linkedin.com,0,0
H000088,2026-01-19 14:40:08,vikram.menon2,EMP0002,PC-FIN-002,wikipedia.org,0,0
H000089,2026-01-03 08:41:32,vikram.menon2,EMP0002,PC-FIN-002,wikipedia.org,0,0
H000090,2026-02-09 08:24:14,vikram.menon2,EMP0002,PC-FIN-002,zoom.us,0,0
H000091,2026-02-01 22:35:41,vikram.menon2,EMP0002,PC-FIN-002,company-intranet.local,0,0
H000092,2026-02-13 23:29:35,vikram.menon2,EMP0002,PC-FIN-002,google.com,0,0
H000093,2026-01-08 14:06:14,vikram.menon2,EMP0002,PC-FIN-002,google.com,0,0
H000094,2026-01-29 09:58:57,vikram.menon2,EMP0002,PC-FIN-002,stackoverflow.com,0,0
H000095,2026-01-26 13:00:20,vikram.menon2,EMP0002,PC-FIN-002,zoom.us,0,0
H000096,2026-02-05 10:22:58,vikram.menon2,EMP0002,PC-FIN-002,linkedin.com,0,0
H000097,2026-01-24 13:19:44,vikram.menon2,EMP0002,PC-FIN-002,company-intranet.local,0,0
H000098,2026-01-18 08:57:47,yusuf.naidu3,EMP0003,PC-ENG-003,company-intranet.local,0,0
H000099,2026-01-27 13:27:36,yusuf.naidu3,EMP0003,PC-ENG-003,company-intranet.local,0,0
H000100,2026-02-14 09:57:09,yusuf.naidu3,EMP0003,PC-ENG-003,wikipedia.org,0,0
H000101,2026-02-08 15:27:00,yusuf.naidu3,EMP0003,PC-ENG-003,slack.com,0,0
H000102,2026-01-05 14:24:21,yusuf.naidu3,EMP0003,PC-ENG-003,slack.com,0,0
H000103,2026-01-30 09:28:48,yusuf.naidu3,EMP0003,PC-ENG-003,atlassian.net,0,0
H000104,2026-01-24 11:02:05,yusuf.naidu3,EMP0003,PC-ENG-003,slack.com,0,0
H000105,2026-01-21 08:26:05,yusuf.naidu3,EMP0003,PC-ENG-003,stackoverflow.com,0,0
H000106,2026-01-27 14:04:19,yusuf.naidu3,EMP0003,PC-ENG-003,google.com,0,0
H000107,2026-02-05 06:22:14,yusuf.naidu3,EMP0003,PC-ENG-003,company-intranet.local,0,0
H000108,2026-02-02 09:30:46,yusuf.naidu3,EMP0003,PC-ENG-003,slack.com,0,0
H000109,2026-02-09 13:40:39,yusuf.naidu3,EMP0003,PC-ENG-003,slack.com,0,0
H000110,2026-01-19 09:29:49,yusuf.naidu3,EMP0003,PC-ENG-003,linkedin.com,0,0
H000111,2026-01-12 10:56:51,yusuf.naidu3,EMP0003,PC-ENG-003,company-intranet.local,0,0
H000112,2026-02-04 09:11:15,yusuf.naidu3,EMP0003,PC-ENG-003,github.com,0,0
H000113,2026-01-17 08:19:32,yusuf.naidu3,EMP0003,PC-ENG-003,company-intranet.local,0,0
H000114,2026-01-03 09:29:45,yusuf.naidu3,EMP0003,PC-ENG-003,github.com,0,0
H000115,2026-01-20 07:21:21,yusuf.naidu3,EMP0003,PC-ENG-003,stackoverflow.com,0,0
H000116,2026-01-26 13:20:34,yusuf.naidu3,EMP0003,PC-ENG-003,zoom.us,0,0
H000117,2026-01-21 11:54:37,yusuf.naidu3,EMP0003,PC-ENG-003,company-intranet.local,0,0
H000118,2026-01-25 08:31:36,yusuf.naidu3,EMP0003,PC-ENG-003,slack.com,0,0
H000119,2026-01-01 08:10:23,yusuf.naidu3,EMP0003,PC-ENG-003,linkedin.com,0,0
H000120,2026-01-04 09:48:13,yusuf.naidu3,EMP0003,PC-ENG-003,stackoverflow.com,0,0
H000121,2026-02-12 08:50:21,yusuf.naidu3,EMP0003,PC-ENG-003,google.com,0,0
H000122,2026-01-19 10:59:14,yusuf.naidu3,EMP0003,PC-ENG-003,office365.com,0,0
H000123,2026-01-21 13:58:51,yusuf.naidu3,EMP0003,PC-ENG-003,github.com,0,0
H000124,2026-02-03 10:02:17,yusuf.naidu3,EMP0003,PC-ENG-003,company-intranet.local,0,0
H000125,2026-01-09 13:25:11,yusuf.naidu3,EMP0003,PC-ENG-003,google.com,0,0
H000126,2026-02-08 07:10:06,yusuf.naidu3,EMP0003,PC-ENG-003,linkedin.com,0,0
H000127,2026-01-19 19:38:08,yusuf.naidu3,EMP0003,PC-ENG-003,github.com,0,0
H000128,2026-01-02 09:26:29,yusuf.naidu3,EMP0003,PC-ENG-003,wikipedia.org,0,0
H000129,2026-01-12 17:22:43,yusuf.naidu3,EMP0003,PC-ENG-003,stackoverflow.com,0,0
H000130,2026-02-07 08:25:24,yusuf.naidu3,EMP0003,PC-ENG-003,google.com,0,0
H000131,2026-01-14 11:53:00,yusuf.naidu3,EMP0003,PC-ENG-003,slack.com,0,0
H000132,2026-01-15 22:52:22,yusuf.naidu3,EMP0003,PC-ENG-003,company-intranet.local,0,0
H000133,2026-01-14 07:14:37,yusuf.naidu3,EMP0003,PC-ENG-003,github.com,0,0
H000134,2026-02-02 04:34:49,yusuf.naidu3,EMP0003,PC-ENG-003,zoom.us,0,0
H000135,2026-01-01 08:02:26,yusuf.naidu3,EMP0003,PC-ENG-003,office365.com,0,0
H000136,2026-02-12 13:06:36,yusuf.naidu3,EMP0003,PC-ENG-003,stackoverflow.com,0,0
H000137,2026-02-11 09:23:39,yusuf.naidu3,EMP0003,PC-ENG-003,stackoverflow.com,0,0
H000138,2026-02-01 13:05:38,yusuf.naidu3,EMP0003,PC-ENG-003,company-intranet.local,0,0
H000139,2026-01-01 06:01:11,yusuf.naidu3,EMP0003,PC-ENG-003,google.com,0,0
H000140,2026-02-11 10:06:24,yusuf.naidu3,EMP0003,PC-ENG-003,github.com,0,0
H000141,2026-01-12 16:24:45,yusuf.naidu3,EMP0003,PC-ENG-003,atlassian.net,0,0
H000142,2026-02-14 12:32:47,yusuf.naidu3,EMP0003,PC-ENG-003,zoom.us,0,0
H000143,2026-01-23 20:19:00,yusuf.naidu3,EMP0003,PC-ENG-003,linkedin.com,0,0
H000144,2026-02-07 23:51:57,yusuf.naidu3,EMP0003,PC-ENG-003,github.com,0,0
H000145,2026-01-15 00:50:49,yusuf.naidu3,EMP0003,PC-ENG-003,zoom.us,0,0
H000146,2026-01-14 08:14:05,yusuf.naidu3,EMP0003,PC-ENG-003,slack.com,0,0
H000147,2026-02-11 13:29:58,yusuf.naidu3,EMP0003,PC-ENG-003,wikipedia.org,0,0
H000148,2026-01-05 09:24:18,yusuf.naidu3,EMP0003,PC-ENG-003,linkedin.com,0,0
H000149,2026-01-19 16:28:00,yusuf.naidu3,EMP0003,PC-ENG-003,office365.com,0,0
H000150,2026-02-09 09:48:22,yusuf.naidu3,EMP0003,PC-ENG-003,stackoverflow.com,0,0
H000151,2026-02-13 13:58:06,yusuf.naidu3,EMP0003,PC-ENG-003,office365.com,0,0
H000152,2026-02-12 11:31:27,yusuf.naidu3,EMP0003,PC-ENG-003,slack.com,0,0
H000153,2026-01-28 10:22:11,yusuf.naidu3,EMP0003,PC-ENG-003,linkedin.com,0,0
H000154,2026-02-11 17:26:04,yusuf.naidu3,EMP0003,PC-ENG-003,github.com,0,0
H000155,2026-01-02 15:10:35,yusuf.naidu3,EMP0003,PC-ENG-003,office365.com,0,0
H000156,2026-02-14 14:30:35,yusuf.naidu3,EMP0003,PC-ENG-003,company-intranet.local,0,0
H000157,2026-01-27 14:51:46,yusuf.naidu3,EMP0003,PC-ENG-003,google.com,0,0
H000158,2026-01-04 08:15:04,yusuf.naidu3,EMP0003,PC-ENG-003,office365.com,0,0
H000159,2026-01-26 11:35:43,yusuf.naidu3,EMP0003,PC-ENG-003,linkedin.com,0,0
H000160,2026-01-02 10:52:30,yusuf.naidu3,EMP0003,PC-ENG-003,slack.com,0,0
H000161,2026-01-14 10:08:09,yusuf.naidu3,EMP0003,PC-ENG-003,stackoverflow.com,0,0
H000162,2026-02-01 07:22:37,rohan.sharma4,EMP0004,PC-ENG-004,github.com,0,0
H000163,2026-01-05 16:24:52,rohan.sharma4,EMP0004,PC-ENG-004,wikipedia.org,0,0
H000164,2026-01-19 14:23:26,rohan.sharma4,EMP0004,PC-ENG-004,stackoverflow.com,0,0
H000165,2026-02-01 07:18:54,rohan.sharma4,EMP0004,PC-ENG-004,github.com,0,0
H000166,2026-02-08 09:01:02,rohan.sharma4,EMP0004,PC-ENG-004,company-intranet.local,0,0
H000167,2026-01-16 11:21:49,rohan.sharma4,EMP0004,PC-ENG-004,stackoverflow.com,0,0
H000168,2026-02-06 15:36:58,rohan.sharma4,EMP0004,PC-ENG-004,github.com,0,0
H000169,2026-01-16 14:04:13,rohan.sharma4,EMP0004,PC-ENG-004,github.com,0,0
H000170,2026-01-17 11:38:42,rohan.sharma4,EMP0004,PC-ENG-004,wikipedia.org,0,0
H000171,2026-01-25 10:13:08,rohan.sharma4,EMP0004,PC-ENG-004,linkedin.com,0,0
H000172,2026-02-04 14:06:31,rohan.sharma4,EMP0004,PC-ENG-004,wikipedia.org,0,0
H000173,2026-01-13 15:31:26,rohan.sharma4,EMP0004,PC-ENG-004,zoom.us,0,0
H000174,2026-02-06 06:21:57,rohan.sharma4,EMP0004,PC-ENG-004,stackoverflow.com,0,0
H000175,2026-02-03 08:06:06,rohan.sharma4,EMP0004,PC-ENG-004,atlassian.net,0,0
H000176,2026-02-12 16:52:24,rohan.sharma4,EMP0004,PC-ENG-004,zoom.us,0,0
H000177,2026-01-11 14:25:18,rohan.sharma4,EMP0004,PC-ENG-004,github.com,0,0
H000178,2026-01-28 11:50:56,rohan.sharma4,EMP0004,PC-ENG-004,stackoverflow.com,0,0
H000179,2026-01-24 06:09:31,rohan.sharma4,EMP0004,PC-ENG-004,github.com,0,0
H000180,2026-01-18 09:22:14,rohan.sharma4,EMP0004,PC-ENG-004,stackoverflow.com,0,0
H000181,2026-02-01 19:23:43,rohan.sharma4,EMP0004,PC-ENG-004,slack.com,0,0
H000182,2026-01-21 18:24:39,rohan.sharma4,EMP0004,PC-ENG-004,linkedin.com,0,0
H000183,2026-01-27 09:28:32,rohan.sharma4,EMP0004,PC-ENG-004,atlassian.net,0,0
H000184,2026-02-07 11:10:17,rohan.sharma4,EMP0004,PC-ENG-004,google.com,0,0
H000185,2026-01-19 14:53:07,rohan.sharma4,EMP0004,PC-ENG-004,company-intranet.local,0,0
H000186,2026-01-20 11:08:20,rohan.sharma4,EMP0004,PC-ENG-004,company-intranet.local,0,0
H000187,2026-01-27 13:36:26,rohan.sharma4,EMP0004,PC-ENG-004,zoom.us,0,0
H000188,2026-01-25 12:21:54,rohan.sharma4,EMP0004,PC-ENG-004,office365.com,0,0
H000189,2026-01-10 15:03:55,rohan.sharma4,EMP0004,PC-ENG-004,slack.com,0,0
H000190,2026-01-09 15:56:26,rohan.sharma4,EMP0004,PC-ENG-004,linkedin.com,0,0
H000191,2026-01-12 13:14:47,rohan.sharma4,EMP0004,PC-ENG-004,zoom.us,0,0
H000192,2026-02-14 02:28:37,rohan.sharma4,EMP0004,PC-ENG-004,stackoverflow.com,0,0
H000193,2026-01-17 14:17:55,rohan.sharma4,EMP0004,PC-ENG-004,github.com,0,0
H000194,2026-01-05 08:07:19,rohan.sharma4,EMP0004,PC-ENG-004,slack.com,0,0
H000195,2026-02-12 10:00:11,rohan.sharma4,EMP0004,PC-ENG-004,github.com,0,0
H000196,2026-01-13 09:31:29,rohan.sharma4,EMP0004,PC-ENG-004,wikipedia.org,0,0
H000197,2026-02-14 18:44:42,rohan.sharma4,EMP0004,PC-ENG-004,company-intranet.local,0,0
H000198,2026-01-19 17:31:46,rohan.sharma4,EMP0004,PC-ENG-004,google.com,0,0
H000199,2026-01-30 16:08:23,rohan.sharma4,EMP0004,PC-ENG-004,office365.com,0,0
H000200,2026-02-03 09:41:03,rohan.sharma4,EMP0004,PC-ENG-004,linkedin.com,0,0
H000201,2026-01-02 08:41:39,rohan.sharma4,EMP0004,PC-ENG-004,wikipedia.org,0,0
H000202,2026-01-09 07:28:35,rohan.sharma4,EMP0004,PC-ENG-004,github.com,0,0
H000203,2026-01-16 08:41:46,rohan.sharma4,EMP0004,PC-ENG-004,github.com,0,0
H000204,2026-02-14 06:36:44,rohan.sharma4,EMP0004,PC-ENG-004,atlassian.net,0,0
H000205,2026-01-21 06:59:25,rohan.sharma4,EMP0004,PC-ENG-004,linkedin.com,0,0
H000206,2026-01-26 15:28:00,rohan.sharma4,EMP0004,PC-ENG-004,slack.com,0,0
H000207,2026-01-13 11:14:42,rohan.sharma4,EMP0004,PC-ENG-004,github.com,0,0
H000208,2026-02-03 11:00:07,rohan.sharma4,EMP0004,PC-ENG-004,office365.com,0,0
H000209,2026-01-09 16:52:09,rohan.sharma4,EMP0004,PC-ENG-004,company-intranet.local,0,0
H000210,2026-01-04 17:46:43,rohan.sharma4,EMP0004,PC-ENG-004,wikipedia.org,0,0
H000211,2026-01-19 12:17:08,rohan.sharma4,EMP0004,PC-ENG-004,slack.com,0,0
H000212,2026-01-17 15:55:34,rohan.sharma4,EMP0004,PC-ENG-004,stackoverflow.com,0,0
H000213,2026-01-14 23:13:27,rohan.sharma4,EMP0004,PC-ENG-004,linkedin.com,0,0
H000214,2026-02-13 13:01:50,rohan.sharma4,EMP0004,PC-ENG-004,wikipedia.org,0,0
H000215,2026-01-11 18:44:34,rohan.sharma4,EMP0004,PC-ENG-004,google.com,0,0
H000216,2026-01-26 12:47:40,rohan.sharma4,EMP0004,PC-ENG-004,office365.com,0,0
H000217,2026-02-14 08:00:54,rohan.sharma4,EMP0004,PC-ENG-004,zoom.us,0,0
H000218,2026-02-10 14:38:58,rohan.sharma4,EMP0004,PC-ENG-004,atlassian.net,0,0
H000219,2026-01-28 16:38:08,rohan.sharma4,EMP0004,PC-ENG-004,company-intranet.local,0,0
H000220,2026-02-05 22:58:26,rohan.sharma4,EMP0004,PC-ENG-004,atlassian.net,0,0
H000221,2026-02-06 14:03:07,rohan.sharma4,EMP0004,PC-ENG-004,stackoverflow.com,0,0
H000222,2026-01-10 09:23:48,rohan.sharma4,EMP0004,PC-ENG-004,office365.com,0,0
H000223,2026-02-06 18:23:03,rohan.sharma4,EMP0004,PC-ENG-004,company-intranet.local,0,0
H000224,2026-01-05 07:21:18,rohan.sharma4,EMP0004,PC-ENG-004,slack.com,0,0
H000225,2026-01-08 11:50:57,rohan.sharma4,EMP0004,PC-ENG-004,wikipedia.org,0,0
H000226,2026-02-14 17:41:03,rohan.sharma4,EMP0004,PC-ENG-004,wikipedia.org,0,0
H000227,2026-01-04 08:33:46,rohan.sharma4,EMP0004,PC-ENG-004,wikipedia.org,0,0
H000228,2026-02-06 13:46:47,rohan.sharma4,EMP0004,PC-ENG-004,company-intranet.local,0,0
H000229,2026-01-19 09:04:03,rohan.sharma4,EMP0004,PC-ENG-004,atlassian.net,0,0
H000230,2026-01-04 09:04:22,rohan.sharma4,EMP0004,PC-ENG-004,slack.com,0,0
H000231,2026-01-25 17:21:04,rohan.sharma4,EMP0004,PC-ENG-004,stackoverflow.com,0,0
H000232,2026-01-22 08:40:41,rohan.sharma4,EMP0004,PC-ENG-004,office365.com,0,0
H000233,2026-01-18 12:13:30,rohan.sharma4,EMP0004,PC-ENG-004,atlassian.net,0,0
H000234,2026-01-30 10:32:03,rohan.sharma4,EMP0004,PC-ENG-004,stackoverflow.com,0,0
H000235,2026-02-09 13:06:59,ritu.bhatt5,EMP0005,PC-ENG-005,slack.com,0,0
H000236,2026-02-03 18:24:18,ritu.bhatt5,EMP0005,PC-ENG-005,linkedin.com,0,0
H000237,2026-01-08 12:52:28,ritu.bhatt5,EMP0005,PC-ENG-005,wikipedia.org,0,0
H000238,2026-01-17 03:59:38,ritu.bhatt5,EMP0005,PC-ENG-005,company-intranet.local,0,0
H000239,2026-01-10 17:50:58,ritu.bhatt5,EMP0005,PC-ENG-005,office365.com,0,0
H000240,2026-01-26 17:33:44,ritu.bhatt5,EMP0005,PC-ENG-005,wikipedia.org,0,0
H000241,2026-02-11 14:30:44,ritu.bhatt5,EMP0005,PC-ENG-005,office365.com,0,0
H000242,2026-01-28 07:23:33,ritu.bhatt5,EMP0005,PC-ENG-005,slack.com,0,0
H000243,2026-01-28 21:33:27,ritu.bhatt5,EMP0005,PC-ENG-005,office365.com,0,0
H000244,2026-01-06 13:30:52,ritu.bhatt5,EMP0005,PC-ENG-005,slack.com,0,0
H000245,2026-01-29 10:47:45,ritu.bhatt5,EMP0005,PC-ENG-005,wikipedia.org,0,0
H000246,2026-01-13 14:10:26,ritu.bhatt5,EMP0005,PC-ENG-005,office365.com,0,0
H000247,2026-01-31 16:46:20,ritu.bhatt5,EMP0005,PC-ENG-005,company-intranet.local,0,0
H000248,2026-01-22 20:34:13,ritu.bhatt5,EMP0005,PC-ENG-005,zoom.us,0,0
H000249,2026-01-13 09:41:34,ritu.bhatt5,EMP0005,PC-ENG-005,office365.com,0,0
H000250,2026-02-07 10:20:28,ritu.bhatt5,EMP0005,PC-ENG-005,github.com,0,0
H000251,2026-02-04 10:23:15,ritu.bhatt5,EMP0005,PC-ENG-005,stackoverflow.com,0,0
H000252,2026-02-07 14:49:48,ritu.bhatt5,EMP0005,PC-ENG-005,wikipedia.org,0,0
H000253,2026-01-11 09:24:25,ritu.bhatt5,EMP0005,PC-ENG-005,github.com,0,0
H000254,2026-01-07 11:49:44,ritu.bhatt5,EMP0005,PC-ENG-005,linkedin.com,0,0
H000255,2026-01-22 12:04:43,ritu.bhatt5,EMP0005,PC-ENG-005,zoom.us,0,0
H000256,2026-02-04 15:59:27,ritu.bhatt5,EMP0005,PC-ENG-005,slack.com,0,0
H000257,2026-02-05 11:55:13,ritu.bhatt5,EMP0005,PC-ENG-005,company-intranet.local,0,0
H000258,2026-01-13 00:50:32,ritu.bhatt5,EMP0005,PC-ENG-005,zoom.us,0,0
H000259,2026-01-14 08:52:29,ritu.bhatt5,EMP0005,PC-ENG-005,github.com,0,0
H000260,2026-01-31 15:27:37,ritu.bhatt5,EMP0005,PC-ENG-005,wikipedia.org,0,0
H000261,2026-02-11 08:20:04,ritu.bhatt5,EMP0005,PC-ENG-005,zoom.us,0,0
H000262,2026-01-04 08:08:55,ritu.bhatt5,EMP0005,PC-ENG-005,wikipedia.org,0,0
H000263,2026-01-24 18:27:06,ritu.bhatt5,EMP0005,PC-ENG-005,stackoverflow.com,0,0
H000264,2026-01-01 15:29:52,ritu.bhatt5,EMP0005,PC-ENG-005,stackoverflow.com,0,0
H000265,2026-01-01 12:36:59,ritu.bhatt5,EMP0005,PC-ENG-005,linkedin.com,0,0
H000266,2026-01-09 16:53:00,ritu.bhatt5,EMP0005,PC-ENG-005,linkedin.com,0,0
H000267,2026-01-15 12:45:54,lakshmi.naidu6,EMP0006,PC-SAL-006,github.com,0,0
H000268,2026-01-31 15:30:29,lakshmi.naidu6,EMP0006,PC-SAL-006,office365.com,0,0
H000269,2026-01-08 16:32:18,lakshmi.naidu6,EMP0006,PC-SAL-006,github.com,0,0
H000270,2026-01-21 07:46:30,lakshmi.naidu6,EMP0006,PC-SAL-006,wikipedia.org,0,0
H000271,2026-01-25 08:49:38,lakshmi.naidu6,EMP0006,PC-SAL-006,company-intranet.local,0,0
H000272,2026-01-01 11:05:09,lakshmi.naidu6,EMP0006,PC-SAL-006,office365.com,0,0
H000273,2026-01-04 16:45:54,lakshmi.naidu6,EMP0006,PC-SAL-006,atlassian.net,0,0
H000274,2026-01-10 08:43:18,lakshmi.naidu6,EMP0006,PC-SAL-006,linkedin.com,0,0
H000275,2026-01-14 17:03:22,lakshmi.naidu6,EMP0006,PC-SAL-006,linkedin.com,0,0
H000276,2026-02-14 14:30:06,lakshmi.naidu6,EMP0006,PC-SAL-006,google.com,0,0
H000277,2026-01-28 18:43:37,lakshmi.naidu6,EMP0006,PC-SAL-006,google.com,0,0
H000278,2026-02-10 11:24:23,lakshmi.naidu6,EMP0006,PC-SAL-006,google.com,0,0
H000279,2026-01-28 10:25:25,lakshmi.naidu6,EMP0006,PC-SAL-006,linkedin.com,0,0
H000280,2026-01-27 09:38:39,lakshmi.naidu6,EMP0006,PC-SAL-006,slack.com,0,0
H000281,2026-02-03 16:12:18,lakshmi.naidu6,EMP0006,PC-SAL-006,atlassian.net,0,0
H000282,2026-01-02 01:45:23,lakshmi.naidu6,EMP0006,PC-SAL-006,github.com,0,0
H000283,2026-01-11 18:53:18,lakshmi.naidu6,EMP0006,PC-SAL-006,github.com,0,0
H000284,2026-02-13 10:45:23,lakshmi.naidu6,EMP0006,PC-SAL-006,stackoverflow.com,0,0
H000285,2026-01-30 13:44:11,lakshmi.naidu6,EMP0006,PC-SAL-006,github.com,0,0
H000286,2026-01-06 13:48:16,lakshmi.naidu6,EMP0006,PC-SAL-006,stackoverflow.com,0,0
H000287,2026-02-09 14:29:01,lakshmi.naidu6,EMP0006,PC-SAL-006,zoom.us,0,0
H000288,2026-02-14 09:42:15,lakshmi.naidu6,EMP0006,PC-SAL-006,slack.com,0,0
H000289,2026-01-04 15:21:31,lakshmi.naidu6,EMP0006,PC-SAL-006,google.com,0,0
H000290,2026-01-08 07:21:02,lakshmi.naidu6,EMP0006,PC-SAL-006,office365.com,0,0
H000291,2026-01-03 06:45:53,lakshmi.naidu6,EMP0006,PC-SAL-006,github.com,0,0
H000292,2026-01-27 00:32:02,lakshmi.naidu6,EMP0006,PC-SAL-006,github.com,0,0
H000293,2026-01-26 10:36:45,lakshmi.naidu6,EMP0006,PC-SAL-006,stackoverflow.com,0,0
H000294,2026-02-12 09:29:58,lakshmi.naidu6,EMP0006,PC-SAL-006,zoom.us,0,0
H000295,2026-02-08 11:35:58,lakshmi.naidu6,EMP0006,PC-SAL-006,stackoverflow.com,0,0
H000296,2026-01-15 10:32:32,lakshmi.naidu6,EMP0006,PC-SAL-006,stackoverflow.com,0,0
H000297,2026-01-23 12:05:38,lakshmi.naidu6,EMP0006,PC-SAL-006,github.com,0,0
H000298,2026-01-07 09:25:30,lakshmi.naidu6,EMP0006,PC-SAL-006,google.com,0,0
H000299,2026-01-06 15:24:15,lakshmi.naidu6,EMP0006,PC-SAL-006,wikipedia.org,0,0
H000300,2026-01-27 22:24:54,lakshmi.naidu6,EMP0006,PC-SAL-006,atlassian.net,0,0
H000301,2026-02-13 16:51:09,lakshmi.naidu6,EMP0006,PC-SAL-006,company-intranet.local,0,0
H000302,2026-01-14 07:31:44,lakshmi.naidu6,EMP0006,PC-SAL-006,github.com,0,0
H000303,2026-02-12 11:23:09,lakshmi.naidu6,EMP0006,PC-SAL-006,wikipedia.org,0,0
H000304,2026-01-10 09:34:21,lakshmi.naidu6,EMP0006,PC-SAL-006,atlassian.net,0,0
H000305,2026-02-07 17:46:31,lakshmi.naidu6,EMP0006,PC-SAL-006,github.com,0,0
H000306,2026-01-19 00:51:02,lakshmi.naidu6,EMP0006,PC-SAL-006,github.com,0,0
H000307,2026-01-02 12:42:03,lakshmi.naidu6,EMP0006,PC-SAL-006,office365.com,0,0
H000308,2026-01-20 14:24:50,lakshmi.naidu6,EMP0006,PC-SAL-006,company-intranet.local,0,0
H000309,2026-01-21 07:01:35,lakshmi.naidu6,EMP0006,PC-SAL-006,zoom.us,0,0
H000310,2026-01-18 08:09:31,lakshmi.naidu6,EMP0006,PC-SAL-006,office365.com,0,0
H000311,2026-01-26 19:12:46,lakshmi.naidu6,EMP0006,PC-SAL-006,company-intranet.local,0,0
H000312,2026-02-11 14:12:15,lakshmi.naidu6,EMP0006,PC-SAL-006,zoom.us,0,0
H000313,2026-01-27 16:58:13,lakshmi.naidu6,EMP0006,PC-SAL-006,slack.com,0,0
H000314,2026-02-08 14:53:57,lakshmi.naidu6,EMP0006,PC-SAL-006,stackoverflow.com,0,0
H000315,2026-01-01 07:03:03,lakshmi.naidu6,EMP0006,PC-SAL-006,company-intranet.local,0,0
H000316,2026-02-07 05:52:38,lakshmi.naidu6,EMP0006,PC-SAL-006,google.com,0,0
H000317,2026-01-16 06:28:33,lakshmi.naidu6,EMP0006,PC-SAL-006,office365.com,0,0
H000318,2026-01-01 15:19:54,lakshmi.naidu6,EMP0006,PC-SAL-006,wikipedia.org,0,0
H000319,2026-01-03 08:41:14,lakshmi.naidu6,EMP0006,PC-SAL-006,zoom.us,0,0
H000320,2026-02-14 19:04:21,lakshmi.naidu6,EMP0006,PC-SAL-006,wikipedia.org,0,0
H000321,2026-02-08 15:39:43,lakshmi.naidu6,EMP0006,PC-SAL-006,company-intranet.local,0,0
H000322,2026-02-09 15:03:59,lakshmi.naidu6,EMP0006,PC-SAL-006,atlassian.net,0,0
H000323,2026-01-15 13:26:27,lakshmi.naidu6,EMP0006,PC-SAL-006,office365.com,0,0
H000324,2026-01-16 15:25:10,lakshmi.naidu6,EMP0006,PC-SAL-006,wikipedia.org,0,0
H000325,2026-02-11 02:50:51,lakshmi.naidu6,EMP0006,PC-SAL-006,office365.com,0,0
H000326,2026-01-09 22:43:40,lakshmi.naidu6,EMP0006,PC-SAL-006,slack.com,0,0
H000327,2026-02-03 06:54:55,lakshmi.naidu6,EMP0006,PC-SAL-006,google.com,0,0
H000328,2026-01-20 15:57:44,lakshmi.naidu6,EMP0006,PC-SAL-006,atlassian.net,0,0
H000329,2026-01-30 16:55:22,lakshmi.naidu6,EMP0006,PC-SAL-006,stackoverflow.com,0,0
H000330,2026-01-05 23:55:05,lakshmi.naidu6,EMP0006,PC-SAL-006,company-intranet.local,0,0
H000331,2026-01-23 14:13:43,lakshmi.naidu6,EMP0006,PC-SAL-006,stackoverflow.com,0,0
H000332,2026-01-01 16:27:31,lakshmi.naidu6,EMP0006,PC-SAL-006,stackoverflow.com,0,0
H000333,2026-02-08 11:32:18,lakshmi.naidu6,EMP0006,PC-SAL-006,github.com,0,0
H000334,2026-01-07 12:07:47,lakshmi.naidu6,EMP0006,PC-SAL-006,atlassian.net,0,0
H000335,2026-01-09 14:38:14,lakshmi.naidu6,EMP0006,PC-SAL-006,linkedin.com,0,0
H000336,2026-01-27 14:22:41,lakshmi.naidu6,EMP0006,PC-SAL-006,company-intranet.local,0,0
H000337,2026-01-07 11:31:27,lakshmi.naidu6,EMP0006,PC-SAL-006,linkedin.com,0,0
H000338,2026-02-14 16:32:31,lakshmi.naidu6,EMP0006,PC-SAL-006,linkedin.com,0,0
H000339,2026-01-26 16:08:42,lakshmi.naidu6,EMP0006,PC-SAL-006,wikipedia.org,0,0
H000340,2026-02-04 15:13:26,lakshmi.naidu6,EMP0006,PC-SAL-006,stackoverflow.com,0,0
H000341,2026-01-28 12:57:42,lakshmi.naidu6,EMP0006,PC-SAL-006,zoom.us,0,0
H000342,2026-01-02 07:41:25,lakshmi.naidu6,EMP0006,PC-SAL-006,github.com,0,0
H000343,2026-01-30 17:11:37,lakshmi.naidu6,EMP0006,PC-SAL-006,github.com,0,0
H000344,2026-01-12 11:27:28,lakshmi.naidu6,EMP0006,PC-SAL-006,wikipedia.org,0,0
H000345,2026-02-02 01:44:44,swati.das7,EMP0007,PC-R&D-007,stackoverflow.com,0,0
H000346,2026-01-29 13:05:25,swati.das7,EMP0007,PC-R&D-007,zoom.us,0,0
H000347,2026-01-11 08:58:41,swati.das7,EMP0007,PC-R&D-007,google.com,0,0
H000348,2026-02-13 17:34:38,swati.das7,EMP0007,PC-R&D-007,company-intranet.local,0,0
H000349,2026-01-30 09:37:15,swati.das7,EMP0007,PC-R&D-007,zoom.us,0,0
H000350,2026-02-06 12:08:20,swati.das7,EMP0007,PC-R&D-007,zoom.us,0,0
H000351,2026-02-09 11:29:09,swati.das7,EMP0007,PC-R&D-007,slack.com,0,0
H000352,2026-01-21 21:53:31,swati.das7,EMP0007,PC-R&D-007,slack.com,0,0
H000353,2026-01-19 02:53:12,swati.das7,EMP0007,PC-R&D-007,wikipedia.org,0,0
H000354,2026-01-24 19:34:01,swati.das7,EMP0007,PC-R&D-007,zoom.us,0,0
H000355,2026-01-02 17:58:45,swati.das7,EMP0007,PC-R&D-007,atlassian.net,0,0
H000356,2026-01-08 15:06:57,swati.das7,EMP0007,PC-R&D-007,slack.com,0,0
H000357,2026-01-22 11:37:12,swati.das7,EMP0007,PC-R&D-007,google.com,0,0
H000358,2026-01-05 19:08:37,swati.das7,EMP0007,PC-R&D-007,zoom.us,0,0
H000359,2026-01-26 10:05:34,swati.das7,EMP0007,PC-R&D-007,wikipedia.org,0,0
H000360,2026-01-29 07:07:53,swati.das7,EMP0007,PC-R&D-007,atlassian.net,0,0
H000361,2026-02-03 11:03:55,swati.das7,EMP0007,PC-R&D-007,zoom.us,0,0
H000362,2026-01-03 00:38:11,swati.das7,EMP0007,PC-R&D-007,atlassian.net,0,0
H000363,2026-01-18 13:40:11,swati.das7,EMP0007,PC-R&D-007,wikipedia.org,0,0
H000364,2026-01-29 13:56:31,swati.das7,EMP0007,PC-R&D-007,zoom.us,0,0
H000365,2026-02-10 11:03:40,swati.das7,EMP0007,PC-R&D-007,stackoverflow.com,0,0
H000366,2026-02-11 01:09:37,swati.das7,EMP0007,PC-R&D-007,stackoverflow.com,0,0
H000367,2026-01-02 07:46:56,swati.das7,EMP0007,PC-R&D-007,github.com,0,0
H000368,2026-01-22 13:04:41,swati.das7,EMP0007,PC-R&D-007,wikipedia.org,0,0
H000369,2026-01-26 16:02:31,swati.das7,EMP0007,PC-R&D-007,atlassian.net,0,0
H000370,2026-01-11 13:01:25,swati.das7,EMP0007,PC-R&D-007,google.com,0,0
H000371,2026-01-23 08:11:10,swati.das7,EMP0007,PC-R&D-007,stackoverflow.com,0,0
H000372,2026-01-13 11:13:52,swati.das7,EMP0007,PC-R&D-007,office365.com,0,0
H000373,2026-02-10 13:24:10,swati.das7,EMP0007,PC-R&D-007,company-intranet.local,0,0
H000374,2026-01-01 15:31:40,swati.das7,EMP0007,PC-R&D-007,stackoverflow.com,0,0
H000375,2026-01-02 18:51:16,swati.das7,EMP0007,PC-R&D-007,github.com,0,0
H000376,2026-01-25 14:27:08,swati.das7,EMP0007,PC-R&D-007,atlassian.net,0,0
H000377,2026-02-14 15:28:23,swati.das7,EMP0007,PC-R&D-007,stackoverflow.com,0,0
H000378,2026-01-31 19:47:40,swati.das7,EMP0007,PC-R&D-007,atlassian.net,0,0
H000379,2026-01-02 14:20:31,swati.das7,EMP0007,PC-R&D-007,office365.com,0,0
H000380,2026-02-11 15:19:25,swati.das7,EMP0007,PC-R&D-007,google.com,0,0
H000381,2026-01-24 17:43:49,swati.das7,EMP0007,PC-R&D-007,linkedin.com,0,0
H000382,2026-01-17 05:24:34,swati.das7,EMP0007,PC-R&D-007,linkedin.com,0,0
H000383,2026-01-14 10:19:16,swati.das7,EMP0007,PC-R&D-007,zoom.us,0,0
H000384,2026-01-15 09:46:04,swati.das7,EMP0007,PC-R&D-007,atlassian.net,0,0
H000385,2026-01-25 14:57:35,swati.das7,EMP0007,PC-R&D-007,wikipedia.org,0,0
H000386,2026-02-12 16:22:59,swati.das7,EMP0007,PC-R&D-007,wikipedia.org,0,0
H000387,2026-01-13 14:55:17,swati.das7,EMP0007,PC-R&D-007,wikipedia.org,0,0
H000388,2026-01-13 15:35:47,swati.das7,EMP0007,PC-R&D-007,stackoverflow.com,0,0
H000389,2026-02-12 18:22:41,swati.das7,EMP0007,PC-R&D-007,wikipedia.org,0,0
H000390,2026-01-28 13:54:26,swati.das7,EMP0007,PC-R&D-007,linkedin.com,0,0
H000391,2026-01-14 11:25:53,swati.das7,EMP0007,PC-R&D-007,atlassian.net,0,0
H000392,2026-02-03 09:09:01,swati.das7,EMP0007,PC-R&D-007,linkedin.com,0,0
H000393,2026-01-31 10:30:00,swati.das7,EMP0007,PC-R&D-007,wikipedia.org,0,0
H000394,2026-02-08 09:10:49,swati.das7,EMP0007,PC-R&D-007,slack.com,0,0
H000395,2026-02-09 13:42:53,swati.das7,EMP0007,PC-R&D-007,atlassian.net,0,0
H000396,2026-01-20 09:46:27,swati.das7,EMP0007,PC-R&D-007,google.com,0,0
H000397,2026-02-14 10:34:02,swati.das7,EMP0007,PC-R&D-007,zoom.us,0,0
H000398,2026-01-02 15:50:19,swati.das7,EMP0007,PC-R&D-007,zoom.us,0,0
H000399,2026-01-04 10:46:02,swati.das7,EMP0007,PC-R&D-007,google.com,0,0
H000400,2026-01-12 12:25:29,swati.das7,EMP0007,PC-R&D-007,github.com,0,0
H000401,2026-01-01 05:12:17,swati.das7,EMP0007,PC-R&D-007,github.com,0,0
H000402,2026-02-08 15:36:02,swati.das7,EMP0007,PC-R&D-007,linkedin.com,0,0
H000403,2026-01-29 09:47:31,swati.das7,EMP0007,PC-R&D-007,github.com,0,0
H000404,2026-02-07 09:40:50,swati.das7,EMP0007,PC-R&D-007,zoom.us,0,0
H000405,2026-02-12 13:43:00,swati.das7,EMP0007,PC-R&D-007,stackoverflow.com,0,0
H000406,2026-02-05 18:04:26,swati.das7,EMP0007,PC-R&D-007,github.com,0,0
H000407,2026-01-22 12:22:07,swati.das7,EMP0007,PC-R&D-007,zoom.us,0,0
H000408,2026-01-03 14:44:44,swati.das7,EMP0007,PC-R&D-007,company-intranet.local,0,0
H000409,2026-01-20 23:01:42,swati.das7,EMP0007,PC-R&D-007,github.com,0,0
H000410,2026-02-05 07:13:21,swati.das7,EMP0007,PC-R&D-007,stackoverflow.com,0,0
H000411,2026-01-05 08:29:38,swati.das7,EMP0007,PC-R&D-007,atlassian.net,0,0
H000412,2026-02-13 14:43:14,swati.das7,EMP0007,PC-R&D-007,stackoverflow.com,0,0
H000413,2026-02-01 13:53:48,swati.das7,EMP0007,PC-R&D-007,zoom.us,0,0
H000414,2026-01-13 07:46:46,swati.das7,EMP0007,PC-R&D-007,office365.com,0,0
H000415,2026-01-08 08:42:22,swati.das7,EMP0007,PC-R&D-007,google.com,0,0
H000416,2026-01-02 09:55:10,swati.das7,EMP0007,PC-R&D-007,slack.com,0,0
H000417,2026-01-23 08:29:52,swati.das7,EMP0007,PC-R&D-007,atlassian.net,0,0
H000418,2026-01-10 12:53:43,swati.das7,EMP0007,PC-R&D-007,slack.com,0,0
H000419,2026-02-12 10:44:03,deepak.gupta8,EMP0008,PC-LEG-008,wikipedia.org,0,0
H000420,2026-01-24 12:33:12,deepak.gupta8,EMP0008,PC-LEG-008,wikipedia.org,0,0
H000421,2026-02-13 10:18:21,deepak.gupta8,EMP0008,PC-LEG-008,office365.com,0,0
H000422,2026-01-17 13:27:02,deepak.gupta8,EMP0008,PC-LEG-008,google.com,0,0
H000423,2026-02-10 07:14:20,deepak.gupta8,EMP0008,PC-LEG-008,office365.com,0,0
H000424,2026-01-06 11:57:59,deepak.gupta8,EMP0008,PC-LEG-008,atlassian.net,0,0
H000425,2026-01-23 16:20:48,deepak.gupta8,EMP0008,PC-LEG-008,stackoverflow.com,0,0
H000426,2026-02-14 11:02:59,deepak.gupta8,EMP0008,PC-LEG-008,slack.com,0,0
H000427,2026-01-09 11:34:54,deepak.gupta8,EMP0008,PC-LEG-008,office365.com,0,0
H000428,2026-01-27 11:15:28,deepak.gupta8,EMP0008,PC-LEG-008,atlassian.net,0,0
H000429,2026-01-25 07:53:08,deepak.gupta8,EMP0008,PC-LEG-008,office365.com,0,0
H000430,2026-02-12 09:30:23,deepak.gupta8,EMP0008,PC-LEG-008,slack.com,0,0
H000431,2026-01-11 15:16:56,deepak.gupta8,EMP0008,PC-LEG-008,office365.com,0,0
H000432,2026-01-12 15:01:32,deepak.gupta8,EMP0008,PC-LEG-008,atlassian.net,0,0
H000433,2026-02-03 07:50:41,deepak.gupta8,EMP0008,PC-LEG-008,linkedin.com,0,0
H000434,2026-01-26 08:37:39,deepak.gupta8,EMP0008,PC-LEG-008,company-intranet.local,0,0
H000435,2026-01-28 13:05:38,deepak.gupta8,EMP0008,PC-LEG-008,slack.com,0,0
H000436,2026-01-16 02:54:15,deepak.gupta8,EMP0008,PC-LEG-008,google.com,0,0
H000437,2026-02-08 10:04:27,deepak.gupta8,EMP0008,PC-LEG-008,linkedin.com,0,0
H000438,2026-01-04 09:02:45,deepak.gupta8,EMP0008,PC-LEG-008,zoom.us,0,0
H000439,2026-02-09 15:34:09,deepak.gupta8,EMP0008,PC-LEG-008,github.com,0,0
H000440,2026-02-13 14:26:28,deepak.gupta8,EMP0008,PC-LEG-008,stackoverflow.com,0,0
H000441,2026-02-13 15:11:48,deepak.gupta8,EMP0008,PC-LEG-008,stackoverflow.com,0,0
H000442,2026-01-18 15:52:49,deepak.gupta8,EMP0008,PC-LEG-008,wikipedia.org,0,0
H000443,2026-02-05 12:02:19,deepak.gupta8,EMP0008,PC-LEG-008,wikipedia.org,0,0
H000444,2026-01-23 16:05:42,deepak.gupta8,EMP0008,PC-LEG-008,atlassian.net,0,0
H000445,2026-02-11 08:09:23,deepak.gupta8,EMP0008,PC-LEG-008,google.com,0,0
H000446,2026-01-16 10:23:02,deepak.gupta8,EMP0008,PC-LEG-008,github.com,0,0
H000447,2026-02-05 08:46:15,deepak.gupta8,EMP0008,PC-LEG-008,office365.com,0,0
H000448,2026-01-16 09:30:23,deepak.gupta8,EMP0008,PC-LEG-008,zoom.us,0,0
H000449,2026-01-29 10:11:38,deepak.gupta8,EMP0008,PC-LEG-008,google.com,0,0
H000450,2026-01-05 07:21:18,deepak.gupta8,EMP0008,PC-LEG-008,google.com,0,0
H000451,2026-01-02 15:40:16,deepak.gupta8,EMP0008,PC-LEG-008,stackoverflow.com,0,0
H000452,2026-01-06 12:45:12,deepak.gupta8,EMP0008,PC-LEG-008,atlassian.net,0,0
H000453,2026-01-16 11:39:23,deepak.gupta8,EMP0008,PC-LEG-008,stackoverflow.com,0,0
H000454,2026-01-06 16:43:41,deepak.gupta8,EMP0008,PC-LEG-008,github.com,0,0
H000455,2026-02-12 22:30:30,deepak.gupta8,EMP0008,PC-LEG-008,office365.com,0,0
H000456,2026-02-13 13:20:01,deepak.gupta8,EMP0008,PC-LEG-008,slack.com,0,0
H000457,2026-01-10 14:07:43,deepak.gupta8,EMP0008,PC-LEG-008,linkedin.com,0,0
H000458,2026-02-08 07:57:50,deepak.gupta8,EMP0008,PC-LEG-008,zoom.us,0,0
H000459,2026-01-05 17:13:54,deepak.gupta8,EMP0008,PC-LEG-008,github.com,0,0
H000460,2026-01-08 16:09:43,anjali.nair9,EMP0009,PC-FIN-009,google.com,0,0
H000461,2026-01-06 15:46:32,anjali.nair9,EMP0009,PC-FIN-009,linkedin.com,0,0
H000462,2026-01-15 15:09:10,anjali.nair9,EMP0009,PC-FIN-009,office365.com,0,0
H000463,2026-02-07 12:25:36,anjali.nair9,EMP0009,PC-FIN-009,office365.com,0,0
H000464,2026-01-21 11:43:29,anjali.nair9,EMP0009,PC-FIN-009,slack.com,0,0
H000465,2026-01-31 07:01:22,anjali.nair9,EMP0009,PC-FIN-009,github.com,0,0
H000466,2026-02-06 12:28:31,anjali.nair9,EMP0009,PC-FIN-009,company-intranet.local,0,0
H000467,2026-01-29 13:22:54,anjali.nair9,EMP0009,PC-FIN-009,google.com,0,0
H000468,2026-02-09 16:05:23,anjali.nair9,EMP0009,PC-FIN-009,stackoverflow.com,0,0
H000469,2026-01-04 09:20:03,anjali.nair9,EMP0009,PC-FIN-009,company-intranet.local,0,0
H000470,2026-01-12 00:49:41,anjali.nair9,EMP0009,PC-FIN-009,slack.com,0,0
H000471,2026-02-03 09:31:35,anjali.nair9,EMP0009,PC-FIN-009,google.com,0,0
H000472,2026-01-03 16:47:19,anjali.nair9,EMP0009,PC-FIN-009,zoom.us,0,0
H000473,2026-01-04 08:20:32,anjali.nair9,EMP0009,PC-FIN-009,slack.com,0,0
H000474,2026-01-29 15:03:15,anjali.nair9,EMP0009,PC-FIN-009,company-intranet.local,0,0
H000475,2026-01-18 00:49:46,anjali.nair9,EMP0009,PC-FIN-009,stackoverflow.com,0,0
H000476,2026-01-18 11:44:29,anjali.nair9,EMP0009,PC-FIN-009,zoom.us,0,0
H000477,2026-01-20 13:34:45,anjali.nair9,EMP0009,PC-FIN-009,github.com,0,0
H000478,2026-01-16 15:34:32,anjali.nair9,EMP0009,PC-FIN-009,office365.com,0,0
H000479,2026-01-03 07:15:53,anjali.nair9,EMP0009,PC-FIN-009,wikipedia.org,0,0
H000480,2026-02-12 08:11:04,anjali.nair9,EMP0009,PC-FIN-009,company-intranet.local,0,0
H000481,2026-01-21 07:15:17,anjali.nair9,EMP0009,PC-FIN-009,slack.com,0,0
H000482,2026-01-04 07:19:10,anjali.nair9,EMP0009,PC-FIN-009,github.com,0,0
H000483,2026-01-01 07:34:42,anjali.nair9,EMP0009,PC-FIN-009,wikipedia.org,0,0
H000484,2026-01-11 10:15:11,anjali.nair9,EMP0009,PC-FIN-009,company-intranet.local,0,0
H000485,2026-02-05 15:43:46,anjali.nair9,EMP0009,PC-FIN-009,office365.com,0,0
H000486,2026-02-13 10:07:46,anjali.nair9,EMP0009,PC-FIN-009,slack.com,0,0
H000487,2026-01-15 11:00:15,anjali.nair9,EMP0009,PC-FIN-009,wikipedia.org,0,0
H000488,2026-02-06 14:43:05,anjali.nair9,EMP0009,PC-FIN-009,linkedin.com,0,0
H000489,2026-01-16 14:38:00,anjali.nair9,EMP0009,PC-FIN-009,linkedin.com,0,0
H000490,2026-02-02 13:19:41,anjali.nair9,EMP0009,PC-FIN-009,linkedin.com,0,0
H000491,2026-01-28 11:02:02,anjali.nair9,EMP0009,PC-FIN-009,company-intranet.local,0,0
H000492,2026-01-23 07:16:44,anjali.nair9,EMP0009,PC-FIN-009,office365.com,0,0
H000493,2026-01-04 20:58:00,anjali.nair9,EMP0009,PC-FIN-009,linkedin.com,0,0
H000494,2026-01-08 11:17:35,anjali.nair9,EMP0009,PC-FIN-009,zoom.us,0,0
H000495,2026-01-02 15:42:34,anjali.nair9,EMP0009,PC-FIN-009,google.com,0,0
H000496,2026-01-21 07:13:29,anjali.nair9,EMP0009,PC-FIN-009,company-intranet.local,0,0
H000497,2026-02-03 10:48:07,anjali.nair9,EMP0009,PC-FIN-009,google.com,0,0
H000498,2026-01-06 13:51:41,anjali.nair9,EMP0009,PC-FIN-009,atlassian.net,0,0
H000499,2026-01-24 09:23:26,anjali.nair9,EMP0009,PC-FIN-009,google.com,0,0
H000500,2026-01-31 08:25:22,anjali.nair9,EMP0009,PC-FIN-009,zoom.us,0,0
H000501,2026-01-25 16:38:11,anjali.nair9,EMP0009,PC-FIN-009,linkedin.com,0,0
H000502,2026-01-28 12:15:28,anjali.nair9,EMP0009,PC-FIN-009,linkedin.com,0,0
H000503,2026-02-13 15:44:48,anjali.nair9,EMP0009,PC-FIN-009,wikipedia.org,0,0
H000504,2026-02-02 11:09:54,anjali.nair9,EMP0009,PC-FIN-009,slack.com,0,0
H000505,2026-01-16 13:25:06,anjali.nair9,EMP0009,PC-FIN-009,github.com,0,0
H000506,2026-01-26 15:24:59,anjali.nair9,EMP0009,PC-FIN-009,linkedin.com,0,0
H000507,2026-02-04 08:01:23,anjali.nair9,EMP0009,PC-FIN-009,zoom.us,0,0
H000508,2026-02-01 08:06:12,anjali.nair9,EMP0009,PC-FIN-009,wikipedia.org,0,0
H000509,2026-02-03 11:18:52,anjali.nair9,EMP0009,PC-FIN-009,company-intranet.local,0,0
H000510,2026-01-11 14:13:43,anjali.nair9,EMP0009,PC-FIN-009,atlassian.net,0,0
H000511,2026-02-12 10:04:19,anjali.nair9,EMP0009,PC-FIN-009,atlassian.net,0,0
H000512,2026-01-26 16:11:31,anjali.nair9,EMP0009,PC-FIN-009,slack.com,0,0
H000513,2026-01-14 14:00:18,anjali.nair9,EMP0009,PC-FIN-009,office365.com,0,0
H000514,2026-01-05 15:26:49,anjali.nair9,EMP0009,PC-FIN-009,office365.com,0,0
H000515,2026-02-13 09:40:42,anjali.nair9,EMP0009,PC-FIN-009,office365.com,0,0
H000516,2026-01-24 08:32:14,anjali.nair9,EMP0009,PC-FIN-009,office365.com,0,0
H000517,2026-02-08 10:34:47,anjali.nair9,EMP0009,PC-FIN-009,slack.com,0,0
H000518,2026-01-14 16:26:16,anjali.nair9,EMP0009,PC-FIN-009,linkedin.com,0,0
H000519,2026-01-02 16:24:20,anjali.nair9,EMP0009,PC-FIN-009,slack.com,0,0
H000520,2026-02-04 21:24:37,anjali.nair9,EMP0009,PC-FIN-009,wikipedia.org,0,0
H000521,2026-01-31 18:13:24,anjali.nair9,EMP0009,PC-FIN-009,wikipedia.org,0,0
H000522,2026-01-15 00:17:34,sneha.joshi10,EMP0010,PC-ENG-010,stackoverflow.com,0,0
H000523,2026-02-01 14:58:41,sneha.joshi10,EMP0010,PC-ENG-010,stackoverflow.com,0,0
H000524,2026-01-26 14:44:53,sneha.joshi10,EMP0010,PC-ENG-010,office365.com,0,0
H000525,2026-01-23 13:11:47,sneha.joshi10,EMP0010,PC-ENG-010,github.com,0,0
H000526,2026-02-08 07:41:10,sneha.joshi10,EMP0010,PC-ENG-010,linkedin.com,0,0
H000527,2026-01-04 10:38:14,sneha.joshi10,EMP0010,PC-ENG-010,atlassian.net,0,0
H000528,2026-01-05 04:16:03,sneha.joshi10,EMP0010,PC-ENG-010,slack.com,0,0
H000529,2026-02-13 08:06:05,sneha.joshi10,EMP0010,PC-ENG-010,wikipedia.org,0,0
H000530,2026-01-29 08:32:10,sneha.joshi10,EMP0010,PC-ENG-010,atlassian.net,0,0
H000531,2026-01-31 07:12:01,sneha.joshi10,EMP0010,PC-ENG-010,office365.com,0,0
H000532,2026-02-04 07:44:37,sneha.joshi10,EMP0010,PC-ENG-010,slack.com,0,0
H000533,2026-02-11 05:52:30,sneha.joshi10,EMP0010,PC-ENG-010,zoom.us,0,0
H000534,2026-02-13 11:39:46,sneha.joshi10,EMP0010,PC-ENG-010,wikipedia.org,0,0
H000535,2026-02-11 09:36:30,sneha.joshi10,EMP0010,PC-ENG-010,atlassian.net,0,0
H000536,2026-02-07 13:39:38,sneha.joshi10,EMP0010,PC-ENG-010,company-intranet.local,0,0
H000537,2026-01-21 08:55:08,sneha.joshi10,EMP0010,PC-ENG-010,office365.com,0,0
H000538,2026-02-01 07:17:34,sneha.joshi10,EMP0010,PC-ENG-010,slack.com,0,0
H000539,2026-01-22 22:22:33,sneha.joshi10,EMP0010,PC-ENG-010,office365.com,0,0
H000540,2026-02-05 13:42:06,sneha.joshi10,EMP0010,PC-ENG-010,company-intranet.local,0,0
H000541,2026-01-28 07:13:40,sneha.joshi10,EMP0010,PC-ENG-010,zoom.us,0,0
H000542,2026-01-27 16:06:26,sneha.joshi10,EMP0010,PC-ENG-010,stackoverflow.com,0,0
H000543,2026-01-07 08:29:23,sneha.joshi10,EMP0010,PC-ENG-010,zoom.us,0,0
H000544,2026-01-29 15:47:55,sneha.joshi10,EMP0010,PC-ENG-010,slack.com,0,0
H000545,2026-01-07 11:19:38,sneha.joshi10,EMP0010,PC-ENG-010,slack.com,0,0
H000546,2026-01-14 12:35:32,sneha.joshi10,EMP0010,PC-ENG-010,office365.com,0,0
H000547,2026-01-06 13:57:13,sneha.joshi10,EMP0010,PC-ENG-010,wikipedia.org,0,0
H000548,2026-02-14 14:41:37,sneha.joshi10,EMP0010,PC-ENG-010,google.com,0,0
H000549,2026-01-04 10:10:44,sneha.joshi10,EMP0010,PC-ENG-010,company-intranet.local,0,0
H000550,2026-01-08 15:41:52,sneha.joshi10,EMP0010,PC-ENG-010,company-intranet.local,0,0
H000551,2026-02-01 07:31:22,sneha.joshi10,EMP0010,PC-ENG-010,stackoverflow.com,0,0
H000552,2026-02-13 14:07:24,sneha.joshi10,EMP0010,PC-ENG-010,stackoverflow.com,0,0
H000553,2026-02-14 08:58:07,sneha.joshi10,EMP0010,PC-ENG-010,stackoverflow.com,0,0
H000554,2026-01-05 11:55:33,sneha.joshi10,EMP0010,PC-ENG-010,zoom.us,0,0
H000555,2026-01-18 13:48:54,sneha.joshi10,EMP0010,PC-ENG-010,company-intranet.local,0,0
H000556,2026-01-20 14:53:03,sneha.joshi10,EMP0010,PC-ENG-010,stackoverflow.com,0,0
H000557,2026-01-31 14:38:22,sneha.joshi10,EMP0010,PC-ENG-010,atlassian.net,0,0
H000558,2026-01-24 12:21:32,sneha.joshi10,EMP0010,PC-ENG-010,stackoverflow.com,0,0
H000559,2026-01-22 14:57:52,sneha.joshi10,EMP0010,PC-ENG-010,stackoverflow.com,0,0
H000560,2026-02-13 13:37:35,sneha.joshi10,EMP0010,PC-ENG-010,office365.com,0,0
H000561,2026-01-10 11:17:46,sneha.joshi10,EMP0010,PC-ENG-010,stackoverflow.com,0,0
H000562,2026-02-08 13:09:58,sneha.joshi10,EMP0010,PC-ENG-010,zoom.us,0,0
H000563,2026-01-22 07:51:17,sneha.joshi10,EMP0010,PC-ENG-010,office365.com,0,0
H000564,2026-02-08 14:11:20,sneha.joshi10,EMP0010,PC-ENG-010,wikipedia.org,0,0
H000565,2026-01-05 13:53:57,sneha.joshi10,EMP0010,PC-ENG-010,atlassian.net,0,0
H000566,2026-02-01 16:57:11,sneha.joshi10,EMP0010,PC-ENG-010,office365.com,0,0
H000567,2026-01-12 14:25:51,sneha.joshi10,EMP0010,PC-ENG-010,company-intranet.local,0,0
H000568,2026-01-08 14:25:14,sneha.joshi10,EMP0010,PC-ENG-010,google.com,0,0
H000569,2026-02-08 09:16:06,sneha.joshi10,EMP0010,PC-ENG-010,stackoverflow.com,0,0
H000570,2026-02-05 09:14:06,sneha.joshi10,EMP0010,PC-ENG-010,zoom.us,0,0
H000571,2026-01-25 08:03:38,sneha.joshi10,EMP0010,PC-ENG-010,stackoverflow.com,0,0
H000572,2026-01-01 17:51:30,sneha.joshi10,EMP0010,PC-ENG-010,google.com,0,0
H000573,2026-01-26 12:47:21,sneha.joshi10,EMP0010,PC-ENG-010,google.com,0,0
H000574,2026-01-03 14:27:44,sneha.joshi10,EMP0010,PC-ENG-010,atlassian.net,0,0
H000575,2026-01-24 16:37:34,sneha.joshi10,EMP0010,PC-ENG-010,linkedin.com,0,0
H000576,2026-01-09 13:58:46,sneha.joshi10,EMP0010,PC-ENG-010,company-intranet.local,0,0
H000577,2026-02-05 22:39:38,sneha.joshi10,EMP0010,PC-ENG-010,github.com,0,0
H000578,2026-02-14 07:30:40,sneha.joshi10,EMP0010,PC-ENG-010,stackoverflow.com,0,0
H000579,2026-01-22 14:48:59,sneha.joshi10,EMP0010,PC-ENG-010,office365.com,0,0
H000580,2026-01-27 10:04:04,sneha.joshi10,EMP0010,PC-ENG-010,stackoverflow.com,0,0
H000581,2026-01-14 20:30:12,sneha.joshi10,EMP0010,PC-ENG-010,slack.com,0,0
H000582,2026-01-29 03:44:08,sneha.joshi10,EMP0010,PC-ENG-010,office365.com,0,0
H000583,2026-01-31 14:45:18,sneha.joshi10,EMP0010,PC-ENG-010,company-intranet.local,0,0
H000584,2026-01-12 09:41:10,sneha.joshi10,EMP0010,PC-ENG-010,github.com,0,0
H000585,2026-01-18 07:39:33,sneha.joshi10,EMP0010,PC-ENG-010,stackoverflow.com,0,0
H000586,2026-01-04 11:58:15,sneha.joshi10,EMP0010,PC-ENG-010,github.com,0,0
H000587,2026-01-16 11:19:57,rahul.bhatt11,EMP0011,PC-HR-011,company-intranet.local,0,0
H000588,2026-01-07 17:06:41,rahul.bhatt11,EMP0011,PC-HR-011,atlassian.net,0,0
H000589,2026-01-19 09:18:48,rahul.bhatt11,EMP0011,PC-HR-011,wikipedia.org,0,0
H000590,2026-01-18 08:42:01,rahul.bhatt11,EMP0011,PC-HR-011,github.com,0,0
H000591,2026-02-14 09:51:53,rahul.bhatt11,EMP0011,PC-HR-011,zoom.us,0,0
H000592,2026-01-01 14:19:28,rahul.bhatt11,EMP0011,PC-HR-011,slack.com,0,0
H000593,2026-01-23 14:05:07,rahul.bhatt11,EMP0011,PC-HR-011,wikipedia.org,0,0
H000594,2026-01-28 14:21:26,rahul.bhatt11,EMP0011,PC-HR-011,atlassian.net,0,0
H000595,2026-01-01 13:36:18,rahul.bhatt11,EMP0011,PC-HR-011,office365.com,0,0
H000596,2026-01-20 12:12:39,rahul.bhatt11,EMP0011,PC-HR-011,wikipedia.org,0,0
H000597,2026-02-09 14:57:12,rahul.bhatt11,EMP0011,PC-HR-011,linkedin.com,0,0
H000598,2026-01-03 10:53:40,rahul.bhatt11,EMP0011,PC-HR-011,github.com,0,0
H000599,2026-01-20 16:05:43,rahul.bhatt11,EMP0011,PC-HR-011,google.com,0,0
H000600,2026-01-04 12:52:11,rahul.bhatt11,EMP0011,PC-HR-011,slack.com,0,0
H000601,2026-01-05 14:52:49,rahul.bhatt11,EMP0011,PC-HR-011,office365.com,0,0
H000602,2026-01-02 13:20:24,rahul.bhatt11,EMP0011,PC-HR-011,zoom.us,0,0
H000603,2026-02-09 09:47:36,rahul.bhatt11,EMP0011,PC-HR-011,google.com,0,0
H000604,2026-01-12 03:11:15,rahul.bhatt11,EMP0011,PC-HR-011,linkedin.com,0,0
H000605,2026-01-25 14:27:37,rahul.bhatt11,EMP0011,PC-HR-011,slack.com,0,0
H000606,2026-02-08 08:10:36,rahul.bhatt11,EMP0011,PC-HR-011,zoom.us,0,0
H000607,2026-01-15 09:24:05,rahul.bhatt11,EMP0011,PC-HR-011,google.com,0,0
H000608,2026-01-17 07:04:40,rahul.bhatt11,EMP0011,PC-HR-011,wikipedia.org,0,0
H000609,2026-01-13 13:01:53,rahul.bhatt11,EMP0011,PC-HR-011,google.com,0,0
H000610,2026-01-15 15:19:08,rahul.bhatt11,EMP0011,PC-HR-011,atlassian.net,0,0
H000611,2026-02-11 13:09:18,rahul.bhatt11,EMP0011,PC-HR-011,company-intranet.local,0,0
H000612,2026-01-25 11:11:32,rahul.bhatt11,EMP0011,PC-HR-011,stackoverflow.com,0,0
H000613,2026-01-18 11:12:51,rahul.bhatt11,EMP0011,PC-HR-011,atlassian.net,0,0
H000614,2026-02-13 12:38:14,rahul.bhatt11,EMP0011,PC-HR-011,stackoverflow.com,0,0
H000615,2026-01-17 08:23:06,rahul.bhatt11,EMP0011,PC-HR-011,wikipedia.org,0,0
H000616,2026-01-25 11:39:16,rahul.bhatt11,EMP0011,PC-HR-011,company-intranet.local,0,0
H000617,2026-02-02 11:51:23,rahul.bhatt11,EMP0011,PC-HR-011,atlassian.net,0,0
H000618,2026-01-12 09:46:35,rahul.bhatt11,EMP0011,PC-HR-011,github.com,0,0
H000619,2026-01-25 18:08:35,rahul.bhatt11,EMP0011,PC-HR-011,zoom.us,0,0
H000620,2026-01-22 02:17:13,rahul.bhatt11,EMP0011,PC-HR-011,zoom.us,0,0
H000621,2026-01-02 13:22:10,rahul.bhatt11,EMP0011,PC-HR-011,wikipedia.org,0,0
H000622,2026-02-10 17:33:51,rahul.bhatt11,EMP0011,PC-HR-011,google.com,0,0
H000623,2026-01-24 13:56:58,rahul.bhatt11,EMP0011,PC-HR-011,linkedin.com,0,0
H000624,2026-02-10 16:15:36,rahul.bhatt11,EMP0011,PC-HR-011,slack.com,0,0
H000625,2026-02-08 16:27:18,rahul.bhatt11,EMP0011,PC-HR-011,zoom.us,0,0
H000626,2026-01-14 10:06:53,rahul.bhatt11,EMP0011,PC-HR-011,linkedin.com,0,0
H000627,2026-01-26 10:16:29,rahul.bhatt11,EMP0011,PC-HR-011,office365.com,0,0
H000628,2026-02-05 12:00:02,rahul.bhatt11,EMP0011,PC-HR-011,google.com,0,0
H000629,2026-02-07 10:08:35,rahul.bhatt11,EMP0011,PC-HR-011,wikipedia.org,0,0
H000630,2026-01-30 08:17:18,rahul.bhatt11,EMP0011,PC-HR-011,google.com,0,0
H000631,2026-02-11 11:24:33,rahul.bhatt11,EMP0011,PC-HR-011,slack.com,0,0
H000632,2026-01-28 11:34:39,rahul.bhatt11,EMP0011,PC-HR-011,google.com,0,0
H000633,2026-01-17 11:26:44,rahul.bhatt11,EMP0011,PC-HR-011,office365.com,0,0
H000634,2026-01-30 14:54:41,rahul.bhatt11,EMP0011,PC-HR-011,company-intranet.local,0,0
H000635,2026-01-28 13:05:54,rahul.bhatt11,EMP0011,PC-HR-011,atlassian.net,0,0
H000636,2026-02-09 11:05:05,rahul.bhatt11,EMP0011,PC-HR-011,company-intranet.local,0,0
H000637,2026-01-14 15:16:50,rahul.bhatt11,EMP0011,PC-HR-011,linkedin.com,0,0
H000638,2026-01-07 10:30:53,rahul.bhatt11,EMP0011,PC-HR-011,zoom.us,0,0
H000639,2026-01-27 11:20:00,rahul.bhatt11,EMP0011,PC-HR-011,zoom.us,0,0
H000640,2026-01-05 12:32:27,rahul.bhatt11,EMP0011,PC-HR-011,company-intranet.local,0,0
H000641,2026-02-13 07:31:42,rahul.bhatt11,EMP0011,PC-HR-011,atlassian.net,0,0
H000642,2026-01-17 13:46:43,rahul.bhatt11,EMP0011,PC-HR-011,github.com,0,0
H000643,2026-01-14 09:13:23,rahul.bhatt11,EMP0011,PC-HR-011,google.com,0,0
H000644,2026-02-10 22:36:33,rahul.bhatt11,EMP0011,PC-HR-011,zoom.us,0,0
H000645,2026-01-02 16:59:17,rahul.bhatt11,EMP0011,PC-HR-011,zoom.us,0,0
H000646,2026-01-02 14:50:26,rahul.bhatt11,EMP0011,PC-HR-011,slack.com,0,0
H000647,2026-02-06 15:14:31,rahul.bhatt11,EMP0011,PC-HR-011,zoom.us,0,0
H000648,2026-01-20 04:52:45,rahul.bhatt11,EMP0011,PC-HR-011,atlassian.net,0,0
H000649,2026-01-12 15:27:04,rahul.bhatt11,EMP0011,PC-HR-011,linkedin.com,0,0
H000650,2026-02-14 12:10:57,rahul.bhatt11,EMP0011,PC-HR-011,zoom.us,0,0
H000651,2026-01-29 07:02:54,rahul.bhatt11,EMP0011,PC-HR-011,github.com,0,0
H000652,2026-01-22 05:55:43,rahul.bhatt11,EMP0011,PC-HR-011,stackoverflow.com,0,0
H000653,2026-02-04 10:45:31,rahul.bhatt11,EMP0011,PC-HR-011,slack.com,0,0
H000654,2026-01-12 15:55:53,rahul.bhatt11,EMP0011,PC-HR-011,atlassian.net,0,0
H000655,2026-02-02 23:04:40,rahul.bhatt11,EMP0011,PC-HR-011,slack.com,0,0
H000656,2026-01-16 12:18:36,rahul.bhatt11,EMP0011,PC-HR-011,stackoverflow.com,0,0
H000657,2026-01-27 16:55:03,rahul.bhatt11,EMP0011,PC-HR-011,slack.com,0,0
H000658,2026-01-13 10:22:14,rahul.bhatt11,EMP0011,PC-HR-011,company-intranet.local,0,0
H000659,2026-01-06 02:05:54,rahul.bhatt11,EMP0011,PC-HR-011,github.com,0,0
H000660,2026-01-29 12:24:38,rahul.bhatt11,EMP0011,PC-HR-011,zoom.us,0,0
H000661,2026-01-06 20:39:41,rahul.bhatt11,EMP0011,PC-HR-011,stackoverflow.com,0,0
H000662,2026-01-01 15:41:58,rahul.bhatt11,EMP0011,PC-HR-011,wikipedia.org,0,0
H000663,2026-01-10 17:57:45,neha.naidu12,EMP0012,PC-ENG-012,linkedin.com,0,0
H000664,2026-01-30 10:24:48,neha.naidu12,EMP0012,PC-ENG-012,linkedin.com,0,0
H000665,2026-01-04 17:24:20,neha.naidu12,EMP0012,PC-ENG-012,slack.com,0,0
H000666,2026-01-10 05:12:47,neha.naidu12,EMP0012,PC-ENG-012,slack.com,0,0
H000667,2026-01-14 09:43:18,neha.naidu12,EMP0012,PC-ENG-012,stackoverflow.com,0,0
H000668,2026-02-10 13:25:32,neha.naidu12,EMP0012,PC-ENG-012,google.com,0,0
H000669,2026-01-25 15:45:15,neha.naidu12,EMP0012,PC-ENG-012,stackoverflow.com,0,0
H000670,2026-01-07 12:43:09,neha.naidu12,EMP0012,PC-ENG-012,stackoverflow.com,0,0
H000671,2026-01-15 10:43:26,neha.naidu12,EMP0012,PC-ENG-012,office365.com,0,0
H000672,2026-01-31 14:47:57,neha.naidu12,EMP0012,PC-ENG-012,company-intranet.local,0,0
H000673,2026-01-29 16:53:07,neha.naidu12,EMP0012,PC-ENG-012,linkedin.com,0,0
H000674,2026-01-20 09:22:29,neha.naidu12,EMP0012,PC-ENG-012,linkedin.com,0,0
H000675,2026-01-28 08:26:56,neha.naidu12,EMP0012,PC-ENG-012,github.com,0,0
H000676,2026-01-25 09:25:28,neha.naidu12,EMP0012,PC-ENG-012,wikipedia.org,0,0
H000677,2026-01-21 14:32:39,neha.naidu12,EMP0012,PC-ENG-012,wikipedia.org,0,0
H000678,2026-02-08 12:31:16,neha.naidu12,EMP0012,PC-ENG-012,linkedin.com,0,0
H000679,2026-01-24 13:43:18,neha.naidu12,EMP0012,PC-ENG-012,stackoverflow.com,0,0
H000680,2026-01-19 16:45:21,neha.naidu12,EMP0012,PC-ENG-012,github.com,0,0
H000681,2026-02-07 10:12:28,neha.naidu12,EMP0012,PC-ENG-012,linkedin.com,0,0
H000682,2026-01-17 16:55:01,neha.naidu12,EMP0012,PC-ENG-012,stackoverflow.com,0,0
H000683,2026-01-31 10:26:35,neha.naidu12,EMP0012,PC-ENG-012,linkedin.com,0,0
H000684,2026-01-19 02:55:09,neha.naidu12,EMP0012,PC-ENG-012,company-intranet.local,0,0
H000685,2026-01-31 11:22:05,neha.naidu12,EMP0012,PC-ENG-012,atlassian.net,0,0
H000686,2026-02-08 11:12:19,neha.naidu12,EMP0012,PC-ENG-012,office365.com,0,0
H000687,2026-01-05 09:30:49,neha.naidu12,EMP0012,PC-ENG-012,stackoverflow.com,0,0
H000688,2026-02-11 15:03:39,neha.naidu12,EMP0012,PC-ENG-012,google.com,0,0
H000689,2026-01-04 15:41:45,neha.naidu12,EMP0012,PC-ENG-012,company-intranet.local,0,0
H000690,2026-02-06 16:47:02,neha.naidu12,EMP0012,PC-ENG-012,slack.com,0,0
H000691,2026-01-24 10:46:32,neha.naidu12,EMP0012,PC-ENG-012,github.com,0,0
H000692,2026-01-16 15:46:16,neha.naidu12,EMP0012,PC-ENG-012,zoom.us,0,0
H000693,2026-01-16 12:51:21,neha.naidu12,EMP0012,PC-ENG-012,slack.com,0,0
H000694,2026-01-24 09:11:58,neha.naidu12,EMP0012,PC-ENG-012,stackoverflow.com,0,0
H000695,2026-02-13 07:26:27,neha.naidu12,EMP0012,PC-ENG-012,company-intranet.local,0,0
H000696,2026-02-10 14:58:42,neha.naidu12,EMP0012,PC-ENG-012,company-intranet.local,0,0
H000697,2026-01-03 09:01:54,neha.naidu12,EMP0012,PC-ENG-012,google.com,0,0
H000698,2026-01-06 06:47:15,neha.naidu12,EMP0012,PC-ENG-012,atlassian.net,0,0
H000699,2026-02-07 22:42:23,neha.naidu12,EMP0012,PC-ENG-012,slack.com,0,0
H000700,2026-01-05 07:44:48,neha.naidu12,EMP0012,PC-ENG-012,google.com,0,0
H000701,2026-02-02 13:47:25,neha.naidu12,EMP0012,PC-ENG-012,zoom.us,0,0
H000702,2026-01-06 07:06:43,neha.naidu12,EMP0012,PC-ENG-012,zoom.us,0,0
H000703,2026-02-02 08:28:50,neha.naidu12,EMP0012,PC-ENG-012,atlassian.net,0,0
H000704,2026-01-26 11:19:46,neha.naidu12,EMP0012,PC-ENG-012,atlassian.net,0,0
H000705,2026-01-31 11:59:05,neha.naidu12,EMP0012,PC-ENG-012,wikipedia.org,0,0
H000706,2026-02-11 15:26:32,neha.naidu12,EMP0012,PC-ENG-012,linkedin.com,0,0
H000707,2026-02-12 00:46:29,neha.naidu12,EMP0012,PC-ENG-012,google.com,0,0
H000708,2026-01-27 10:41:54,neha.naidu12,EMP0012,PC-ENG-012,slack.com,0,0
H000709,2026-02-05 16:45:39,neha.naidu12,EMP0012,PC-ENG-012,company-intranet.local,0,0
H000710,2026-01-24 14:23:25,neha.naidu12,EMP0012,PC-ENG-012,zoom.us,0,0
H000711,2026-02-08 13:01:33,neha.naidu12,EMP0012,PC-ENG-012,google.com,0,0
H000712,2026-01-05 09:10:44,neha.naidu12,EMP0012,PC-ENG-012,stackoverflow.com,0,0
H000713,2026-02-14 09:46:11,neha.naidu12,EMP0012,PC-ENG-012,google.com,0,0
H000714,2026-01-12 12:58:18,neha.naidu12,EMP0012,PC-ENG-012,company-intranet.local,0,0
H000715,2026-01-21 09:30:43,neha.naidu12,EMP0012,PC-ENG-012,stackoverflow.com,0,0
H000716,2026-02-04 11:58:09,manoj.khan13,EMP0013,PC-R&D-013,office365.com,0,0
H000717,2026-01-17 05:04:13,manoj.khan13,EMP0013,PC-R&D-013,office365.com,0,0
H000718,2026-02-04 10:02:19,manoj.khan13,EMP0013,PC-R&D-013,linkedin.com,0,0
H000719,2026-01-20 11:15:13,manoj.khan13,EMP0013,PC-R&D-013,wikipedia.org,0,0
H000720,2026-02-07 16:16:29,manoj.khan13,EMP0013,PC-R&D-013,wikipedia.org,0,0
H000721,2026-01-22 08:29:19,manoj.khan13,EMP0013,PC-R&D-013,atlassian.net,0,0
H000722,2026-01-09 00:20:38,manoj.khan13,EMP0013,PC-R&D-013,atlassian.net,0,0
H000723,2026-01-19 07:59:57,manoj.khan13,EMP0013,PC-R&D-013,github.com,0,0
H000724,2026-01-15 15:30:41,manoj.khan13,EMP0013,PC-R&D-013,stackoverflow.com,0,0
H000725,2026-01-23 23:34:58,manoj.khan13,EMP0013,PC-R&D-013,slack.com,0,0
H000726,2026-01-27 09:55:55,manoj.khan13,EMP0013,PC-R&D-013,linkedin.com,0,0
H000727,2026-01-31 09:13:05,manoj.khan13,EMP0013,PC-R&D-013,stackoverflow.com,0,0
H000728,2026-01-24 07:43:12,manoj.khan13,EMP0013,PC-R&D-013,company-intranet.local,0,0
H000729,2026-01-10 10:23:12,manoj.khan13,EMP0013,PC-R&D-013,atlassian.net,0,0
H000730,2026-01-27 15:34:52,manoj.khan13,EMP0013,PC-R&D-013,office365.com,0,0
H000731,2026-01-23 08:39:59,manoj.khan13,EMP0013,PC-R&D-013,wikipedia.org,0,0
H000732,2026-02-04 10:10:44,manoj.khan13,EMP0013,PC-R&D-013,office365.com,0,0
H000733,2026-02-01 12:20:21,manoj.khan13,EMP0013,PC-R&D-013,google.com,0,0
H000734,2026-02-09 06:36:33,manoj.khan13,EMP0013,PC-R&D-013,atlassian.net,0,0
H000735,2026-02-13 15:04:58,manoj.khan13,EMP0013,PC-R&D-013,github.com,0,0
H000736,2026-02-05 21:21:23,manoj.khan13,EMP0013,PC-R&D-013,wikipedia.org,0,0
H000737,2026-01-08 10:22:48,manoj.khan13,EMP0013,PC-R&D-013,google.com,0,0
H000738,2026-01-12 08:13:54,manoj.khan13,EMP0013,PC-R&D-013,office365.com,0,0
H000739,2026-02-07 08:34:48,manoj.khan13,EMP0013,PC-R&D-013,google.com,0,0
H000740,2026-01-06 12:45:48,manoj.khan13,EMP0013,PC-R&D-013,company-intranet.local,0,0
H000741,2026-01-04 23:34:04,manoj.khan13,EMP0013,PC-R&D-013,atlassian.net,0,0
H000742,2026-01-25 08:08:45,manoj.khan13,EMP0013,PC-R&D-013,google.com,0,0
H000743,2026-01-12 09:10:06,manoj.khan13,EMP0013,PC-R&D-013,google.com,0,0
H000744,2026-01-24 13:47:53,manoj.khan13,EMP0013,PC-R&D-013,stackoverflow.com,0,0
H000745,2026-01-04 16:47:59,manoj.khan13,EMP0013,PC-R&D-013,office365.com,0,0
H000746,2026-01-12 06:20:09,manoj.khan13,EMP0013,PC-R&D-013,linkedin.com,0,0
H000747,2026-01-13 09:05:18,manoj.khan13,EMP0013,PC-R&D-013,slack.com,0,0
H000748,2026-01-06 08:05:21,manoj.khan13,EMP0013,PC-R&D-013,zoom.us,0,0
H000749,2026-01-24 08:03:04,manoj.khan13,EMP0013,PC-R&D-013,zoom.us,0,0
H000750,2026-01-15 04:03:51,manoj.khan13,EMP0013,PC-R&D-013,atlassian.net,0,0
H000751,2026-01-19 01:28:34,manoj.khan13,EMP0013,PC-R&D-013,office365.com,0,0
H000752,2026-02-12 14:57:03,manoj.khan13,EMP0013,PC-R&D-013,google.com,0,0
H000753,2026-01-27 10:35:19,manoj.khan13,EMP0013,PC-R&D-013,zoom.us,0,0
H000754,2026-01-21 11:47:53,manoj.khan13,EMP0013,PC-R&D-013,slack.com,0,0
H000755,2026-01-16 15:19:20,manoj.khan13,EMP0013,PC-R&D-013,atlassian.net,0,0
H000756,2026-01-08 15:47:11,manoj.khan13,EMP0013,PC-R&D-013,google.com,0,0
H000757,2026-02-07 07:26:39,manoj.khan13,EMP0013,PC-R&D-013,google.com,0,0
H000758,2026-01-18 10:03:26,manoj.khan13,EMP0013,PC-R&D-013,atlassian.net,0,0
H000759,2026-02-13 07:39:58,manoj.khan13,EMP0013,PC-R&D-013,office365.com,0,0
H000760,2026-01-02 11:06:58,manoj.khan13,EMP0013,PC-R&D-013,slack.com,0,0
H000761,2026-02-11 10:39:05,manoj.khan13,EMP0013,PC-R&D-013,company-intranet.local,0,0
H000762,2026-01-04 17:56:53,manoj.khan13,EMP0013,PC-R&D-013,wikipedia.org,0,0
H000763,2026-02-10 08:42:16,manoj.khan13,EMP0013,PC-R&D-013,github.com,0,0
H000764,2026-01-08 11:09:26,manoj.khan13,EMP0013,PC-R&D-013,wikipedia.org,0,0
H000765,2026-01-09 08:05:40,manoj.khan13,EMP0013,PC-R&D-013,linkedin.com,0,0
H000766,2026-01-23 18:25:10,manoj.khan13,EMP0013,PC-R&D-013,slack.com,0,0
H000767,2026-02-09 13:24:09,manoj.khan13,EMP0013,PC-R&D-013,company-intranet.local,0,0
H000768,2026-02-03 08:17:31,manoj.khan13,EMP0013,PC-R&D-013,google.com,0,0
H000769,2026-01-06 15:00:22,manoj.khan13,EMP0013,PC-R&D-013,google.com,0,0
H000770,2026-01-15 08:51:40,manoj.khan13,EMP0013,PC-R&D-013,zoom.us,0,0
H000771,2026-02-01 07:08:35,manoj.khan13,EMP0013,PC-R&D-013,linkedin.com,0,0
H000772,2026-01-04 14:10:09,manoj.khan13,EMP0013,PC-R&D-013,company-intranet.local,0,0
H000773,2026-01-03 19:42:29,manoj.khan13,EMP0013,PC-R&D-013,atlassian.net,0,0
H000774,2026-02-05 10:31:47,manoj.khan13,EMP0013,PC-R&D-013,github.com,0,0
H000775,2026-01-17 15:35:29,manoj.khan13,EMP0013,PC-R&D-013,office365.com,0,0
H000776,2026-01-10 13:05:18,manoj.khan13,EMP0013,PC-R&D-013,zoom.us,0,0
H000777,2026-01-12 17:51:02,manoj.khan13,EMP0013,PC-R&D-013,zoom.us,0,0
H000778,2026-02-13 23:56:59,manoj.khan13,EMP0013,PC-R&D-013,company-intranet.local,0,0
H000779,2026-01-10 17:33:25,manoj.khan13,EMP0013,PC-R&D-013,company-intranet.local,0,0
H000780,2026-01-25 04:35:01,manoj.khan13,EMP0013,PC-R&D-013,github.com,0,0
H000781,2026-01-12 09:26:50,manoj.khan13,EMP0013,PC-R&D-013,zoom.us,0,0
H000782,2026-01-20 16:16:28,manoj.khan13,EMP0013,PC-R&D-013,slack.com,0,0
H000783,2026-02-14 21:21:02,manoj.khan13,EMP0013,PC-R&D-013,google.com,0,0
H000784,2026-01-02 09:05:40,manoj.khan13,EMP0013,PC-R&D-013,wikipedia.org,0,0
H000785,2026-02-07 11:44:16,meera.reddy14,EMP0014,PC-ENG-014,stackoverflow.com,0,0
H000786,2026-01-03 22:21:40,meera.reddy14,EMP0014,PC-ENG-014,competitor-jobsboard.com,1,1
H000787,2026-01-23 08:32:35,meera.reddy14,EMP0014,PC-ENG-014,linkedin.com,0,0
H000788,2026-02-03 12:46:56,meera.reddy14,EMP0014,PC-ENG-014,slack.com,0,0
H000789,2026-01-23 22:39:39,meera.reddy14,EMP0014,PC-ENG-014,stackoverflow.com,0,0
H000790,2026-01-05 00:26:41,meera.reddy14,EMP0014,PC-ENG-014,pastebin.com,1,1
H000791,2026-01-09 02:05:06,meera.reddy14,EMP0014,PC-ENG-014,stackoverflow.com,0,0
H000792,2026-02-05 17:30:53,meera.reddy14,EMP0014,PC-ENG-014,google.com,0,0
H000793,2026-01-18 11:56:05,meera.reddy14,EMP0014,PC-ENG-014,google.com,0,0
H000794,2026-02-09 00:13:21,meera.reddy14,EMP0014,PC-ENG-014,file-transfer-anon.net,1,1
H000795,2026-01-17 12:51:48,meera.reddy14,EMP0014,PC-ENG-014,zoom.us,0,0
H000796,2026-01-16 19:36:18,meera.reddy14,EMP0014,PC-ENG-014,atlassian.net,0,0
H000797,2026-01-05 15:16:29,meera.reddy14,EMP0014,PC-ENG-014,google.com,0,0
H000798,2026-01-04 09:28:08,meera.reddy14,EMP0014,PC-ENG-014,wikipedia.org,0,0
H000799,2026-01-16 16:47:26,meera.reddy14,EMP0014,PC-ENG-014,linkedin.com,0,0
H000800,2026-01-14 15:21:46,meera.reddy14,EMP0014,PC-ENG-014,stackoverflow.com,0,0
H000801,2026-01-09 10:00:51,meera.reddy14,EMP0014,PC-ENG-014,wikipedia.org,0,0
H000802,2026-01-17 15:25:52,meera.reddy14,EMP0014,PC-ENG-014,wikipedia.org,0,0
H000803,2026-01-27 10:44:42,meera.reddy14,EMP0014,PC-ENG-014,github.com,0,0
H000804,2026-02-07 10:42:42,meera.reddy14,EMP0014,PC-ENG-014,wikipedia.org,0,0
H000805,2026-02-12 02:33:57,meera.reddy14,EMP0014,PC-ENG-014,pastebin.com,1,1
H000806,2026-02-04 15:07:33,meera.reddy14,EMP0014,PC-ENG-014,stackoverflow.com,0,0
H000807,2026-01-10 03:02:27,meera.reddy14,EMP0014,PC-ENG-014,dropbox-shared-link.info,1,1
H000808,2026-02-02 12:19:43,meera.reddy14,EMP0014,PC-ENG-014,slack.com,0,0
H000809,2026-02-01 13:32:01,meera.reddy14,EMP0014,PC-ENG-014,google.com,0,0
H000810,2026-01-26 15:14:30,meera.reddy14,EMP0014,PC-ENG-014,atlassian.net,0,0
H000811,2026-01-18 16:30:21,meera.reddy14,EMP0014,PC-ENG-014,github.com,0,0
H000812,2026-01-06 03:05:30,meera.reddy14,EMP0014,PC-ENG-014,mega.nz,1,1
H000813,2026-01-23 14:38:40,meera.reddy14,EMP0014,PC-ENG-014,github.com,0,0
H000814,2026-02-02 12:34:45,meera.reddy14,EMP0014,PC-ENG-014,linkedin.com,0,0
H000815,2026-01-18 01:45:40,meera.reddy14,EMP0014,PC-ENG-014,mega.nz,1,1
H000816,2026-02-03 16:59:10,meera.reddy14,EMP0014,PC-ENG-014,slack.com,0,0
H000817,2026-01-29 07:47:41,meera.reddy14,EMP0014,PC-ENG-014,office365.com,0,0
H000818,2026-02-09 11:21:14,meera.reddy14,EMP0014,PC-ENG-014,atlassian.net,0,0
H000819,2026-02-09 15:04:49,meera.reddy14,EMP0014,PC-ENG-014,zoom.us,0,0
H000820,2026-02-11 16:39:25,meera.reddy14,EMP0014,PC-ENG-014,linkedin.com,0,0
H000821,2026-02-03 09:46:00,meera.reddy14,EMP0014,PC-ENG-014,company-intranet.local,0,0
H000822,2026-02-06 10:32:52,meera.reddy14,EMP0014,PC-ENG-014,github.com,0,0
H000823,2026-01-04 10:12:53,meera.reddy14,EMP0014,PC-ENG-014,company-intranet.local,0,0
H000824,2026-01-06 10:30:41,meera.reddy14,EMP0014,PC-ENG-014,github.com,0,0
H000825,2026-01-12 08:33:17,meera.reddy14,EMP0014,PC-ENG-014,wikipedia.org,0,0
H000826,2026-01-14 14:10:30,meera.reddy14,EMP0014,PC-ENG-014,slack.com,0,0
H000827,2026-01-27 13:33:49,meera.reddy14,EMP0014,PC-ENG-014,atlassian.net,0,0
H000828,2026-01-28 05:05:51,meera.reddy14,EMP0014,PC-ENG-014,wikipedia.org,0,0
H000829,2026-01-03 15:12:58,meera.reddy14,EMP0014,PC-ENG-014,atlassian.net,0,0
H000830,2026-02-05 05:55:14,meera.reddy14,EMP0014,PC-ENG-014,wetransfer.com,1,1
H000831,2026-01-16 16:25:25,meera.reddy14,EMP0014,PC-ENG-014,linkedin.com,0,0
H000832,2026-01-07 10:17:26,meera.reddy14,EMP0014,PC-ENG-014,company-intranet.local,0,0
H000833,2026-01-23 02:57:25,meera.reddy14,EMP0014,PC-ENG-014,file-transfer-anon.net,1,1
H000834,2026-02-09 11:17:59,meera.reddy14,EMP0014,PC-ENG-014,slack.com,0,0
H000835,2026-02-10 12:03:40,meera.reddy14,EMP0014,PC-ENG-014,zoom.us,0,0
H000836,2026-01-14 14:50:19,meera.reddy14,EMP0014,PC-ENG-014,google.com,0,0
H000837,2026-02-06 02:45:33,meera.reddy14,EMP0014,PC-ENG-014,competitor-jobsboard.com,1,1
H000838,2026-01-23 15:59:43,meera.reddy14,EMP0014,PC-ENG-014,github.com,0,0
H000839,2026-02-02 04:05:56,meera.reddy14,EMP0014,PC-ENG-014,zoom.us,0,0
H000840,2026-01-21 16:41:53,meera.reddy14,EMP0014,PC-ENG-014,stackoverflow.com,0,0
H000841,2026-02-05 00:43:31,meera.reddy14,EMP0014,PC-ENG-014,wetransfer.com,1,1
H000842,2026-01-22 12:05:58,meera.reddy14,EMP0014,PC-ENG-014,github.com,0,0
H000843,2026-01-25 04:13:38,meera.reddy14,EMP0014,PC-ENG-014,mega.nz,1,1
H000844,2026-01-26 12:18:47,meera.reddy14,EMP0014,PC-ENG-014,slack.com,0,0
H000845,2026-01-01 13:53:01,meera.reddy14,EMP0014,PC-ENG-014,linkedin.com,0,0
H000846,2026-01-22 01:38:32,meera.reddy14,EMP0014,PC-ENG-014,file-transfer-anon.net,1,1
H000847,2026-01-30 10:09:36,meera.reddy14,EMP0014,PC-ENG-014,atlassian.net,0,0
H000848,2026-01-20 04:38:49,meera.reddy14,EMP0014,PC-ENG-014,pastebin.com,1,1
H000849,2026-01-22 01:27:58,meera.reddy14,EMP0014,PC-ENG-014,mega.nz,1,1
H000850,2026-02-09 12:43:48,meera.reddy14,EMP0014,PC-ENG-014,stackoverflow.com,0,0
H000851,2026-02-03 10:36:30,meera.reddy14,EMP0014,PC-ENG-014,atlassian.net,0,0
H000852,2026-01-29 10:49:20,meera.reddy14,EMP0014,PC-ENG-014,google.com,0,0
H000853,2026-01-03 10:19:46,meera.reddy14,EMP0014,PC-ENG-014,google.com,0,0
H000854,2026-01-17 14:40:53,meera.reddy14,EMP0014,PC-ENG-014,atlassian.net,0,0
H000855,2026-01-15 11:30:42,meera.reddy14,EMP0014,PC-ENG-014,linkedin.com,0,0
H000856,2026-01-07 11:36:11,meera.reddy14,EMP0014,PC-ENG-014,github.com,0,0
H000857,2026-01-01 09:39:54,meera.reddy14,EMP0014,PC-ENG-014,company-intranet.local,0,0
H000858,2026-02-01 19:15:19,meera.reddy14,EMP0014,PC-ENG-014,office365.com,0,0
H000859,2026-01-23 23:29:07,meera.reddy14,EMP0014,PC-ENG-014,file-transfer-anon.net,1,1
H000860,2026-02-12 01:21:41,meera.reddy14,EMP0014,PC-ENG-014,mega.nz,1,1
H000861,2026-01-30 16:49:18,tanya.khan15,EMP0015,PC-ENG-015,google.com,0,0
H000862,2026-01-17 09:04:52,tanya.khan15,EMP0015,PC-ENG-015,atlassian.net,0,0
H000863,2026-02-14 12:08:11,tanya.khan15,EMP0015,PC-ENG-015,zoom.us,0,0
H000864,2026-01-24 11:32:21,tanya.khan15,EMP0015,PC-ENG-015,slack.com,0,0
H000865,2026-01-17 07:21:17,tanya.khan15,EMP0015,PC-ENG-015,linkedin.com,0,0
H000866,2026-01-20 07:34:21,tanya.khan15,EMP0015,PC-ENG-015,zoom.us,0,0
H000867,2026-01-30 08:42:20,tanya.khan15,EMP0015,PC-ENG-015,github.com,0,0
H000868,2026-01-16 16:34:23,tanya.khan15,EMP0015,PC-ENG-015,zoom.us,0,0
H000869,2026-01-23 12:53:49,tanya.khan15,EMP0015,PC-ENG-015,google.com,0,0
H000870,2026-01-23 12:38:19,tanya.khan15,EMP0015,PC-ENG-015,linkedin.com,0,0
H000871,2026-01-24 18:06:41,tanya.khan15,EMP0015,PC-ENG-015,slack.com,0,0
H000872,2026-01-26 04:50:57,tanya.khan15,EMP0015,PC-ENG-015,wikipedia.org,0,0
H000873,2026-01-17 13:07:49,tanya.khan15,EMP0015,PC-ENG-015,stackoverflow.com,0,0
H000874,2026-01-27 08:13:47,tanya.khan15,EMP0015,PC-ENG-015,atlassian.net,0,0
H000875,2026-01-29 00:01:29,tanya.khan15,EMP0015,PC-ENG-015,office365.com,0,0
H000876,2026-01-17 10:37:28,tanya.khan15,EMP0015,PC-ENG-015,office365.com,0,0
H000877,2026-01-17 14:31:42,tanya.khan15,EMP0015,PC-ENG-015,google.com,0,0
H000878,2026-02-01 14:51:52,tanya.khan15,EMP0015,PC-ENG-015,stackoverflow.com,0,0
H000879,2026-01-19 07:22:45,tanya.khan15,EMP0015,PC-ENG-015,zoom.us,0,0
H000880,2026-02-06 10:02:33,tanya.khan15,EMP0015,PC-ENG-015,stackoverflow.com,0,0
H000881,2026-02-01 18:23:45,tanya.khan15,EMP0015,PC-ENG-015,slack.com,0,0
H000882,2026-01-03 07:01:12,tanya.khan15,EMP0015,PC-ENG-015,google.com,0,0
H000883,2026-01-25 07:04:29,tanya.khan15,EMP0015,PC-ENG-015,zoom.us,0,0
H000884,2026-02-09 14:42:54,tanya.khan15,EMP0015,PC-ENG-015,company-intranet.local,0,0
H000885,2026-01-07 11:02:24,tanya.khan15,EMP0015,PC-ENG-015,linkedin.com,0,0
H000886,2026-02-06 15:17:36,tanya.khan15,EMP0015,PC-ENG-015,company-intranet.local,0,0
H000887,2026-02-01 12:44:38,tanya.khan15,EMP0015,PC-ENG-015,github.com,0,0
H000888,2026-02-03 09:43:06,tanya.khan15,EMP0015,PC-ENG-015,slack.com,0,0
H000889,2026-01-10 07:51:23,tanya.khan15,EMP0015,PC-ENG-015,google.com,0,0
H000890,2026-01-16 14:49:50,tanya.khan15,EMP0015,PC-ENG-015,google.com,0,0
H000891,2026-01-28 11:43:15,tanya.khan15,EMP0015,PC-ENG-015,zoom.us,0,0
H000892,2026-01-13 15:31:15,tanya.khan15,EMP0015,PC-ENG-015,zoom.us,0,0
H000893,2026-02-13 15:45:33,tanya.khan15,EMP0015,PC-ENG-015,google.com,0,0
H000894,2026-01-27 04:03:29,tanya.khan15,EMP0015,PC-ENG-015,github.com,0,0
H000895,2026-01-09 12:13:17,tanya.khan15,EMP0015,PC-ENG-015,office365.com,0,0
H000896,2026-01-14 09:22:52,tanya.khan15,EMP0015,PC-ENG-015,office365.com,0,0
H000897,2026-01-13 13:04:17,tanya.khan15,EMP0015,PC-ENG-015,stackoverflow.com,0,0
H000898,2026-01-04 13:58:54,tanya.khan15,EMP0015,PC-ENG-015,atlassian.net,0,0
H000899,2026-01-11 12:19:39,tanya.khan15,EMP0015,PC-ENG-015,stackoverflow.com,0,0
H000900,2026-01-28 11:43:59,tanya.khan15,EMP0015,PC-ENG-015,stackoverflow.com,0,0
H000901,2026-01-21 11:49:46,tanya.khan15,EMP0015,PC-ENG-015,google.com,0,0
H000902,2026-01-27 11:52:56,tanya.khan15,EMP0015,PC-ENG-015,office365.com,0,0
H000903,2026-02-14 09:01:12,tanya.khan15,EMP0015,PC-ENG-015,company-intranet.local,0,0
H000904,2026-02-12 05:29:43,tanya.khan15,EMP0015,PC-ENG-015,stackoverflow.com,0,0
H000905,2026-01-24 15:27:53,tanya.khan15,EMP0015,PC-ENG-015,zoom.us,0,0
H000906,2026-02-05 15:24:52,tanya.khan15,EMP0015,PC-ENG-015,company-intranet.local,0,0
H000907,2026-02-02 08:54:21,tanya.khan15,EMP0015,PC-ENG-015,github.com,0,0
H000908,2026-02-12 11:57:46,tanya.khan15,EMP0015,PC-ENG-015,linkedin.com,0,0
H000909,2026-02-07 19:45:49,tanya.khan15,EMP0015,PC-ENG-015,office365.com,0,0
H000910,2026-01-10 16:55:48,tanya.khan15,EMP0015,PC-ENG-015,wikipedia.org,0,0
H000911,2026-01-25 11:37:06,tanya.khan15,EMP0015,PC-ENG-015,office365.com,0,0
H000912,2026-01-09 14:12:50,tanya.khan15,EMP0015,PC-ENG-015,github.com,0,0
H000913,2026-01-05 09:42:10,tanya.khan15,EMP0015,PC-ENG-015,zoom.us,0,0
H000914,2026-01-11 15:05:59,tanya.khan15,EMP0015,PC-ENG-015,office365.com,0,0
H000915,2026-02-07 12:41:34,tanya.khan15,EMP0015,PC-ENG-015,google.com,0,0
H000916,2026-01-10 16:51:39,tanya.khan15,EMP0015,PC-ENG-015,atlassian.net,0,0
H000917,2026-01-26 21:48:20,tanya.khan15,EMP0015,PC-ENG-015,linkedin.com,0,0
H000918,2026-01-17 13:17:24,tanya.khan15,EMP0015,PC-ENG-015,zoom.us,0,0
H000919,2026-02-14 08:23:43,tanya.khan15,EMP0015,PC-ENG-015,zoom.us,0,0
H000920,2026-01-19 17:07:33,kiran.joshi16,EMP0016,PC-HR-016,office365.com,0,0
H000921,2026-02-14 12:54:48,kiran.joshi16,EMP0016,PC-HR-016,zoom.us,0,0
H000922,2026-01-06 08:58:28,kiran.joshi16,EMP0016,PC-HR-016,stackoverflow.com,0,0
H000923,2026-02-02 20:43:21,kiran.joshi16,EMP0016,PC-HR-016,github.com,0,0
H000924,2026-01-04 08:52:41,kiran.joshi16,EMP0016,PC-HR-016,wikipedia.org,0,0
H000925,2026-01-07 14:13:28,kiran.joshi16,EMP0016,PC-HR-016,slack.com,0,0
H000926,2026-02-02 09:06:34,kiran.joshi16,EMP0016,PC-HR-016,atlassian.net,0,0
H000927,2026-02-01 18:16:24,kiran.joshi16,EMP0016,PC-HR-016,github.com,0,0
H000928,2026-01-11 02:04:16,kiran.joshi16,EMP0016,PC-HR-016,wikipedia.org,0,0
H000929,2026-01-16 08:20:17,kiran.joshi16,EMP0016,PC-HR-016,company-intranet.local,0,0
H000930,2026-01-07 07:28:10,kiran.joshi16,EMP0016,PC-HR-016,wikipedia.org,0,0
H000931,2026-01-14 17:00:12,kiran.joshi16,EMP0016,PC-HR-016,company-intranet.local,0,0
H000932,2026-02-02 11:49:25,kiran.joshi16,EMP0016,PC-HR-016,atlassian.net,0,0
H000933,2026-01-30 17:02:46,kiran.joshi16,EMP0016,PC-HR-016,google.com,0,0
H000934,2026-01-01 23:42:42,kiran.joshi16,EMP0016,PC-HR-016,linkedin.com,0,0
H000935,2026-01-28 07:34:15,kiran.joshi16,EMP0016,PC-HR-016,linkedin.com,0,0
H000936,2026-01-25 08:38:23,kiran.joshi16,EMP0016,PC-HR-016,company-intranet.local,0,0
H000937,2026-01-31 11:30:44,kiran.joshi16,EMP0016,PC-HR-016,office365.com,0,0
H000938,2026-02-10 11:06:31,kiran.joshi16,EMP0016,PC-HR-016,github.com,0,0
H000939,2026-01-03 09:33:54,kiran.joshi16,EMP0016,PC-HR-016,wikipedia.org,0,0
H000940,2026-01-26 13:42:19,kiran.joshi16,EMP0016,PC-HR-016,office365.com,0,0
H000941,2026-02-02 10:36:14,kiran.joshi16,EMP0016,PC-HR-016,company-intranet.local,0,0
H000942,2026-01-15 16:42:10,kiran.joshi16,EMP0016,PC-HR-016,slack.com,0,0
H000943,2026-01-20 14:50:25,kiran.joshi16,EMP0016,PC-HR-016,atlassian.net,0,0
H000944,2026-02-09 11:19:06,kiran.joshi16,EMP0016,PC-HR-016,google.com,0,0
H000945,2026-02-09 07:02:20,kiran.joshi16,EMP0016,PC-HR-016,stackoverflow.com,0,0
H000946,2026-02-08 14:24:50,kiran.joshi16,EMP0016,PC-HR-016,atlassian.net,0,0
H000947,2026-02-06 03:36:46,kiran.joshi16,EMP0016,PC-HR-016,linkedin.com,0,0
H000948,2026-02-11 01:19:08,kiran.joshi16,EMP0016,PC-HR-016,zoom.us,0,0
H000949,2026-02-12 23:45:38,kiran.joshi16,EMP0016,PC-HR-016,linkedin.com,0,0
H000950,2026-02-13 05:35:04,kiran.joshi16,EMP0016,PC-HR-016,zoom.us,0,0
H000951,2026-02-05 13:12:25,kiran.joshi16,EMP0016,PC-HR-016,wikipedia.org,0,0
H000952,2026-01-10 13:29:00,kiran.joshi16,EMP0016,PC-HR-016,linkedin.com,0,0
H000953,2026-01-18 08:21:59,kiran.joshi16,EMP0016,PC-HR-016,stackoverflow.com,0,0
H000954,2026-01-05 13:40:57,kiran.joshi16,EMP0016,PC-HR-016,slack.com,0,0
H000955,2026-01-09 15:21:10,kiran.joshi16,EMP0016,PC-HR-016,slack.com,0,0
H000956,2026-01-01 08:07:27,kiran.joshi16,EMP0016,PC-HR-016,google.com,0,0
H000957,2026-01-02 12:32:29,kiran.joshi16,EMP0016,PC-HR-016,zoom.us,0,0
H000958,2026-01-18 12:09:55,kiran.joshi16,EMP0016,PC-HR-016,google.com,0,0
H000959,2026-01-15 08:23:34,kiran.joshi16,EMP0016,PC-HR-016,stackoverflow.com,0,0
H000960,2026-02-02 16:12:43,kiran.joshi16,EMP0016,PC-HR-016,google.com,0,0
H000961,2026-02-10 07:26:23,kiran.joshi16,EMP0016,PC-HR-016,linkedin.com,0,0
H000962,2026-01-16 16:20:54,kiran.joshi16,EMP0016,PC-HR-016,office365.com,0,0
H000963,2026-01-31 09:58:16,kiran.joshi16,EMP0016,PC-HR-016,slack.com,0,0
H000964,2026-02-06 08:44:45,kiran.joshi16,EMP0016,PC-HR-016,zoom.us,0,0
H000965,2026-01-08 02:10:47,kiran.joshi16,EMP0016,PC-HR-016,office365.com,0,0
H000966,2026-01-20 05:51:48,kiran.joshi16,EMP0016,PC-HR-016,office365.com,0,0
H000967,2026-02-04 09:05:36,kavya.patil17,EMP0017,PC-FIN-017,zoom.us,0,0
H000968,2026-01-24 12:40:37,kavya.patil17,EMP0017,PC-FIN-017,linkedin.com,0,0
H000969,2026-02-06 13:59:14,kavya.patil17,EMP0017,PC-FIN-017,zoom.us,0,0
H000970,2026-02-08 11:31:59,kavya.patil17,EMP0017,PC-FIN-017,linkedin.com,0,0
H000971,2026-01-06 16:44:01,kavya.patil17,EMP0017,PC-FIN-017,stackoverflow.com,0,0
H000972,2026-01-03 10:32:28,kavya.patil17,EMP0017,PC-FIN-017,company-intranet.local,0,0
H000973,2026-02-06 09:08:16,kavya.patil17,EMP0017,PC-FIN-017,slack.com,0,0
H000974,2026-01-01 10:25:16,kavya.patil17,EMP0017,PC-FIN-017,wikipedia.org,0,0
H000975,2026-01-15 15:40:35,kavya.patil17,EMP0017,PC-FIN-017,google.com,0,0
H000976,2026-01-21 08:28:24,kavya.patil17,EMP0017,PC-FIN-017,wikipedia.org,0,0
H000977,2026-01-17 07:35:29,kavya.patil17,EMP0017,PC-FIN-017,slack.com,0,0
H000978,2026-01-30 11:42:27,kavya.patil17,EMP0017,PC-FIN-017,company-intranet.local,0,0
H000979,2026-01-01 10:14:19,kavya.patil17,EMP0017,PC-FIN-017,zoom.us,0,0
H000980,2026-02-11 16:59:37,kavya.patil17,EMP0017,PC-FIN-017,linkedin.com,0,0
H000981,2026-02-13 13:53:14,kavya.patil17,EMP0017,PC-FIN-017,office365.com,0,0
H000982,2026-02-10 15:48:15,kavya.patil17,EMP0017,PC-FIN-017,company-intranet.local,0,0
H000983,2026-01-15 09:16:37,kavya.patil17,EMP0017,PC-FIN-017,slack.com,0,0
H000984,2026-01-29 10:48:31,kavya.patil17,EMP0017,PC-FIN-017,atlassian.net,0,0
H000985,2026-01-22 07:00:19,kavya.patil17,EMP0017,PC-FIN-017,wikipedia.org,0,0
H000986,2026-01-18 17:54:02,kavya.patil17,EMP0017,PC-FIN-017,google.com,0,0
H000987,2026-01-20 14:28:46,kavya.patil17,EMP0017,PC-FIN-017,stackoverflow.com,0,0
H000988,2026-01-08 12:22:24,kavya.patil17,EMP0017,PC-FIN-017,company-intranet.local,0,0
H000989,2026-01-22 16:10:30,kavya.patil17,EMP0017,PC-FIN-017,company-intranet.local,0,0
H000990,2026-01-30 13:54:37,kavya.patil17,EMP0017,PC-FIN-017,zoom.us,0,0
H000991,2026-02-07 14:19:51,kavya.patil17,EMP0017,PC-FIN-017,linkedin.com,0,0
H000992,2026-01-27 16:06:06,kavya.patil17,EMP0017,PC-FIN-017,company-intranet.local,0,0
H000993,2026-01-31 19:36:30,kavya.patil17,EMP0017,PC-FIN-017,slack.com,0,0
H000994,2026-01-20 16:23:18,kavya.patil17,EMP0017,PC-FIN-017,zoom.us,0,0
H000995,2026-01-27 10:09:32,kavya.patil17,EMP0017,PC-FIN-017,google.com,0,0
H000996,2026-01-30 08:24:43,kavya.patil17,EMP0017,PC-FIN-017,google.com,0,0
H000997,2026-01-14 09:21:17,kavya.patil17,EMP0017,PC-FIN-017,company-intranet.local,0,0
H000998,2026-01-14 13:38:32,kavya.patil17,EMP0017,PC-FIN-017,atlassian.net,0,0
H000999,2026-02-13 10:54:22,kavya.patil17,EMP0017,PC-FIN-017,slack.com,0,0
H001000,2026-01-01 16:24:46,kavya.patil17,EMP0017,PC-FIN-017,google.com,0,0
H001001,2026-02-08 08:55:41,kavya.patil17,EMP0017,PC-FIN-017,slack.com,0,0
H001002,2026-01-05 08:08:59,kavya.patil17,EMP0017,PC-FIN-017,slack.com,0,0
H001003,2026-02-05 11:39:49,kavya.patil17,EMP0017,PC-FIN-017,linkedin.com,0,0
H001004,2026-01-29 17:28:38,kavya.patil17,EMP0017,PC-FIN-017,zoom.us,0,0
H001005,2026-01-30 04:41:13,kavya.patil17,EMP0017,PC-FIN-017,google.com,0,0
H001006,2026-01-27 08:14:31,meera.das18,EMP0018,PC-LEG-018,linkedin.com,0,0
H001007,2026-02-07 08:47:51,meera.das18,EMP0018,PC-LEG-018,linkedin.com,0,0
H001008,2026-01-05 14:05:03,meera.das18,EMP0018,PC-LEG-018,linkedin.com,0,0
H001009,2026-01-16 22:07:08,meera.das18,EMP0018,PC-LEG-018,wikipedia.org,0,0
H001010,2026-02-08 11:11:42,meera.das18,EMP0018,PC-LEG-018,company-intranet.local,0,0
H001011,2026-01-27 12:57:41,meera.das18,EMP0018,PC-LEG-018,github.com,0,0
H001012,2026-01-19 08:14:12,meera.das18,EMP0018,PC-LEG-018,stackoverflow.com,0,0
H001013,2026-01-04 15:13:39,meera.das18,EMP0018,PC-LEG-018,google.com,0,0
H001014,2026-01-15 09:24:01,meera.das18,EMP0018,PC-LEG-018,slack.com,0,0
H001015,2026-01-02 16:24:36,meera.das18,EMP0018,PC-LEG-018,atlassian.net,0,0
H001016,2026-01-15 14:00:25,meera.das18,EMP0018,PC-LEG-018,google.com,0,0
H001017,2026-01-23 14:12:21,meera.das18,EMP0018,PC-LEG-018,linkedin.com,0,0
H001018,2026-02-04 16:20:49,meera.das18,EMP0018,PC-LEG-018,github.com,0,0
H001019,2026-02-08 09:08:32,meera.das18,EMP0018,PC-LEG-018,zoom.us,0,0
H001020,2026-01-16 11:53:03,meera.das18,EMP0018,PC-LEG-018,company-intranet.local,0,0
H001021,2026-01-25 16:16:16,meera.das18,EMP0018,PC-LEG-018,wikipedia.org,0,0
H001022,2026-02-05 10:34:30,meera.das18,EMP0018,PC-LEG-018,zoom.us,0,0
H001023,2026-01-16 07:37:40,meera.das18,EMP0018,PC-LEG-018,wikipedia.org,0,0
H001024,2026-01-01 09:23:22,meera.das18,EMP0018,PC-LEG-018,atlassian.net,0,0
H001025,2026-01-10 12:00:20,meera.das18,EMP0018,PC-LEG-018,stackoverflow.com,0,0
H001026,2026-01-29 11:19:08,meera.das18,EMP0018,PC-LEG-018,zoom.us,0,0
H001027,2026-01-22 15:30:35,meera.das18,EMP0018,PC-LEG-018,slack.com,0,0
H001028,2026-02-05 12:28:34,meera.das18,EMP0018,PC-LEG-018,slack.com,0,0
H001029,2026-01-02 14:02:14,meera.das18,EMP0018,PC-LEG-018,google.com,0,0
H001030,2026-01-09 08:15:56,meera.das18,EMP0018,PC-LEG-018,office365.com,0,0
H001031,2026-01-31 03:57:05,meera.das18,EMP0018,PC-LEG-018,google.com,0,0
H001032,2026-01-21 12:26:59,meera.das18,EMP0018,PC-LEG-018,stackoverflow.com,0,0
H001033,2026-02-07 15:42:08,meera.das18,EMP0018,PC-LEG-018,wikipedia.org,0,0
H001034,2026-01-31 13:49:30,meera.das18,EMP0018,PC-LEG-018,github.com,0,0
H001035,2026-02-03 12:52:51,meera.das18,EMP0018,PC-LEG-018,office365.com,0,0
H001036,2026-01-17 15:51:19,meera.das18,EMP0018,PC-LEG-018,google.com,0,0
H001037,2026-01-24 15:11:36,meera.das18,EMP0018,PC-LEG-018,office365.com,0,0
H001038,2026-01-31 17:36:25,meera.das18,EMP0018,PC-LEG-018,atlassian.net,0,0
H001039,2026-01-20 07:00:15,meera.das18,EMP0018,PC-LEG-018,stackoverflow.com,0,0
H001040,2026-01-12 12:32:00,meera.das18,EMP0018,PC-LEG-018,linkedin.com,0,0
H001041,2026-01-01 02:05:44,meera.das18,EMP0018,PC-LEG-018,company-intranet.local,0,0
H001042,2026-01-12 12:19:21,meera.das18,EMP0018,PC-LEG-018,office365.com,0,0
H001043,2026-01-10 18:09:43,meera.das18,EMP0018,PC-LEG-018,github.com,0,0
H001044,2026-02-11 15:05:46,meera.das18,EMP0018,PC-LEG-018,linkedin.com,0,0
H001045,2026-01-24 09:17:04,meera.das18,EMP0018,PC-LEG-018,slack.com,0,0
H001046,2026-01-18 12:39:08,meera.das18,EMP0018,PC-LEG-018,office365.com,0,0
H001047,2026-01-04 16:17:25,meera.das18,EMP0018,PC-LEG-018,slack.com,0,0
H001048,2026-01-09 16:20:41,meera.das18,EMP0018,PC-LEG-018,company-intranet.local,0,0
H001049,2026-01-07 10:25:43,meera.das18,EMP0018,PC-LEG-018,google.com,0,0
H001050,2026-01-29 09:10:52,meera.das18,EMP0018,PC-LEG-018,company-intranet.local,0,0
H001051,2026-01-15 16:25:03,meera.das18,EMP0018,PC-LEG-018,linkedin.com,0,0
H001052,2026-02-04 17:21:18,meera.das18,EMP0018,PC-LEG-018,wikipedia.org,0,0
H001053,2026-01-13 08:36:23,meera.das18,EMP0018,PC-LEG-018,wikipedia.org,0,0
H001054,2026-02-01 08:15:44,meera.das18,EMP0018,PC-LEG-018,wikipedia.org,0,0
H001055,2026-01-14 10:45:41,meera.das18,EMP0018,PC-LEG-018,company-intranet.local,0,0
H001056,2026-01-28 05:05:55,meera.das18,EMP0018,PC-LEG-018,atlassian.net,0,0
H001057,2026-01-22 11:38:09,meera.das18,EMP0018,PC-LEG-018,stackoverflow.com,0,0
H001058,2026-01-09 10:04:17,meera.das18,EMP0018,PC-LEG-018,wikipedia.org,0,0
H001059,2026-01-22 12:06:39,meera.das18,EMP0018,PC-LEG-018,linkedin.com,0,0
H001060,2026-01-01 07:02:46,meera.das18,EMP0018,PC-LEG-018,office365.com,0,0
H001061,2026-02-06 11:38:54,meera.das18,EMP0018,PC-LEG-018,linkedin.com,0,0
H001062,2026-02-12 08:39:08,meera.das18,EMP0018,PC-LEG-018,zoom.us,0,0
H001063,2026-01-05 13:02:07,meera.das18,EMP0018,PC-LEG-018,wikipedia.org,0,0
H001064,2026-01-10 12:46:22,meera.das18,EMP0018,PC-LEG-018,github.com,0,0
H001065,2026-01-16 09:09:36,meera.das18,EMP0018,PC-LEG-018,linkedin.com,0,0
H001066,2026-01-01 16:36:41,meera.das18,EMP0018,PC-LEG-018,stackoverflow.com,0,0
H001067,2026-01-31 13:32:10,meera.das18,EMP0018,PC-LEG-018,google.com,0,0
H001068,2026-01-07 10:40:58,meera.das18,EMP0018,PC-LEG-018,zoom.us,0,0
H001069,2026-01-21 15:04:27,meera.das18,EMP0018,PC-LEG-018,stackoverflow.com,0,0
H001070,2026-02-08 14:05:18,meera.das18,EMP0018,PC-LEG-018,google.com,0,0
H001071,2026-01-11 21:57:50,meera.das18,EMP0018,PC-LEG-018,linkedin.com,0,0
H001072,2026-01-30 09:54:07,farah.gupta19,EMP0019,PC-IT -019,atlassian.net,0,0
H001073,2026-01-12 09:51:29,farah.gupta19,EMP0019,PC-IT -019,stackoverflow.com,0,0
H001074,2026-02-07 11:24:08,farah.gupta19,EMP0019,PC-IT -019,zoom.us,0,0
H001075,2026-02-08 07:59:34,farah.gupta19,EMP0019,PC-IT -019,stackoverflow.com,0,0
H001076,2026-02-14 06:19:41,farah.gupta19,EMP0019,PC-IT -019,google.com,0,0
H001077,2026-01-31 14:15:48,farah.gupta19,EMP0019,PC-IT -019,slack.com,0,0
H001078,2026-01-30 11:56:48,farah.gupta19,EMP0019,PC-IT -019,atlassian.net,0,0
H001079,2026-01-20 08:19:12,farah.gupta19,EMP0019,PC-IT -019,zoom.us,0,0
H001080,2026-01-20 13:29:33,farah.gupta19,EMP0019,PC-IT -019,linkedin.com,0,0
H001081,2026-01-11 13:55:24,farah.gupta19,EMP0019,PC-IT -019,zoom.us,0,0
H001082,2026-01-31 07:57:25,farah.gupta19,EMP0019,PC-IT -019,atlassian.net,0,0
H001083,2026-01-15 17:55:43,farah.gupta19,EMP0019,PC-IT -019,company-intranet.local,0,0
H001084,2026-01-11 13:36:03,farah.gupta19,EMP0019,PC-IT -019,stackoverflow.com,0,0
H001085,2026-01-18 18:41:01,farah.gupta19,EMP0019,PC-IT -019,atlassian.net,0,0
H001086,2026-01-09 09:37:55,farah.gupta19,EMP0019,PC-IT -019,slack.com,0,0
H001087,2026-01-04 13:46:03,farah.gupta19,EMP0019,PC-IT -019,google.com,0,0
H001088,2026-01-19 01:04:26,farah.gupta19,EMP0019,PC-IT -019,zoom.us,0,0
H001089,2026-01-31 09:26:08,farah.gupta19,EMP0019,PC-IT -019,atlassian.net,0,0
H001090,2026-01-11 11:44:49,farah.gupta19,EMP0019,PC-IT -019,github.com,0,0
H001091,2026-01-09 10:38:09,farah.gupta19,EMP0019,PC-IT -019,company-intranet.local,0,0
H001092,2026-01-15 11:38:14,farah.gupta19,EMP0019,PC-IT -019,company-intranet.local,0,0
H001093,2026-02-08 15:45:17,farah.gupta19,EMP0019,PC-IT -019,company-intranet.local,0,0
H001094,2026-01-07 14:09:29,farah.gupta19,EMP0019,PC-IT -019,stackoverflow.com,0,0
H001095,2026-01-07 19:07:48,farah.gupta19,EMP0019,PC-IT -019,linkedin.com,0,0
H001096,2026-01-12 15:25:19,farah.gupta19,EMP0019,PC-IT -019,office365.com,0,0
H001097,2026-01-17 12:55:21,farah.gupta19,EMP0019,PC-IT -019,slack.com,0,0
H001098,2026-02-06 20:00:56,farah.gupta19,EMP0019,PC-IT -019,company-intranet.local,0,0
H001099,2026-02-10 06:17:08,farah.gupta19,EMP0019,PC-IT -019,google.com,0,0
H001100,2026-01-15 08:21:39,farah.gupta19,EMP0019,PC-IT -019,wikipedia.org,0,0
H001101,2026-01-18 11:19:10,farah.gupta19,EMP0019,PC-IT -019,github.com,0,0
H001102,2026-02-06 12:15:53,farah.gupta19,EMP0019,PC-IT -019,zoom.us,0,0
H001103,2026-02-09 11:26:58,farah.gupta19,EMP0019,PC-IT -019,linkedin.com,0,0
H001104,2026-01-31 15:05:22,farah.gupta19,EMP0019,PC-IT -019,stackoverflow.com,0,0
H001105,2026-02-08 02:10:10,farah.gupta19,EMP0019,PC-IT -019,slack.com,0,0
H001106,2026-01-11 15:29:46,farah.gupta19,EMP0019,PC-IT -019,stackoverflow.com,0,0
H001107,2026-01-26 10:02:46,farah.gupta19,EMP0019,PC-IT -019,stackoverflow.com,0,0
H001108,2026-01-10 13:01:36,farah.gupta19,EMP0019,PC-IT -019,company-intranet.local,0,0
H001109,2026-02-10 05:19:53,farah.gupta19,EMP0019,PC-IT -019,linkedin.com,0,0
H001110,2026-01-27 06:53:41,farah.gupta19,EMP0019,PC-IT -019,atlassian.net,0,0
H001111,2026-01-20 08:32:31,farah.gupta19,EMP0019,PC-IT -019,stackoverflow.com,0,0
H001112,2026-01-21 10:42:03,farah.gupta19,EMP0019,PC-IT -019,atlassian.net,0,0
H001113,2026-01-12 13:07:25,farah.gupta19,EMP0019,PC-IT -019,google.com,0,0
H001114,2026-02-01 13:46:45,farah.gupta19,EMP0019,PC-IT -019,company-intranet.local,0,0
H001115,2026-01-28 11:23:51,farah.gupta19,EMP0019,PC-IT -019,atlassian.net,0,0
H001116,2026-02-06 09:12:19,farah.gupta19,EMP0019,PC-IT -019,stackoverflow.com,0,0
H001117,2026-02-13 13:37:01,farah.gupta19,EMP0019,PC-IT -019,atlassian.net,0,0
H001118,2026-01-21 16:47:49,farah.gupta19,EMP0019,PC-IT -019,google.com,0,0
H001119,2026-01-12 15:44:22,farah.gupta19,EMP0019,PC-IT -019,github.com,0,0
H001120,2026-02-02 11:44:14,farah.gupta19,EMP0019,PC-IT -019,zoom.us,0,0
H001121,2026-01-30 08:52:51,farah.gupta19,EMP0019,PC-IT -019,wikipedia.org,0,0
H001122,2026-01-07 17:15:01,farah.gupta19,EMP0019,PC-IT -019,linkedin.com,0,0
H001123,2026-01-18 10:40:57,neha.joshi20,EMP0020,PC-HR-020,stackoverflow.com,0,0
H001124,2026-01-04 08:14:27,neha.joshi20,EMP0020,PC-HR-020,atlassian.net,0,0
H001125,2026-01-07 16:09:18,neha.joshi20,EMP0020,PC-HR-020,linkedin.com,0,0
H001126,2026-01-17 02:36:34,neha.joshi20,EMP0020,PC-HR-020,zoom.us,0,0
H001127,2026-01-13 14:29:10,neha.joshi20,EMP0020,PC-HR-020,company-intranet.local,0,0
H001128,2026-01-16 09:02:20,neha.joshi20,EMP0020,PC-HR-020,office365.com,0,0
H001129,2026-01-26 05:15:52,neha.joshi20,EMP0020,PC-HR-020,github.com,0,0
H001130,2026-01-21 07:01:31,neha.joshi20,EMP0020,PC-HR-020,office365.com,0,0
H001131,2026-01-24 19:20:34,neha.joshi20,EMP0020,PC-HR-020,linkedin.com,0,0
H001132,2026-01-04 15:17:40,neha.joshi20,EMP0020,PC-HR-020,company-intranet.local,0,0
H001133,2026-01-18 08:57:41,neha.joshi20,EMP0020,PC-HR-020,atlassian.net,0,0
H001134,2026-01-22 10:04:05,neha.joshi20,EMP0020,PC-HR-020,google.com,0,0
H001135,2026-02-09 08:52:23,neha.joshi20,EMP0020,PC-HR-020,office365.com,0,0
H001136,2026-01-09 10:32:51,neha.joshi20,EMP0020,PC-HR-020,company-intranet.local,0,0
H001137,2026-02-01 15:04:37,neha.joshi20,EMP0020,PC-HR-020,office365.com,0,0
H001138,2026-01-16 15:46:56,neha.joshi20,EMP0020,PC-HR-020,zoom.us,0,0
H001139,2026-01-02 10:47:14,neha.joshi20,EMP0020,PC-HR-020,atlassian.net,0,0
H001140,2026-02-09 19:59:48,neha.joshi20,EMP0020,PC-HR-020,office365.com,0,0
H001141,2026-02-09 14:30:07,neha.joshi20,EMP0020,PC-HR-020,zoom.us,0,0
H001142,2026-02-14 12:48:20,neha.joshi20,EMP0020,PC-HR-020,zoom.us,0,0
H001143,2026-02-01 19:57:59,neha.joshi20,EMP0020,PC-HR-020,slack.com,0,0
H001144,2026-01-28 15:11:32,neha.joshi20,EMP0020,PC-HR-020,github.com,0,0
H001145,2026-01-18 11:01:53,neha.joshi20,EMP0020,PC-HR-020,slack.com,0,0
H001146,2026-01-08 15:08:54,neha.joshi20,EMP0020,PC-HR-020,office365.com,0,0
H001147,2026-02-12 14:34:42,neha.joshi20,EMP0020,PC-HR-020,zoom.us,0,0
H001148,2026-01-28 09:08:00,neha.joshi20,EMP0020,PC-HR-020,company-intranet.local,0,0
H001149,2026-01-30 11:04:20,neha.joshi20,EMP0020,PC-HR-020,company-intranet.local,0,0
H001150,2026-01-19 08:20:38,neha.joshi20,EMP0020,PC-HR-020,wikipedia.org,0,0
H001151,2026-02-12 10:51:22,neha.joshi20,EMP0020,PC-HR-020,slack.com,0,0
H001152,2026-02-08 11:56:04,neha.joshi20,EMP0020,PC-HR-020,atlassian.net,0,0
H001153,2026-01-13 14:44:27,neha.joshi20,EMP0020,PC-HR-020,company-intranet.local,0,0
H001154,2026-02-02 04:48:37,neha.joshi20,EMP0020,PC-HR-020,company-intranet.local,0,0
H001155,2026-01-07 04:58:18,neha.joshi20,EMP0020,PC-HR-020,slack.com,0,0
H001156,2026-01-07 16:46:13,neha.joshi20,EMP0020,PC-HR-020,google.com,0,0
H001157,2026-01-10 11:32:33,neha.joshi20,EMP0020,PC-HR-020,wikipedia.org,0,0
H001158,2026-02-05 07:38:13,neha.joshi20,EMP0020,PC-HR-020,company-intranet.local,0,0
H001159,2026-01-18 15:57:25,neha.joshi20,EMP0020,PC-HR-020,office365.com,0,0
H001160,2026-01-25 18:35:33,neha.joshi20,EMP0020,PC-HR-020,office365.com,0,0
H001161,2026-01-27 20:30:45,neha.joshi20,EMP0020,PC-HR-020,wikipedia.org,0,0
H001162,2026-01-23 07:52:43,neha.joshi20,EMP0020,PC-HR-020,zoom.us,0,0
H001163,2026-01-27 18:02:22,neha.joshi20,EMP0020,PC-HR-020,company-intranet.local,0,0
H001164,2026-02-12 13:21:25,neha.joshi20,EMP0020,PC-HR-020,wikipedia.org,0,0
H001165,2026-02-04 15:24:30,neha.joshi20,EMP0020,PC-HR-020,github.com,0,0
H001166,2026-02-03 03:30:09,neha.joshi20,EMP0020,PC-HR-020,linkedin.com,0,0
H001167,2026-01-01 14:35:07,divya.verma21,EMP0021,PC-FIN-021,atlassian.net,0,0
H001168,2026-01-29 08:12:29,divya.verma21,EMP0021,PC-FIN-021,stackoverflow.com,0,0
H001169,2026-01-23 11:01:29,divya.verma21,EMP0021,PC-FIN-021,wikipedia.org,0,0
H001170,2026-01-15 14:45:49,divya.verma21,EMP0021,PC-FIN-021,company-intranet.local,0,0
H001171,2026-02-04 08:49:25,divya.verma21,EMP0021,PC-FIN-021,google.com,0,0
H001172,2026-01-29 19:33:48,divya.verma21,EMP0021,PC-FIN-021,google.com,0,0
H001173,2026-02-07 13:36:23,divya.verma21,EMP0021,PC-FIN-021,office365.com,0,0
H001174,2026-02-11 09:18:38,divya.verma21,EMP0021,PC-FIN-021,wikipedia.org,0,0
H001175,2026-01-14 11:57:05,divya.verma21,EMP0021,PC-FIN-021,atlassian.net,0,0
H001176,2026-01-25 11:36:02,divya.verma21,EMP0021,PC-FIN-021,slack.com,0,0
H001177,2026-01-25 12:46:26,divya.verma21,EMP0021,PC-FIN-021,linkedin.com,0,0
H001178,2026-01-24 06:35:21,divya.verma21,EMP0021,PC-FIN-021,linkedin.com,0,0
H001179,2026-01-07 07:19:22,divya.verma21,EMP0021,PC-FIN-021,slack.com,0,0
H001180,2026-01-03 10:38:50,divya.verma21,EMP0021,PC-FIN-021,zoom.us,0,0
H001181,2026-01-26 08:19:15,divya.verma21,EMP0021,PC-FIN-021,office365.com,0,0
H001182,2026-02-02 05:40:41,divya.verma21,EMP0021,PC-FIN-021,linkedin.com,0,0
H001183,2026-01-14 13:09:01,divya.verma21,EMP0021,PC-FIN-021,company-intranet.local,0,0
H001184,2026-01-09 10:53:22,divya.verma21,EMP0021,PC-FIN-021,slack.com,0,0
H001185,2026-01-22 15:13:15,divya.verma21,EMP0021,PC-FIN-021,linkedin.com,0,0
H001186,2026-01-31 11:15:01,divya.verma21,EMP0021,PC-FIN-021,stackoverflow.com,0,0
H001187,2026-01-07 10:44:35,divya.verma21,EMP0021,PC-FIN-021,linkedin.com,0,0
H001188,2026-01-07 13:10:53,divya.verma21,EMP0021,PC-FIN-021,slack.com,0,0
H001189,2026-01-07 10:35:30,divya.verma21,EMP0021,PC-FIN-021,github.com,0,0
H001190,2026-01-01 16:09:16,divya.verma21,EMP0021,PC-FIN-021,company-intranet.local,0,0
H001191,2026-01-09 19:52:18,divya.verma21,EMP0021,PC-FIN-021,zoom.us,0,0
H001192,2026-01-21 02:03:21,divya.verma21,EMP0021,PC-FIN-021,atlassian.net,0,0
H001193,2026-02-07 23:32:47,divya.verma21,EMP0021,PC-FIN-021,company-intranet.local,0,0
H001194,2026-02-12 13:58:35,divya.verma21,EMP0021,PC-FIN-021,stackoverflow.com,0,0
H001195,2026-02-06 16:25:40,divya.verma21,EMP0021,PC-FIN-021,linkedin.com,0,0
H001196,2026-01-16 12:30:08,divya.verma21,EMP0021,PC-FIN-021,atlassian.net,0,0
H001197,2026-01-25 07:13:00,divya.verma21,EMP0021,PC-FIN-021,stackoverflow.com,0,0
H001198,2026-01-19 09:14:49,divya.verma21,EMP0021,PC-FIN-021,company-intranet.local,0,0
H001199,2026-01-02 03:05:18,divya.verma21,EMP0021,PC-FIN-021,stackoverflow.com,0,0
H001200,2026-01-21 08:19:39,divya.verma21,EMP0021,PC-FIN-021,stackoverflow.com,0,0
H001201,2026-01-02 12:45:17,divya.verma21,EMP0021,PC-FIN-021,office365.com,0,0
H001202,2026-01-29 23:36:41,divya.verma21,EMP0021,PC-FIN-021,slack.com,0,0
H001203,2026-01-21 22:26:48,divya.verma21,EMP0021,PC-FIN-021,slack.com,0,0
H001204,2026-01-10 12:31:44,divya.verma21,EMP0021,PC-FIN-021,stackoverflow.com,0,0
H001205,2026-01-23 07:38:51,divya.verma21,EMP0021,PC-FIN-021,slack.com,0,0
H001206,2026-01-11 08:09:28,divya.verma21,EMP0021,PC-FIN-021,zoom.us,0,0
H001207,2026-01-26 05:10:08,divya.joshi22,EMP0022,PC-HR-022,stackoverflow.com,0,0
H001208,2026-01-03 07:57:18,divya.joshi22,EMP0022,PC-HR-022,company-intranet.local,0,0
H001209,2026-01-24 10:29:28,divya.joshi22,EMP0022,PC-HR-022,office365.com,0,0
H001210,2026-01-12 10:42:23,divya.joshi22,EMP0022,PC-HR-022,wikipedia.org,0,0
H001211,2026-02-06 14:52:16,divya.joshi22,EMP0022,PC-HR-022,office365.com,0,0
H001212,2026-02-03 16:10:49,divya.joshi22,EMP0022,PC-HR-022,wikipedia.org,0,0
H001213,2026-01-01 10:26:25,divya.joshi22,EMP0022,PC-HR-022,slack.com,0,0
H001214,2026-01-03 14:51:07,divya.joshi22,EMP0022,PC-HR-022,github.com,0,0
H001215,2026-01-14 13:31:33,divya.joshi22,EMP0022,PC-HR-022,wikipedia.org,0,0
H001216,2026-01-19 15:31:40,divya.joshi22,EMP0022,PC-HR-022,google.com,0,0
H001217,2026-01-03 13:24:51,divya.joshi22,EMP0022,PC-HR-022,stackoverflow.com,0,0
H001218,2026-01-27 07:08:30,divya.joshi22,EMP0022,PC-HR-022,slack.com,0,0
H001219,2026-02-09 10:35:51,divya.joshi22,EMP0022,PC-HR-022,atlassian.net,0,0
H001220,2026-01-20 09:00:09,divya.joshi22,EMP0022,PC-HR-022,github.com,0,0
H001221,2026-01-17 14:09:16,divya.joshi22,EMP0022,PC-HR-022,wikipedia.org,0,0
H001222,2026-02-04 16:12:46,divya.joshi22,EMP0022,PC-HR-022,office365.com,0,0
H001223,2026-01-16 16:15:29,divya.joshi22,EMP0022,PC-HR-022,office365.com,0,0
H001224,2026-01-20 10:14:04,divya.joshi22,EMP0022,PC-HR-022,office365.com,0,0
H001225,2026-02-04 03:09:24,divya.joshi22,EMP0022,PC-HR-022,slack.com,0,0
H001226,2026-02-10 13:07:58,divya.joshi22,EMP0022,PC-HR-022,atlassian.net,0,0
H001227,2026-01-08 13:15:42,divya.joshi22,EMP0022,PC-HR-022,google.com,0,0
H001228,2026-01-27 00:05:01,divya.joshi22,EMP0022,PC-HR-022,atlassian.net,0,0
H001229,2026-01-30 18:50:05,divya.joshi22,EMP0022,PC-HR-022,wikipedia.org,0,0
H001230,2026-02-06 16:07:53,divya.joshi22,EMP0022,PC-HR-022,office365.com,0,0
H001231,2026-02-07 15:39:08,divya.joshi22,EMP0022,PC-HR-022,zoom.us,0,0
H001232,2026-01-25 19:43:38,divya.joshi22,EMP0022,PC-HR-022,github.com,0,0
H001233,2026-01-20 14:26:35,divya.joshi22,EMP0022,PC-HR-022,wikipedia.org,0,0
H001234,2026-02-12 15:18:04,divya.joshi22,EMP0022,PC-HR-022,company-intranet.local,0,0
H001235,2026-01-15 09:17:05,divya.joshi22,EMP0022,PC-HR-022,stackoverflow.com,0,0
H001236,2026-01-05 12:07:54,divya.joshi22,EMP0022,PC-HR-022,wikipedia.org,0,0
H001237,2026-02-10 07:00:21,divya.joshi22,EMP0022,PC-HR-022,office365.com,0,0
H001238,2026-02-14 14:10:20,divya.joshi22,EMP0022,PC-HR-022,office365.com,0,0
H001239,2026-01-29 16:42:00,divya.joshi22,EMP0022,PC-HR-022,atlassian.net,0,0
H001240,2026-01-20 11:32:23,divya.joshi22,EMP0022,PC-HR-022,slack.com,0,0
H001241,2026-01-01 13:17:50,divya.joshi22,EMP0022,PC-HR-022,company-intranet.local,0,0
H001242,2026-01-25 11:18:42,divya.joshi22,EMP0022,PC-HR-022,wikipedia.org,0,0
H001243,2026-01-30 12:04:01,divya.joshi22,EMP0022,PC-HR-022,stackoverflow.com,0,0
H001244,2026-01-07 09:51:22,divya.joshi22,EMP0022,PC-HR-022,slack.com,0,0
H001245,2026-01-18 09:08:48,divya.joshi22,EMP0022,PC-HR-022,github.com,0,0
H001246,2026-01-30 10:30:38,divya.joshi22,EMP0022,PC-HR-022,atlassian.net,0,0
H001247,2026-01-04 11:17:01,divya.joshi22,EMP0022,PC-HR-022,stackoverflow.com,0,0
H001248,2026-01-14 16:59:28,divya.joshi22,EMP0022,PC-HR-022,atlassian.net,0,0
H001249,2026-01-17 13:37:39,divya.joshi22,EMP0022,PC-HR-022,wikipedia.org,0,0
H001250,2026-01-29 00:14:15,divya.joshi22,EMP0022,PC-HR-022,google.com,0,0
H001251,2026-01-07 14:25:47,divya.joshi22,EMP0022,PC-HR-022,google.com,0,0
H001252,2026-01-19 07:52:40,divya.joshi22,EMP0022,PC-HR-022,slack.com,0,0
H001253,2026-01-20 06:53:24,divya.joshi22,EMP0022,PC-HR-022,company-intranet.local,0,0
H001254,2026-01-15 08:48:51,divya.joshi22,EMP0022,PC-HR-022,linkedin.com,0,0
H001255,2026-01-23 09:04:44,divya.joshi22,EMP0022,PC-HR-022,wikipedia.org,0,0
H001256,2026-01-03 10:59:25,divya.joshi22,EMP0022,PC-HR-022,stackoverflow.com,0,0
H001257,2026-01-06 14:02:05,divya.joshi22,EMP0022,PC-HR-022,company-intranet.local,0,0
H001258,2026-02-04 13:41:21,divya.joshi22,EMP0022,PC-HR-022,atlassian.net,0,0
H001259,2026-01-27 15:10:20,divya.joshi22,EMP0022,PC-HR-022,stackoverflow.com,0,0
H001260,2026-01-26 04:59:18,divya.joshi22,EMP0022,PC-HR-022,company-intranet.local,0,0
H001261,2026-01-04 09:18:33,divya.joshi22,EMP0022,PC-HR-022,slack.com,0,0
H001262,2026-01-30 13:56:35,divya.joshi22,EMP0022,PC-HR-022,slack.com,0,0
H001263,2026-02-10 13:52:33,divya.joshi22,EMP0022,PC-HR-022,google.com,0,0
H001264,2026-01-18 12:33:04,divya.joshi22,EMP0022,PC-HR-022,linkedin.com,0,0
H001265,2026-01-01 17:15:25,divya.joshi22,EMP0022,PC-HR-022,office365.com,0,0
H001266,2026-01-02 22:58:57,divya.joshi22,EMP0022,PC-HR-022,linkedin.com,0,0
H001267,2026-01-30 00:04:28,divya.joshi22,EMP0022,PC-HR-022,linkedin.com,0,0
H001268,2026-01-15 14:20:36,divya.joshi22,EMP0022,PC-HR-022,atlassian.net,0,0
H001269,2026-02-08 08:12:52,divya.joshi22,EMP0022,PC-HR-022,company-intranet.local,0,0
H001270,2026-01-29 12:07:59,divya.joshi22,EMP0022,PC-HR-022,office365.com,0,0
H001271,2026-01-29 07:45:48,divya.joshi22,EMP0022,PC-HR-022,slack.com,0,0
H001272,2026-01-04 23:17:39,divya.joshi22,EMP0022,PC-HR-022,company-intranet.local,0,0
H001273,2026-01-11 17:17:18,divya.joshi22,EMP0022,PC-HR-022,atlassian.net,0,0
H001274,2026-01-06 19:51:22,divya.joshi22,EMP0022,PC-HR-022,zoom.us,0,0
H001275,2026-02-07 11:17:14,divya.joshi22,EMP0022,PC-HR-022,stackoverflow.com,0,0
H001276,2026-01-15 14:33:19,divya.joshi22,EMP0022,PC-HR-022,google.com,0,0
H001277,2026-01-27 22:59:21,varun.saxena23,EMP0023,PC-LEG-023,zoom.us,0,0
H001278,2026-01-11 09:06:30,varun.saxena23,EMP0023,PC-LEG-023,company-intranet.local,0,0
H001279,2026-01-14 14:23:15,varun.saxena23,EMP0023,PC-LEG-023,company-intranet.local,0,0
H001280,2026-01-04 09:44:51,varun.saxena23,EMP0023,PC-LEG-023,google.com,0,0
H001281,2026-02-07 08:40:25,varun.saxena23,EMP0023,PC-LEG-023,zoom.us,0,0
H001282,2026-01-14 14:45:07,varun.saxena23,EMP0023,PC-LEG-023,google.com,0,0
H001283,2026-01-31 14:29:15,varun.saxena23,EMP0023,PC-LEG-023,office365.com,0,0
H001284,2026-01-30 08:36:55,varun.saxena23,EMP0023,PC-LEG-023,atlassian.net,0,0
H001285,2026-01-28 14:09:17,varun.saxena23,EMP0023,PC-LEG-023,wikipedia.org,0,0
H001286,2026-02-01 14:09:59,varun.saxena23,EMP0023,PC-LEG-023,stackoverflow.com,0,0
H001287,2026-02-05 16:54:33,varun.saxena23,EMP0023,PC-LEG-023,slack.com,0,0
H001288,2026-01-22 20:15:53,varun.saxena23,EMP0023,PC-LEG-023,google.com,0,0
H001289,2026-01-10 16:42:51,varun.saxena23,EMP0023,PC-LEG-023,slack.com,0,0
H001290,2026-02-05 11:05:16,varun.saxena23,EMP0023,PC-LEG-023,office365.com,0,0
H001291,2026-01-16 09:12:50,varun.saxena23,EMP0023,PC-LEG-023,office365.com,0,0
H001292,2026-01-31 17:24:28,varun.saxena23,EMP0023,PC-LEG-023,company-intranet.local,0,0
H001293,2026-01-28 00:23:35,varun.saxena23,EMP0023,PC-LEG-023,office365.com,0,0
H001294,2026-01-31 16:52:20,varun.saxena23,EMP0023,PC-LEG-023,linkedin.com,0,0
H001295,2026-02-08 07:56:45,varun.saxena23,EMP0023,PC-LEG-023,office365.com,0,0
H001296,2026-01-25 08:01:25,varun.saxena23,EMP0023,PC-LEG-023,google.com,0,0
H001297,2026-02-05 13:59:56,varun.saxena23,EMP0023,PC-LEG-023,zoom.us,0,0
H001298,2026-01-17 10:25:13,varun.saxena23,EMP0023,PC-LEG-023,google.com,0,0
H001299,2026-02-04 14:28:00,varun.saxena23,EMP0023,PC-LEG-023,office365.com,0,0
H001300,2026-01-19 14:40:41,varun.saxena23,EMP0023,PC-LEG-023,zoom.us,0,0
H001301,2026-01-24 12:54:55,varun.saxena23,EMP0023,PC-LEG-023,stackoverflow.com,0,0
H001302,2026-02-08 14:16:42,varun.saxena23,EMP0023,PC-LEG-023,github.com,0,0
H001303,2026-01-31 14:06:46,varun.saxena23,EMP0023,PC-LEG-023,wikipedia.org,0,0
H001304,2026-01-26 10:47:37,varun.saxena23,EMP0023,PC-LEG-023,github.com,0,0
H001305,2026-01-24 10:38:53,varun.saxena23,EMP0023,PC-LEG-023,company-intranet.local,0,0
H001306,2026-01-22 02:59:11,varun.saxena23,EMP0023,PC-LEG-023,slack.com,0,0
H001307,2026-01-04 00:42:05,varun.saxena23,EMP0023,PC-LEG-023,office365.com,0,0
H001308,2026-02-12 15:03:05,varun.saxena23,EMP0023,PC-LEG-023,zoom.us,0,0
H001309,2026-01-28 06:04:54,varun.saxena23,EMP0023,PC-LEG-023,google.com,0,0
H001310,2026-01-30 08:16:50,varun.saxena23,EMP0023,PC-LEG-023,atlassian.net,0,0
H001311,2026-02-09 13:05:08,varun.saxena23,EMP0023,PC-LEG-023,office365.com,0,0
H001312,2026-01-15 00:43:47,varun.saxena23,EMP0023,PC-LEG-023,wikipedia.org,0,0
H001313,2026-02-02 08:48:12,varun.saxena23,EMP0023,PC-LEG-023,wikipedia.org,0,0
H001314,2026-01-20 14:24:53,varun.saxena23,EMP0023,PC-LEG-023,google.com,0,0
H001315,2026-02-09 05:43:43,varun.saxena23,EMP0023,PC-LEG-023,wikipedia.org,0,0
H001316,2026-01-26 11:12:43,varun.saxena23,EMP0023,PC-LEG-023,stackoverflow.com,0,0
H001317,2026-01-05 06:42:16,varun.saxena23,EMP0023,PC-LEG-023,wikipedia.org,0,0
H001318,2026-01-08 12:56:29,varun.saxena23,EMP0023,PC-LEG-023,stackoverflow.com,0,0
H001319,2026-02-10 23:54:57,varun.saxena23,EMP0023,PC-LEG-023,zoom.us,0,0
H001320,2026-01-21 14:04:38,varun.saxena23,EMP0023,PC-LEG-023,github.com,0,0
H001321,2026-01-09 22:49:33,varun.saxena23,EMP0023,PC-LEG-023,wikipedia.org,0,0
H001322,2026-01-09 16:01:26,varun.saxena23,EMP0023,PC-LEG-023,stackoverflow.com,0,0
H001323,2026-01-06 12:25:52,varun.saxena23,EMP0023,PC-LEG-023,atlassian.net,0,0
H001324,2026-01-08 11:04:40,varun.saxena23,EMP0023,PC-LEG-023,stackoverflow.com,0,0
H001325,2026-01-02 08:26:16,varun.saxena23,EMP0023,PC-LEG-023,office365.com,0,0
H001326,2026-02-14 13:38:15,varun.saxena23,EMP0023,PC-LEG-023,slack.com,0,0
H001327,2026-02-02 08:58:40,varun.saxena23,EMP0023,PC-LEG-023,google.com,0,0
H001328,2026-02-07 06:54:29,varun.saxena23,EMP0023,PC-LEG-023,slack.com,0,0
H001329,2026-01-18 01:15:09,varun.saxena23,EMP0023,PC-LEG-023,stackoverflow.com,0,0
H001330,2026-02-06 14:45:36,varun.saxena23,EMP0023,PC-LEG-023,stackoverflow.com,0,0
H001331,2026-02-12 08:21:08,varun.saxena23,EMP0023,PC-LEG-023,wikipedia.org,0,0
H001332,2026-01-10 16:40:51,varun.saxena23,EMP0023,PC-LEG-023,slack.com,0,0
H001333,2026-01-30 17:11:24,varun.saxena23,EMP0023,PC-LEG-023,google.com,0,0
H001334,2026-01-16 11:16:38,varun.saxena23,EMP0023,PC-LEG-023,google.com,0,0
H001335,2026-02-06 10:55:10,varun.saxena23,EMP0023,PC-LEG-023,github.com,0,0
H001336,2026-01-21 08:39:26,varun.saxena23,EMP0023,PC-LEG-023,atlassian.net,0,0
H001337,2026-01-17 09:33:17,varun.saxena23,EMP0023,PC-LEG-023,stackoverflow.com,0,0
H001338,2026-02-10 11:45:46,varun.saxena23,EMP0023,PC-LEG-023,wikipedia.org,0,0
H001339,2026-01-28 12:55:56,varun.saxena23,EMP0023,PC-LEG-023,office365.com,0,0
H001340,2026-01-05 09:14:14,varun.saxena23,EMP0023,PC-LEG-023,company-intranet.local,0,0
H001341,2026-01-28 09:38:45,varun.saxena23,EMP0023,PC-LEG-023,wikipedia.org,0,0
H001342,2026-01-02 10:31:30,varun.saxena23,EMP0023,PC-LEG-023,office365.com,0,0
H001343,2026-01-22 09:22:38,varun.saxena23,EMP0023,PC-LEG-023,company-intranet.local,0,0
H001344,2026-02-10 17:44:56,varun.saxena23,EMP0023,PC-LEG-023,github.com,0,0
H001345,2026-01-31 12:59:39,varun.saxena23,EMP0023,PC-LEG-023,company-intranet.local,0,0
H001346,2026-01-11 17:36:06,varun.saxena23,EMP0023,PC-LEG-023,github.com,0,0
H001347,2026-01-02 14:17:24,varun.saxena23,EMP0023,PC-LEG-023,stackoverflow.com,0,0
H001348,2026-01-30 08:26:11,varun.saxena23,EMP0023,PC-LEG-023,slack.com,0,0
H001349,2026-01-26 14:13:09,varun.saxena23,EMP0023,PC-LEG-023,stackoverflow.com,0,0
H001350,2026-01-21 12:04:34,varun.saxena23,EMP0023,PC-LEG-023,company-intranet.local,0,0
H001351,2026-01-12 13:22:42,varun.saxena23,EMP0023,PC-LEG-023,google.com,0,0
H001352,2026-02-07 13:31:29,varun.saxena23,EMP0023,PC-LEG-023,stackoverflow.com,0,0
H001353,2026-01-30 20:50:36,farah.kapoor24,EMP0024,PC-SAL-024,stackoverflow.com,0,0
H001354,2026-02-08 16:31:54,farah.kapoor24,EMP0024,PC-SAL-024,google.com,0,0
H001355,2026-01-21 15:04:36,farah.kapoor24,EMP0024,PC-SAL-024,github.com,0,0
H001356,2026-01-17 14:17:43,farah.kapoor24,EMP0024,PC-SAL-024,office365.com,0,0
H001357,2026-01-05 06:43:13,farah.kapoor24,EMP0024,PC-SAL-024,slack.com,0,0
H001358,2026-01-30 01:45:33,farah.kapoor24,EMP0024,PC-SAL-024,slack.com,0,0
H001359,2026-01-10 19:25:41,farah.kapoor24,EMP0024,PC-SAL-024,linkedin.com,0,0
H001360,2026-01-28 07:10:23,farah.kapoor24,EMP0024,PC-SAL-024,wikipedia.org,0,0
H001361,2026-01-19 14:10:13,farah.kapoor24,EMP0024,PC-SAL-024,stackoverflow.com,0,0
H001362,2026-01-02 15:34:02,farah.kapoor24,EMP0024,PC-SAL-024,zoom.us,0,0
H001363,2026-01-26 19:02:47,farah.kapoor24,EMP0024,PC-SAL-024,wikipedia.org,0,0
H001364,2026-02-14 08:10:40,farah.kapoor24,EMP0024,PC-SAL-024,atlassian.net,0,0
H001365,2026-02-10 12:32:29,farah.kapoor24,EMP0024,PC-SAL-024,stackoverflow.com,0,0
H001366,2026-01-11 15:02:56,farah.kapoor24,EMP0024,PC-SAL-024,linkedin.com,0,0
H001367,2026-02-13 14:33:12,farah.kapoor24,EMP0024,PC-SAL-024,office365.com,0,0
H001368,2026-01-11 13:14:45,farah.kapoor24,EMP0024,PC-SAL-024,slack.com,0,0
H001369,2026-01-23 15:18:34,farah.kapoor24,EMP0024,PC-SAL-024,zoom.us,0,0
H001370,2026-01-10 08:30:08,farah.kapoor24,EMP0024,PC-SAL-024,company-intranet.local,0,0
H001371,2026-01-05 13:54:01,farah.kapoor24,EMP0024,PC-SAL-024,wikipedia.org,0,0
H001372,2026-01-19 08:30:16,farah.kapoor24,EMP0024,PC-SAL-024,office365.com,0,0
H001373,2026-01-28 14:10:31,farah.kapoor24,EMP0024,PC-SAL-024,google.com,0,0
H001374,2026-02-14 11:56:13,farah.kapoor24,EMP0024,PC-SAL-024,slack.com,0,0
H001375,2026-01-21 06:39:46,farah.kapoor24,EMP0024,PC-SAL-024,zoom.us,0,0
H001376,2026-01-23 10:43:45,farah.kapoor24,EMP0024,PC-SAL-024,company-intranet.local,0,0
H001377,2026-01-02 19:56:05,farah.kapoor24,EMP0024,PC-SAL-024,company-intranet.local,0,0
H001378,2026-02-02 07:19:44,farah.kapoor24,EMP0024,PC-SAL-024,wikipedia.org,0,0
H001379,2026-01-17 14:08:27,farah.kapoor24,EMP0024,PC-SAL-024,github.com,0,0
H001380,2026-01-14 14:00:13,farah.kapoor24,EMP0024,PC-SAL-024,slack.com,0,0
H001381,2026-01-01 23:08:08,farah.kapoor24,EMP0024,PC-SAL-024,stackoverflow.com,0,0
H001382,2026-01-21 04:47:41,farah.kapoor24,EMP0024,PC-SAL-024,wikipedia.org,0,0
H001383,2026-01-15 00:57:12,farah.kapoor24,EMP0024,PC-SAL-024,atlassian.net,0,0
H001384,2026-02-13 08:52:40,farah.kapoor24,EMP0024,PC-SAL-024,atlassian.net,0,0
H001385,2026-01-13 23:21:51,farah.kapoor24,EMP0024,PC-SAL-024,stackoverflow.com,0,0
H001386,2026-02-06 07:27:49,farah.kapoor24,EMP0024,PC-SAL-024,google.com,0,0
H001387,2026-01-10 16:35:01,farah.kapoor24,EMP0024,PC-SAL-024,google.com,0,0
H001388,2026-01-08 16:45:25,farah.kapoor24,EMP0024,PC-SAL-024,stackoverflow.com,0,0
H001389,2026-01-08 11:57:50,farah.kapoor24,EMP0024,PC-SAL-024,slack.com,0,0
H001390,2026-02-09 10:35:30,farah.kapoor24,EMP0024,PC-SAL-024,atlassian.net,0,0
H001391,2026-01-01 09:54:00,farah.kapoor24,EMP0024,PC-SAL-024,atlassian.net,0,0
H001392,2026-01-24 09:16:04,farah.kapoor24,EMP0024,PC-SAL-024,company-intranet.local,0,0
H001393,2026-01-25 07:25:16,farah.kapoor24,EMP0024,PC-SAL-024,google.com,0,0
H001394,2026-01-30 00:43:34,farah.kapoor24,EMP0024,PC-SAL-024,atlassian.net,0,0
H001395,2026-01-19 15:21:35,farah.kapoor24,EMP0024,PC-SAL-024,company-intranet.local,0,0
H001396,2026-01-07 10:41:06,farah.kapoor24,EMP0024,PC-SAL-024,linkedin.com,0,0
H001397,2026-01-27 09:37:26,farah.kapoor24,EMP0024,PC-SAL-024,github.com,0,0
H001398,2026-02-03 00:08:18,farah.kapoor24,EMP0024,PC-SAL-024,office365.com,0,0
H001399,2026-01-08 10:20:52,farah.kapoor24,EMP0024,PC-SAL-024,company-intranet.local,0,0
H001400,2026-02-11 13:51:26,farah.kapoor24,EMP0024,PC-SAL-024,google.com,0,0
H001401,2026-02-06 21:26:06,farah.kapoor24,EMP0024,PC-SAL-024,stackoverflow.com,0,0
H001402,2026-01-08 10:10:45,farah.kapoor24,EMP0024,PC-SAL-024,zoom.us,0,0
H001403,2026-01-24 08:15:44,farah.kapoor24,EMP0024,PC-SAL-024,github.com,0,0
H001404,2026-01-09 14:35:59,farah.kapoor24,EMP0024,PC-SAL-024,company-intranet.local,0,0
H001405,2026-01-21 12:35:12,farah.kapoor24,EMP0024,PC-SAL-024,linkedin.com,0,0
H001406,2026-02-11 11:19:15,farah.kapoor24,EMP0024,PC-SAL-024,zoom.us,0,0
H001407,2026-01-18 15:44:54,farah.kapoor24,EMP0024,PC-SAL-024,atlassian.net,0,0
H001408,2026-02-01 23:11:21,farah.kapoor24,EMP0024,PC-SAL-024,stackoverflow.com,0,0
H001409,2026-02-08 10:49:06,farah.kapoor24,EMP0024,PC-SAL-024,office365.com,0,0
H001410,2026-01-08 17:49:10,farah.kapoor24,EMP0024,PC-SAL-024,zoom.us,0,0
H001411,2026-01-21 12:27:53,farah.kapoor24,EMP0024,PC-SAL-024,github.com,0,0
H001412,2026-01-30 11:34:35,farah.kapoor24,EMP0024,PC-SAL-024,wikipedia.org,0,0
H001413,2026-01-12 10:14:05,farah.kapoor24,EMP0024,PC-SAL-024,linkedin.com,0,0
H001414,2026-01-18 12:01:15,farah.kapoor24,EMP0024,PC-SAL-024,company-intranet.local,0,0
H001415,2026-01-17 17:22:51,farah.kapoor24,EMP0024,PC-SAL-024,wikipedia.org,0,0
H001416,2026-02-02 00:48:37,farah.kapoor24,EMP0024,PC-SAL-024,linkedin.com,0,0
H001417,2026-01-08 16:27:04,farah.kapoor24,EMP0024,PC-SAL-024,atlassian.net,0,0
H001418,2026-01-09 08:57:14,farah.kapoor24,EMP0024,PC-SAL-024,zoom.us,0,0
H001419,2026-02-14 10:44:49,farah.kapoor24,EMP0024,PC-SAL-024,atlassian.net,0,0
H001420,2026-02-12 14:38:56,farah.kapoor24,EMP0024,PC-SAL-024,github.com,0,0
H001421,2026-01-03 10:50:22,farah.kapoor24,EMP0024,PC-SAL-024,google.com,0,0
H001422,2026-01-27 11:28:31,farah.kapoor24,EMP0024,PC-SAL-024,google.com,0,0
H001423,2026-02-08 22:05:06,farah.kapoor24,EMP0024,PC-SAL-024,stackoverflow.com,0,0
H001424,2026-01-29 22:51:35,farah.kapoor24,EMP0024,PC-SAL-024,stackoverflow.com,0,0
H001425,2026-01-02 14:48:21,farah.kapoor24,EMP0024,PC-SAL-024,linkedin.com,0,0
H001426,2026-01-27 20:28:55,farah.kapoor24,EMP0024,PC-SAL-024,atlassian.net,0,0
H001427,2026-01-21 15:43:06,farah.kapoor24,EMP0024,PC-SAL-024,office365.com,0,0
H001428,2026-01-25 00:36:57,farah.kapoor24,EMP0024,PC-SAL-024,zoom.us,0,0
H001429,2026-02-06 11:02:51,vikram.naidu25,EMP0025,PC-IT -025,office365.com,0,0
H001430,2026-01-23 14:10:11,vikram.naidu25,EMP0025,PC-IT -025,office365.com,0,0
H001431,2026-01-14 08:45:33,vikram.naidu25,EMP0025,PC-IT -025,google.com,0,0
H001432,2026-01-25 06:58:32,vikram.naidu25,EMP0025,PC-IT -025,stackoverflow.com,0,0
H001433,2026-01-18 11:43:47,vikram.naidu25,EMP0025,PC-IT -025,office365.com,0,0
H001434,2026-01-09 14:40:36,vikram.naidu25,EMP0025,PC-IT -025,wikipedia.org,0,0
H001435,2026-02-07 13:14:00,vikram.naidu25,EMP0025,PC-IT -025,linkedin.com,0,0
H001436,2026-01-18 10:06:47,vikram.naidu25,EMP0025,PC-IT -025,office365.com,0,0
H001437,2026-01-16 14:36:38,vikram.naidu25,EMP0025,PC-IT -025,linkedin.com,0,0
H001438,2026-02-06 16:54:38,vikram.naidu25,EMP0025,PC-IT -025,github.com,0,0
H001439,2026-01-30 07:58:59,vikram.naidu25,EMP0025,PC-IT -025,zoom.us,0,0
H001440,2026-02-14 10:03:58,vikram.naidu25,EMP0025,PC-IT -025,stackoverflow.com,0,0
H001441,2026-01-14 12:31:47,vikram.naidu25,EMP0025,PC-IT -025,wikipedia.org,0,0
H001442,2026-02-03 14:56:53,vikram.naidu25,EMP0025,PC-IT -025,github.com,0,0
H001443,2026-02-02 10:41:35,vikram.naidu25,EMP0025,PC-IT -025,google.com,0,0
H001444,2026-02-02 10:41:06,vikram.naidu25,EMP0025,PC-IT -025,wikipedia.org,0,0
H001445,2026-01-17 15:36:29,vikram.naidu25,EMP0025,PC-IT -025,slack.com,0,0
H001446,2026-02-14 09:45:58,vikram.naidu25,EMP0025,PC-IT -025,google.com,0,0
H001447,2026-01-01 14:30:15,vikram.naidu25,EMP0025,PC-IT -025,linkedin.com,0,0
H001448,2026-02-07 09:37:39,vikram.naidu25,EMP0025,PC-IT -025,atlassian.net,0,0
H001449,2026-01-18 09:43:57,vikram.naidu25,EMP0025,PC-IT -025,atlassian.net,0,0
H001450,2026-01-20 09:54:02,vikram.naidu25,EMP0025,PC-IT -025,linkedin.com,0,0
H001451,2026-01-26 13:53:10,vikram.naidu25,EMP0025,PC-IT -025,slack.com,0,0
H001452,2026-01-09 10:49:59,vikram.naidu25,EMP0025,PC-IT -025,zoom.us,0,0
H001453,2026-01-19 14:19:49,vikram.naidu25,EMP0025,PC-IT -025,linkedin.com,0,0
H001454,2026-01-23 23:06:44,vikram.naidu25,EMP0025,PC-IT -025,slack.com,0,0
H001455,2026-01-02 18:46:16,vikram.naidu25,EMP0025,PC-IT -025,stackoverflow.com,0,0
H001456,2026-01-22 13:58:32,vikram.naidu25,EMP0025,PC-IT -025,stackoverflow.com,0,0
H001457,2026-02-09 12:40:40,vikram.naidu25,EMP0025,PC-IT -025,google.com,0,0
H001458,2026-01-04 11:38:45,vikram.naidu25,EMP0025,PC-IT -025,google.com,0,0
H001459,2026-01-28 10:54:20,vikram.naidu25,EMP0025,PC-IT -025,linkedin.com,0,0
H001460,2026-02-02 15:59:43,vikram.naidu25,EMP0025,PC-IT -025,linkedin.com,0,0
H001461,2026-01-22 11:51:35,vikram.naidu25,EMP0025,PC-IT -025,office365.com,0,0
H001462,2026-01-25 11:19:52,vikram.naidu25,EMP0025,PC-IT -025,stackoverflow.com,0,0
H001463,2026-01-20 14:31:53,vikram.naidu25,EMP0025,PC-IT -025,stackoverflow.com,0,0
H001464,2026-01-04 23:41:42,vikram.naidu25,EMP0025,PC-IT -025,office365.com,0,0
H001465,2026-02-13 16:29:24,vikram.naidu25,EMP0025,PC-IT -025,office365.com,0,0
H001466,2026-02-13 13:12:20,vikram.naidu25,EMP0025,PC-IT -025,company-intranet.local,0,0
H001467,2026-02-11 13:31:32,vikram.naidu25,EMP0025,PC-IT -025,wikipedia.org,0,0
H001468,2026-01-14 10:10:09,vikram.naidu25,EMP0025,PC-IT -025,stackoverflow.com,0,0
H001469,2026-01-13 14:32:20,vikram.naidu25,EMP0025,PC-IT -025,atlassian.net,0,0
H001470,2026-01-01 09:12:26,vikram.naidu25,EMP0025,PC-IT -025,google.com,0,0
H001471,2026-02-07 13:08:35,vikram.naidu25,EMP0025,PC-IT -025,zoom.us,0,0
H001472,2026-02-13 15:46:11,vikram.naidu25,EMP0025,PC-IT -025,stackoverflow.com,0,0
H001473,2026-01-06 15:08:59,vikram.naidu25,EMP0025,PC-IT -025,slack.com,0,0
H001474,2026-01-21 08:29:15,vikram.naidu25,EMP0025,PC-IT -025,zoom.us,0,0
H001475,2026-02-14 14:21:51,vikram.naidu25,EMP0025,PC-IT -025,office365.com,0,0
H001476,2026-01-19 13:09:16,vikram.naidu25,EMP0025,PC-IT -025,google.com,0,0
H001477,2026-02-14 05:08:08,vikram.naidu25,EMP0025,PC-IT -025,stackoverflow.com,0,0
H001478,2026-01-18 11:04:18,vikram.naidu25,EMP0025,PC-IT -025,slack.com,0,0
H001479,2026-02-09 10:02:37,vikram.naidu25,EMP0025,PC-IT -025,stackoverflow.com,0,0
H001480,2026-01-23 09:22:44,vikram.naidu25,EMP0025,PC-IT -025,linkedin.com,0,0
H001481,2026-01-03 17:09:02,vikram.naidu25,EMP0025,PC-IT -025,company-intranet.local,0,0
H001482,2026-01-27 07:16:04,vikram.naidu25,EMP0025,PC-IT -025,stackoverflow.com,0,0
H001483,2026-01-27 21:16:59,vikram.naidu25,EMP0025,PC-IT -025,zoom.us,0,0
H001484,2026-02-06 09:30:51,vikram.naidu25,EMP0025,PC-IT -025,slack.com,0,0
H001485,2026-01-08 15:06:35,vikram.naidu25,EMP0025,PC-IT -025,google.com,0,0
H001486,2026-01-16 18:38:05,vikram.naidu25,EMP0025,PC-IT -025,github.com,0,0
H001487,2026-01-31 14:48:50,vikram.naidu25,EMP0025,PC-IT -025,company-intranet.local,0,0
H001488,2026-01-27 10:28:47,vikram.naidu25,EMP0025,PC-IT -025,slack.com,0,0
H001489,2026-01-07 17:10:55,vikram.naidu25,EMP0025,PC-IT -025,github.com,0,0
H001490,2026-02-04 14:41:45,vikram.naidu25,EMP0025,PC-IT -025,company-intranet.local,0,0
H001491,2026-01-24 10:18:26,vikram.naidu25,EMP0025,PC-IT -025,wikipedia.org,0,0
H001492,2026-01-23 00:59:16,swati.bose26,EMP0026,PC-IT -026,mega.nz,1,1
H001493,2026-01-24 18:37:21,swati.bose26,EMP0026,PC-IT -026,company-intranet.local,0,0
H001494,2026-01-09 08:21:27,swati.bose26,EMP0026,PC-IT -026,company-intranet.local,0,0
H001495,2026-02-01 15:38:51,swati.bose26,EMP0026,PC-IT -026,atlassian.net,0,0
H001496,2026-01-14 02:31:26,swati.bose26,EMP0026,PC-IT -026,competitor-jobsboard.com,1,1
H001497,2026-01-13 13:16:43,swati.bose26,EMP0026,PC-IT -026,slack.com,0,0
H001498,2026-01-03 02:44:47,swati.bose26,EMP0026,PC-IT -026,competitor-jobsboard.com,1,1
H001499,2026-01-16 10:42:52,swati.bose26,EMP0026,PC-IT -026,github.com,0,0
H001500,2026-01-28 13:11:43,swati.bose26,EMP0026,PC-IT -026,github.com,0,0
H001501,2026-01-10 23:23:21,swati.bose26,EMP0026,PC-IT -026,darkweb-mirror.onion.link,1,1
H001502,2026-01-02 11:38:02,swati.bose26,EMP0026,PC-IT -026,slack.com,0,0
H001503,2026-02-11 11:58:46,swati.bose26,EMP0026,PC-IT -026,office365.com,0,0
H001504,2026-01-22 08:03:13,swati.bose26,EMP0026,PC-IT -026,google.com,0,0
H001505,2026-01-14 13:29:27,swati.bose26,EMP0026,PC-IT -026,google.com,0,0
H001506,2026-01-31 17:24:11,swati.bose26,EMP0026,PC-IT -026,office365.com,0,0
H001507,2026-02-05 14:48:43,swati.bose26,EMP0026,PC-IT -026,stackoverflow.com,0,0
H001508,2026-02-07 16:04:47,swati.bose26,EMP0026,PC-IT -026,google.com,0,0
H001509,2026-01-11 10:41:39,swati.bose26,EMP0026,PC-IT -026,github.com,0,0
H001510,2026-01-08 05:14:01,swati.bose26,EMP0026,PC-IT -026,wetransfer.com,1,1
H001511,2026-01-06 22:02:55,swati.bose26,EMP0026,PC-IT -026,file-transfer-anon.net,1,1
H001512,2026-02-05 02:32:14,swati.bose26,EMP0026,PC-IT -026,darkweb-mirror.onion.link,1,1
H001513,2026-01-30 09:29:49,swati.bose26,EMP0026,PC-IT -026,company-intranet.local,0,0
H001514,2026-01-21 12:31:47,swati.bose26,EMP0026,PC-IT -026,wikipedia.org,0,0
H001515,2026-02-04 15:57:35,swati.bose26,EMP0026,PC-IT -026,github.com,0,0
H001516,2026-01-04 08:44:42,swati.bose26,EMP0026,PC-IT -026,wikipedia.org,0,0
H001517,2026-02-14 02:05:10,swati.bose26,EMP0026,PC-IT -026,slack.com,0,0
H001518,2026-02-06 17:16:26,swati.bose26,EMP0026,PC-IT -026,slack.com,0,0
H001519,2026-01-24 10:47:56,swati.bose26,EMP0026,PC-IT -026,atlassian.net,0,0
H001520,2026-02-01 16:26:52,swati.bose26,EMP0026,PC-IT -026,company-intranet.local,0,0
H001521,2026-02-11 16:16:28,swati.bose26,EMP0026,PC-IT -026,github.com,0,0
H001522,2026-02-14 17:21:11,swati.bose26,EMP0026,PC-IT -026,zoom.us,0,0
H001523,2026-01-30 23:44:16,swati.bose26,EMP0026,PC-IT -026,wetransfer.com,1,1
H001524,2026-02-01 12:00:28,swati.bose26,EMP0026,PC-IT -026,company-intranet.local,0,0
H001525,2026-02-14 09:20:30,swati.bose26,EMP0026,PC-IT -026,linkedin.com,0,0
H001526,2026-01-30 05:27:05,swati.bose26,EMP0026,PC-IT -026,github.com,0,0
H001527,2026-02-09 13:58:09,swati.bose26,EMP0026,PC-IT -026,wikipedia.org,0,0
H001528,2026-01-20 00:50:38,swati.bose26,EMP0026,PC-IT -026,pastebin.com,1,1
H001529,2026-02-02 08:25:43,swati.bose26,EMP0026,PC-IT -026,office365.com,0,0
H001530,2026-02-11 09:28:01,swati.bose26,EMP0026,PC-IT -026,company-intranet.local,0,0
H001531,2026-01-22 23:04:41,swati.bose26,EMP0026,PC-IT -026,dropbox-shared-link.info,1,1
H001532,2026-01-28 22:46:45,swati.bose26,EMP0026,PC-IT -026,wetransfer.com,1,1
H001533,2026-02-04 15:04:44,swati.bose26,EMP0026,PC-IT -026,slack.com,0,0
H001534,2026-01-25 11:55:36,swati.bose26,EMP0026,PC-IT -026,zoom.us,0,0
H001535,2026-02-10 23:37:33,swati.bose26,EMP0026,PC-IT -026,pastebin.com,1,1
H001536,2026-01-08 15:16:08,swati.bose26,EMP0026,PC-IT -026,wikipedia.org,0,0
H001537,2026-02-13 22:43:43,swati.bose26,EMP0026,PC-IT -026,atlassian.net,0,0
H001538,2026-01-06 15:05:36,swati.bose26,EMP0026,PC-IT -026,google.com,0,0
H001539,2026-01-06 12:16:35,swati.bose26,EMP0026,PC-IT -026,company-intranet.local,0,0
H001540,2026-02-03 18:07:30,swati.bose26,EMP0026,PC-IT -026,company-intranet.local,0,0
H001541,2026-02-14 14:25:31,swati.bose26,EMP0026,PC-IT -026,office365.com,0,0
H001542,2026-01-24 23:29:41,swati.bose26,EMP0026,PC-IT -026,file-transfer-anon.net,1,1
H001543,2026-01-04 09:18:14,swati.bose26,EMP0026,PC-IT -026,stackoverflow.com,0,0
H001544,2026-01-28 13:46:28,swati.bose26,EMP0026,PC-IT -026,google.com,0,0
H001545,2026-01-25 08:58:18,swati.bose26,EMP0026,PC-IT -026,slack.com,0,0
H001546,2026-01-06 10:04:05,swati.bose26,EMP0026,PC-IT -026,company-intranet.local,0,0
H001547,2026-02-06 05:30:03,swati.bose26,EMP0026,PC-IT -026,office365.com,0,0
H001548,2026-02-01 10:46:11,swati.bose26,EMP0026,PC-IT -026,company-intranet.local,0,0
H001549,2026-01-24 05:42:18,swati.bose26,EMP0026,PC-IT -026,dropbox-shared-link.info,1,1
H001550,2026-01-31 03:45:43,swati.bose26,EMP0026,PC-IT -026,dropbox-shared-link.info,1,1
H001551,2026-01-12 00:43:11,swati.bose26,EMP0026,PC-IT -026,dropbox-shared-link.info,1,1
H001552,2026-01-31 13:38:30,swati.bose26,EMP0026,PC-IT -026,atlassian.net,0,0
H001553,2026-02-11 14:42:55,swati.bose26,EMP0026,PC-IT -026,zoom.us,0,0
H001554,2026-02-10 22:20:38,swati.bose26,EMP0026,PC-IT -026,competitor-jobsboard.com,1,1
H001555,2026-01-29 09:48:10,swati.bose26,EMP0026,PC-IT -026,zoom.us,0,0
H001556,2026-01-10 14:39:48,swati.bose26,EMP0026,PC-IT -026,atlassian.net,0,0
H001557,2026-02-12 06:05:25,swati.bose26,EMP0026,PC-IT -026,atlassian.net,0,0
H001558,2026-01-08 14:28:18,swati.bose26,EMP0026,PC-IT -026,company-intranet.local,0,0
H001559,2026-02-13 07:57:12,swati.bose26,EMP0026,PC-IT -026,stackoverflow.com,0,0
H001560,2026-01-30 22:49:14,swati.bose26,EMP0026,PC-IT -026,linkedin.com,0,0
H001561,2026-01-28 10:36:49,swati.bose26,EMP0026,PC-IT -026,google.com,0,0
H001562,2026-01-29 07:43:57,swati.bose26,EMP0026,PC-IT -026,slack.com,0,0
H001563,2026-01-01 10:31:49,swati.bose26,EMP0026,PC-IT -026,office365.com,0,0
H001564,2026-01-30 14:51:23,swati.bose26,EMP0026,PC-IT -026,wikipedia.org,0,0
H001565,2026-01-20 10:32:05,swati.bose26,EMP0026,PC-IT -026,atlassian.net,0,0
H001566,2026-02-07 12:13:52,vikram.nair27,EMP0027,PC-IT -027,zoom.us,0,0
H001567,2026-02-02 09:02:43,vikram.nair27,EMP0027,PC-IT -027,zoom.us,0,0
H001568,2026-01-29 10:36:39,vikram.nair27,EMP0027,PC-IT -027,google.com,0,0
H001569,2026-02-05 08:23:48,vikram.nair27,EMP0027,PC-IT -027,stackoverflow.com,0,0
H001570,2026-01-21 23:47:37,vikram.nair27,EMP0027,PC-IT -027,file-transfer-anon.net,1,1
H001571,2026-01-07 07:03:58,vikram.nair27,EMP0027,PC-IT -027,wikipedia.org,0,0
H001572,2026-01-24 16:34:16,vikram.nair27,EMP0027,PC-IT -027,slack.com,0,0
H001573,2026-02-13 12:35:42,vikram.nair27,EMP0027,PC-IT -027,zoom.us,0,0
H001574,2026-02-08 02:04:15,vikram.nair27,EMP0027,PC-IT -027,mega.nz,1,1
H001575,2026-02-06 12:13:03,vikram.nair27,EMP0027,PC-IT -027,linkedin.com,0,0
H001576,2026-02-14 04:44:59,vikram.nair27,EMP0027,PC-IT -027,competitor-jobsboard.com,1,1
H001577,2026-02-04 00:56:09,vikram.nair27,EMP0027,PC-IT -027,pastebin.com,1,1
H001578,2026-02-12 09:22:39,vikram.nair27,EMP0027,PC-IT -027,linkedin.com,0,0
H001579,2026-02-12 00:54:21,vikram.nair27,EMP0027,PC-IT -027,atlassian.net,0,0
H001580,2026-02-04 16:33:55,vikram.nair27,EMP0027,PC-IT -027,linkedin.com,0,0
H001581,2026-02-05 14:09:04,vikram.nair27,EMP0027,PC-IT -027,atlassian.net,0,0
H001582,2026-01-31 09:46:34,vikram.nair27,EMP0027,PC-IT -027,atlassian.net,0,0
H001583,2026-01-29 00:11:37,vikram.nair27,EMP0027,PC-IT -027,stackoverflow.com,0,0
H001584,2026-01-30 11:35:58,vikram.nair27,EMP0027,PC-IT -027,atlassian.net,0,0
H001585,2026-02-13 15:11:05,vikram.nair27,EMP0027,PC-IT -027,atlassian.net,0,0
H001586,2026-01-28 02:31:21,vikram.nair27,EMP0027,PC-IT -027,dropbox-shared-link.info,1,1
H001587,2026-01-04 10:09:39,vikram.nair27,EMP0027,PC-IT -027,github.com,0,0
H001588,2026-01-28 18:27:39,vikram.nair27,EMP0027,PC-IT -027,wikipedia.org,0,0
H001589,2026-02-03 11:34:33,vikram.nair27,EMP0027,PC-IT -027,linkedin.com,0,0
H001590,2026-01-31 09:32:16,vikram.nair27,EMP0027,PC-IT -027,linkedin.com,0,0
H001591,2026-01-19 09:00:07,vikram.nair27,EMP0027,PC-IT -027,google.com,0,0
H001592,2026-01-09 13:44:13,vikram.nair27,EMP0027,PC-IT -027,slack.com,0,0
H001593,2026-01-01 19:27:11,vikram.nair27,EMP0027,PC-IT -027,linkedin.com,0,0
H001594,2026-01-22 06:44:37,vikram.nair27,EMP0027,PC-IT -027,stackoverflow.com,0,0
H001595,2026-01-17 09:38:01,vikram.nair27,EMP0027,PC-IT -027,office365.com,0,0
H001596,2026-01-10 16:33:18,vikram.nair27,EMP0027,PC-IT -027,atlassian.net,0,0
H001597,2026-01-31 11:50:42,vikram.nair27,EMP0027,PC-IT -027,zoom.us,0,0
H001598,2026-01-27 01:23:26,vikram.nair27,EMP0027,PC-IT -027,dropbox-shared-link.info,1,1
H001599,2026-01-26 02:44:58,vikram.nair27,EMP0027,PC-IT -027,pastebin.com,1,1
H001600,2026-01-04 15:01:42,vikram.nair27,EMP0027,PC-IT -027,slack.com,0,0
H001601,2026-01-22 12:55:20,vikram.nair27,EMP0027,PC-IT -027,stackoverflow.com,0,0
H001602,2026-01-07 08:08:28,vikram.nair27,EMP0027,PC-IT -027,atlassian.net,0,0
H001603,2026-01-16 03:53:28,vikram.nair27,EMP0027,PC-IT -027,darkweb-mirror.onion.link,1,1
H001604,2026-01-12 17:45:48,vikram.nair27,EMP0027,PC-IT -027,linkedin.com,0,0
H001605,2026-01-05 13:10:18,vikram.nair27,EMP0027,PC-IT -027,atlassian.net,0,0
H001606,2026-01-30 10:12:55,vikram.nair27,EMP0027,PC-IT -027,office365.com,0,0
H001607,2026-01-07 01:13:34,vikram.nair27,EMP0027,PC-IT -027,darkweb-mirror.onion.link,1,1
H001608,2026-01-01 16:35:57,vikram.nair27,EMP0027,PC-IT -027,linkedin.com,0,0
H001609,2026-02-04 05:25:26,vikram.nair27,EMP0027,PC-IT -027,office365.com,0,0
H001610,2026-01-21 09:39:55,vikram.nair27,EMP0027,PC-IT -027,wikipedia.org,0,0
H001611,2026-01-22 10:22:27,vikram.nair27,EMP0027,PC-IT -027,zoom.us,0,0
H001612,2026-01-19 00:10:40,vikram.nair27,EMP0027,PC-IT -027,competitor-jobsboard.com,1,1
H001613,2026-02-13 12:21:08,tanya.verma28,EMP0028,PC-R&D-028,office365.com,0,0
H001614,2026-01-11 17:33:45,tanya.verma28,EMP0028,PC-R&D-028,wikipedia.org,0,0
H001615,2026-01-25 11:02:58,tanya.verma28,EMP0028,PC-R&D-028,zoom.us,0,0
H001616,2026-02-09 09:37:59,tanya.verma28,EMP0028,PC-R&D-028,google.com,0,0
H001617,2026-02-03 15:11:34,tanya.verma28,EMP0028,PC-R&D-028,wikipedia.org,0,0
H001618,2026-01-11 23:53:34,tanya.verma28,EMP0028,PC-R&D-028,atlassian.net,0,0
H001619,2026-01-29 16:21:09,tanya.verma28,EMP0028,PC-R&D-028,company-intranet.local,0,0
H001620,2026-01-16 07:14:53,tanya.verma28,EMP0028,PC-R&D-028,github.com,0,0
H001621,2026-02-09 12:55:57,tanya.verma28,EMP0028,PC-R&D-028,linkedin.com,0,0
H001622,2026-01-06 15:48:55,tanya.verma28,EMP0028,PC-R&D-028,github.com,0,0
H001623,2026-01-14 15:58:01,tanya.verma28,EMP0028,PC-R&D-028,stackoverflow.com,0,0
H001624,2026-01-28 19:33:27,tanya.verma28,EMP0028,PC-R&D-028,atlassian.net,0,0
H001625,2026-01-09 15:59:55,tanya.verma28,EMP0028,PC-R&D-028,linkedin.com,0,0
H001626,2026-02-04 10:27:34,tanya.verma28,EMP0028,PC-R&D-028,zoom.us,0,0
H001627,2026-01-12 11:33:29,tanya.verma28,EMP0028,PC-R&D-028,slack.com,0,0
H001628,2026-01-02 14:09:00,tanya.verma28,EMP0028,PC-R&D-028,wikipedia.org,0,0
H001629,2026-01-31 11:14:53,tanya.verma28,EMP0028,PC-R&D-028,atlassian.net,0,0
H001630,2026-01-29 20:47:00,tanya.verma28,EMP0028,PC-R&D-028,slack.com,0,0
H001631,2026-01-12 14:14:52,tanya.verma28,EMP0028,PC-R&D-028,stackoverflow.com,0,0
H001632,2026-01-18 13:22:52,tanya.verma28,EMP0028,PC-R&D-028,zoom.us,0,0
H001633,2026-01-31 09:57:27,tanya.verma28,EMP0028,PC-R&D-028,github.com,0,0
H001634,2026-01-13 19:08:54,tanya.verma28,EMP0028,PC-R&D-028,linkedin.com,0,0
H001635,2026-02-01 13:49:02,tanya.verma28,EMP0028,PC-R&D-028,company-intranet.local,0,0
H001636,2026-01-17 10:21:33,tanya.verma28,EMP0028,PC-R&D-028,zoom.us,0,0
H001637,2026-02-07 11:03:08,tanya.verma28,EMP0028,PC-R&D-028,linkedin.com,0,0
H001638,2026-01-15 15:42:52,tanya.verma28,EMP0028,PC-R&D-028,github.com,0,0
H001639,2026-01-11 12:52:59,tanya.verma28,EMP0028,PC-R&D-028,linkedin.com,0,0
H001640,2026-01-02 09:10:50,tanya.verma28,EMP0028,PC-R&D-028,atlassian.net,0,0
H001641,2026-01-03 15:09:21,tanya.verma28,EMP0028,PC-R&D-028,zoom.us,0,0
H001642,2026-01-22 09:26:33,tanya.verma28,EMP0028,PC-R&D-028,google.com,0,0
H001643,2026-02-14 14:37:50,tanya.verma28,EMP0028,PC-R&D-028,linkedin.com,0,0
H001644,2026-01-30 14:18:06,tanya.verma28,EMP0028,PC-R&D-028,office365.com,0,0
H001645,2026-01-27 11:35:34,tanya.verma28,EMP0028,PC-R&D-028,office365.com,0,0
H001646,2026-01-24 15:26:40,tanya.verma28,EMP0028,PC-R&D-028,atlassian.net,0,0
H001647,2026-01-26 16:29:14,tanya.verma28,EMP0028,PC-R&D-028,wikipedia.org,0,0
H001648,2026-01-26 16:55:21,tanya.verma28,EMP0028,PC-R&D-028,slack.com,0,0
H001649,2026-02-08 01:17:32,tanya.verma28,EMP0028,PC-R&D-028,atlassian.net,0,0
H001650,2026-02-12 11:47:14,tanya.verma28,EMP0028,PC-R&D-028,stackoverflow.com,0,0
H001651,2026-01-12 14:39:54,tanya.verma28,EMP0028,PC-R&D-028,office365.com,0,0
H001652,2026-02-14 08:34:38,tanya.verma28,EMP0028,PC-R&D-028,zoom.us,0,0
H001653,2026-01-23 12:58:44,tanya.verma28,EMP0028,PC-R&D-028,linkedin.com,0,0
H001654,2026-01-02 01:54:27,tanya.verma28,EMP0028,PC-R&D-028,github.com,0,0
H001655,2026-01-16 14:16:20,tanya.verma28,EMP0028,PC-R&D-028,google.com,0,0
H001656,2026-02-07 14:17:10,tanya.verma28,EMP0028,PC-R&D-028,slack.com,0,0
H001657,2026-01-18 03:26:01,tanya.verma28,EMP0028,PC-R&D-028,wikipedia.org,0,0
H001658,2026-02-08 10:03:05,tanya.verma28,EMP0028,PC-R&D-028,github.com,0,0
H001659,2026-01-04 09:15:36,tanya.verma28,EMP0028,PC-R&D-028,wikipedia.org,0,0
H001660,2026-01-02 14:15:46,tanya.verma28,EMP0028,PC-R&D-028,wikipedia.org,0,0
H001661,2026-02-01 07:48:24,tanya.verma28,EMP0028,PC-R&D-028,github.com,0,0
H001662,2026-02-04 08:22:27,tanya.verma28,EMP0028,PC-R&D-028,wikipedia.org,0,0
H001663,2026-02-09 05:57:56,tanya.verma28,EMP0028,PC-R&D-028,wikipedia.org,0,0
H001664,2026-01-05 04:43:01,tanya.verma28,EMP0028,PC-R&D-028,office365.com,0,0
H001665,2026-01-24 15:13:29,tanya.verma28,EMP0028,PC-R&D-028,atlassian.net,0,0
H001666,2026-01-13 10:29:01,tanya.verma28,EMP0028,PC-R&D-028,github.com,0,0
H001667,2026-02-10 14:31:10,tanya.verma28,EMP0028,PC-R&D-028,wikipedia.org,0,0
H001668,2026-01-30 06:20:59,tanya.verma28,EMP0028,PC-R&D-028,slack.com,0,0
H001669,2026-01-24 13:42:39,tanya.verma28,EMP0028,PC-R&D-028,zoom.us,0,0
H001670,2026-01-30 14:37:42,tanya.verma28,EMP0028,PC-R&D-028,atlassian.net,0,0
H001671,2026-01-23 19:21:36,tanya.verma28,EMP0028,PC-R&D-028,zoom.us,0,0
H001672,2026-02-09 13:23:01,tanya.verma28,EMP0028,PC-R&D-028,zoom.us,0,0
H001673,2026-01-21 17:15:44,tanya.verma28,EMP0028,PC-R&D-028,slack.com,0,0
H001674,2026-01-09 13:40:05,tanya.verma28,EMP0028,PC-R&D-028,linkedin.com,0,0
H001675,2026-01-08 09:23:56,tanya.verma28,EMP0028,PC-R&D-028,atlassian.net,0,0
H001676,2026-01-05 12:39:22,tanya.verma28,EMP0028,PC-R&D-028,github.com,0,0
H001677,2026-02-14 09:47:54,tanya.verma28,EMP0028,PC-R&D-028,zoom.us,0,0
H001678,2026-01-04 18:57:42,deepak.bose29,EMP0029,PC-IT -029,wikipedia.org,0,0
H001679,2026-02-11 21:10:49,deepak.bose29,EMP0029,PC-IT -029,office365.com,0,0
H001680,2026-01-26 14:06:55,deepak.bose29,EMP0029,PC-IT -029,office365.com,0,0
H001681,2026-02-09 13:11:05,deepak.bose29,EMP0029,PC-IT -029,atlassian.net,0,0
H001682,2026-01-24 12:45:18,deepak.bose29,EMP0029,PC-IT -029,zoom.us,0,0
H001683,2026-01-10 06:13:02,deepak.bose29,EMP0029,PC-IT -029,github.com,0,0
H001684,2026-01-31 13:48:39,deepak.bose29,EMP0029,PC-IT -029,atlassian.net,0,0
H001685,2026-01-30 08:32:46,deepak.bose29,EMP0029,PC-IT -029,wikipedia.org,0,0
H001686,2026-01-10 09:03:12,deepak.bose29,EMP0029,PC-IT -029,zoom.us,0,0
H001687,2026-02-13 16:11:46,deepak.bose29,EMP0029,PC-IT -029,office365.com,0,0
H001688,2026-01-11 14:18:56,deepak.bose29,EMP0029,PC-IT -029,atlassian.net,0,0
H001689,2026-01-01 14:11:37,deepak.bose29,EMP0029,PC-IT -029,stackoverflow.com,0,0
H001690,2026-01-28 09:41:53,deepak.bose29,EMP0029,PC-IT -029,company-intranet.local,0,0
H001691,2026-02-06 09:11:51,deepak.bose29,EMP0029,PC-IT -029,office365.com,0,0
H001692,2026-02-05 17:23:45,deepak.bose29,EMP0029,PC-IT -029,github.com,0,0
H001693,2026-01-23 11:20:37,deepak.bose29,EMP0029,PC-IT -029,google.com,0,0
H001694,2026-01-04 14:18:59,deepak.bose29,EMP0029,PC-IT -029,linkedin.com,0,0
H001695,2026-02-08 17:05:08,deepak.bose29,EMP0029,PC-IT -029,stackoverflow.com,0,0
H001696,2026-01-10 10:26:00,deepak.bose29,EMP0029,PC-IT -029,office365.com,0,0
H001697,2026-02-05 17:05:50,deepak.bose29,EMP0029,PC-IT -029,office365.com,0,0
H001698,2026-01-14 15:47:46,deepak.bose29,EMP0029,PC-IT -029,stackoverflow.com,0,0
H001699,2026-01-17 15:45:23,deepak.bose29,EMP0029,PC-IT -029,linkedin.com,0,0
H001700,2026-01-05 08:38:49,deepak.bose29,EMP0029,PC-IT -029,google.com,0,0
H001701,2026-01-28 14:57:29,deepak.bose29,EMP0029,PC-IT -029,slack.com,0,0
H001702,2026-02-04 11:11:31,deepak.bose29,EMP0029,PC-IT -029,stackoverflow.com,0,0
H001703,2026-01-19 15:07:49,deepak.bose29,EMP0029,PC-IT -029,office365.com,0,0
H001704,2026-01-10 02:10:39,deepak.bose29,EMP0029,PC-IT -029,office365.com,0,0
H001705,2026-02-14 14:32:05,deepak.bose29,EMP0029,PC-IT -029,stackoverflow.com,0,0
H001706,2026-01-03 07:37:54,deepak.bose29,EMP0029,PC-IT -029,atlassian.net,0,0
H001707,2026-02-05 03:39:33,deepak.bose29,EMP0029,PC-IT -029,google.com,0,0
H001708,2026-01-04 12:41:33,deepak.bose29,EMP0029,PC-IT -029,office365.com,0,0
H001709,2026-02-07 10:26:19,deepak.bose29,EMP0029,PC-IT -029,zoom.us,0,0
H001710,2026-01-11 08:52:36,deepak.bose29,EMP0029,PC-IT -029,office365.com,0,0
H001711,2026-02-13 13:37:02,deepak.bose29,EMP0029,PC-IT -029,wikipedia.org,0,0
H001712,2026-01-10 06:13:12,deepak.bose29,EMP0029,PC-IT -029,zoom.us,0,0
H001713,2026-01-26 20:46:52,deepak.bose29,EMP0029,PC-IT -029,stackoverflow.com,0,0
H001714,2026-01-07 11:09:14,deepak.bose29,EMP0029,PC-IT -029,slack.com,0,0
H001715,2026-02-10 10:03:19,deepak.bose29,EMP0029,PC-IT -029,office365.com,0,0
H001716,2026-01-31 07:54:41,deepak.bose29,EMP0029,PC-IT -029,stackoverflow.com,0,0
H001717,2026-02-05 17:05:39,pooja.bhatt30,EMP0030,PC-SAL-030,office365.com,0,0
H001718,2026-02-02 15:30:18,pooja.bhatt30,EMP0030,PC-SAL-030,company-intranet.local,0,0
H001719,2026-01-21 15:01:07,pooja.bhatt30,EMP0030,PC-SAL-030,stackoverflow.com,0,0
H001720,2026-01-14 15:01:48,pooja.bhatt30,EMP0030,PC-SAL-030,stackoverflow.com,0,0
H001721,2026-01-18 19:16:37,pooja.bhatt30,EMP0030,PC-SAL-030,zoom.us,0,0
H001722,2026-01-28 02:31:04,pooja.bhatt30,EMP0030,PC-SAL-030,atlassian.net,0,0
H001723,2026-02-03 11:25:22,pooja.bhatt30,EMP0030,PC-SAL-030,company-intranet.local,0,0
H001724,2026-02-01 11:48:45,pooja.bhatt30,EMP0030,PC-SAL-030,github.com,0,0
H001725,2026-01-23 14:41:29,pooja.bhatt30,EMP0030,PC-SAL-030,github.com,0,0
H001726,2026-01-15 07:24:48,pooja.bhatt30,EMP0030,PC-SAL-030,stackoverflow.com,0,0
H001727,2026-01-08 10:53:12,pooja.bhatt30,EMP0030,PC-SAL-030,linkedin.com,0,0
H001728,2026-02-11 12:04:05,pooja.bhatt30,EMP0030,PC-SAL-030,company-intranet.local,0,0
H001729,2026-01-21 15:44:48,pooja.bhatt30,EMP0030,PC-SAL-030,linkedin.com,0,0
H001730,2026-01-02 19:48:54,pooja.bhatt30,EMP0030,PC-SAL-030,google.com,0,0
H001731,2026-02-09 10:49:13,pooja.bhatt30,EMP0030,PC-SAL-030,company-intranet.local,0,0
H001732,2026-01-28 10:29:01,pooja.bhatt30,EMP0030,PC-SAL-030,company-intranet.local,0,0
H001733,2026-01-23 13:17:25,pooja.bhatt30,EMP0030,PC-SAL-030,google.com,0,0
H001734,2026-01-26 10:38:15,pooja.bhatt30,EMP0030,PC-SAL-030,github.com,0,0
H001735,2026-01-16 08:29:03,pooja.bhatt30,EMP0030,PC-SAL-030,company-intranet.local,0,0
H001736,2026-02-01 07:43:20,pooja.bhatt30,EMP0030,PC-SAL-030,wikipedia.org,0,0
H001737,2026-01-01 15:37:31,pooja.bhatt30,EMP0030,PC-SAL-030,office365.com,0,0
H001738,2026-01-18 14:35:26,pooja.bhatt30,EMP0030,PC-SAL-030,stackoverflow.com,0,0
H001739,2026-01-16 08:19:13,pooja.bhatt30,EMP0030,PC-SAL-030,company-intranet.local,0,0
H001740,2026-01-26 10:34:49,pooja.bhatt30,EMP0030,PC-SAL-030,linkedin.com,0,0
H001741,2026-01-19 09:44:34,pooja.bhatt30,EMP0030,PC-SAL-030,wikipedia.org,0,0
H001742,2026-02-05 08:56:41,pooja.bhatt30,EMP0030,PC-SAL-030,github.com,0,0
H001743,2026-01-16 11:38:46,pooja.bhatt30,EMP0030,PC-SAL-030,company-intranet.local,0,0
H001744,2026-02-06 12:09:33,pooja.bhatt30,EMP0030,PC-SAL-030,zoom.us,0,0
H001745,2026-02-04 16:09:43,pooja.bhatt30,EMP0030,PC-SAL-030,zoom.us,0,0
H001746,2026-02-05 19:47:17,pooja.bhatt30,EMP0030,PC-SAL-030,zoom.us,0,0
H001747,2026-01-21 23:07:13,pooja.bhatt30,EMP0030,PC-SAL-030,google.com,0,0
H001748,2026-01-08 17:26:50,pooja.bhatt30,EMP0030,PC-SAL-030,company-intranet.local,0,0
H001749,2026-01-14 17:33:55,pooja.bhatt30,EMP0030,PC-SAL-030,github.com,0,0
H001750,2026-01-16 11:34:35,pooja.bhatt30,EMP0030,PC-SAL-030,stackoverflow.com,0,0
H001751,2026-02-05 14:12:25,pooja.bhatt30,EMP0030,PC-SAL-030,google.com,0,0
H001752,2026-02-10 08:15:34,pooja.bhatt30,EMP0030,PC-SAL-030,company-intranet.local,0,0
H001753,2026-01-03 09:15:26,pooja.bhatt30,EMP0030,PC-SAL-030,atlassian.net,0,0
H001754,2026-01-29 10:19:26,pooja.bhatt30,EMP0030,PC-SAL-030,slack.com,0,0
H001755,2026-01-18 12:47:30,pooja.bhatt30,EMP0030,PC-SAL-030,atlassian.net,0,0
H001756,2026-01-07 10:31:49,pooja.bhatt30,EMP0030,PC-SAL-030,office365.com,0,0
H001757,2026-01-09 04:14:06,pooja.bhatt30,EMP0030,PC-SAL-030,linkedin.com,0,0
H001758,2026-01-22 10:10:36,pooja.bhatt30,EMP0030,PC-SAL-030,linkedin.com,0,0
H001759,2026-01-31 10:07:16,pooja.bhatt30,EMP0030,PC-SAL-030,zoom.us,0,0
H001760,2026-02-02 09:32:06,pooja.bhatt30,EMP0030,PC-SAL-030,office365.com,0,0
H001761,2026-01-18 09:05:23,pooja.bhatt30,EMP0030,PC-SAL-030,linkedin.com,0,0
H001762,2026-01-12 12:45:19,pooja.bhatt30,EMP0030,PC-SAL-030,stackoverflow.com,0,0
H001763,2026-02-14 10:04:04,pooja.bhatt30,EMP0030,PC-SAL-030,slack.com,0,0
H001764,2026-02-04 10:06:19,pooja.bhatt30,EMP0030,PC-SAL-030,slack.com,0,0
H001765,2026-01-02 16:56:24,pooja.bhatt30,EMP0030,PC-SAL-030,office365.com,0,0
H001766,2026-01-06 12:10:25,pooja.bhatt30,EMP0030,PC-SAL-030,company-intranet.local,0,0
H001767,2026-01-22 10:45:40,pooja.bhatt30,EMP0030,PC-SAL-030,atlassian.net,0,0
H001768,2026-01-25 20:58:16,pooja.bhatt30,EMP0030,PC-SAL-030,github.com,0,0
H001769,2026-01-26 12:15:24,pooja.bhatt30,EMP0030,PC-SAL-030,wikipedia.org,0,0
H001770,2026-01-17 17:49:54,pooja.bhatt30,EMP0030,PC-SAL-030,stackoverflow.com,0,0
H001771,2026-02-01 11:17:51,pooja.bhatt30,EMP0030,PC-SAL-030,company-intranet.local,0,0
H001772,2026-01-13 09:51:43,pooja.bhatt30,EMP0030,PC-SAL-030,atlassian.net,0,0
H001773,2026-02-10 14:17:21,pooja.bhatt30,EMP0030,PC-SAL-030,google.com,0,0
H001774,2026-01-23 14:50:27,pooja.bhatt30,EMP0030,PC-SAL-030,company-intranet.local,0,0
H001775,2026-01-01 09:00:54,pooja.bhatt30,EMP0030,PC-SAL-030,office365.com,0,0
H001776,2026-01-06 13:26:41,pooja.bhatt30,EMP0030,PC-SAL-030,github.com,0,0
H001777,2026-01-10 12:09:14,pooja.bhatt30,EMP0030,PC-SAL-030,wikipedia.org,0,0
H001778,2026-01-25 15:30:58,pooja.bhatt30,EMP0030,PC-SAL-030,atlassian.net,0,0
H001779,2026-02-13 07:06:41,pooja.bhatt30,EMP0030,PC-SAL-030,linkedin.com,0,0
H001780,2026-01-14 10:33:14,pooja.bhatt30,EMP0030,PC-SAL-030,wikipedia.org,0,0
H001781,2026-01-24 14:55:03,pooja.bhatt30,EMP0030,PC-SAL-030,google.com,0,0
H001782,2026-01-21 16:40:28,pooja.bhatt30,EMP0030,PC-SAL-030,company-intranet.local,0,0
H001783,2026-02-07 08:01:49,pooja.bhatt30,EMP0030,PC-SAL-030,google.com,0,0
H001784,2026-02-06 07:43:58,pooja.bhatt30,EMP0030,PC-SAL-030,zoom.us,0,0
H001785,2026-01-03 12:04:12,pooja.bhatt30,EMP0030,PC-SAL-030,slack.com,0,0
H001786,2026-02-14 15:54:57,pooja.bhatt30,EMP0030,PC-SAL-030,company-intranet.local,0,0
H001787,2026-01-16 09:33:40,pooja.bhatt30,EMP0030,PC-SAL-030,atlassian.net,0,0
H001788,2026-02-05 09:55:47,pooja.bhatt30,EMP0030,PC-SAL-030,linkedin.com,0,0
H001789,2026-01-30 03:44:26,pooja.bhatt30,EMP0030,PC-SAL-030,github.com,0,0
H001790,2026-02-01 18:21:45,pooja.bhatt30,EMP0030,PC-SAL-030,google.com,0,0
H001791,2026-01-08 08:22:16,rajesh.sharma31,EMP0031,PC-LEG-031,atlassian.net,0,0
H001792,2026-02-09 11:21:18,rajesh.sharma31,EMP0031,PC-LEG-031,github.com,0,0
H001793,2026-01-06 15:30:53,rajesh.sharma31,EMP0031,PC-LEG-031,zoom.us,0,0
H001794,2026-01-28 05:10:32,rajesh.sharma31,EMP0031,PC-LEG-031,file-transfer-anon.net,1,1
H001795,2026-01-01 01:41:28,rajesh.sharma31,EMP0031,PC-LEG-031,pastebin.com,1,1
H001796,2026-01-18 13:50:18,rajesh.sharma31,EMP0031,PC-LEG-031,zoom.us,0,0
H001797,2026-02-07 05:43:07,rajesh.sharma31,EMP0031,PC-LEG-031,competitor-jobsboard.com,1,1
H001798,2026-01-27 12:52:10,rajesh.sharma31,EMP0031,PC-LEG-031,slack.com,0,0
H001799,2026-01-18 12:31:45,rajesh.sharma31,EMP0031,PC-LEG-031,office365.com,0,0
H001800,2026-02-13 16:03:05,rajesh.sharma31,EMP0031,PC-LEG-031,linkedin.com,0,0
H001801,2026-01-01 20:06:08,rajesh.sharma31,EMP0031,PC-LEG-031,google.com,0,0
H001802,2026-01-19 10:25:04,rajesh.sharma31,EMP0031,PC-LEG-031,stackoverflow.com,0,0
H001803,2026-01-03 16:49:36,rajesh.sharma31,EMP0031,PC-LEG-031,atlassian.net,0,0
H001804,2026-02-05 14:54:18,rajesh.sharma31,EMP0031,PC-LEG-031,github.com,0,0
H001805,2026-02-10 13:56:51,rajesh.sharma31,EMP0031,PC-LEG-031,stackoverflow.com,0,0
H001806,2026-01-21 15:50:56,rajesh.sharma31,EMP0031,PC-LEG-031,wikipedia.org,0,0
H001807,2026-01-13 11:43:34,rajesh.sharma31,EMP0031,PC-LEG-031,linkedin.com,0,0
H001808,2026-01-23 14:36:35,rajesh.sharma31,EMP0031,PC-LEG-031,office365.com,0,0
H001809,2026-02-12 02:26:56,rajesh.sharma31,EMP0031,PC-LEG-031,mega.nz,1,1
H001810,2026-01-25 11:45:30,rajesh.sharma31,EMP0031,PC-LEG-031,office365.com,0,0
H001811,2026-01-06 12:56:46,rajesh.sharma31,EMP0031,PC-LEG-031,office365.com,0,0
H001812,2026-02-03 19:02:43,rajesh.sharma31,EMP0031,PC-LEG-031,wikipedia.org,0,0
H001813,2026-02-08 18:59:00,rajesh.sharma31,EMP0031,PC-LEG-031,linkedin.com,0,0
H001814,2026-02-06 22:07:04,rajesh.sharma31,EMP0031,PC-LEG-031,mega.nz,1,1
H001815,2026-01-26 10:41:05,rajesh.sharma31,EMP0031,PC-LEG-031,office365.com,0,0
H001816,2026-02-07 09:48:36,rajesh.sharma31,EMP0031,PC-LEG-031,linkedin.com,0,0
H001817,2026-01-24 08:49:19,rajesh.sharma31,EMP0031,PC-LEG-031,linkedin.com,0,0
H001818,2026-01-14 15:42:33,rajesh.sharma31,EMP0031,PC-LEG-031,wikipedia.org,0,0
H001819,2026-02-11 20:11:15,rajesh.sharma31,EMP0031,PC-LEG-031,linkedin.com,0,0
H001820,2026-02-12 09:43:53,rajesh.sharma31,EMP0031,PC-LEG-031,linkedin.com,0,0
H001821,2026-01-30 23:35:35,rajesh.sharma31,EMP0031,PC-LEG-031,file-transfer-anon.net,1,1
H001822,2026-02-10 03:11:21,rajesh.sharma31,EMP0031,PC-LEG-031,file-transfer-anon.net,1,1
H001823,2026-01-11 00:35:10,rajesh.sharma31,EMP0031,PC-LEG-031,competitor-jobsboard.com,1,1
H001824,2026-01-11 13:37:03,rajesh.sharma31,EMP0031,PC-LEG-031,google.com,0,0
H001825,2026-01-27 11:01:09,rajesh.sharma31,EMP0031,PC-LEG-031,wikipedia.org,0,0
H001826,2026-01-28 14:13:35,rajesh.sharma31,EMP0031,PC-LEG-031,stackoverflow.com,0,0
H001827,2026-02-06 10:04:26,rajesh.sharma31,EMP0031,PC-LEG-031,atlassian.net,0,0
H001828,2026-01-26 14:08:06,rajesh.sharma31,EMP0031,PC-LEG-031,company-intranet.local,0,0
H001829,2026-01-01 23:00:53,rajesh.sharma31,EMP0031,PC-LEG-031,competitor-jobsboard.com,1,1
H001830,2026-02-07 02:02:51,rajesh.sharma31,EMP0031,PC-LEG-031,stackoverflow.com,0,0
H001831,2026-02-01 06:40:32,rajesh.sharma31,EMP0031,PC-LEG-031,slack.com,0,0
H001832,2026-01-28 18:14:10,rajesh.sharma31,EMP0031,PC-LEG-031,company-intranet.local,0,0
H001833,2026-02-01 15:45:02,rajesh.sharma31,EMP0031,PC-LEG-031,google.com,0,0
H001834,2026-02-02 04:38:09,rajesh.sharma31,EMP0031,PC-LEG-031,darkweb-mirror.onion.link,1,1
H001835,2026-02-14 12:19:34,rajesh.sharma31,EMP0031,PC-LEG-031,linkedin.com,0,0
H001836,2026-01-27 08:26:22,rajesh.sharma31,EMP0031,PC-LEG-031,company-intranet.local,0,0
H001837,2026-01-31 14:17:51,rajesh.sharma31,EMP0031,PC-LEG-031,zoom.us,0,0
H001838,2026-01-26 08:30:25,rajesh.sharma31,EMP0031,PC-LEG-031,zoom.us,0,0
H001839,2026-02-13 15:32:10,rajesh.sharma31,EMP0031,PC-LEG-031,wikipedia.org,0,0
H001840,2026-01-07 13:31:30,rajesh.sharma31,EMP0031,PC-LEG-031,google.com,0,0
H001841,2026-01-23 00:12:19,rajesh.sharma31,EMP0031,PC-LEG-031,mega.nz,1,1
H001842,2026-01-09 06:27:11,isha.naidu32,EMP0032,PC-R&D-032,slack.com,0,0
H001843,2026-02-09 09:13:08,isha.naidu32,EMP0032,PC-R&D-032,slack.com,0,0
H001844,2026-02-12 09:10:59,isha.naidu32,EMP0032,PC-R&D-032,zoom.us,0,0
H001845,2026-01-29 00:39:58,isha.naidu32,EMP0032,PC-R&D-032,darkweb-mirror.onion.link,1,1
H001846,2026-01-03 11:49:52,isha.naidu32,EMP0032,PC-R&D-032,atlassian.net,0,0
H001847,2026-01-03 09:05:27,isha.naidu32,EMP0032,PC-R&D-032,wikipedia.org,0,0
H001848,2026-01-22 02:17:29,isha.naidu32,EMP0032,PC-R&D-032,wetransfer.com,1,1
H001849,2026-01-31 07:45:35,isha.naidu32,EMP0032,PC-R&D-032,stackoverflow.com,0,0
H001850,2026-01-31 13:01:03,isha.naidu32,EMP0032,PC-R&D-032,zoom.us,0,0
H001851,2026-01-14 17:26:38,isha.naidu32,EMP0032,PC-R&D-032,stackoverflow.com,0,0
H001852,2026-01-13 22:14:13,isha.naidu32,EMP0032,PC-R&D-032,mega.nz,1,1
H001853,2026-01-09 05:44:25,isha.naidu32,EMP0032,PC-R&D-032,pastebin.com,1,1
H001854,2026-02-03 02:57:50,isha.naidu32,EMP0032,PC-R&D-032,competitor-jobsboard.com,1,1
H001855,2026-01-15 08:21:48,isha.naidu32,EMP0032,PC-R&D-032,google.com,0,0
H001856,2026-01-14 03:51:14,isha.naidu32,EMP0032,PC-R&D-032,darkweb-mirror.onion.link,1,1
H001857,2026-01-31 14:45:56,isha.naidu32,EMP0032,PC-R&D-032,company-intranet.local,0,0
H001858,2026-01-01 13:09:41,isha.naidu32,EMP0032,PC-R&D-032,stackoverflow.com,0,0
H001859,2026-01-17 03:47:28,isha.naidu32,EMP0032,PC-R&D-032,company-intranet.local,0,0
H001860,2026-01-18 03:56:48,isha.naidu32,EMP0032,PC-R&D-032,pastebin.com,1,1
H001861,2026-02-13 03:34:17,isha.naidu32,EMP0032,PC-R&D-032,mega.nz,1,1
H001862,2026-01-26 20:08:23,isha.naidu32,EMP0032,PC-R&D-032,linkedin.com,0,0
H001863,2026-02-05 01:29:14,isha.naidu32,EMP0032,PC-R&D-032,linkedin.com,0,0
H001864,2026-01-07 15:41:40,isha.naidu32,EMP0032,PC-R&D-032,zoom.us,0,0
H001865,2026-02-13 11:26:36,isha.naidu32,EMP0032,PC-R&D-032,slack.com,0,0
H001866,2026-02-04 22:18:23,isha.naidu32,EMP0032,PC-R&D-032,competitor-jobsboard.com,1,1
H001867,2026-01-23 14:44:09,isha.naidu32,EMP0032,PC-R&D-032,office365.com,0,0
H001868,2026-01-24 14:50:14,isha.naidu32,EMP0032,PC-R&D-032,linkedin.com,0,0
H001869,2026-02-09 11:01:20,isha.naidu32,EMP0032,PC-R&D-032,stackoverflow.com,0,0
H001870,2026-01-10 11:41:38,isha.naidu32,EMP0032,PC-R&D-032,slack.com,0,0
H001871,2026-02-03 13:16:46,isha.naidu32,EMP0032,PC-R&D-032,github.com,0,0
H001872,2026-02-03 08:51:36,isha.naidu32,EMP0032,PC-R&D-032,company-intranet.local,0,0
H001873,2026-01-15 13:38:29,isha.naidu32,EMP0032,PC-R&D-032,wikipedia.org,0,0
H001874,2026-01-14 07:23:01,isha.naidu32,EMP0032,PC-R&D-032,stackoverflow.com,0,0
H001875,2026-01-11 05:48:37,isha.naidu32,EMP0032,PC-R&D-032,competitor-jobsboard.com,1,1
H001876,2026-02-13 10:23:49,isha.naidu32,EMP0032,PC-R&D-032,office365.com,0,0
H001877,2026-02-13 03:21:00,isha.naidu32,EMP0032,PC-R&D-032,slack.com,0,0
H001878,2026-01-28 17:41:33,isha.naidu32,EMP0032,PC-R&D-032,slack.com,0,0
H001879,2026-02-10 03:41:29,isha.naidu32,EMP0032,PC-R&D-032,stackoverflow.com,0,0
H001880,2026-01-20 11:55:19,isha.naidu32,EMP0032,PC-R&D-032,google.com,0,0
H001881,2026-02-06 11:09:35,isha.naidu32,EMP0032,PC-R&D-032,google.com,0,0
H001882,2026-01-23 07:46:00,isha.naidu32,EMP0032,PC-R&D-032,stackoverflow.com,0,0
H001883,2026-02-03 09:54:30,isha.naidu32,EMP0032,PC-R&D-032,slack.com,0,0
H001884,2026-01-11 05:22:36,isha.naidu32,EMP0032,PC-R&D-032,competitor-jobsboard.com,1,1
H001885,2026-01-26 23:18:13,isha.naidu32,EMP0032,PC-R&D-032,dropbox-shared-link.info,1,1
H001886,2026-02-13 09:38:16,isha.naidu32,EMP0032,PC-R&D-032,google.com,0,0
H001887,2026-01-22 09:12:35,isha.naidu32,EMP0032,PC-R&D-032,google.com,0,0
H001888,2026-01-23 15:26:23,isha.naidu32,EMP0032,PC-R&D-032,slack.com,0,0
H001889,2026-02-12 08:30:03,isha.naidu32,EMP0032,PC-R&D-032,wikipedia.org,0,0
H001890,2026-02-01 00:09:47,isha.naidu32,EMP0032,PC-R&D-032,competitor-jobsboard.com,1,1
H001891,2026-01-06 02:47:51,isha.naidu32,EMP0032,PC-R&D-032,wetransfer.com,1,1
H001892,2026-01-14 10:43:47,isha.naidu32,EMP0032,PC-R&D-032,github.com,0,0
H001893,2026-01-23 14:29:13,isha.naidu32,EMP0032,PC-R&D-032,github.com,0,0
H001894,2026-01-11 08:58:32,isha.naidu32,EMP0032,PC-R&D-032,linkedin.com,0,0
H001895,2026-01-18 13:04:27,isha.naidu32,EMP0032,PC-R&D-032,slack.com,0,0
H001896,2026-01-01 13:02:38,isha.naidu32,EMP0032,PC-R&D-032,company-intranet.local,0,0
H001897,2026-01-20 11:46:46,isha.naidu32,EMP0032,PC-R&D-032,company-intranet.local,0,0
H001898,2026-01-29 02:26:19,isha.naidu32,EMP0032,PC-R&D-032,mega.nz,1,1
H001899,2026-01-29 12:36:40,isha.naidu32,EMP0032,PC-R&D-032,stackoverflow.com,0,0
H001900,2026-02-12 10:23:40,isha.naidu32,EMP0032,PC-R&D-032,atlassian.net,0,0
H001901,2026-01-06 11:03:50,isha.naidu32,EMP0032,PC-R&D-032,google.com,0,0
H001902,2026-02-12 03:31:06,isha.naidu32,EMP0032,PC-R&D-032,wetransfer.com,1,1
H001903,2026-01-19 15:42:42,isha.naidu32,EMP0032,PC-R&D-032,zoom.us,0,0
H001904,2026-02-10 07:18:22,isha.naidu32,EMP0032,PC-R&D-032,linkedin.com,0,0
H001905,2026-01-16 11:36:53,isha.naidu32,EMP0032,PC-R&D-032,atlassian.net,0,0
H001906,2026-01-17 15:44:14,isha.naidu32,EMP0032,PC-R&D-032,wikipedia.org,0,0
H001907,2026-01-29 16:47:49,isha.naidu32,EMP0032,PC-R&D-032,zoom.us,0,0
H001908,2026-01-09 13:42:21,isha.naidu32,EMP0032,PC-R&D-032,slack.com,0,0
H001909,2026-01-28 22:35:12,isha.naidu32,EMP0032,PC-R&D-032,linkedin.com,0,0
H001910,2026-02-04 09:28:28,isha.naidu32,EMP0032,PC-R&D-032,office365.com,0,0
H001911,2026-02-07 15:32:15,isha.naidu32,EMP0032,PC-R&D-032,linkedin.com,0,0
H001912,2026-01-18 04:22:02,isha.naidu32,EMP0032,PC-R&D-032,dropbox-shared-link.info,1,1
H001913,2026-01-26 13:32:02,isha.naidu32,EMP0032,PC-R&D-032,slack.com,0,0
H001914,2026-01-11 06:15:02,isha.naidu32,EMP0032,PC-R&D-032,wikipedia.org,0,0
H001915,2026-02-06 16:24:17,isha.naidu32,EMP0032,PC-R&D-032,slack.com,0,0
H001916,2026-02-08 08:59:14,isha.naidu32,EMP0032,PC-R&D-032,atlassian.net,0,0
H001917,2026-01-15 12:38:21,isha.naidu32,EMP0032,PC-R&D-032,github.com,0,0
H001918,2026-01-08 01:43:22,isha.naidu32,EMP0032,PC-R&D-032,wetransfer.com,1,1
H001919,2026-01-03 12:04:00,isha.naidu32,EMP0032,PC-R&D-032,wikipedia.org,0,0
H001920,2026-01-03 08:55:19,farah.chatterjee33,EMP0033,PC-ENG-033,slack.com,0,0
H001921,2026-02-09 09:27:00,farah.chatterjee33,EMP0033,PC-ENG-033,atlassian.net,0,0
H001922,2026-02-07 15:13:30,farah.chatterjee33,EMP0033,PC-ENG-033,slack.com,0,0
H001923,2026-01-17 11:29:27,farah.chatterjee33,EMP0033,PC-ENG-033,google.com,0,0
H001924,2026-01-08 14:56:05,farah.chatterjee33,EMP0033,PC-ENG-033,slack.com,0,0
H001925,2026-01-06 08:07:51,farah.chatterjee33,EMP0033,PC-ENG-033,zoom.us,0,0
H001926,2026-01-03 22:15:46,farah.chatterjee33,EMP0033,PC-ENG-033,google.com,0,0
H001927,2026-02-13 11:20:22,farah.chatterjee33,EMP0033,PC-ENG-033,wikipedia.org,0,0
H001928,2026-01-27 14:45:59,farah.chatterjee33,EMP0033,PC-ENG-033,office365.com,0,0
H001929,2026-02-10 13:40:02,farah.chatterjee33,EMP0033,PC-ENG-033,company-intranet.local,0,0
H001930,2026-01-20 07:33:38,farah.chatterjee33,EMP0033,PC-ENG-033,stackoverflow.com,0,0
H001931,2026-01-14 08:08:54,farah.chatterjee33,EMP0033,PC-ENG-033,wikipedia.org,0,0
H001932,2026-01-27 14:42:25,farah.chatterjee33,EMP0033,PC-ENG-033,company-intranet.local,0,0
H001933,2026-01-07 15:32:20,farah.chatterjee33,EMP0033,PC-ENG-033,zoom.us,0,0
H001934,2026-01-01 15:01:10,farah.chatterjee33,EMP0033,PC-ENG-033,google.com,0,0
H001935,2026-01-22 15:30:12,farah.chatterjee33,EMP0033,PC-ENG-033,wikipedia.org,0,0
H001936,2026-01-01 07:56:56,farah.chatterjee33,EMP0033,PC-ENG-033,company-intranet.local,0,0
H001937,2026-01-05 08:18:51,farah.chatterjee33,EMP0033,PC-ENG-033,zoom.us,0,0
H001938,2026-01-30 07:34:05,farah.chatterjee33,EMP0033,PC-ENG-033,zoom.us,0,0
H001939,2026-02-05 05:47:58,farah.chatterjee33,EMP0033,PC-ENG-033,office365.com,0,0
H001940,2026-02-08 09:36:49,farah.chatterjee33,EMP0033,PC-ENG-033,google.com,0,0
H001941,2026-01-08 08:25:40,farah.chatterjee33,EMP0033,PC-ENG-033,zoom.us,0,0
H001942,2026-01-03 16:21:07,farah.chatterjee33,EMP0033,PC-ENG-033,google.com,0,0
H001943,2026-01-07 14:47:51,farah.chatterjee33,EMP0033,PC-ENG-033,google.com,0,0
H001944,2026-01-15 16:36:26,farah.chatterjee33,EMP0033,PC-ENG-033,wikipedia.org,0,0
H001945,2026-01-29 07:27:50,farah.chatterjee33,EMP0033,PC-ENG-033,linkedin.com,0,0
H001946,2026-01-05 11:34:00,farah.chatterjee33,EMP0033,PC-ENG-033,atlassian.net,0,0
H001947,2026-02-09 19:38:54,farah.chatterjee33,EMP0033,PC-ENG-033,stackoverflow.com,0,0
H001948,2026-01-11 15:54:35,farah.chatterjee33,EMP0033,PC-ENG-033,zoom.us,0,0
H001949,2026-01-02 12:58:44,farah.chatterjee33,EMP0033,PC-ENG-033,office365.com,0,0
H001950,2026-02-08 11:09:37,farah.chatterjee33,EMP0033,PC-ENG-033,stackoverflow.com,0,0
H001951,2026-01-14 15:04:48,farah.chatterjee33,EMP0033,PC-ENG-033,stackoverflow.com,0,0
H001952,2026-01-18 13:10:08,farah.chatterjee33,EMP0033,PC-ENG-033,company-intranet.local,0,0
H001953,2026-02-06 16:55:49,farah.chatterjee33,EMP0033,PC-ENG-033,atlassian.net,0,0
H001954,2026-01-03 14:52:13,farah.chatterjee33,EMP0033,PC-ENG-033,linkedin.com,0,0
H001955,2026-02-13 06:59:30,farah.chatterjee33,EMP0033,PC-ENG-033,linkedin.com,0,0
H001956,2026-01-24 12:22:24,farah.chatterjee33,EMP0033,PC-ENG-033,github.com,0,0
H001957,2026-01-29 09:00:24,farah.chatterjee33,EMP0033,PC-ENG-033,slack.com,0,0
H001958,2026-01-07 06:58:57,farah.chatterjee33,EMP0033,PC-ENG-033,github.com,0,0
H001959,2026-01-27 15:47:08,farah.chatterjee33,EMP0033,PC-ENG-033,company-intranet.local,0,0
H001960,2026-02-11 09:03:24,farah.chatterjee33,EMP0033,PC-ENG-033,google.com,0,0
H001961,2026-01-24 18:27:20,farah.chatterjee33,EMP0033,PC-ENG-033,linkedin.com,0,0
H001962,2026-02-13 07:07:07,farah.chatterjee33,EMP0033,PC-ENG-033,wikipedia.org,0,0
H001963,2026-01-28 05:41:04,farah.chatterjee33,EMP0033,PC-ENG-033,wikipedia.org,0,0
H001964,2026-01-06 17:42:46,farah.chatterjee33,EMP0033,PC-ENG-033,github.com,0,0
H001965,2026-02-12 14:49:14,farah.chatterjee33,EMP0033,PC-ENG-033,google.com,0,0
H001966,2026-02-08 18:12:03,farah.chatterjee33,EMP0033,PC-ENG-033,github.com,0,0
H001967,2026-01-21 10:55:47,farah.chatterjee33,EMP0033,PC-ENG-033,wikipedia.org,0,0
H001968,2026-02-01 13:58:08,farah.chatterjee33,EMP0033,PC-ENG-033,company-intranet.local,0,0
H001969,2026-01-28 15:14:07,farah.chatterjee33,EMP0033,PC-ENG-033,atlassian.net,0,0
H001970,2026-02-12 10:27:35,farah.chatterjee33,EMP0033,PC-ENG-033,wikipedia.org,0,0
H001971,2026-02-14 13:54:52,farah.chatterjee33,EMP0033,PC-ENG-033,office365.com,0,0
H001972,2026-01-02 16:45:24,farah.chatterjee33,EMP0033,PC-ENG-033,office365.com,0,0
H001973,2026-02-06 15:55:35,farah.chatterjee33,EMP0033,PC-ENG-033,company-intranet.local,0,0
H001974,2026-01-19 10:22:10,farah.chatterjee33,EMP0033,PC-ENG-033,office365.com,0,0
H001975,2026-01-05 08:03:53,farah.chatterjee33,EMP0033,PC-ENG-033,stackoverflow.com,0,0
H001976,2026-01-28 00:07:25,farah.chatterjee33,EMP0033,PC-ENG-033,atlassian.net,0,0
H001977,2026-01-07 18:56:35,farah.chatterjee33,EMP0033,PC-ENG-033,company-intranet.local,0,0
H001978,2026-01-17 09:50:51,farah.chatterjee33,EMP0033,PC-ENG-033,slack.com,0,0
H001979,2026-01-03 16:44:04,farah.chatterjee33,EMP0033,PC-ENG-033,google.com,0,0
H001980,2026-02-01 17:16:02,farah.chatterjee33,EMP0033,PC-ENG-033,wikipedia.org,0,0
H001981,2026-01-16 09:36:20,farah.chatterjee33,EMP0033,PC-ENG-033,atlassian.net,0,0
H001982,2026-01-18 13:22:01,farah.chatterjee33,EMP0033,PC-ENG-033,slack.com,0,0
H001983,2026-01-01 13:51:54,farah.chatterjee33,EMP0033,PC-ENG-033,zoom.us,0,0
H001984,2026-01-03 11:08:44,arjun.mehta34,EMP0034,PC-ENG-034,linkedin.com,0,0
H001985,2026-01-17 10:27:38,arjun.mehta34,EMP0034,PC-ENG-034,wikipedia.org,0,0
H001986,2026-01-15 14:40:34,arjun.mehta34,EMP0034,PC-ENG-034,zoom.us,0,0
H001987,2026-02-06 14:31:16,arjun.mehta34,EMP0034,PC-ENG-034,github.com,0,0
H001988,2026-02-08 22:05:19,arjun.mehta34,EMP0034,PC-ENG-034,github.com,0,0
H001989,2026-02-12 13:01:18,arjun.mehta34,EMP0034,PC-ENG-034,google.com,0,0
H001990,2026-01-23 11:55:41,arjun.mehta34,EMP0034,PC-ENG-034,linkedin.com,0,0
H001991,2026-01-28 08:54:12,arjun.mehta34,EMP0034,PC-ENG-034,wikipedia.org,0,0
H001992,2026-01-19 11:48:24,arjun.mehta34,EMP0034,PC-ENG-034,google.com,0,0
H001993,2026-01-06 16:51:22,arjun.mehta34,EMP0034,PC-ENG-034,stackoverflow.com,0,0
H001994,2026-01-03 07:54:18,arjun.mehta34,EMP0034,PC-ENG-034,linkedin.com,0,0
H001995,2026-01-09 12:40:25,arjun.mehta34,EMP0034,PC-ENG-034,office365.com,0,0
H001996,2026-01-31 22:43:45,arjun.mehta34,EMP0034,PC-ENG-034,slack.com,0,0
H001997,2026-02-03 10:58:00,arjun.mehta34,EMP0034,PC-ENG-034,github.com,0,0
H001998,2026-02-13 10:38:51,arjun.mehta34,EMP0034,PC-ENG-034,linkedin.com,0,0
H001999,2026-01-25 07:48:24,arjun.mehta34,EMP0034,PC-ENG-034,slack.com,0,0
H002000,2026-01-09 15:34:25,arjun.mehta34,EMP0034,PC-ENG-034,slack.com,0,0
H002001,2026-01-01 15:19:38,arjun.mehta34,EMP0034,PC-ENG-034,wikipedia.org,0,0
H002002,2026-01-09 09:25:56,arjun.mehta34,EMP0034,PC-ENG-034,wikipedia.org,0,0
H002003,2026-02-08 17:50:43,arjun.mehta34,EMP0034,PC-ENG-034,slack.com,0,0
H002004,2026-01-31 14:07:25,arjun.mehta34,EMP0034,PC-ENG-034,zoom.us,0,0
H002005,2026-01-25 08:31:47,arjun.mehta34,EMP0034,PC-ENG-034,linkedin.com,0,0
H002006,2026-02-13 09:10:04,arjun.mehta34,EMP0034,PC-ENG-034,zoom.us,0,0
H002007,2026-02-01 19:13:05,arjun.mehta34,EMP0034,PC-ENG-034,github.com,0,0
H002008,2026-01-21 08:11:12,arjun.mehta34,EMP0034,PC-ENG-034,zoom.us,0,0
H002009,2026-01-10 10:47:24,arjun.mehta34,EMP0034,PC-ENG-034,company-intranet.local,0,0
H002010,2026-01-01 12:47:53,arjun.mehta34,EMP0034,PC-ENG-034,wikipedia.org,0,0
H002011,2026-02-09 09:24:56,arjun.mehta34,EMP0034,PC-ENG-034,office365.com,0,0
H002012,2026-01-29 08:23:54,arjun.mehta34,EMP0034,PC-ENG-034,company-intranet.local,0,0
H002013,2026-01-22 15:00:40,arjun.mehta34,EMP0034,PC-ENG-034,zoom.us,0,0
H002014,2026-01-15 10:49:05,arjun.mehta34,EMP0034,PC-ENG-034,stackoverflow.com,0,0
H002015,2026-01-08 12:23:58,arjun.mehta34,EMP0034,PC-ENG-034,slack.com,0,0
H002016,2026-01-02 10:53:39,arjun.mehta34,EMP0034,PC-ENG-034,stackoverflow.com,0,0
H002017,2026-01-19 14:15:09,arjun.mehta34,EMP0034,PC-ENG-034,github.com,0,0
H002018,2026-01-08 00:05:56,arjun.mehta34,EMP0034,PC-ENG-034,github.com,0,0
H002019,2026-02-07 09:16:56,arjun.mehta34,EMP0034,PC-ENG-034,stackoverflow.com,0,0
H002020,2026-01-07 15:17:58,arjun.mehta34,EMP0034,PC-ENG-034,office365.com,0,0
H002021,2026-01-18 16:51:57,arjun.mehta34,EMP0034,PC-ENG-034,wikipedia.org,0,0
H002022,2026-02-01 12:16:44,arjun.mehta34,EMP0034,PC-ENG-034,stackoverflow.com,0,0
H002023,2026-02-13 16:29:56,arjun.mehta34,EMP0034,PC-ENG-034,linkedin.com,0,0
H002024,2026-02-07 15:09:44,arjun.mehta34,EMP0034,PC-ENG-034,atlassian.net,0,0
H002025,2026-01-03 15:06:59,arjun.mehta34,EMP0034,PC-ENG-034,office365.com,0,0
H002026,2026-01-28 18:09:14,arjun.mehta34,EMP0034,PC-ENG-034,office365.com,0,0
H002027,2026-01-14 12:36:55,arjun.mehta34,EMP0034,PC-ENG-034,wikipedia.org,0,0
H002028,2026-01-06 12:41:00,arjun.mehta34,EMP0034,PC-ENG-034,company-intranet.local,0,0
H002029,2026-02-13 13:09:55,arjun.mehta34,EMP0034,PC-ENG-034,atlassian.net,0,0
H002030,2026-01-11 21:22:29,arjun.mehta34,EMP0034,PC-ENG-034,wikipedia.org,0,0
H002031,2026-02-09 15:27:51,arjun.mehta34,EMP0034,PC-ENG-034,stackoverflow.com,0,0
H002032,2026-02-13 10:32:30,arjun.mehta34,EMP0034,PC-ENG-034,linkedin.com,0,0
H002033,2026-01-19 15:55:22,arjun.mehta34,EMP0034,PC-ENG-034,github.com,0,0
H002034,2026-01-27 08:44:19,arjun.mehta34,EMP0034,PC-ENG-034,wikipedia.org,0,0
H002035,2026-02-03 19:09:12,arjun.mehta34,EMP0034,PC-ENG-034,linkedin.com,0,0
H002036,2026-02-10 08:19:18,arjun.mehta34,EMP0034,PC-ENG-034,github.com,0,0
H002037,2026-01-09 13:12:20,arjun.mehta34,EMP0034,PC-ENG-034,office365.com,0,0
H002038,2026-01-05 17:33:43,arjun.mehta34,EMP0034,PC-ENG-034,wikipedia.org,0,0
H002039,2026-01-12 12:21:02,arjun.mehta34,EMP0034,PC-ENG-034,stackoverflow.com,0,0
H002040,2026-01-17 10:14:35,arjun.mehta34,EMP0034,PC-ENG-034,wikipedia.org,0,0
H002041,2026-01-12 12:30:10,arjun.mehta34,EMP0034,PC-ENG-034,company-intranet.local,0,0
H002042,2026-01-17 11:30:27,arjun.mehta34,EMP0034,PC-ENG-034,slack.com,0,0
H002043,2026-01-25 14:34:08,arjun.mehta34,EMP0034,PC-ENG-034,wikipedia.org,0,0
H002044,2026-02-04 20:19:20,arjun.mehta34,EMP0034,PC-ENG-034,wikipedia.org,0,0
H002045,2026-01-29 07:42:08,arjun.mehta34,EMP0034,PC-ENG-034,company-intranet.local,0,0
H002046,2026-01-31 09:04:43,yusuf.das35,EMP0035,PC-IT -035,stackoverflow.com,0,0
H002047,2026-01-25 12:38:12,yusuf.das35,EMP0035,PC-IT -035,office365.com,0,0
H002048,2026-01-24 15:45:08,yusuf.das35,EMP0035,PC-IT -035,slack.com,0,0
H002049,2026-01-09 07:41:02,yusuf.das35,EMP0035,PC-IT -035,linkedin.com,0,0
H002050,2026-01-19 14:05:16,yusuf.das35,EMP0035,PC-IT -035,atlassian.net,0,0
H002051,2026-01-15 00:52:07,yusuf.das35,EMP0035,PC-IT -035,company-intranet.local,0,0
H002052,2026-01-25 07:59:18,yusuf.das35,EMP0035,PC-IT -035,zoom.us,0,0
H002053,2026-01-10 13:55:38,yusuf.das35,EMP0035,PC-IT -035,slack.com,0,0
H002054,2026-01-20 10:29:19,yusuf.das35,EMP0035,PC-IT -035,atlassian.net,0,0
H002055,2026-01-14 08:38:50,yusuf.das35,EMP0035,PC-IT -035,google.com,0,0
H002056,2026-01-31 07:07:43,yusuf.das35,EMP0035,PC-IT -035,zoom.us,0,0
H002057,2026-01-15 09:15:56,yusuf.das35,EMP0035,PC-IT -035,atlassian.net,0,0
H002058,2026-02-07 18:10:39,yusuf.das35,EMP0035,PC-IT -035,slack.com,0,0
H002059,2026-02-09 11:05:01,yusuf.das35,EMP0035,PC-IT -035,company-intranet.local,0,0
H002060,2026-01-14 15:19:14,yusuf.das35,EMP0035,PC-IT -035,atlassian.net,0,0
H002061,2026-01-20 13:31:23,yusuf.das35,EMP0035,PC-IT -035,wikipedia.org,0,0
H002062,2026-02-14 10:35:45,yusuf.das35,EMP0035,PC-IT -035,slack.com,0,0
H002063,2026-02-10 06:33:33,yusuf.das35,EMP0035,PC-IT -035,wikipedia.org,0,0
H002064,2026-01-06 16:30:32,yusuf.das35,EMP0035,PC-IT -035,slack.com,0,0
H002065,2026-01-04 19:59:51,yusuf.das35,EMP0035,PC-IT -035,github.com,0,0
H002066,2026-01-08 10:37:09,yusuf.das35,EMP0035,PC-IT -035,linkedin.com,0,0
H002067,2026-02-08 09:29:27,yusuf.das35,EMP0035,PC-IT -035,stackoverflow.com,0,0
H002068,2026-02-02 07:57:18,yusuf.das35,EMP0035,PC-IT -035,google.com,0,0
H002069,2026-01-03 19:13:13,yusuf.das35,EMP0035,PC-IT -035,office365.com,0,0
H002070,2026-01-11 08:14:55,yusuf.das35,EMP0035,PC-IT -035,google.com,0,0
H002071,2026-01-21 09:02:59,yusuf.das35,EMP0035,PC-IT -035,linkedin.com,0,0
H002072,2026-01-01 09:13:43,yusuf.das35,EMP0035,PC-IT -035,office365.com,0,0
H002073,2026-01-20 14:56:47,yusuf.das35,EMP0035,PC-IT -035,wikipedia.org,0,0
H002074,2026-01-14 15:35:29,yusuf.das35,EMP0035,PC-IT -035,atlassian.net,0,0
H002075,2026-01-30 11:54:31,yusuf.das35,EMP0035,PC-IT -035,atlassian.net,0,0
H002076,2026-01-01 11:14:25,yusuf.das35,EMP0035,PC-IT -035,slack.com,0,0
H002077,2026-01-27 16:48:22,yusuf.das35,EMP0035,PC-IT -035,slack.com,0,0
H002078,2026-01-01 00:28:24,yusuf.das35,EMP0035,PC-IT -035,github.com,0,0
H002079,2026-01-11 16:35:54,yusuf.das35,EMP0035,PC-IT -035,github.com,0,0
H002080,2026-01-08 16:11:50,yusuf.das35,EMP0035,PC-IT -035,wikipedia.org,0,0
H002081,2026-01-09 07:53:59,yusuf.das35,EMP0035,PC-IT -035,stackoverflow.com,0,0
H002082,2026-02-02 11:34:10,yusuf.das35,EMP0035,PC-IT -035,linkedin.com,0,0
H002083,2026-02-05 15:48:28,yusuf.das35,EMP0035,PC-IT -035,github.com,0,0
H002084,2026-01-28 09:50:13,yusuf.das35,EMP0035,PC-IT -035,google.com,0,0
H002085,2026-01-14 08:00:58,yusuf.das35,EMP0035,PC-IT -035,atlassian.net,0,0
H002086,2026-01-24 13:53:27,yusuf.das35,EMP0035,PC-IT -035,google.com,0,0
H002087,2026-01-11 14:02:57,yusuf.das35,EMP0035,PC-IT -035,slack.com,0,0
H002088,2026-01-26 14:25:02,yusuf.das35,EMP0035,PC-IT -035,atlassian.net,0,0
H002089,2026-02-04 10:14:06,yusuf.das35,EMP0035,PC-IT -035,github.com,0,0
H002090,2026-01-13 09:58:16,yusuf.das35,EMP0035,PC-IT -035,stackoverflow.com,0,0
H002091,2026-01-22 12:46:17,yusuf.das35,EMP0035,PC-IT -035,google.com,0,0
H002092,2026-02-05 07:33:42,yusuf.das35,EMP0035,PC-IT -035,atlassian.net,0,0
H002093,2026-01-28 10:09:16,yusuf.das35,EMP0035,PC-IT -035,github.com,0,0
H002094,2026-01-08 03:24:47,yusuf.das35,EMP0035,PC-IT -035,stackoverflow.com,0,0
H002095,2026-01-30 12:05:30,yusuf.das35,EMP0035,PC-IT -035,company-intranet.local,0,0
H002096,2026-01-20 12:46:14,yusuf.das35,EMP0035,PC-IT -035,slack.com,0,0
H002097,2026-01-17 13:33:06,yusuf.das35,EMP0035,PC-IT -035,office365.com,0,0
H002098,2026-02-14 11:21:37,yusuf.das35,EMP0035,PC-IT -035,zoom.us,0,0
H002099,2026-01-24 14:52:35,yusuf.das35,EMP0035,PC-IT -035,zoom.us,0,0
H002100,2026-02-06 18:10:04,yusuf.das35,EMP0035,PC-IT -035,google.com,0,0
H002101,2026-01-16 12:48:12,yusuf.das35,EMP0035,PC-IT -035,office365.com,0,0
H002102,2026-01-14 15:26:12,yusuf.das35,EMP0035,PC-IT -035,slack.com,0,0
H002103,2026-01-22 13:11:31,yusuf.das35,EMP0035,PC-IT -035,slack.com,0,0
H002104,2026-01-30 11:31:30,yusuf.das35,EMP0035,PC-IT -035,linkedin.com,0,0
H002105,2026-01-24 13:23:50,yusuf.das35,EMP0035,PC-IT -035,wikipedia.org,0,0
H002106,2026-01-28 06:53:49,yusuf.das35,EMP0035,PC-IT -035,atlassian.net,0,0
H002107,2026-01-06 11:38:04,yusuf.das35,EMP0035,PC-IT -035,google.com,0,0
H002108,2026-01-23 08:52:35,yusuf.das35,EMP0035,PC-IT -035,company-intranet.local,0,0
H002109,2026-02-05 14:51:19,yusuf.das35,EMP0035,PC-IT -035,github.com,0,0
H002110,2026-01-28 15:54:08,yusuf.das35,EMP0035,PC-IT -035,stackoverflow.com,0,0
H002111,2026-01-13 13:00:43,yusuf.das35,EMP0035,PC-IT -035,linkedin.com,0,0
H002112,2026-01-26 07:55:01,yusuf.das35,EMP0035,PC-IT -035,company-intranet.local,0,0
H002113,2026-01-07 07:14:39,yusuf.das35,EMP0035,PC-IT -035,office365.com,0,0
H002114,2026-01-22 09:00:19,yusuf.das35,EMP0035,PC-IT -035,atlassian.net,0,0
H002115,2026-01-12 15:26:16,yusuf.das35,EMP0035,PC-IT -035,linkedin.com,0,0
H002116,2026-01-11 15:16:37,varun.iyer36,EMP0036,PC-R&D-036,google.com,0,0
H002117,2026-01-01 07:55:46,varun.iyer36,EMP0036,PC-R&D-036,wikipedia.org,0,0
H002118,2026-01-26 07:59:24,varun.iyer36,EMP0036,PC-R&D-036,atlassian.net,0,0
H002119,2026-01-30 14:01:19,varun.iyer36,EMP0036,PC-R&D-036,google.com,0,0
H002120,2026-02-06 19:21:57,varun.iyer36,EMP0036,PC-R&D-036,linkedin.com,0,0
H002121,2026-01-15 12:59:01,varun.iyer36,EMP0036,PC-R&D-036,slack.com,0,0
H002122,2026-01-30 13:36:24,varun.iyer36,EMP0036,PC-R&D-036,linkedin.com,0,0
H002123,2026-02-12 09:28:11,varun.iyer36,EMP0036,PC-R&D-036,company-intranet.local,0,0
H002124,2026-02-07 14:07:02,varun.iyer36,EMP0036,PC-R&D-036,github.com,0,0
H002125,2026-01-13 11:27:19,varun.iyer36,EMP0036,PC-R&D-036,stackoverflow.com,0,0
H002126,2026-02-13 08:23:32,varun.iyer36,EMP0036,PC-R&D-036,slack.com,0,0
H002127,2026-02-06 13:10:57,varun.iyer36,EMP0036,PC-R&D-036,atlassian.net,0,0
H002128,2026-01-24 13:30:06,varun.iyer36,EMP0036,PC-R&D-036,zoom.us,0,0
H002129,2026-01-24 17:28:39,varun.iyer36,EMP0036,PC-R&D-036,stackoverflow.com,0,0
H002130,2026-01-11 15:31:29,varun.iyer36,EMP0036,PC-R&D-036,company-intranet.local,0,0
H002131,2026-01-08 07:21:19,varun.iyer36,EMP0036,PC-R&D-036,google.com,0,0
H002132,2026-01-07 16:29:43,varun.iyer36,EMP0036,PC-R&D-036,linkedin.com,0,0
H002133,2026-01-14 13:11:46,varun.iyer36,EMP0036,PC-R&D-036,slack.com,0,0
H002134,2026-01-01 15:37:27,varun.iyer36,EMP0036,PC-R&D-036,wikipedia.org,0,0
H002135,2026-01-22 11:35:44,varun.iyer36,EMP0036,PC-R&D-036,wikipedia.org,0,0
H002136,2026-02-11 14:26:48,varun.iyer36,EMP0036,PC-R&D-036,office365.com,0,0
H002137,2026-01-03 18:33:21,varun.iyer36,EMP0036,PC-R&D-036,google.com,0,0
H002138,2026-01-31 08:22:32,varun.iyer36,EMP0036,PC-R&D-036,slack.com,0,0
H002139,2026-01-31 16:52:58,varun.iyer36,EMP0036,PC-R&D-036,google.com,0,0
H002140,2026-01-19 16:44:58,varun.iyer36,EMP0036,PC-R&D-036,stackoverflow.com,0,0
H002141,2026-01-27 09:56:31,varun.iyer36,EMP0036,PC-R&D-036,company-intranet.local,0,0
H002142,2026-01-11 10:09:31,varun.iyer36,EMP0036,PC-R&D-036,slack.com,0,0
H002143,2026-02-01 14:56:51,varun.iyer36,EMP0036,PC-R&D-036,zoom.us,0,0
H002144,2026-02-08 10:55:51,varun.iyer36,EMP0036,PC-R&D-036,atlassian.net,0,0
H002145,2026-01-22 12:41:47,varun.iyer36,EMP0036,PC-R&D-036,slack.com,0,0
H002146,2026-01-25 13:52:37,varun.iyer36,EMP0036,PC-R&D-036,atlassian.net,0,0
H002147,2026-01-29 15:22:22,varun.iyer36,EMP0036,PC-R&D-036,stackoverflow.com,0,0
H002148,2026-01-18 16:58:16,varun.iyer36,EMP0036,PC-R&D-036,zoom.us,0,0
H002149,2026-02-11 03:40:08,varun.iyer36,EMP0036,PC-R&D-036,atlassian.net,0,0
H002150,2026-01-02 15:15:28,varun.iyer36,EMP0036,PC-R&D-036,linkedin.com,0,0
H002151,2026-01-11 13:00:35,varun.iyer36,EMP0036,PC-R&D-036,atlassian.net,0,0
H002152,2026-02-13 16:33:39,varun.iyer36,EMP0036,PC-R&D-036,slack.com,0,0
H002153,2026-01-21 16:41:39,varun.iyer36,EMP0036,PC-R&D-036,atlassian.net,0,0
H002154,2026-01-22 16:15:28,varun.iyer36,EMP0036,PC-R&D-036,zoom.us,0,0
H002155,2026-01-18 12:02:49,varun.iyer36,EMP0036,PC-R&D-036,linkedin.com,0,0
H002156,2026-02-03 00:14:34,varun.iyer36,EMP0036,PC-R&D-036,stackoverflow.com,0,0
H002157,2026-01-13 14:23:59,varun.iyer36,EMP0036,PC-R&D-036,slack.com,0,0
H002158,2026-02-07 08:46:38,varun.iyer36,EMP0036,PC-R&D-036,office365.com,0,0
H002159,2026-01-16 11:24:19,varun.iyer36,EMP0036,PC-R&D-036,wikipedia.org,0,0
H002160,2026-01-03 14:17:51,varun.iyer36,EMP0036,PC-R&D-036,company-intranet.local,0,0
H002161,2026-01-31 08:13:03,varun.iyer36,EMP0036,PC-R&D-036,atlassian.net,0,0
H002162,2026-01-06 10:46:56,varun.iyer36,EMP0036,PC-R&D-036,slack.com,0,0
H002163,2026-01-14 08:45:16,varun.iyer36,EMP0036,PC-R&D-036,company-intranet.local,0,0
H002164,2026-01-21 07:51:47,varun.iyer36,EMP0036,PC-R&D-036,github.com,0,0
H002165,2026-01-27 10:14:55,varun.iyer36,EMP0036,PC-R&D-036,wikipedia.org,0,0
H002166,2026-01-29 13:27:13,varun.iyer36,EMP0036,PC-R&D-036,stackoverflow.com,0,0
H002167,2026-01-19 17:29:17,varun.iyer36,EMP0036,PC-R&D-036,slack.com,0,0
H002168,2026-01-18 14:50:57,varun.iyer36,EMP0036,PC-R&D-036,slack.com,0,0
H002169,2026-01-28 15:15:13,varun.iyer36,EMP0036,PC-R&D-036,github.com,0,0
H002170,2026-02-01 08:50:36,varun.iyer36,EMP0036,PC-R&D-036,google.com,0,0
H002171,2026-01-31 09:21:38,varun.iyer36,EMP0036,PC-R&D-036,github.com,0,0
H002172,2026-01-04 14:48:36,varun.iyer36,EMP0036,PC-R&D-036,atlassian.net,0,0
H002173,2026-01-05 05:05:01,varun.iyer36,EMP0036,PC-R&D-036,github.com,0,0
H002174,2026-02-10 12:02:30,varun.iyer36,EMP0036,PC-R&D-036,wikipedia.org,0,0
H002175,2026-01-08 14:38:20,varun.iyer36,EMP0036,PC-R&D-036,office365.com,0,0
H002176,2026-01-26 09:33:16,varun.iyer36,EMP0036,PC-R&D-036,google.com,0,0
H002177,2026-01-30 11:40:30,varun.iyer36,EMP0036,PC-R&D-036,stackoverflow.com,0,0
H002178,2026-02-03 08:15:55,varun.iyer36,EMP0036,PC-R&D-036,company-intranet.local,0,0
H002179,2026-01-28 07:16:13,varun.iyer36,EMP0036,PC-R&D-036,zoom.us,0,0
H002180,2026-01-29 16:23:17,varun.iyer36,EMP0036,PC-R&D-036,linkedin.com,0,0
H002181,2026-02-03 13:54:21,varun.iyer36,EMP0036,PC-R&D-036,company-intranet.local,0,0
H002182,2026-01-23 14:49:41,varun.iyer36,EMP0036,PC-R&D-036,github.com,0,0
H002183,2026-01-27 03:48:29,varun.iyer36,EMP0036,PC-R&D-036,company-intranet.local,0,0
H002184,2026-01-26 16:30:21,varun.iyer36,EMP0036,PC-R&D-036,slack.com,0,0
H002185,2026-01-31 06:05:40,farah.pillai37,EMP0037,PC-IT -037,wikipedia.org,0,0
H002186,2026-02-13 18:10:38,farah.pillai37,EMP0037,PC-IT -037,github.com,0,0
H002187,2026-01-16 16:25:59,farah.pillai37,EMP0037,PC-IT -037,office365.com,0,0
H002188,2026-01-14 13:08:12,farah.pillai37,EMP0037,PC-IT -037,linkedin.com,0,0
H002189,2026-01-30 09:38:41,farah.pillai37,EMP0037,PC-IT -037,google.com,0,0
H002190,2026-02-03 20:43:06,farah.pillai37,EMP0037,PC-IT -037,stackoverflow.com,0,0
H002191,2026-01-16 12:59:32,farah.pillai37,EMP0037,PC-IT -037,linkedin.com,0,0
H002192,2026-01-01 10:44:32,farah.pillai37,EMP0037,PC-IT -037,company-intranet.local,0,0
H002193,2026-02-01 13:48:02,farah.pillai37,EMP0037,PC-IT -037,slack.com,0,0
H002194,2026-02-11 10:56:01,farah.pillai37,EMP0037,PC-IT -037,slack.com,0,0
H002195,2026-01-18 04:02:29,farah.pillai37,EMP0037,PC-IT -037,wikipedia.org,0,0
H002196,2026-01-14 15:43:41,farah.pillai37,EMP0037,PC-IT -037,atlassian.net,0,0
H002197,2026-01-29 12:17:32,farah.pillai37,EMP0037,PC-IT -037,stackoverflow.com,0,0
H002198,2026-01-01 09:33:53,farah.pillai37,EMP0037,PC-IT -037,zoom.us,0,0
H002199,2026-01-30 08:59:55,farah.pillai37,EMP0037,PC-IT -037,zoom.us,0,0
H002200,2026-02-12 09:43:00,farah.pillai37,EMP0037,PC-IT -037,atlassian.net,0,0
H002201,2026-01-17 13:30:11,farah.pillai37,EMP0037,PC-IT -037,wikipedia.org,0,0
H002202,2026-01-04 13:12:07,farah.pillai37,EMP0037,PC-IT -037,linkedin.com,0,0
H002203,2026-02-05 16:32:15,farah.pillai37,EMP0037,PC-IT -037,slack.com,0,0
H002204,2026-01-17 09:05:27,farah.pillai37,EMP0037,PC-IT -037,linkedin.com,0,0
H002205,2026-02-03 10:39:32,farah.pillai37,EMP0037,PC-IT -037,atlassian.net,0,0
H002206,2026-01-17 23:56:02,farah.pillai37,EMP0037,PC-IT -037,wikipedia.org,0,0
H002207,2026-02-05 14:57:20,farah.pillai37,EMP0037,PC-IT -037,google.com,0,0
H002208,2026-01-14 02:11:40,farah.pillai37,EMP0037,PC-IT -037,company-intranet.local,0,0
H002209,2026-01-30 13:23:27,farah.pillai37,EMP0037,PC-IT -037,company-intranet.local,0,0
H002210,2026-01-22 08:39:39,farah.pillai37,EMP0037,PC-IT -037,company-intranet.local,0,0
H002211,2026-01-08 15:10:13,farah.pillai37,EMP0037,PC-IT -037,company-intranet.local,0,0
H002212,2026-01-09 13:38:42,farah.pillai37,EMP0037,PC-IT -037,google.com,0,0
H002213,2026-01-26 10:14:01,farah.pillai37,EMP0037,PC-IT -037,google.com,0,0
H002214,2026-01-11 17:22:54,farah.pillai37,EMP0037,PC-IT -037,slack.com,0,0
H002215,2026-01-23 09:00:15,farah.pillai37,EMP0037,PC-IT -037,company-intranet.local,0,0
H002216,2026-01-29 13:37:07,farah.pillai37,EMP0037,PC-IT -037,zoom.us,0,0
H002217,2026-01-18 15:53:03,farah.pillai37,EMP0037,PC-IT -037,github.com,0,0
H002218,2026-02-13 11:59:10,farah.pillai37,EMP0037,PC-IT -037,company-intranet.local,0,0
H002219,2026-01-08 08:40:38,farah.pillai37,EMP0037,PC-IT -037,zoom.us,0,0
H002220,2026-01-14 07:58:20,farah.pillai37,EMP0037,PC-IT -037,company-intranet.local,0,0
H002221,2026-01-02 09:12:05,farah.pillai37,EMP0037,PC-IT -037,wikipedia.org,0,0
H002222,2026-01-09 14:48:44,farah.pillai37,EMP0037,PC-IT -037,slack.com,0,0
H002223,2026-02-03 07:58:03,farah.pillai37,EMP0037,PC-IT -037,atlassian.net,0,0
H002224,2026-02-03 16:50:44,farah.pillai37,EMP0037,PC-IT -037,company-intranet.local,0,0
H002225,2026-02-06 09:03:58,farah.pillai37,EMP0037,PC-IT -037,zoom.us,0,0
H002226,2026-01-20 12:45:28,farah.pillai37,EMP0037,PC-IT -037,stackoverflow.com,0,0
H002227,2026-02-03 10:48:52,farah.pillai37,EMP0037,PC-IT -037,linkedin.com,0,0
H002228,2026-02-08 11:13:37,farah.pillai37,EMP0037,PC-IT -037,wikipedia.org,0,0
H002229,2026-01-10 09:45:21,farah.pillai37,EMP0037,PC-IT -037,zoom.us,0,0
H002230,2026-01-16 12:06:23,farah.pillai37,EMP0037,PC-IT -037,office365.com,0,0
H002231,2026-02-04 08:09:55,farah.pillai37,EMP0037,PC-IT -037,stackoverflow.com,0,0
H002232,2026-02-02 16:27:59,farah.pillai37,EMP0037,PC-IT -037,atlassian.net,0,0
H002233,2026-01-09 13:55:06,farah.pillai37,EMP0037,PC-IT -037,wikipedia.org,0,0
H002234,2026-01-22 08:23:23,farah.pillai37,EMP0037,PC-IT -037,linkedin.com,0,0
H002235,2026-02-13 11:33:50,farah.pillai37,EMP0037,PC-IT -037,wikipedia.org,0,0
H002236,2026-02-12 14:21:57,farah.pillai37,EMP0037,PC-IT -037,zoom.us,0,0
H002237,2026-02-07 04:03:59,farah.pillai37,EMP0037,PC-IT -037,wikipedia.org,0,0
H002238,2026-01-08 13:46:46,farah.pillai37,EMP0037,PC-IT -037,google.com,0,0
H002239,2026-01-22 16:16:47,farah.pillai37,EMP0037,PC-IT -037,wikipedia.org,0,0
H002240,2026-01-30 10:43:51,farah.pillai37,EMP0037,PC-IT -037,zoom.us,0,0
H002241,2026-01-01 16:48:18,farah.pillai37,EMP0037,PC-IT -037,wikipedia.org,0,0
H002242,2026-02-05 09:47:07,farah.pillai37,EMP0037,PC-IT -037,zoom.us,0,0
H002243,2026-01-02 12:08:41,farah.pillai37,EMP0037,PC-IT -037,atlassian.net,0,0
H002244,2026-01-19 11:18:02,farah.pillai37,EMP0037,PC-IT -037,stackoverflow.com,0,0
H002245,2026-01-22 02:59:54,farah.pillai37,EMP0037,PC-IT -037,slack.com,0,0
H002246,2026-02-08 18:22:50,farah.pillai37,EMP0037,PC-IT -037,zoom.us,0,0
H002247,2026-02-08 14:49:59,farah.pillai37,EMP0037,PC-IT -037,stackoverflow.com,0,0
H002248,2026-01-24 16:32:32,farah.pillai37,EMP0037,PC-IT -037,office365.com,0,0
H002249,2026-01-04 12:45:08,farah.pillai37,EMP0037,PC-IT -037,github.com,0,0
H002250,2026-01-29 11:21:19,farah.pillai37,EMP0037,PC-IT -037,linkedin.com,0,0
H002251,2026-01-29 13:59:31,farah.pillai37,EMP0037,PC-IT -037,atlassian.net,0,0
H002252,2026-01-24 13:11:23,farah.pillai37,EMP0037,PC-IT -037,atlassian.net,0,0
H002253,2026-01-08 07:32:28,farah.pillai37,EMP0037,PC-IT -037,github.com,0,0
H002254,2026-01-19 14:51:51,farah.pillai37,EMP0037,PC-IT -037,stackoverflow.com,0,0
H002255,2026-01-31 13:39:02,farah.pillai37,EMP0037,PC-IT -037,company-intranet.local,0,0
H002256,2026-02-01 06:18:55,farah.pillai37,EMP0037,PC-IT -037,zoom.us,0,0
H002257,2026-01-24 13:18:35,farah.pillai37,EMP0037,PC-IT -037,atlassian.net,0,0
H002258,2026-02-06 14:26:29,farah.pillai37,EMP0037,PC-IT -037,atlassian.net,0,0
H002259,2026-01-07 11:08:12,farah.pillai37,EMP0037,PC-IT -037,google.com,0,0
H002260,2026-01-22 15:42:54,farah.pillai37,EMP0037,PC-IT -037,linkedin.com,0,0
H002261,2026-01-08 08:23:37,farah.pillai37,EMP0037,PC-IT -037,stackoverflow.com,0,0
H002262,2026-01-22 17:59:10,farah.pillai37,EMP0037,PC-IT -037,linkedin.com,0,0
H002263,2026-01-29 09:46:50,rahul.gupta38,EMP0038,PC-IT -038,company-intranet.local,0,0
H002264,2026-01-25 09:50:09,rahul.gupta38,EMP0038,PC-IT -038,github.com,0,0
H002265,2026-02-01 08:30:25,rahul.gupta38,EMP0038,PC-IT -038,zoom.us,0,0
H002266,2026-01-13 15:18:52,rahul.gupta38,EMP0038,PC-IT -038,zoom.us,0,0
H002267,2026-01-08 14:12:17,rahul.gupta38,EMP0038,PC-IT -038,office365.com,0,0
H002268,2026-02-01 17:40:52,rahul.gupta38,EMP0038,PC-IT -038,company-intranet.local,0,0
H002269,2026-01-04 10:23:21,rahul.gupta38,EMP0038,PC-IT -038,wikipedia.org,0,0
H002270,2026-01-16 15:22:22,rahul.gupta38,EMP0038,PC-IT -038,google.com,0,0
H002271,2026-01-22 16:23:59,rahul.gupta38,EMP0038,PC-IT -038,slack.com,0,0
H002272,2026-01-12 19:27:35,rahul.gupta38,EMP0038,PC-IT -038,stackoverflow.com,0,0
H002273,2026-01-14 10:59:42,rahul.gupta38,EMP0038,PC-IT -038,linkedin.com,0,0
H002274,2026-02-14 20:48:26,rahul.gupta38,EMP0038,PC-IT -038,slack.com,0,0
H002275,2026-02-02 05:52:50,rahul.gupta38,EMP0038,PC-IT -038,google.com,0,0
H002276,2026-01-23 15:19:51,rahul.gupta38,EMP0038,PC-IT -038,google.com,0,0
H002277,2026-01-06 03:26:48,rahul.gupta38,EMP0038,PC-IT -038,company-intranet.local,0,0
H002278,2026-01-19 08:30:05,rahul.gupta38,EMP0038,PC-IT -038,zoom.us,0,0
H002279,2026-01-22 14:35:20,rahul.gupta38,EMP0038,PC-IT -038,github.com,0,0
H002280,2026-01-06 13:37:29,rahul.gupta38,EMP0038,PC-IT -038,google.com,0,0
H002281,2026-01-15 08:35:24,rahul.gupta38,EMP0038,PC-IT -038,company-intranet.local,0,0
H002282,2026-02-09 14:15:55,rahul.gupta38,EMP0038,PC-IT -038,office365.com,0,0
H002283,2026-02-12 14:02:33,rahul.gupta38,EMP0038,PC-IT -038,google.com,0,0
H002284,2026-02-03 22:34:22,rahul.gupta38,EMP0038,PC-IT -038,company-intranet.local,0,0
H002285,2026-01-06 03:23:50,rahul.gupta38,EMP0038,PC-IT -038,wikipedia.org,0,0
H002286,2026-01-13 13:05:06,rahul.gupta38,EMP0038,PC-IT -038,zoom.us,0,0
H002287,2026-01-14 08:10:25,rahul.gupta38,EMP0038,PC-IT -038,atlassian.net,0,0
H002288,2026-01-04 03:45:12,rahul.gupta38,EMP0038,PC-IT -038,stackoverflow.com,0,0
H002289,2026-01-14 18:27:15,rahul.gupta38,EMP0038,PC-IT -038,linkedin.com,0,0
H002290,2026-02-07 04:58:00,rahul.gupta38,EMP0038,PC-IT -038,stackoverflow.com,0,0
H002291,2026-02-04 12:28:33,rahul.gupta38,EMP0038,PC-IT -038,github.com,0,0
H002292,2026-02-11 23:04:35,rahul.gupta38,EMP0038,PC-IT -038,wikipedia.org,0,0
H002293,2026-02-09 08:19:18,rahul.gupta38,EMP0038,PC-IT -038,linkedin.com,0,0
H002294,2026-02-03 07:48:26,rahul.gupta38,EMP0038,PC-IT -038,linkedin.com,0,0
H002295,2026-01-28 11:47:56,rahul.gupta38,EMP0038,PC-IT -038,atlassian.net,0,0
H002296,2026-01-09 15:34:14,rahul.gupta38,EMP0038,PC-IT -038,atlassian.net,0,0
H002297,2026-02-02 14:11:18,rahul.gupta38,EMP0038,PC-IT -038,github.com,0,0
H002298,2026-01-26 11:30:17,rahul.gupta38,EMP0038,PC-IT -038,github.com,0,0
H002299,2026-01-27 09:54:01,rahul.gupta38,EMP0038,PC-IT -038,atlassian.net,0,0
H002300,2026-01-30 14:12:49,rahul.gupta38,EMP0038,PC-IT -038,github.com,0,0
H002301,2026-02-01 13:27:26,rahul.gupta38,EMP0038,PC-IT -038,stackoverflow.com,0,0
H002302,2026-01-29 13:41:20,rahul.gupta38,EMP0038,PC-IT -038,wikipedia.org,0,0
H002303,2026-01-06 14:35:30,rahul.gupta38,EMP0038,PC-IT -038,linkedin.com,0,0
H002304,2026-01-20 09:36:10,rahul.gupta38,EMP0038,PC-IT -038,atlassian.net,0,0
H002305,2026-01-25 12:42:05,rahul.gupta38,EMP0038,PC-IT -038,atlassian.net,0,0
H002306,2026-01-17 10:39:13,rahul.gupta38,EMP0038,PC-IT -038,google.com,0,0
H002307,2026-02-09 14:15:05,rahul.gupta38,EMP0038,PC-IT -038,zoom.us,0,0
H002308,2026-01-22 15:25:19,rahul.gupta38,EMP0038,PC-IT -038,github.com,0,0
H002309,2026-01-13 13:00:09,rahul.gupta38,EMP0038,PC-IT -038,slack.com,0,0
H002310,2026-02-07 15:54:35,rahul.gupta38,EMP0038,PC-IT -038,google.com,0,0
H002311,2026-01-25 09:37:24,rahul.gupta38,EMP0038,PC-IT -038,slack.com,0,0
H002312,2026-01-27 14:51:33,rahul.gupta38,EMP0038,PC-IT -038,office365.com,0,0
H002313,2026-01-08 14:34:11,rahul.gupta38,EMP0038,PC-IT -038,github.com,0,0
H002314,2026-02-06 15:09:15,rahul.gupta38,EMP0038,PC-IT -038,github.com,0,0
H002315,2026-01-18 10:31:08,rahul.gupta38,EMP0038,PC-IT -038,github.com,0,0
H002316,2026-01-04 09:13:14,rahul.gupta38,EMP0038,PC-IT -038,linkedin.com,0,0
H002317,2026-02-05 15:03:24,rahul.gupta38,EMP0038,PC-IT -038,office365.com,0,0
H002318,2026-01-14 12:31:58,rahul.gupta38,EMP0038,PC-IT -038,atlassian.net,0,0
H002319,2026-02-03 20:31:32,rahul.gupta38,EMP0038,PC-IT -038,stackoverflow.com,0,0
H002320,2026-01-17 15:20:37,divya.kapoor39,EMP0039,PC-ENG-039,slack.com,0,0
H002321,2026-02-13 15:56:20,divya.kapoor39,EMP0039,PC-ENG-039,linkedin.com,0,0
H002322,2026-02-12 10:52:42,divya.kapoor39,EMP0039,PC-ENG-039,zoom.us,0,0
H002323,2026-01-30 12:35:43,divya.kapoor39,EMP0039,PC-ENG-039,company-intranet.local,0,0
H002324,2026-01-04 16:21:04,divya.kapoor39,EMP0039,PC-ENG-039,github.com,0,0
H002325,2026-01-26 13:30:41,divya.kapoor39,EMP0039,PC-ENG-039,slack.com,0,0
H002326,2026-01-17 13:38:16,divya.kapoor39,EMP0039,PC-ENG-039,stackoverflow.com,0,0
H002327,2026-01-27 17:10:29,divya.kapoor39,EMP0039,PC-ENG-039,company-intranet.local,0,0
H002328,2026-01-24 11:16:27,divya.kapoor39,EMP0039,PC-ENG-039,zoom.us,0,0
H002329,2026-01-13 16:51:16,divya.kapoor39,EMP0039,PC-ENG-039,github.com,0,0
H002330,2026-01-03 06:09:05,divya.kapoor39,EMP0039,PC-ENG-039,wikipedia.org,0,0
H002331,2026-01-28 11:29:45,divya.kapoor39,EMP0039,PC-ENG-039,office365.com,0,0
H002332,2026-01-24 08:15:20,divya.kapoor39,EMP0039,PC-ENG-039,office365.com,0,0
H002333,2026-02-10 13:36:33,divya.kapoor39,EMP0039,PC-ENG-039,zoom.us,0,0
H002334,2026-02-12 19:01:51,divya.kapoor39,EMP0039,PC-ENG-039,zoom.us,0,0
H002335,2026-01-27 10:06:15,divya.kapoor39,EMP0039,PC-ENG-039,stackoverflow.com,0,0
H002336,2026-01-21 16:35:20,divya.kapoor39,EMP0039,PC-ENG-039,company-intranet.local,0,0
H002337,2026-02-04 07:16:12,divya.kapoor39,EMP0039,PC-ENG-039,github.com,0,0
H002338,2026-01-12 14:32:55,divya.kapoor39,EMP0039,PC-ENG-039,linkedin.com,0,0
H002339,2026-01-28 11:13:11,divya.kapoor39,EMP0039,PC-ENG-039,linkedin.com,0,0
H002340,2026-02-12 13:45:03,divya.kapoor39,EMP0039,PC-ENG-039,atlassian.net,0,0
H002341,2026-01-09 08:35:06,divya.kapoor39,EMP0039,PC-ENG-039,company-intranet.local,0,0
H002342,2026-01-26 04:47:51,divya.kapoor39,EMP0039,PC-ENG-039,wikipedia.org,0,0
H002343,2026-02-09 20:47:52,divya.kapoor39,EMP0039,PC-ENG-039,linkedin.com,0,0
H002344,2026-01-03 04:09:08,divya.kapoor39,EMP0039,PC-ENG-039,google.com,0,0
H002345,2026-01-06 12:22:29,divya.kapoor39,EMP0039,PC-ENG-039,atlassian.net,0,0
H002346,2026-02-07 16:26:23,divya.kapoor39,EMP0039,PC-ENG-039,google.com,0,0
H002347,2026-02-08 02:54:08,divya.kapoor39,EMP0039,PC-ENG-039,linkedin.com,0,0
H002348,2026-01-02 14:22:39,divya.kapoor39,EMP0039,PC-ENG-039,google.com,0,0
H002349,2026-01-28 07:07:51,divya.kapoor39,EMP0039,PC-ENG-039,atlassian.net,0,0
H002350,2026-01-14 09:32:52,divya.kapoor39,EMP0039,PC-ENG-039,stackoverflow.com,0,0
H002351,2026-01-03 09:55:00,divya.kapoor39,EMP0039,PC-ENG-039,linkedin.com,0,0
H002352,2026-01-31 14:47:46,divya.kapoor39,EMP0039,PC-ENG-039,zoom.us,0,0
H002353,2026-01-15 04:04:00,rahul.khan40,EMP0040,PC-FIN-040,google.com,0,0
H002354,2026-01-10 17:08:06,rahul.khan40,EMP0040,PC-FIN-040,slack.com,0,0
H002355,2026-02-05 13:18:21,rahul.khan40,EMP0040,PC-FIN-040,stackoverflow.com,0,0
H002356,2026-01-30 07:28:15,rahul.khan40,EMP0040,PC-FIN-040,github.com,0,0
H002357,2026-01-03 09:05:39,rahul.khan40,EMP0040,PC-FIN-040,github.com,0,0
H002358,2026-01-29 09:51:05,rahul.khan40,EMP0040,PC-FIN-040,github.com,0,0
H002359,2026-01-27 11:22:25,rahul.khan40,EMP0040,PC-FIN-040,company-intranet.local,0,0
H002360,2026-01-12 08:25:05,rahul.khan40,EMP0040,PC-FIN-040,slack.com,0,0
H002361,2026-01-23 10:01:26,rahul.khan40,EMP0040,PC-FIN-040,github.com,0,0
H002362,2026-01-17 11:21:21,rahul.khan40,EMP0040,PC-FIN-040,github.com,0,0
H002363,2026-01-27 11:08:57,rahul.khan40,EMP0040,PC-FIN-040,company-intranet.local,0,0
H002364,2026-02-13 09:40:57,rahul.khan40,EMP0040,PC-FIN-040,linkedin.com,0,0
H002365,2026-01-04 08:46:20,rahul.khan40,EMP0040,PC-FIN-040,office365.com,0,0
H002366,2026-01-01 00:22:57,rahul.khan40,EMP0040,PC-FIN-040,slack.com,0,0
H002367,2026-02-05 12:27:37,rahul.khan40,EMP0040,PC-FIN-040,company-intranet.local,0,0
H002368,2026-01-21 11:04:49,rahul.khan40,EMP0040,PC-FIN-040,office365.com,0,0
H002369,2026-01-12 07:33:05,rahul.khan40,EMP0040,PC-FIN-040,slack.com,0,0
H002370,2026-01-30 16:38:12,rahul.khan40,EMP0040,PC-FIN-040,github.com,0,0
H002371,2026-01-16 10:50:12,rahul.khan40,EMP0040,PC-FIN-040,google.com,0,0
H002372,2026-01-15 15:58:14,rahul.khan40,EMP0040,PC-FIN-040,company-intranet.local,0,0
H002373,2026-02-10 16:17:33,rahul.khan40,EMP0040,PC-FIN-040,atlassian.net,0,0
H002374,2026-02-07 14:05:55,rahul.khan40,EMP0040,PC-FIN-040,slack.com,0,0
H002375,2026-01-22 11:03:57,rahul.khan40,EMP0040,PC-FIN-040,linkedin.com,0,0
H002376,2026-02-07 09:09:55,rahul.khan40,EMP0040,PC-FIN-040,office365.com,0,0
H002377,2026-02-03 09:09:17,rahul.khan40,EMP0040,PC-FIN-040,github.com,0,0
H002378,2026-01-26 14:26:47,rahul.khan40,EMP0040,PC-FIN-040,wikipedia.org,0,0
H002379,2026-01-22 13:43:21,rahul.khan40,EMP0040,PC-FIN-040,office365.com,0,0
H002380,2026-02-06 02:46:02,rahul.khan40,EMP0040,PC-FIN-040,atlassian.net,0,0
H002381,2026-01-05 16:41:57,rahul.khan40,EMP0040,PC-FIN-040,office365.com,0,0
H002382,2026-01-21 14:34:32,rahul.khan40,EMP0040,PC-FIN-040,company-intranet.local,0,0
H002383,2026-01-21 07:38:14,rahul.khan40,EMP0040,PC-FIN-040,stackoverflow.com,0,0
H002384,2026-01-19 10:23:46,rahul.khan40,EMP0040,PC-FIN-040,stackoverflow.com,0,0
H002385,2026-01-15 21:12:48,rahul.khan40,EMP0040,PC-FIN-040,stackoverflow.com,0,0
H002386,2026-01-01 09:45:49,rahul.khan40,EMP0040,PC-FIN-040,zoom.us,0,0
H002387,2026-02-14 09:29:44,rahul.khan40,EMP0040,PC-FIN-040,company-intranet.local,0,0
H002388,2026-01-01 13:34:57,rahul.khan40,EMP0040,PC-FIN-040,atlassian.net,0,0
H002389,2026-01-08 11:16:14,rahul.khan40,EMP0040,PC-FIN-040,linkedin.com,0,0
H002390,2026-01-03 13:09:06,isha.saxena41,EMP0041,PC-ENG-041,linkedin.com,0,0
H002391,2026-01-01 16:47:17,isha.saxena41,EMP0041,PC-ENG-041,linkedin.com,0,0
H002392,2026-01-04 07:11:21,isha.saxena41,EMP0041,PC-ENG-041,google.com,0,0
H002393,2026-01-11 12:43:53,isha.saxena41,EMP0041,PC-ENG-041,stackoverflow.com,0,0
H002394,2026-01-14 17:40:52,isha.saxena41,EMP0041,PC-ENG-041,google.com,0,0
H002395,2026-01-31 07:41:53,isha.saxena41,EMP0041,PC-ENG-041,wikipedia.org,0,0
H002396,2026-01-24 10:06:29,isha.saxena41,EMP0041,PC-ENG-041,slack.com,0,0
H002397,2026-02-08 11:02:22,isha.saxena41,EMP0041,PC-ENG-041,google.com,0,0
H002398,2026-01-07 12:47:15,isha.saxena41,EMP0041,PC-ENG-041,google.com,0,0
H002399,2026-01-16 03:44:04,isha.saxena41,EMP0041,PC-ENG-041,company-intranet.local,0,0
H002400,2026-02-13 10:23:57,isha.saxena41,EMP0041,PC-ENG-041,google.com,0,0
H002401,2026-01-06 15:38:49,isha.saxena41,EMP0041,PC-ENG-041,wikipedia.org,0,0
H002402,2026-01-13 09:41:04,isha.saxena41,EMP0041,PC-ENG-041,linkedin.com,0,0
H002403,2026-02-07 08:56:24,isha.saxena41,EMP0041,PC-ENG-041,atlassian.net,0,0
H002404,2026-02-11 12:33:38,isha.saxena41,EMP0041,PC-ENG-041,atlassian.net,0,0
H002405,2026-01-20 04:22:45,isha.saxena41,EMP0041,PC-ENG-041,atlassian.net,0,0
H002406,2026-01-23 16:47:21,isha.saxena41,EMP0041,PC-ENG-041,google.com,0,0
H002407,2026-01-13 18:23:29,isha.saxena41,EMP0041,PC-ENG-041,company-intranet.local,0,0
H002408,2026-02-12 12:24:55,isha.saxena41,EMP0041,PC-ENG-041,zoom.us,0,0
H002409,2026-01-01 13:25:11,isha.saxena41,EMP0041,PC-ENG-041,company-intranet.local,0,0
H002410,2026-01-31 12:41:20,isha.saxena41,EMP0041,PC-ENG-041,slack.com,0,0
H002411,2026-01-10 14:46:11,isha.saxena41,EMP0041,PC-ENG-041,linkedin.com,0,0
H002412,2026-01-08 13:52:10,isha.saxena41,EMP0041,PC-ENG-041,slack.com,0,0
H002413,2026-01-02 15:59:53,isha.saxena41,EMP0041,PC-ENG-041,slack.com,0,0
H002414,2026-01-05 07:27:32,isha.saxena41,EMP0041,PC-ENG-041,company-intranet.local,0,0
H002415,2026-01-08 02:38:56,isha.saxena41,EMP0041,PC-ENG-041,stackoverflow.com,0,0
H002416,2026-01-28 16:37:41,isha.saxena41,EMP0041,PC-ENG-041,office365.com,0,0
H002417,2026-02-07 09:36:00,isha.saxena41,EMP0041,PC-ENG-041,wikipedia.org,0,0
H002418,2026-01-05 14:03:03,isha.saxena41,EMP0041,PC-ENG-041,stackoverflow.com,0,0
H002419,2026-01-09 12:25:42,isha.saxena41,EMP0041,PC-ENG-041,github.com,0,0
H002420,2026-02-03 02:59:54,isha.saxena41,EMP0041,PC-ENG-041,wikipedia.org,0,0
H002421,2026-01-30 11:31:54,isha.saxena41,EMP0041,PC-ENG-041,linkedin.com,0,0
H002422,2026-01-04 07:42:37,isha.saxena41,EMP0041,PC-ENG-041,linkedin.com,0,0
H002423,2026-01-09 14:32:08,isha.saxena41,EMP0041,PC-ENG-041,office365.com,0,0
H002424,2026-01-07 13:27:41,isha.saxena41,EMP0041,PC-ENG-041,google.com,0,0
H002425,2026-01-26 09:01:31,isha.saxena41,EMP0041,PC-ENG-041,linkedin.com,0,0
H002426,2026-01-13 13:38:23,isha.saxena41,EMP0041,PC-ENG-041,slack.com,0,0
H002427,2026-02-14 15:43:07,isha.saxena41,EMP0041,PC-ENG-041,google.com,0,0
H002428,2026-01-11 08:22:55,isha.saxena41,EMP0041,PC-ENG-041,office365.com,0,0
H002429,2026-01-14 10:15:54,isha.saxena41,EMP0041,PC-ENG-041,google.com,0,0
H002430,2026-02-12 11:18:46,isha.saxena41,EMP0041,PC-ENG-041,wikipedia.org,0,0
H002431,2026-02-12 13:22:02,isha.saxena41,EMP0041,PC-ENG-041,company-intranet.local,0,0
H002432,2026-02-01 10:27:29,isha.saxena41,EMP0041,PC-ENG-041,atlassian.net,0,0
H002433,2026-02-03 11:30:12,isha.saxena41,EMP0041,PC-ENG-041,zoom.us,0,0
H002434,2026-02-04 07:08:46,isha.saxena41,EMP0041,PC-ENG-041,office365.com,0,0
H002435,2026-02-01 14:16:32,isha.saxena41,EMP0041,PC-ENG-041,linkedin.com,0,0
H002436,2026-01-19 12:38:15,isha.saxena41,EMP0041,PC-ENG-041,zoom.us,0,0
H002437,2026-02-09 18:42:43,isha.saxena41,EMP0041,PC-ENG-041,zoom.us,0,0
H002438,2026-02-11 12:13:34,isha.saxena41,EMP0041,PC-ENG-041,stackoverflow.com,0,0
H002439,2026-01-24 10:37:37,isha.saxena41,EMP0041,PC-ENG-041,linkedin.com,0,0
H002440,2026-01-08 08:09:49,isha.saxena41,EMP0041,PC-ENG-041,company-intranet.local,0,0
H002441,2026-01-06 13:03:44,isha.saxena41,EMP0041,PC-ENG-041,slack.com,0,0
H002442,2026-01-17 11:36:07,isha.saxena41,EMP0041,PC-ENG-041,github.com,0,0
H002443,2026-01-25 15:07:36,isha.saxena41,EMP0041,PC-ENG-041,office365.com,0,0
H002444,2026-02-06 11:37:36,isha.saxena41,EMP0041,PC-ENG-041,stackoverflow.com,0,0
H002445,2026-01-14 10:43:02,isha.saxena41,EMP0041,PC-ENG-041,stackoverflow.com,0,0
H002446,2026-02-10 07:48:35,isha.saxena41,EMP0041,PC-ENG-041,linkedin.com,0,0
H002447,2026-02-05 08:20:41,isha.saxena41,EMP0041,PC-ENG-041,slack.com,0,0
H002448,2026-01-09 12:47:46,sameer.reddy42,EMP0042,PC-R&D-042,linkedin.com,0,0
H002449,2026-01-24 09:21:53,sameer.reddy42,EMP0042,PC-R&D-042,zoom.us,0,0
H002450,2026-01-12 11:10:03,sameer.reddy42,EMP0042,PC-R&D-042,github.com,0,0
H002451,2026-02-08 14:49:35,sameer.reddy42,EMP0042,PC-R&D-042,linkedin.com,0,0
H002452,2026-01-17 11:07:07,sameer.reddy42,EMP0042,PC-R&D-042,github.com,0,0
H002453,2026-02-05 08:37:54,sameer.reddy42,EMP0042,PC-R&D-042,google.com,0,0
H002454,2026-01-13 09:23:07,sameer.reddy42,EMP0042,PC-R&D-042,linkedin.com,0,0
H002455,2026-01-15 13:10:51,sameer.reddy42,EMP0042,PC-R&D-042,github.com,0,0
H002456,2026-01-09 13:05:28,sameer.reddy42,EMP0042,PC-R&D-042,linkedin.com,0,0
H002457,2026-02-02 11:57:59,sameer.reddy42,EMP0042,PC-R&D-042,company-intranet.local,0,0
H002458,2026-01-16 13:17:43,sameer.reddy42,EMP0042,PC-R&D-042,linkedin.com,0,0
H002459,2026-01-24 16:41:41,sameer.reddy42,EMP0042,PC-R&D-042,company-intranet.local,0,0
H002460,2026-01-21 10:30:44,sameer.reddy42,EMP0042,PC-R&D-042,linkedin.com,0,0
H002461,2026-01-31 15:36:05,sameer.reddy42,EMP0042,PC-R&D-042,linkedin.com,0,0
H002462,2026-01-20 08:58:08,sameer.reddy42,EMP0042,PC-R&D-042,atlassian.net,0,0
H002463,2026-01-14 09:20:13,sameer.reddy42,EMP0042,PC-R&D-042,zoom.us,0,0
H002464,2026-01-16 12:44:04,sameer.reddy42,EMP0042,PC-R&D-042,office365.com,0,0
H002465,2026-02-14 10:22:02,sameer.reddy42,EMP0042,PC-R&D-042,google.com,0,0
H002466,2026-01-10 17:29:10,sameer.reddy42,EMP0042,PC-R&D-042,company-intranet.local,0,0
H002467,2026-02-09 09:02:46,sameer.reddy42,EMP0042,PC-R&D-042,stackoverflow.com,0,0
H002468,2026-01-25 13:54:23,sameer.reddy42,EMP0042,PC-R&D-042,linkedin.com,0,0
H002469,2026-02-11 10:26:11,sameer.reddy42,EMP0042,PC-R&D-042,google.com,0,0
H002470,2026-01-17 08:36:06,sameer.reddy42,EMP0042,PC-R&D-042,slack.com,0,0
H002471,2026-02-04 10:52:50,sameer.reddy42,EMP0042,PC-R&D-042,linkedin.com,0,0
H002472,2026-01-01 15:34:20,sameer.reddy42,EMP0042,PC-R&D-042,zoom.us,0,0
H002473,2026-01-02 10:48:17,sameer.reddy42,EMP0042,PC-R&D-042,stackoverflow.com,0,0
H002474,2026-02-07 13:17:17,sameer.reddy42,EMP0042,PC-R&D-042,office365.com,0,0
H002475,2026-01-04 15:04:01,sameer.reddy42,EMP0042,PC-R&D-042,atlassian.net,0,0
H002476,2026-01-10 16:49:47,sameer.reddy42,EMP0042,PC-R&D-042,google.com,0,0
H002477,2026-01-31 09:12:22,sameer.reddy42,EMP0042,PC-R&D-042,atlassian.net,0,0
H002478,2026-02-07 08:58:00,sameer.reddy42,EMP0042,PC-R&D-042,office365.com,0,0
H002479,2026-02-03 15:32:34,sameer.reddy42,EMP0042,PC-R&D-042,google.com,0,0
H002480,2026-01-27 13:39:41,sameer.reddy42,EMP0042,PC-R&D-042,office365.com,0,0
H002481,2026-01-14 19:48:54,sameer.reddy42,EMP0042,PC-R&D-042,google.com,0,0
H002482,2026-01-16 10:20:13,sameer.reddy42,EMP0042,PC-R&D-042,wikipedia.org,0,0
H002483,2026-01-20 15:56:40,sameer.reddy42,EMP0042,PC-R&D-042,office365.com,0,0
H002484,2026-01-07 07:45:31,sameer.reddy42,EMP0042,PC-R&D-042,company-intranet.local,0,0
H002485,2026-01-13 09:23:25,sameer.reddy42,EMP0042,PC-R&D-042,company-intranet.local,0,0
H002486,2026-02-11 07:53:26,sameer.reddy42,EMP0042,PC-R&D-042,atlassian.net,0,0
H002487,2026-02-13 08:11:19,sameer.reddy42,EMP0042,PC-R&D-042,zoom.us,0,0
H002488,2026-01-21 09:10:00,sameer.reddy42,EMP0042,PC-R&D-042,github.com,0,0
H002489,2026-01-08 16:21:45,sameer.reddy42,EMP0042,PC-R&D-042,atlassian.net,0,0
H002490,2026-01-25 13:44:10,sameer.reddy42,EMP0042,PC-R&D-042,github.com,0,0
H002491,2026-02-12 09:18:00,sameer.reddy42,EMP0042,PC-R&D-042,linkedin.com,0,0
H002492,2026-01-06 15:15:42,sameer.reddy42,EMP0042,PC-R&D-042,atlassian.net,0,0
H002493,2026-01-15 09:24:58,sameer.reddy42,EMP0042,PC-R&D-042,company-intranet.local,0,0
H002494,2026-02-09 18:53:59,sameer.reddy42,EMP0042,PC-R&D-042,atlassian.net,0,0
H002495,2026-01-31 14:46:42,sameer.reddy42,EMP0042,PC-R&D-042,company-intranet.local,0,0
H002496,2026-01-27 05:50:15,sameer.reddy42,EMP0042,PC-R&D-042,google.com,0,0
H002497,2026-02-03 16:04:03,sameer.reddy42,EMP0042,PC-R&D-042,linkedin.com,0,0
H002498,2026-02-06 23:22:06,sameer.reddy42,EMP0042,PC-R&D-042,slack.com,0,0
H002499,2026-01-13 10:04:16,sameer.reddy42,EMP0042,PC-R&D-042,office365.com,0,0
H002500,2026-01-12 00:10:10,sameer.reddy42,EMP0042,PC-R&D-042,atlassian.net,0,0
H002501,2026-02-10 07:21:25,sameer.reddy42,EMP0042,PC-R&D-042,office365.com,0,0
H002502,2026-01-25 12:57:38,sameer.reddy42,EMP0042,PC-R&D-042,zoom.us,0,0
H002503,2026-01-28 09:53:05,sameer.reddy42,EMP0042,PC-R&D-042,wikipedia.org,0,0
H002504,2026-01-22 09:12:13,sameer.reddy42,EMP0042,PC-R&D-042,stackoverflow.com,0,0
H002505,2026-01-28 10:46:51,sameer.reddy42,EMP0042,PC-R&D-042,company-intranet.local,0,0
H002506,2026-01-09 12:38:51,sameer.reddy42,EMP0042,PC-R&D-042,office365.com,0,0
H002507,2026-01-22 17:44:48,sameer.reddy42,EMP0042,PC-R&D-042,zoom.us,0,0
H002508,2026-02-05 07:41:39,sameer.reddy42,EMP0042,PC-R&D-042,office365.com,0,0
H002509,2026-02-12 10:30:35,sameer.reddy42,EMP0042,PC-R&D-042,github.com,0,0
H002510,2026-02-06 06:21:11,sameer.reddy42,EMP0042,PC-R&D-042,atlassian.net,0,0
H002511,2026-01-12 08:52:37,nikhil.kapoor43,EMP0043,PC-IT -043,office365.com,0,0
H002512,2026-02-11 14:41:18,nikhil.kapoor43,EMP0043,PC-IT -043,github.com,0,0
H002513,2026-02-06 13:38:17,nikhil.kapoor43,EMP0043,PC-IT -043,wikipedia.org,0,0
H002514,2026-01-08 09:18:00,nikhil.kapoor43,EMP0043,PC-IT -043,office365.com,0,0
H002515,2026-01-14 15:23:44,nikhil.kapoor43,EMP0043,PC-IT -043,slack.com,0,0
H002516,2026-02-06 13:37:07,nikhil.kapoor43,EMP0043,PC-IT -043,atlassian.net,0,0
H002517,2026-01-11 11:09:00,nikhil.kapoor43,EMP0043,PC-IT -043,office365.com,0,0
H002518,2026-01-11 15:01:06,nikhil.kapoor43,EMP0043,PC-IT -043,linkedin.com,0,0
H002519,2026-01-20 17:09:03,nikhil.kapoor43,EMP0043,PC-IT -043,google.com,0,0
H002520,2026-02-02 14:44:19,nikhil.kapoor43,EMP0043,PC-IT -043,slack.com,0,0
H002521,2026-02-09 21:32:33,nikhil.kapoor43,EMP0043,PC-IT -043,slack.com,0,0
H002522,2026-01-26 10:19:34,nikhil.kapoor43,EMP0043,PC-IT -043,office365.com,0,0
H002523,2026-02-14 12:29:11,nikhil.kapoor43,EMP0043,PC-IT -043,google.com,0,0
H002524,2026-01-08 09:24:29,nikhil.kapoor43,EMP0043,PC-IT -043,zoom.us,0,0
H002525,2026-02-08 19:58:26,nikhil.kapoor43,EMP0043,PC-IT -043,atlassian.net,0,0
H002526,2026-01-18 14:36:07,nikhil.kapoor43,EMP0043,PC-IT -043,zoom.us,0,0
H002527,2026-01-13 15:46:07,nikhil.kapoor43,EMP0043,PC-IT -043,wikipedia.org,0,0
H002528,2026-02-11 02:06:06,nikhil.kapoor43,EMP0043,PC-IT -043,stackoverflow.com,0,0
H002529,2026-01-04 12:56:08,nikhil.kapoor43,EMP0043,PC-IT -043,stackoverflow.com,0,0
H002530,2026-01-07 10:53:56,nikhil.kapoor43,EMP0043,PC-IT -043,wikipedia.org,0,0
H002531,2026-01-11 16:15:18,nikhil.kapoor43,EMP0043,PC-IT -043,github.com,0,0
H002532,2026-02-04 09:45:00,nikhil.kapoor43,EMP0043,PC-IT -043,github.com,0,0
H002533,2026-01-10 16:56:47,nikhil.kapoor43,EMP0043,PC-IT -043,atlassian.net,0,0
H002534,2026-01-26 08:25:30,nikhil.kapoor43,EMP0043,PC-IT -043,office365.com,0,0
H002535,2026-02-10 09:49:10,nikhil.kapoor43,EMP0043,PC-IT -043,company-intranet.local,0,0
H002536,2026-01-09 09:59:53,nikhil.kapoor43,EMP0043,PC-IT -043,atlassian.net,0,0
H002537,2026-01-11 09:27:28,nikhil.kapoor43,EMP0043,PC-IT -043,company-intranet.local,0,0
H002538,2026-01-29 11:01:19,nikhil.kapoor43,EMP0043,PC-IT -043,github.com,0,0
H002539,2026-02-09 17:12:41,nikhil.kapoor43,EMP0043,PC-IT -043,google.com,0,0
H002540,2026-02-04 12:45:58,nikhil.kapoor43,EMP0043,PC-IT -043,slack.com,0,0
H002541,2026-01-26 17:19:03,nikhil.kapoor43,EMP0043,PC-IT -043,wikipedia.org,0,0
H002542,2026-02-14 16:55:31,nikhil.kapoor43,EMP0043,PC-IT -043,linkedin.com,0,0
H002543,2026-01-09 07:28:41,nikhil.kapoor43,EMP0043,PC-IT -043,zoom.us,0,0
H002544,2026-01-12 15:53:44,nikhil.kapoor43,EMP0043,PC-IT -043,company-intranet.local,0,0
H002545,2026-01-02 09:13:44,nikhil.kapoor43,EMP0043,PC-IT -043,company-intranet.local,0,0
H002546,2026-01-24 16:01:44,nikhil.kapoor43,EMP0043,PC-IT -043,google.com,0,0
H002547,2026-02-01 20:09:18,nikhil.kapoor43,EMP0043,PC-IT -043,linkedin.com,0,0
H002548,2026-01-09 10:11:27,nikhil.kapoor43,EMP0043,PC-IT -043,zoom.us,0,0
H002549,2026-01-19 16:27:47,nikhil.kapoor43,EMP0043,PC-IT -043,wikipedia.org,0,0
H002550,2026-02-07 14:37:11,nikhil.kapoor43,EMP0043,PC-IT -043,linkedin.com,0,0
H002551,2026-01-28 15:48:45,nikhil.kapoor43,EMP0043,PC-IT -043,stackoverflow.com,0,0
H002552,2026-02-07 12:44:11,nikhil.kapoor43,EMP0043,PC-IT -043,stackoverflow.com,0,0
H002553,2026-02-05 14:51:35,nikhil.kapoor43,EMP0043,PC-IT -043,github.com,0,0
H002554,2026-02-02 13:58:24,nikhil.kapoor43,EMP0043,PC-IT -043,stackoverflow.com,0,0
H002555,2026-02-12 13:49:53,nikhil.kapoor43,EMP0043,PC-IT -043,linkedin.com,0,0
H002556,2026-02-05 14:33:01,nikhil.kapoor43,EMP0043,PC-IT -043,linkedin.com,0,0
H002557,2026-01-03 09:41:56,nikhil.kapoor43,EMP0043,PC-IT -043,stackoverflow.com,0,0
H002558,2026-01-23 17:29:49,nikhil.kapoor43,EMP0043,PC-IT -043,stackoverflow.com,0,0
H002559,2026-01-06 12:38:23,nikhil.kapoor43,EMP0043,PC-IT -043,google.com,0,0
H002560,2026-01-16 06:05:46,nikhil.kapoor43,EMP0043,PC-IT -043,slack.com,0,0
H002561,2026-02-13 13:11:43,nikhil.kapoor43,EMP0043,PC-IT -043,office365.com,0,0
H002562,2026-02-11 08:15:19,nikhil.kapoor43,EMP0043,PC-IT -043,linkedin.com,0,0
H002563,2026-01-04 10:52:30,nikhil.kapoor43,EMP0043,PC-IT -043,company-intranet.local,0,0
H002564,2026-02-01 11:00:46,nikhil.kapoor43,EMP0043,PC-IT -043,wikipedia.org,0,0
H002565,2026-02-05 17:57:19,nikhil.kapoor43,EMP0043,PC-IT -043,google.com,0,0
H002566,2026-01-19 14:39:39,nikhil.kapoor43,EMP0043,PC-IT -043,slack.com,0,0
H002567,2026-01-13 15:29:24,nikhil.kapoor43,EMP0043,PC-IT -043,wikipedia.org,0,0
H002568,2026-01-27 14:26:08,nikhil.kapoor43,EMP0043,PC-IT -043,office365.com,0,0
H002569,2026-01-16 12:00:51,nikhil.kapoor43,EMP0043,PC-IT -043,zoom.us,0,0
H002570,2026-02-07 10:39:49,nikhil.kapoor43,EMP0043,PC-IT -043,atlassian.net,0,0
H002571,2026-02-05 09:22:17,nikhil.kapoor43,EMP0043,PC-IT -043,github.com,0,0
H002572,2026-01-11 17:37:21,nikhil.kapoor43,EMP0043,PC-IT -043,zoom.us,0,0
H002573,2026-01-07 08:54:52,nikhil.kapoor43,EMP0043,PC-IT -043,stackoverflow.com,0,0
H002574,2026-01-03 15:39:04,nikhil.kapoor43,EMP0043,PC-IT -043,zoom.us,0,0
H002575,2026-01-19 07:26:13,nikhil.kapoor43,EMP0043,PC-IT -043,zoom.us,0,0
H002576,2026-01-08 17:45:59,nikhil.kapoor43,EMP0043,PC-IT -043,office365.com,0,0
H002577,2026-01-02 13:31:19,nikhil.kapoor43,EMP0043,PC-IT -043,zoom.us,0,0
H002578,2026-02-13 09:55:51,karthik.rao44,EMP0044,PC-IT -044,slack.com,0,0
H002579,2026-01-15 11:22:46,karthik.rao44,EMP0044,PC-IT -044,google.com,0,0
H002580,2026-01-01 18:21:46,karthik.rao44,EMP0044,PC-IT -044,company-intranet.local,0,0
H002581,2026-01-17 06:15:31,karthik.rao44,EMP0044,PC-IT -044,github.com,0,0
H002582,2026-01-10 09:08:26,karthik.rao44,EMP0044,PC-IT -044,linkedin.com,0,0
H002583,2026-02-02 15:29:55,karthik.rao44,EMP0044,PC-IT -044,company-intranet.local,0,0
H002584,2026-01-13 16:52:43,karthik.rao44,EMP0044,PC-IT -044,github.com,0,0
H002585,2026-01-14 13:34:07,karthik.rao44,EMP0044,PC-IT -044,github.com,0,0
H002586,2026-02-03 07:04:56,karthik.rao44,EMP0044,PC-IT -044,wikipedia.org,0,0
H002587,2026-02-09 14:36:48,karthik.rao44,EMP0044,PC-IT -044,stackoverflow.com,0,0
H002588,2026-01-23 19:19:43,karthik.rao44,EMP0044,PC-IT -044,linkedin.com,0,0
H002589,2026-02-13 16:20:56,karthik.rao44,EMP0044,PC-IT -044,github.com,0,0
H002590,2026-01-08 06:10:28,karthik.rao44,EMP0044,PC-IT -044,zoom.us,0,0
H002591,2026-02-07 11:48:54,karthik.rao44,EMP0044,PC-IT -044,linkedin.com,0,0
H002592,2026-01-14 06:19:38,karthik.rao44,EMP0044,PC-IT -044,stackoverflow.com,0,0
H002593,2026-01-16 22:06:57,karthik.rao44,EMP0044,PC-IT -044,company-intranet.local,0,0
H002594,2026-02-04 12:10:15,karthik.rao44,EMP0044,PC-IT -044,company-intranet.local,0,0
H002595,2026-01-28 14:21:50,karthik.rao44,EMP0044,PC-IT -044,google.com,0,0
H002596,2026-01-17 14:01:01,karthik.rao44,EMP0044,PC-IT -044,stackoverflow.com,0,0
H002597,2026-02-04 07:51:01,karthik.rao44,EMP0044,PC-IT -044,stackoverflow.com,0,0
H002598,2026-01-27 09:23:45,karthik.rao44,EMP0044,PC-IT -044,office365.com,0,0
H002599,2026-02-13 04:02:08,karthik.rao44,EMP0044,PC-IT -044,office365.com,0,0
H002600,2026-02-02 08:04:45,karthik.rao44,EMP0044,PC-IT -044,atlassian.net,0,0
H002601,2026-01-02 12:28:02,karthik.rao44,EMP0044,PC-IT -044,github.com,0,0
H002602,2026-02-03 09:27:04,karthik.rao44,EMP0044,PC-IT -044,slack.com,0,0
H002603,2026-02-10 12:34:28,karthik.rao44,EMP0044,PC-IT -044,stackoverflow.com,0,0
H002604,2026-01-12 15:18:36,karthik.rao44,EMP0044,PC-IT -044,google.com,0,0
H002605,2026-02-06 11:58:54,karthik.rao44,EMP0044,PC-IT -044,company-intranet.local,0,0
H002606,2026-01-14 14:01:17,karthik.rao44,EMP0044,PC-IT -044,stackoverflow.com,0,0
H002607,2026-02-11 09:31:16,karthik.rao44,EMP0044,PC-IT -044,stackoverflow.com,0,0
H002608,2026-01-14 09:08:06,karthik.rao44,EMP0044,PC-IT -044,company-intranet.local,0,0
H002609,2026-01-27 10:55:02,karthik.rao44,EMP0044,PC-IT -044,company-intranet.local,0,0
H002610,2026-01-19 16:00:04,karthik.rao44,EMP0044,PC-IT -044,company-intranet.local,0,0
H002611,2026-02-10 09:12:07,karthik.rao44,EMP0044,PC-IT -044,stackoverflow.com,0,0
H002612,2026-01-22 10:47:29,karthik.rao44,EMP0044,PC-IT -044,google.com,0,0
H002613,2026-01-20 08:46:30,karthik.rao44,EMP0044,PC-IT -044,github.com,0,0
H002614,2026-02-13 07:14:38,suresh.joshi45,EMP0045,PC-LEG-045,zoom.us,0,0
H002615,2026-01-28 15:44:29,suresh.joshi45,EMP0045,PC-LEG-045,github.com,0,0
H002616,2026-02-12 07:24:50,suresh.joshi45,EMP0045,PC-LEG-045,office365.com,0,0
H002617,2026-02-03 15:38:57,suresh.joshi45,EMP0045,PC-LEG-045,wikipedia.org,0,0
H002618,2026-02-07 12:45:35,suresh.joshi45,EMP0045,PC-LEG-045,linkedin.com,0,0
H002619,2026-02-01 11:47:28,suresh.joshi45,EMP0045,PC-LEG-045,zoom.us,0,0
H002620,2026-01-05 08:30:29,suresh.joshi45,EMP0045,PC-LEG-045,office365.com,0,0
H002621,2026-01-09 15:38:34,suresh.joshi45,EMP0045,PC-LEG-045,office365.com,0,0
H002622,2026-02-04 20:14:39,suresh.joshi45,EMP0045,PC-LEG-045,linkedin.com,0,0
H002623,2026-02-11 13:10:02,suresh.joshi45,EMP0045,PC-LEG-045,atlassian.net,0,0
H002624,2026-02-02 11:02:17,suresh.joshi45,EMP0045,PC-LEG-045,zoom.us,0,0
H002625,2026-01-08 13:20:21,suresh.joshi45,EMP0045,PC-LEG-045,wikipedia.org,0,0
H002626,2026-01-27 18:51:53,suresh.joshi45,EMP0045,PC-LEG-045,office365.com,0,0
H002627,2026-02-11 14:29:53,suresh.joshi45,EMP0045,PC-LEG-045,stackoverflow.com,0,0
H002628,2026-01-18 07:35:57,suresh.joshi45,EMP0045,PC-LEG-045,company-intranet.local,0,0
H002629,2026-02-01 19:37:42,suresh.joshi45,EMP0045,PC-LEG-045,slack.com,0,0
H002630,2026-01-20 14:02:15,suresh.joshi45,EMP0045,PC-LEG-045,office365.com,0,0
H002631,2026-01-23 16:51:20,suresh.joshi45,EMP0045,PC-LEG-045,wikipedia.org,0,0
H002632,2026-01-22 13:58:36,suresh.joshi45,EMP0045,PC-LEG-045,office365.com,0,0
H002633,2026-02-04 13:15:42,suresh.joshi45,EMP0045,PC-LEG-045,slack.com,0,0
H002634,2026-01-09 03:57:17,suresh.joshi45,EMP0045,PC-LEG-045,atlassian.net,0,0
H002635,2026-02-08 08:15:37,suresh.joshi45,EMP0045,PC-LEG-045,github.com,0,0
H002636,2026-01-29 07:36:20,suresh.joshi45,EMP0045,PC-LEG-045,atlassian.net,0,0
H002637,2026-01-02 18:14:33,suresh.joshi45,EMP0045,PC-LEG-045,zoom.us,0,0
H002638,2026-01-27 17:00:08,suresh.joshi45,EMP0045,PC-LEG-045,company-intranet.local,0,0
H002639,2026-01-30 20:04:49,suresh.joshi45,EMP0045,PC-LEG-045,zoom.us,0,0
H002640,2026-01-13 11:42:17,suresh.joshi45,EMP0045,PC-LEG-045,github.com,0,0
H002641,2026-01-04 14:22:22,suresh.joshi45,EMP0045,PC-LEG-045,zoom.us,0,0
H002642,2026-01-22 15:43:20,suresh.joshi45,EMP0045,PC-LEG-045,atlassian.net,0,0
H002643,2026-01-19 18:54:02,suresh.joshi45,EMP0045,PC-LEG-045,linkedin.com,0,0
H002644,2026-02-03 14:43:26,suresh.joshi45,EMP0045,PC-LEG-045,linkedin.com,0,0
H002645,2026-01-30 14:32:55,suresh.joshi45,EMP0045,PC-LEG-045,wikipedia.org,0,0
H002646,2026-02-04 21:37:59,suresh.joshi45,EMP0045,PC-LEG-045,github.com,0,0
H002647,2026-02-11 14:46:08,suresh.joshi45,EMP0045,PC-LEG-045,office365.com,0,0
H002648,2026-01-03 15:29:49,suresh.joshi45,EMP0045,PC-LEG-045,github.com,0,0
H002649,2026-02-13 14:59:17,suresh.joshi45,EMP0045,PC-LEG-045,company-intranet.local,0,0
H002650,2026-02-09 09:48:04,suresh.joshi45,EMP0045,PC-LEG-045,office365.com,0,0
H002651,2026-01-12 09:06:44,suresh.joshi45,EMP0045,PC-LEG-045,linkedin.com,0,0
H002652,2026-01-24 14:34:44,suresh.joshi45,EMP0045,PC-LEG-045,company-intranet.local,0,0
H002653,2026-01-18 07:56:01,suresh.joshi45,EMP0045,PC-LEG-045,atlassian.net,0,0
H002654,2026-02-05 11:30:05,suresh.joshi45,EMP0045,PC-LEG-045,wikipedia.org,0,0
H002655,2026-01-27 09:17:09,suresh.joshi45,EMP0045,PC-LEG-045,slack.com,0,0
H002656,2026-01-09 15:19:52,suresh.joshi45,EMP0045,PC-LEG-045,linkedin.com,0,0
H002657,2026-01-04 14:36:35,suresh.joshi45,EMP0045,PC-LEG-045,slack.com,0,0
H002658,2026-01-31 07:51:01,suresh.joshi45,EMP0045,PC-LEG-045,office365.com,0,0
H002659,2026-02-02 11:49:00,suresh.joshi45,EMP0045,PC-LEG-045,stackoverflow.com,0,0
H002660,2026-01-16 08:29:49,suresh.joshi45,EMP0045,PC-LEG-045,company-intranet.local,0,0
H002661,2026-02-14 09:18:14,suresh.joshi45,EMP0045,PC-LEG-045,company-intranet.local,0,0
H002662,2026-01-30 09:19:53,suresh.joshi45,EMP0045,PC-LEG-045,slack.com,0,0
H002663,2026-02-12 11:33:36,suresh.joshi45,EMP0045,PC-LEG-045,google.com,0,0
H002664,2026-01-31 14:16:38,suresh.joshi45,EMP0045,PC-LEG-045,company-intranet.local,0,0
H002665,2026-01-14 13:03:16,suresh.joshi45,EMP0045,PC-LEG-045,stackoverflow.com,0,0
H002666,2026-02-02 22:51:29,suresh.joshi45,EMP0045,PC-LEG-045,linkedin.com,0,0
H002667,2026-02-09 13:47:32,suresh.joshi45,EMP0045,PC-LEG-045,google.com,0,0
H002668,2026-02-06 08:25:53,suresh.joshi45,EMP0045,PC-LEG-045,google.com,0,0
H002669,2026-01-11 09:01:18,suresh.joshi45,EMP0045,PC-LEG-045,wikipedia.org,0,0
H002670,2026-01-08 07:59:43,suresh.joshi45,EMP0045,PC-LEG-045,stackoverflow.com,0,0
H002671,2026-01-04 07:27:49,suresh.joshi45,EMP0045,PC-LEG-045,atlassian.net,0,0
H002672,2026-01-16 08:05:52,suresh.joshi45,EMP0045,PC-LEG-045,atlassian.net,0,0
H002673,2026-01-23 14:52:23,suresh.joshi45,EMP0045,PC-LEG-045,office365.com,0,0
H002674,2026-02-02 15:10:29,suresh.joshi45,EMP0045,PC-LEG-045,zoom.us,0,0
H002675,2026-02-08 07:52:30,suresh.joshi45,EMP0045,PC-LEG-045,company-intranet.local,0,0
H002676,2026-01-02 09:15:57,suresh.joshi45,EMP0045,PC-LEG-045,linkedin.com,0,0
H002677,2026-01-18 08:53:09,suresh.joshi45,EMP0045,PC-LEG-045,zoom.us,0,0
H002678,2026-01-25 15:30:18,suresh.joshi45,EMP0045,PC-LEG-045,company-intranet.local,0,0
H002679,2026-02-14 10:24:08,suresh.joshi45,EMP0045,PC-LEG-045,zoom.us,0,0
H002680,2026-01-06 16:42:09,suresh.joshi45,EMP0045,PC-LEG-045,stackoverflow.com,0,0
H002681,2026-01-08 06:21:16,suresh.joshi45,EMP0045,PC-LEG-045,office365.com,0,0
H002682,2026-02-10 06:37:53,suresh.joshi45,EMP0045,PC-LEG-045,company-intranet.local,0,0
H002683,2026-02-10 08:24:00,suresh.joshi45,EMP0045,PC-LEG-045,linkedin.com,0,0
H002684,2026-01-07 09:25:41,suresh.joshi45,EMP0045,PC-LEG-045,google.com,0,0
H002685,2026-01-14 05:02:23,suresh.joshi45,EMP0045,PC-LEG-045,github.com,0,0
H002686,2026-01-12 07:43:19,suresh.joshi45,EMP0045,PC-LEG-045,atlassian.net,0,0
H002687,2026-02-11 16:50:59,isha.pillai46,EMP0046,PC-SAL-046,linkedin.com,0,0
H002688,2026-02-11 22:15:47,isha.pillai46,EMP0046,PC-SAL-046,zoom.us,0,0
H002689,2026-01-13 12:42:08,isha.pillai46,EMP0046,PC-SAL-046,zoom.us,0,0
H002690,2026-01-28 07:53:26,isha.pillai46,EMP0046,PC-SAL-046,office365.com,0,0
H002691,2026-02-13 09:48:39,isha.pillai46,EMP0046,PC-SAL-046,google.com,0,0
H002692,2026-02-09 09:47:09,isha.pillai46,EMP0046,PC-SAL-046,slack.com,0,0
H002693,2026-02-14 07:17:54,isha.pillai46,EMP0046,PC-SAL-046,zoom.us,0,0
H002694,2026-01-21 08:48:49,isha.pillai46,EMP0046,PC-SAL-046,zoom.us,0,0
H002695,2026-02-04 20:25:33,isha.pillai46,EMP0046,PC-SAL-046,github.com,0,0
H002696,2026-02-11 13:03:34,isha.pillai46,EMP0046,PC-SAL-046,office365.com,0,0
H002697,2026-01-18 16:37:52,isha.pillai46,EMP0046,PC-SAL-046,atlassian.net,0,0
H002698,2026-01-03 08:12:08,isha.pillai46,EMP0046,PC-SAL-046,stackoverflow.com,0,0
H002699,2026-01-23 12:37:14,isha.pillai46,EMP0046,PC-SAL-046,zoom.us,0,0
H002700,2026-02-02 05:13:42,isha.pillai46,EMP0046,PC-SAL-046,zoom.us,0,0
H002701,2026-02-11 08:33:01,isha.pillai46,EMP0046,PC-SAL-046,zoom.us,0,0
H002702,2026-01-02 18:31:20,isha.pillai46,EMP0046,PC-SAL-046,company-intranet.local,0,0
H002703,2026-02-01 14:32:05,isha.pillai46,EMP0046,PC-SAL-046,google.com,0,0
H002704,2026-02-13 16:40:52,isha.pillai46,EMP0046,PC-SAL-046,linkedin.com,0,0
H002705,2026-01-14 10:50:50,isha.pillai46,EMP0046,PC-SAL-046,atlassian.net,0,0
H002706,2026-01-09 10:17:45,isha.pillai46,EMP0046,PC-SAL-046,linkedin.com,0,0
H002707,2026-02-01 12:16:18,isha.pillai46,EMP0046,PC-SAL-046,atlassian.net,0,0
H002708,2026-02-06 10:50:37,isha.pillai46,EMP0046,PC-SAL-046,stackoverflow.com,0,0
H002709,2026-01-03 09:18:51,isha.pillai46,EMP0046,PC-SAL-046,company-intranet.local,0,0
H002710,2026-01-04 11:24:36,isha.pillai46,EMP0046,PC-SAL-046,wikipedia.org,0,0
H002711,2026-02-02 17:24:19,isha.pillai46,EMP0046,PC-SAL-046,wikipedia.org,0,0
H002712,2026-01-28 07:47:42,isha.pillai46,EMP0046,PC-SAL-046,linkedin.com,0,0
H002713,2026-01-24 15:51:13,isha.pillai46,EMP0046,PC-SAL-046,linkedin.com,0,0
H002714,2026-01-30 13:50:56,isha.pillai46,EMP0046,PC-SAL-046,wikipedia.org,0,0
H002715,2026-01-23 17:55:18,isha.pillai46,EMP0046,PC-SAL-046,slack.com,0,0
H002716,2026-01-02 13:08:07,isha.pillai46,EMP0046,PC-SAL-046,company-intranet.local,0,0
H002717,2026-01-17 02:10:55,isha.pillai46,EMP0046,PC-SAL-046,zoom.us,0,0
H002718,2026-01-17 15:22:46,isha.pillai46,EMP0046,PC-SAL-046,stackoverflow.com,0,0
H002719,2026-02-08 11:05:48,isha.pillai46,EMP0046,PC-SAL-046,slack.com,0,0
H002720,2026-01-04 13:39:54,isha.pillai46,EMP0046,PC-SAL-046,stackoverflow.com,0,0
H002721,2026-01-10 16:47:16,isha.pillai46,EMP0046,PC-SAL-046,linkedin.com,0,0
H002722,2026-01-02 11:09:25,isha.pillai46,EMP0046,PC-SAL-046,github.com,0,0
H002723,2026-01-24 14:57:50,isha.pillai46,EMP0046,PC-SAL-046,office365.com,0,0
H002724,2026-01-31 09:07:43,isha.pillai46,EMP0046,PC-SAL-046,slack.com,0,0
H002725,2026-01-04 08:23:03,isha.pillai46,EMP0046,PC-SAL-046,stackoverflow.com,0,0
H002726,2026-02-13 21:49:37,isha.pillai46,EMP0046,PC-SAL-046,atlassian.net,0,0
H002727,2026-02-13 13:32:59,vikram.reddy47,EMP0047,PC-HR-047,wikipedia.org,0,0
H002728,2026-01-17 19:09:29,vikram.reddy47,EMP0047,PC-HR-047,wikipedia.org,0,0
H002729,2026-02-06 10:43:59,vikram.reddy47,EMP0047,PC-HR-047,stackoverflow.com,0,0
H002730,2026-01-28 07:54:31,vikram.reddy47,EMP0047,PC-HR-047,google.com,0,0
H002731,2026-01-17 13:46:16,vikram.reddy47,EMP0047,PC-HR-047,zoom.us,0,0
H002732,2026-01-20 13:47:57,vikram.reddy47,EMP0047,PC-HR-047,zoom.us,0,0
H002733,2026-02-09 10:29:46,vikram.reddy47,EMP0047,PC-HR-047,wikipedia.org,0,0
H002734,2026-01-08 08:46:12,vikram.reddy47,EMP0047,PC-HR-047,office365.com,0,0
H002735,2026-02-01 14:18:43,vikram.reddy47,EMP0047,PC-HR-047,github.com,0,0
H002736,2026-01-29 14:33:14,vikram.reddy47,EMP0047,PC-HR-047,github.com,0,0
H002737,2026-01-10 18:17:57,vikram.reddy47,EMP0047,PC-HR-047,company-intranet.local,0,0
H002738,2026-01-11 08:13:25,vikram.reddy47,EMP0047,PC-HR-047,github.com,0,0
H002739,2026-01-31 10:29:26,vikram.reddy47,EMP0047,PC-HR-047,atlassian.net,0,0
H002740,2026-01-02 15:17:02,vikram.reddy47,EMP0047,PC-HR-047,atlassian.net,0,0
H002741,2026-01-25 10:23:06,vikram.reddy47,EMP0047,PC-HR-047,office365.com,0,0
H002742,2026-01-11 12:14:32,vikram.reddy47,EMP0047,PC-HR-047,office365.com,0,0
H002743,2026-01-08 20:22:00,vikram.reddy47,EMP0047,PC-HR-047,github.com,0,0
H002744,2026-01-09 12:38:10,vikram.reddy47,EMP0047,PC-HR-047,company-intranet.local,0,0
H002745,2026-01-31 15:18:43,vikram.reddy47,EMP0047,PC-HR-047,zoom.us,0,0
H002746,2026-02-07 10:50:59,vikram.reddy47,EMP0047,PC-HR-047,wikipedia.org,0,0
H002747,2026-01-09 11:59:57,vikram.reddy47,EMP0047,PC-HR-047,slack.com,0,0
H002748,2026-02-01 11:17:11,vikram.reddy47,EMP0047,PC-HR-047,stackoverflow.com,0,0
H002749,2026-02-09 08:44:16,vikram.reddy47,EMP0047,PC-HR-047,stackoverflow.com,0,0
H002750,2026-01-15 15:56:29,vikram.reddy47,EMP0047,PC-HR-047,stackoverflow.com,0,0
H002751,2026-01-09 14:33:13,vikram.reddy47,EMP0047,PC-HR-047,google.com,0,0
H002752,2026-01-27 15:37:11,vikram.reddy47,EMP0047,PC-HR-047,office365.com,0,0
H002753,2026-01-23 07:00:08,vikram.reddy47,EMP0047,PC-HR-047,slack.com,0,0
H002754,2026-01-01 12:48:10,vikram.reddy47,EMP0047,PC-HR-047,office365.com,0,0
H002755,2026-01-17 08:40:40,vikram.reddy47,EMP0047,PC-HR-047,atlassian.net,0,0
H002756,2026-02-14 12:56:36,vikram.reddy47,EMP0047,PC-HR-047,slack.com,0,0
H002757,2026-01-22 08:31:04,vikram.reddy47,EMP0047,PC-HR-047,zoom.us,0,0
H002758,2026-01-23 11:07:01,vikram.reddy47,EMP0047,PC-HR-047,zoom.us,0,0
H002759,2026-01-12 00:36:35,vikram.reddy47,EMP0047,PC-HR-047,stackoverflow.com,0,0
H002760,2026-01-05 12:14:01,vikram.reddy47,EMP0047,PC-HR-047,google.com,0,0
H002761,2026-01-24 05:39:13,vikram.reddy47,EMP0047,PC-HR-047,stackoverflow.com,0,0
H002762,2026-01-30 11:53:57,vikram.reddy47,EMP0047,PC-HR-047,stackoverflow.com,0,0
H002763,2026-01-07 22:39:30,vikram.reddy47,EMP0047,PC-HR-047,stackoverflow.com,0,0
H002764,2026-01-18 18:47:19,vikram.reddy47,EMP0047,PC-HR-047,wikipedia.org,0,0
H002765,2026-01-22 05:49:10,vikram.reddy47,EMP0047,PC-HR-047,linkedin.com,0,0
H002766,2026-02-12 17:23:38,vikram.reddy47,EMP0047,PC-HR-047,company-intranet.local,0,0
H002767,2026-02-03 08:34:45,vikram.reddy47,EMP0047,PC-HR-047,company-intranet.local,0,0
H002768,2026-01-01 13:30:09,vikram.reddy47,EMP0047,PC-HR-047,github.com,0,0
H002769,2026-01-02 13:40:30,vikram.reddy47,EMP0047,PC-HR-047,office365.com,0,0
H002770,2026-01-11 18:07:33,vikram.reddy47,EMP0047,PC-HR-047,google.com,0,0
H002771,2026-01-18 10:15:38,vikram.reddy47,EMP0047,PC-HR-047,zoom.us,0,0
H002772,2026-01-27 15:08:15,manoj.menon48,EMP0048,PC-IT -048,stackoverflow.com,0,0
H002773,2026-01-05 15:51:39,manoj.menon48,EMP0048,PC-IT -048,google.com,0,0
H002774,2026-02-03 14:22:07,manoj.menon48,EMP0048,PC-IT -048,linkedin.com,0,0
H002775,2026-01-24 11:39:01,manoj.menon48,EMP0048,PC-IT -048,stackoverflow.com,0,0
H002776,2026-01-11 08:52:59,manoj.menon48,EMP0048,PC-IT -048,wikipedia.org,0,0
H002777,2026-02-03 12:50:27,manoj.menon48,EMP0048,PC-IT -048,company-intranet.local,0,0
H002778,2026-02-08 09:04:29,manoj.menon48,EMP0048,PC-IT -048,zoom.us,0,0
H002779,2026-01-01 08:50:46,manoj.menon48,EMP0048,PC-IT -048,atlassian.net,0,0
H002780,2026-01-08 19:59:01,manoj.menon48,EMP0048,PC-IT -048,company-intranet.local,0,0
H002781,2026-01-29 12:34:27,manoj.menon48,EMP0048,PC-IT -048,linkedin.com,0,0
H002782,2026-02-11 10:44:50,manoj.menon48,EMP0048,PC-IT -048,linkedin.com,0,0
H002783,2026-01-21 10:34:21,manoj.menon48,EMP0048,PC-IT -048,company-intranet.local,0,0
H002784,2026-02-07 10:48:06,manoj.menon48,EMP0048,PC-IT -048,atlassian.net,0,0
H002785,2026-01-22 04:39:53,manoj.menon48,EMP0048,PC-IT -048,linkedin.com,0,0
H002786,2026-01-12 17:25:26,manoj.menon48,EMP0048,PC-IT -048,google.com,0,0
H002787,2026-01-19 14:08:28,manoj.menon48,EMP0048,PC-IT -048,github.com,0,0
H002788,2026-02-02 11:21:06,manoj.menon48,EMP0048,PC-IT -048,wikipedia.org,0,0
H002789,2026-01-08 09:44:08,manoj.menon48,EMP0048,PC-IT -048,company-intranet.local,0,0
H002790,2026-01-20 15:58:14,manoj.menon48,EMP0048,PC-IT -048,wikipedia.org,0,0
H002791,2026-01-18 15:20:58,manoj.menon48,EMP0048,PC-IT -048,company-intranet.local,0,0
H002792,2026-02-13 19:16:58,manoj.menon48,EMP0048,PC-IT -048,slack.com,0,0
H002793,2026-01-10 07:56:24,manoj.menon48,EMP0048,PC-IT -048,atlassian.net,0,0
H002794,2026-02-12 08:18:38,manoj.menon48,EMP0048,PC-IT -048,stackoverflow.com,0,0
H002795,2026-02-06 17:06:27,manoj.menon48,EMP0048,PC-IT -048,slack.com,0,0
H002796,2026-01-29 09:02:28,manoj.menon48,EMP0048,PC-IT -048,wikipedia.org,0,0
H002797,2026-02-13 12:56:44,manoj.menon48,EMP0048,PC-IT -048,slack.com,0,0
H002798,2026-02-06 12:53:55,manoj.menon48,EMP0048,PC-IT -048,zoom.us,0,0
H002799,2026-02-04 09:17:39,manoj.menon48,EMP0048,PC-IT -048,office365.com,0,0
H002800,2026-01-06 05:41:51,manoj.menon48,EMP0048,PC-IT -048,slack.com,0,0
H002801,2026-01-30 13:27:18,manoj.menon48,EMP0048,PC-IT -048,office365.com,0,0
H002802,2026-02-02 11:15:41,manoj.menon48,EMP0048,PC-IT -048,google.com,0,0
H002803,2026-01-29 12:57:20,manoj.menon48,EMP0048,PC-IT -048,stackoverflow.com,0,0
H002804,2026-01-30 11:04:10,manoj.menon48,EMP0048,PC-IT -048,atlassian.net,0,0
H002805,2026-02-06 08:53:07,manoj.menon48,EMP0048,PC-IT -048,slack.com,0,0
H002806,2026-01-18 10:42:38,manoj.menon48,EMP0048,PC-IT -048,wikipedia.org,0,0
H002807,2026-01-10 18:16:15,manoj.menon48,EMP0048,PC-IT -048,linkedin.com,0,0
H002808,2026-02-04 01:28:00,manoj.menon48,EMP0048,PC-IT -048,atlassian.net,0,0
H002809,2026-01-03 11:37:12,manoj.menon48,EMP0048,PC-IT -048,slack.com,0,0
H002810,2026-01-23 06:32:53,manoj.menon48,EMP0048,PC-IT -048,linkedin.com,0,0
H002811,2026-01-24 10:37:11,manoj.menon48,EMP0048,PC-IT -048,slack.com,0,0
H002812,2026-02-14 17:08:48,manoj.menon48,EMP0048,PC-IT -048,company-intranet.local,0,0
H002813,2026-01-15 14:46:10,manoj.menon48,EMP0048,PC-IT -048,linkedin.com,0,0
H002814,2026-01-14 20:49:31,manoj.menon48,EMP0048,PC-IT -048,office365.com,0,0
H002815,2026-01-10 10:57:30,manoj.menon48,EMP0048,PC-IT -048,github.com,0,0
H002816,2026-01-05 08:15:00,manoj.menon48,EMP0048,PC-IT -048,company-intranet.local,0,0
H002817,2026-02-05 15:29:42,manoj.menon48,EMP0048,PC-IT -048,wikipedia.org,0,0
H002818,2026-02-06 10:37:07,manoj.menon48,EMP0048,PC-IT -048,zoom.us,0,0
H002819,2026-01-15 08:19:11,manoj.menon48,EMP0048,PC-IT -048,zoom.us,0,0
H002820,2026-01-25 10:00:37,manoj.menon48,EMP0048,PC-IT -048,wikipedia.org,0,0
H002821,2026-01-01 16:21:58,manoj.menon48,EMP0048,PC-IT -048,linkedin.com,0,0
H002822,2026-02-04 08:41:38,manoj.menon48,EMP0048,PC-IT -048,company-intranet.local,0,0
H002823,2026-02-14 19:01:12,manoj.menon48,EMP0048,PC-IT -048,atlassian.net,0,0
H002824,2026-01-05 15:15:52,manoj.menon48,EMP0048,PC-IT -048,slack.com,0,0
H002825,2026-01-22 14:08:37,manoj.menon48,EMP0048,PC-IT -048,wikipedia.org,0,0
H002826,2026-01-21 11:59:34,manoj.menon48,EMP0048,PC-IT -048,atlassian.net,0,0
H002827,2026-02-09 17:38:54,manoj.menon48,EMP0048,PC-IT -048,linkedin.com,0,0
H002828,2026-01-29 15:01:47,manoj.menon48,EMP0048,PC-IT -048,linkedin.com,0,0
H002829,2026-01-03 11:01:31,manoj.menon48,EMP0048,PC-IT -048,atlassian.net,0,0
H002830,2026-01-25 07:17:50,manoj.menon48,EMP0048,PC-IT -048,stackoverflow.com,0,0
H002831,2026-01-16 16:02:03,manoj.menon48,EMP0048,PC-IT -048,atlassian.net,0,0
H002832,2026-02-07 07:55:42,manoj.menon48,EMP0048,PC-IT -048,linkedin.com,0,0
H002833,2026-01-20 17:18:12,manoj.menon48,EMP0048,PC-IT -048,slack.com,0,0
H002834,2026-02-05 11:42:46,manoj.menon48,EMP0048,PC-IT -048,slack.com,0,0
H002835,2026-01-16 12:44:29,manoj.menon48,EMP0048,PC-IT -048,slack.com,0,0
H002836,2026-01-12 16:58:22,manoj.menon48,EMP0048,PC-IT -048,linkedin.com,0,0
H002837,2026-02-01 15:53:00,manoj.menon48,EMP0048,PC-IT -048,zoom.us,0,0
H002838,2026-01-24 16:27:27,sneha.verma49,EMP0049,PC-FIN-049,office365.com,0,0
H002839,2026-02-03 08:48:34,sneha.verma49,EMP0049,PC-FIN-049,linkedin.com,0,0
H002840,2026-01-20 06:10:31,sneha.verma49,EMP0049,PC-FIN-049,wikipedia.org,0,0
H002841,2026-01-24 16:40:04,sneha.verma49,EMP0049,PC-FIN-049,atlassian.net,0,0
H002842,2026-01-07 14:38:32,sneha.verma49,EMP0049,PC-FIN-049,wikipedia.org,0,0
H002843,2026-01-31 08:13:45,sneha.verma49,EMP0049,PC-FIN-049,atlassian.net,0,0
H002844,2026-02-13 13:05:40,sneha.verma49,EMP0049,PC-FIN-049,github.com,0,0
H002845,2026-01-09 08:14:36,sneha.verma49,EMP0049,PC-FIN-049,google.com,0,0
H002846,2026-02-03 17:52:58,sneha.verma49,EMP0049,PC-FIN-049,github.com,0,0
H002847,2026-01-08 09:50:01,sneha.verma49,EMP0049,PC-FIN-049,company-intranet.local,0,0
H002848,2026-01-30 14:07:13,sneha.verma49,EMP0049,PC-FIN-049,github.com,0,0
H002849,2026-02-12 14:18:45,sneha.verma49,EMP0049,PC-FIN-049,atlassian.net,0,0
H002850,2026-02-02 09:49:22,sneha.verma49,EMP0049,PC-FIN-049,slack.com,0,0
H002851,2026-01-30 17:30:04,sneha.verma49,EMP0049,PC-FIN-049,zoom.us,0,0
H002852,2026-02-12 09:46:29,sneha.verma49,EMP0049,PC-FIN-049,slack.com,0,0
H002853,2026-01-25 00:20:26,sneha.verma49,EMP0049,PC-FIN-049,wikipedia.org,0,0
H002854,2026-02-07 16:36:05,sneha.verma49,EMP0049,PC-FIN-049,office365.com,0,0
H002855,2026-01-26 14:47:19,sneha.verma49,EMP0049,PC-FIN-049,zoom.us,0,0
H002856,2026-01-29 14:31:58,sneha.verma49,EMP0049,PC-FIN-049,linkedin.com,0,0
H002857,2026-01-26 18:52:30,sneha.verma49,EMP0049,PC-FIN-049,slack.com,0,0
H002858,2026-01-25 10:16:30,sneha.verma49,EMP0049,PC-FIN-049,slack.com,0,0
H002859,2026-01-03 13:08:00,sneha.verma49,EMP0049,PC-FIN-049,wikipedia.org,0,0
H002860,2026-02-12 14:21:54,sneha.verma49,EMP0049,PC-FIN-049,github.com,0,0
H002861,2026-02-07 11:21:56,sneha.verma49,EMP0049,PC-FIN-049,zoom.us,0,0
H002862,2026-01-12 06:23:03,sneha.verma49,EMP0049,PC-FIN-049,atlassian.net,0,0
H002863,2026-02-06 13:33:31,sneha.verma49,EMP0049,PC-FIN-049,wikipedia.org,0,0
H002864,2026-01-09 13:32:31,sneha.verma49,EMP0049,PC-FIN-049,github.com,0,0
H002865,2026-01-30 10:47:17,sneha.verma49,EMP0049,PC-FIN-049,github.com,0,0
H002866,2026-01-11 00:04:43,sneha.verma49,EMP0049,PC-FIN-049,wikipedia.org,0,0
H002867,2026-01-24 14:26:56,sneha.verma49,EMP0049,PC-FIN-049,google.com,0,0
H002868,2026-01-11 13:34:29,sneha.verma49,EMP0049,PC-FIN-049,stackoverflow.com,0,0
H002869,2026-02-11 12:50:43,sneha.verma49,EMP0049,PC-FIN-049,atlassian.net,0,0
H002870,2026-01-03 06:51:30,sneha.verma49,EMP0049,PC-FIN-049,github.com,0,0
H002871,2026-01-20 11:27:12,sneha.verma49,EMP0049,PC-FIN-049,google.com,0,0
H002872,2026-01-03 09:51:55,sneha.verma49,EMP0049,PC-FIN-049,office365.com,0,0
H002873,2026-01-17 09:12:05,sneha.verma49,EMP0049,PC-FIN-049,wikipedia.org,0,0
H002874,2026-02-14 08:36:52,sneha.verma49,EMP0049,PC-FIN-049,stackoverflow.com,0,0
H002875,2026-01-16 15:57:05,sneha.verma49,EMP0049,PC-FIN-049,office365.com,0,0
H002876,2026-01-08 15:32:16,sneha.verma49,EMP0049,PC-FIN-049,company-intranet.local,0,0
H002877,2026-01-26 10:32:34,sneha.verma49,EMP0049,PC-FIN-049,zoom.us,0,0
H002878,2026-01-22 12:20:23,sneha.verma49,EMP0049,PC-FIN-049,github.com,0,0
H002879,2026-02-14 09:09:36,sneha.verma49,EMP0049,PC-FIN-049,slack.com,0,0
H002880,2026-01-07 10:17:12,sneha.verma49,EMP0049,PC-FIN-049,slack.com,0,0
H002881,2026-02-08 11:16:22,sneha.verma49,EMP0049,PC-FIN-049,linkedin.com,0,0
H002882,2026-02-03 08:04:59,sneha.verma49,EMP0049,PC-FIN-049,linkedin.com,0,0
H002883,2026-02-06 16:12:41,sneha.verma49,EMP0049,PC-FIN-049,wikipedia.org,0,0
H002884,2026-01-06 14:21:22,rohan.chatterjee50,EMP0050,PC-ENG-050,slack.com,0,0
H002885,2026-01-28 17:27:56,rohan.chatterjee50,EMP0050,PC-ENG-050,stackoverflow.com,0,0
H002886,2026-02-12 22:51:53,rohan.chatterjee50,EMP0050,PC-ENG-050,wikipedia.org,0,0
H002887,2026-02-06 10:56:47,rohan.chatterjee50,EMP0050,PC-ENG-050,wikipedia.org,0,0
H002888,2026-01-28 14:04:29,rohan.chatterjee50,EMP0050,PC-ENG-050,wikipedia.org,0,0
H002889,2026-01-10 10:43:24,rohan.chatterjee50,EMP0050,PC-ENG-050,company-intranet.local,0,0
H002890,2026-02-14 07:39:47,rohan.chatterjee50,EMP0050,PC-ENG-050,google.com,0,0
H002891,2026-01-08 15:58:47,rohan.chatterjee50,EMP0050,PC-ENG-050,slack.com,0,0
H002892,2026-01-09 09:27:59,rohan.chatterjee50,EMP0050,PC-ENG-050,google.com,0,0
H002893,2026-01-20 13:26:45,rohan.chatterjee50,EMP0050,PC-ENG-050,github.com,0,0
H002894,2026-02-07 08:51:56,rohan.chatterjee50,EMP0050,PC-ENG-050,wikipedia.org,0,0
H002895,2026-01-19 08:33:55,rohan.chatterjee50,EMP0050,PC-ENG-050,zoom.us,0,0
H002896,2026-01-08 11:37:29,rohan.chatterjee50,EMP0050,PC-ENG-050,stackoverflow.com,0,0
H002897,2026-01-28 11:46:53,rohan.chatterjee50,EMP0050,PC-ENG-050,google.com,0,0
H002898,2026-01-04 07:56:00,rohan.chatterjee50,EMP0050,PC-ENG-050,github.com,0,0
H002899,2026-02-11 22:52:54,rohan.chatterjee50,EMP0050,PC-ENG-050,linkedin.com,0,0
H002900,2026-01-05 13:03:43,rohan.chatterjee50,EMP0050,PC-ENG-050,google.com,0,0
H002901,2026-01-21 16:47:43,rohan.chatterjee50,EMP0050,PC-ENG-050,github.com,0,0
H002902,2026-01-01 08:42:29,rohan.chatterjee50,EMP0050,PC-ENG-050,github.com,0,0
H002903,2026-01-07 17:07:49,rohan.chatterjee50,EMP0050,PC-ENG-050,zoom.us,0,0
H002904,2026-02-10 07:02:40,rohan.chatterjee50,EMP0050,PC-ENG-050,atlassian.net,0,0
H002905,2026-01-23 14:24:10,rohan.chatterjee50,EMP0050,PC-ENG-050,atlassian.net,0,0
H002906,2026-01-18 11:11:09,rohan.chatterjee50,EMP0050,PC-ENG-050,company-intranet.local,0,0
H002907,2026-01-07 10:27:26,rohan.chatterjee50,EMP0050,PC-ENG-050,stackoverflow.com,0,0
H002908,2026-02-10 15:38:13,rohan.chatterjee50,EMP0050,PC-ENG-050,zoom.us,0,0
H002909,2026-01-03 12:18:12,rohan.chatterjee50,EMP0050,PC-ENG-050,github.com,0,0
H002910,2026-01-25 07:15:43,rohan.chatterjee50,EMP0050,PC-ENG-050,wikipedia.org,0,0
H002911,2026-01-06 19:00:15,rohan.chatterjee50,EMP0050,PC-ENG-050,company-intranet.local,0,0
H002912,2026-02-11 12:20:54,rohan.chatterjee50,EMP0050,PC-ENG-050,google.com,0,0
H002913,2026-02-03 16:04:43,rohan.chatterjee50,EMP0050,PC-ENG-050,atlassian.net,0,0
H002914,2026-01-11 06:56:18,rohan.chatterjee50,EMP0050,PC-ENG-050,wikipedia.org,0,0
H002915,2026-01-20 08:22:03,rohan.chatterjee50,EMP0050,PC-ENG-050,linkedin.com,0,0
H002916,2026-01-18 10:48:47,rohan.chatterjee50,EMP0050,PC-ENG-050,google.com,0,0
H002917,2026-01-14 14:15:11,rohan.chatterjee50,EMP0050,PC-ENG-050,wikipedia.org,0,0
H002918,2026-01-04 16:40:56,rohan.chatterjee50,EMP0050,PC-ENG-050,google.com,0,0
H002919,2026-02-08 15:01:08,rohan.chatterjee50,EMP0050,PC-ENG-050,atlassian.net,0,0
H002920,2026-01-18 00:59:50,rohan.chatterjee50,EMP0050,PC-ENG-050,stackoverflow.com,0,0
H002921,2026-01-06 02:39:00,rohan.chatterjee50,EMP0050,PC-ENG-050,linkedin.com,0,0
H002922,2026-01-31 07:35:11,rohan.chatterjee50,EMP0050,PC-ENG-050,stackoverflow.com,0,0
H002923,2026-02-13 10:44:15,rohan.chatterjee50,EMP0050,PC-ENG-050,github.com,0,0
H002924,2026-02-01 11:41:14,rohan.chatterjee50,EMP0050,PC-ENG-050,linkedin.com,0,0
H002925,2026-01-28 10:16:28,rohan.chatterjee50,EMP0050,PC-ENG-050,slack.com,0,0
H002926,2026-01-05 11:28:22,rohan.chatterjee50,EMP0050,PC-ENG-050,linkedin.com,0,0
H002927,2026-01-15 10:19:35,rohan.chatterjee50,EMP0050,PC-ENG-050,office365.com,0,0
H002928,2026-01-19 11:06:11,rohan.chatterjee50,EMP0050,PC-ENG-050,slack.com,0,0
H002929,2026-01-27 11:21:57,rohan.chatterjee50,EMP0050,PC-ENG-050,stackoverflow.com,0,0
H002930,2026-02-07 08:49:36,rohan.chatterjee50,EMP0050,PC-ENG-050,github.com,0,0
H002931,2026-02-08 09:29:45,rohan.chatterjee50,EMP0050,PC-ENG-050,company-intranet.local,0,0
H002932,2026-01-09 19:22:03,rohan.chatterjee50,EMP0050,PC-ENG-050,office365.com,0,0
H002933,2026-01-14 16:53:54,rohan.chatterjee50,EMP0050,PC-ENG-050,stackoverflow.com,0,0
H002934,2026-02-10 09:03:27,rohan.chatterjee50,EMP0050,PC-ENG-050,github.com,0,0
H002935,2026-01-31 13:47:34,rohan.chatterjee50,EMP0050,PC-ENG-050,google.com,0,0
H002936,2026-02-11 16:32:11,rohan.chatterjee50,EMP0050,PC-ENG-050,atlassian.net,0,0
H002937,2026-01-29 11:13:45,rohan.chatterjee50,EMP0050,PC-ENG-050,google.com,0,0
H002938,2026-01-05 16:38:55,rohan.chatterjee50,EMP0050,PC-ENG-050,google.com,0,0
H002939,2026-01-03 08:58:07,rohan.chatterjee50,EMP0050,PC-ENG-050,google.com,0,0
H002940,2026-01-08 08:28:22,rohan.chatterjee50,EMP0050,PC-ENG-050,google.com,0,0
H002941,2026-01-16 13:50:23,rohan.chatterjee50,EMP0050,PC-ENG-050,zoom.us,0,0
H002942,2026-01-30 14:05:18,rohan.chatterjee50,EMP0050,PC-ENG-050,github.com,0,0
H002943,2026-01-06 11:43:11,anjali.kapoor51,EMP0051,PC-FIN-051,github.com,0,0
H002944,2026-01-03 16:45:25,anjali.kapoor51,EMP0051,PC-FIN-051,zoom.us,0,0
H002945,2026-02-08 07:00:45,anjali.kapoor51,EMP0051,PC-FIN-051,atlassian.net,0,0
H002946,2026-01-17 08:16:56,anjali.kapoor51,EMP0051,PC-FIN-051,stackoverflow.com,0,0
H002947,2026-01-26 09:16:13,anjali.kapoor51,EMP0051,PC-FIN-051,github.com,0,0
H002948,2026-02-06 15:26:37,anjali.kapoor51,EMP0051,PC-FIN-051,office365.com,0,0
H002949,2026-01-17 08:44:48,anjali.kapoor51,EMP0051,PC-FIN-051,company-intranet.local,0,0
H002950,2026-02-10 06:40:09,anjali.kapoor51,EMP0051,PC-FIN-051,github.com,0,0
H002951,2026-01-29 10:32:15,anjali.kapoor51,EMP0051,PC-FIN-051,zoom.us,0,0
H002952,2026-01-11 11:03:54,anjali.kapoor51,EMP0051,PC-FIN-051,wikipedia.org,0,0
H002953,2026-01-29 17:20:42,anjali.kapoor51,EMP0051,PC-FIN-051,linkedin.com,0,0
H002954,2026-01-07 06:58:13,anjali.kapoor51,EMP0051,PC-FIN-051,stackoverflow.com,0,0
H002955,2026-02-04 15:13:02,anjali.kapoor51,EMP0051,PC-FIN-051,company-intranet.local,0,0
H002956,2026-01-03 13:57:03,anjali.kapoor51,EMP0051,PC-FIN-051,slack.com,0,0
H002957,2026-01-14 13:08:21,anjali.kapoor51,EMP0051,PC-FIN-051,wikipedia.org,0,0
H002958,2026-01-28 14:30:59,anjali.kapoor51,EMP0051,PC-FIN-051,linkedin.com,0,0
H002959,2026-01-22 09:23:35,anjali.kapoor51,EMP0051,PC-FIN-051,slack.com,0,0
H002960,2026-01-08 11:35:42,anjali.kapoor51,EMP0051,PC-FIN-051,atlassian.net,0,0
H002961,2026-01-30 14:15:18,anjali.kapoor51,EMP0051,PC-FIN-051,atlassian.net,0,0
H002962,2026-01-27 13:14:11,anjali.kapoor51,EMP0051,PC-FIN-051,atlassian.net,0,0
H002963,2026-01-25 10:50:48,anjali.kapoor51,EMP0051,PC-FIN-051,slack.com,0,0
H002964,2026-02-03 09:52:49,anjali.kapoor51,EMP0051,PC-FIN-051,office365.com,0,0
H002965,2026-01-22 09:26:47,anjali.kapoor51,EMP0051,PC-FIN-051,stackoverflow.com,0,0
H002966,2026-01-22 07:20:31,anjali.kapoor51,EMP0051,PC-FIN-051,stackoverflow.com,0,0
H002967,2026-01-21 21:48:04,anjali.kapoor51,EMP0051,PC-FIN-051,wikipedia.org,0,0
H002968,2026-01-24 07:46:53,anjali.kapoor51,EMP0051,PC-FIN-051,linkedin.com,0,0
H002969,2026-01-26 13:24:22,anjali.kapoor51,EMP0051,PC-FIN-051,google.com,0,0
H002970,2026-01-24 17:26:20,anjali.kapoor51,EMP0051,PC-FIN-051,slack.com,0,0
H002971,2026-01-01 04:59:40,anjali.kapoor51,EMP0051,PC-FIN-051,stackoverflow.com,0,0
H002972,2026-01-15 11:20:09,anjali.kapoor51,EMP0051,PC-FIN-051,github.com,0,0
H002973,2026-02-06 16:47:17,anjali.kapoor51,EMP0051,PC-FIN-051,wikipedia.org,0,0
H002974,2026-01-17 13:05:00,anjali.kapoor51,EMP0051,PC-FIN-051,google.com,0,0
H002975,2026-01-11 08:56:08,anjali.kapoor51,EMP0051,PC-FIN-051,zoom.us,0,0
H002976,2026-01-06 14:21:22,anjali.kapoor51,EMP0051,PC-FIN-051,linkedin.com,0,0
H002977,2026-02-07 13:53:46,anjali.kapoor51,EMP0051,PC-FIN-051,stackoverflow.com,0,0
H002978,2026-02-11 07:31:25,swati.kapoor52,EMP0052,PC-FIN-052,slack.com,0,0
H002979,2026-01-03 09:18:09,swati.kapoor52,EMP0052,PC-FIN-052,slack.com,0,0
H002980,2026-01-20 08:11:39,swati.kapoor52,EMP0052,PC-FIN-052,linkedin.com,0,0
H002981,2026-01-03 12:14:50,swati.kapoor52,EMP0052,PC-FIN-052,linkedin.com,0,0
H002982,2026-01-10 08:35:09,swati.kapoor52,EMP0052,PC-FIN-052,office365.com,0,0
H002983,2026-01-02 13:12:23,swati.kapoor52,EMP0052,PC-FIN-052,github.com,0,0
H002984,2026-01-20 17:42:12,swati.kapoor52,EMP0052,PC-FIN-052,google.com,0,0
H002985,2026-01-10 08:40:23,swati.kapoor52,EMP0052,PC-FIN-052,company-intranet.local,0,0
H002986,2026-01-06 14:43:42,swati.kapoor52,EMP0052,PC-FIN-052,atlassian.net,0,0
H002987,2026-02-06 10:08:35,swati.kapoor52,EMP0052,PC-FIN-052,atlassian.net,0,0
H002988,2026-01-02 11:27:43,swati.kapoor52,EMP0052,PC-FIN-052,google.com,0,0
H002989,2026-01-22 08:03:58,swati.kapoor52,EMP0052,PC-FIN-052,wikipedia.org,0,0
H002990,2026-01-30 12:13:42,swati.kapoor52,EMP0052,PC-FIN-052,atlassian.net,0,0
H002991,2026-02-01 11:43:39,swati.kapoor52,EMP0052,PC-FIN-052,company-intranet.local,0,0
H002992,2026-01-04 19:28:32,swati.kapoor52,EMP0052,PC-FIN-052,github.com,0,0
H002993,2026-01-20 09:27:25,swati.kapoor52,EMP0052,PC-FIN-052,slack.com,0,0
H002994,2026-02-08 09:35:14,swati.kapoor52,EMP0052,PC-FIN-052,slack.com,0,0
H002995,2026-02-13 15:43:36,swati.kapoor52,EMP0052,PC-FIN-052,atlassian.net,0,0
H002996,2026-01-14 12:32:10,swati.kapoor52,EMP0052,PC-FIN-052,zoom.us,0,0
H002997,2026-01-02 12:21:37,swati.kapoor52,EMP0052,PC-FIN-052,github.com,0,0
H002998,2026-01-22 15:27:10,swati.kapoor52,EMP0052,PC-FIN-052,google.com,0,0
H002999,2026-01-31 15:24:24,swati.kapoor52,EMP0052,PC-FIN-052,google.com,0,0
H003000,2026-01-10 08:58:49,swati.kapoor52,EMP0052,PC-FIN-052,github.com,0,0
H003001,2026-01-21 11:52:10,swati.kapoor52,EMP0052,PC-FIN-052,linkedin.com,0,0
H003002,2026-01-16 13:19:45,swati.kapoor52,EMP0052,PC-FIN-052,slack.com,0,0
H003003,2026-02-04 15:38:45,swati.kapoor52,EMP0052,PC-FIN-052,github.com,0,0
H003004,2026-01-31 19:46:43,swati.kapoor52,EMP0052,PC-FIN-052,atlassian.net,0,0
H003005,2026-01-30 08:49:43,swati.kapoor52,EMP0052,PC-FIN-052,stackoverflow.com,0,0
H003006,2026-01-17 13:56:56,swati.kapoor52,EMP0052,PC-FIN-052,slack.com,0,0
H003007,2026-01-27 10:02:22,swati.kapoor52,EMP0052,PC-FIN-052,office365.com,0,0
H003008,2026-01-20 13:47:24,swati.kapoor52,EMP0052,PC-FIN-052,office365.com,0,0
H003009,2026-02-04 05:24:55,swati.kapoor52,EMP0052,PC-FIN-052,wikipedia.org,0,0
H003010,2026-01-26 08:52:35,swati.kapoor52,EMP0052,PC-FIN-052,slack.com,0,0
H003011,2026-02-03 14:30:39,swati.kapoor52,EMP0052,PC-FIN-052,github.com,0,0
H003012,2026-01-18 20:38:57,swati.kapoor52,EMP0052,PC-FIN-052,atlassian.net,0,0
H003013,2026-01-02 15:43:59,swati.kapoor52,EMP0052,PC-FIN-052,google.com,0,0
H003014,2026-01-24 07:27:39,swati.kapoor52,EMP0052,PC-FIN-052,zoom.us,0,0
H003015,2026-01-27 15:14:42,swati.kapoor52,EMP0052,PC-FIN-052,atlassian.net,0,0
H003016,2026-01-18 05:35:34,swati.kapoor52,EMP0052,PC-FIN-052,stackoverflow.com,0,0
H003017,2026-02-14 14:55:06,swati.kapoor52,EMP0052,PC-FIN-052,wikipedia.org,0,0
H003018,2026-01-16 12:07:25,swati.kapoor52,EMP0052,PC-FIN-052,google.com,0,0
H003019,2026-01-13 09:26:37,swati.kapoor52,EMP0052,PC-FIN-052,office365.com,0,0
H003020,2026-01-09 14:50:58,swati.kapoor52,EMP0052,PC-FIN-052,stackoverflow.com,0,0
H003021,2026-02-01 20:38:50,swati.kapoor52,EMP0052,PC-FIN-052,stackoverflow.com,0,0
H003022,2026-02-10 20:35:51,swati.kapoor52,EMP0052,PC-FIN-052,company-intranet.local,0,0
H003023,2026-01-06 15:56:10,swati.kapoor52,EMP0052,PC-FIN-052,github.com,0,0
H003024,2026-01-02 07:13:06,swati.kapoor52,EMP0052,PC-FIN-052,wikipedia.org,0,0
H003025,2026-01-24 08:00:40,swati.kapoor52,EMP0052,PC-FIN-052,github.com,0,0
H003026,2026-01-16 13:23:09,swati.kapoor52,EMP0052,PC-FIN-052,stackoverflow.com,0,0
H003027,2026-01-05 18:15:52,swati.kapoor52,EMP0052,PC-FIN-052,slack.com,0,0
H003028,2026-02-10 15:13:43,swati.kapoor52,EMP0052,PC-FIN-052,office365.com,0,0
H003029,2026-01-19 15:37:35,swati.kapoor52,EMP0052,PC-FIN-052,github.com,0,0
H003030,2026-01-06 08:02:11,swati.kapoor52,EMP0052,PC-FIN-052,stackoverflow.com,0,0
H003031,2026-01-08 12:58:27,swati.kapoor52,EMP0052,PC-FIN-052,linkedin.com,0,0
H003032,2026-01-12 03:07:11,swati.kapoor52,EMP0052,PC-FIN-052,google.com,0,0
H003033,2026-01-23 13:57:54,swati.kapoor52,EMP0052,PC-FIN-052,stackoverflow.com,0,0
H003034,2026-01-07 14:29:31,swati.kapoor52,EMP0052,PC-FIN-052,zoom.us,0,0
H003035,2026-01-26 17:44:44,swati.kapoor52,EMP0052,PC-FIN-052,company-intranet.local,0,0
H003036,2026-01-01 14:44:06,swati.kapoor52,EMP0052,PC-FIN-052,google.com,0,0
H003037,2026-01-06 19:24:55,kiran.iyer53,EMP0053,PC-LEG-053,zoom.us,0,0
H003038,2026-01-14 15:11:18,kiran.iyer53,EMP0053,PC-LEG-053,atlassian.net,0,0
H003039,2026-02-03 09:13:50,kiran.iyer53,EMP0053,PC-LEG-053,wikipedia.org,0,0
H003040,2026-01-31 07:58:04,kiran.iyer53,EMP0053,PC-LEG-053,zoom.us,0,0
H003041,2026-01-19 14:19:27,kiran.iyer53,EMP0053,PC-LEG-053,google.com,0,0
H003042,2026-01-08 07:40:03,kiran.iyer53,EMP0053,PC-LEG-053,wikipedia.org,0,0
H003043,2026-01-29 01:30:09,kiran.iyer53,EMP0053,PC-LEG-053,wikipedia.org,0,0
H003044,2026-01-12 17:54:16,kiran.iyer53,EMP0053,PC-LEG-053,company-intranet.local,0,0
H003045,2026-01-03 13:42:46,kiran.iyer53,EMP0053,PC-LEG-053,wikipedia.org,0,0
H003046,2026-01-01 16:34:59,kiran.iyer53,EMP0053,PC-LEG-053,stackoverflow.com,0,0
H003047,2026-01-19 13:36:41,kiran.iyer53,EMP0053,PC-LEG-053,office365.com,0,0
H003048,2026-01-12 16:10:07,kiran.iyer53,EMP0053,PC-LEG-053,slack.com,0,0
H003049,2026-02-12 14:01:23,kiran.iyer53,EMP0053,PC-LEG-053,google.com,0,0
H003050,2026-01-14 08:44:04,kiran.iyer53,EMP0053,PC-LEG-053,wikipedia.org,0,0
H003051,2026-01-15 08:47:48,kiran.iyer53,EMP0053,PC-LEG-053,zoom.us,0,0
H003052,2026-01-12 14:24:10,kiran.iyer53,EMP0053,PC-LEG-053,zoom.us,0,0
H003053,2026-01-10 14:02:56,kiran.iyer53,EMP0053,PC-LEG-053,github.com,0,0
H003054,2026-01-06 08:06:27,kiran.iyer53,EMP0053,PC-LEG-053,linkedin.com,0,0
H003055,2026-02-06 10:18:10,kiran.iyer53,EMP0053,PC-LEG-053,wikipedia.org,0,0
H003056,2026-01-14 08:24:31,kiran.iyer53,EMP0053,PC-LEG-053,company-intranet.local,0,0
H003057,2026-01-07 15:05:25,kiran.iyer53,EMP0053,PC-LEG-053,linkedin.com,0,0
H003058,2026-02-02 07:51:27,kiran.iyer53,EMP0053,PC-LEG-053,linkedin.com,0,0
H003059,2026-02-04 11:08:38,kiran.iyer53,EMP0053,PC-LEG-053,company-intranet.local,0,0
H003060,2026-01-12 10:21:12,kiran.iyer53,EMP0053,PC-LEG-053,wikipedia.org,0,0
H003061,2026-01-26 16:48:10,kiran.iyer53,EMP0053,PC-LEG-053,slack.com,0,0
H003062,2026-01-29 09:01:10,kiran.iyer53,EMP0053,PC-LEG-053,github.com,0,0
H003063,2026-01-03 13:19:05,kiran.iyer53,EMP0053,PC-LEG-053,linkedin.com,0,0
H003064,2026-02-13 15:21:13,kiran.iyer53,EMP0053,PC-LEG-053,company-intranet.local,0,0
H003065,2026-01-19 19:00:23,kiran.iyer53,EMP0053,PC-LEG-053,stackoverflow.com,0,0
H003066,2026-01-05 13:17:49,kiran.iyer53,EMP0053,PC-LEG-053,office365.com,0,0
H003067,2026-01-04 14:01:28,kiran.iyer53,EMP0053,PC-LEG-053,zoom.us,0,0
H003068,2026-01-21 00:16:32,kiran.iyer53,EMP0053,PC-LEG-053,zoom.us,0,0
H003069,2026-01-11 12:26:59,kiran.iyer53,EMP0053,PC-LEG-053,linkedin.com,0,0
H003070,2026-01-29 06:50:31,kiran.iyer53,EMP0053,PC-LEG-053,wikipedia.org,0,0
H003071,2026-01-17 11:39:31,kiran.iyer53,EMP0053,PC-LEG-053,company-intranet.local,0,0
H003072,2026-01-01 12:46:14,kiran.iyer53,EMP0053,PC-LEG-053,company-intranet.local,0,0
H003073,2026-02-11 11:17:42,kiran.iyer53,EMP0053,PC-LEG-053,atlassian.net,0,0
H003074,2026-01-03 10:32:14,kiran.iyer53,EMP0053,PC-LEG-053,zoom.us,0,0
H003075,2026-01-21 14:00:05,kiran.iyer53,EMP0053,PC-LEG-053,linkedin.com,0,0
H003076,2026-01-11 11:29:41,kiran.iyer53,EMP0053,PC-LEG-053,google.com,0,0
H003077,2026-01-29 09:46:08,kiran.iyer53,EMP0053,PC-LEG-053,wikipedia.org,0,0
H003078,2026-01-12 13:07:54,kiran.iyer53,EMP0053,PC-LEG-053,wikipedia.org,0,0
H003079,2026-01-16 07:23:06,kiran.iyer53,EMP0053,PC-LEG-053,office365.com,0,0
H003080,2026-01-11 06:12:16,kiran.iyer53,EMP0053,PC-LEG-053,company-intranet.local,0,0
H003081,2026-01-28 17:54:24,kiran.iyer53,EMP0053,PC-LEG-053,wikipedia.org,0,0
H003082,2026-01-02 06:39:38,kiran.iyer53,EMP0053,PC-LEG-053,company-intranet.local,0,0
H003083,2026-01-24 03:19:02,kiran.iyer53,EMP0053,PC-LEG-053,slack.com,0,0
H003084,2026-01-21 06:43:30,kiran.iyer53,EMP0053,PC-LEG-053,atlassian.net,0,0
H003085,2026-01-31 15:46:05,kiran.iyer53,EMP0053,PC-LEG-053,linkedin.com,0,0
H003086,2026-01-04 14:17:34,kiran.iyer53,EMP0053,PC-LEG-053,zoom.us,0,0
H003087,2026-01-29 13:58:32,kiran.iyer53,EMP0053,PC-LEG-053,wikipedia.org,0,0
H003088,2026-01-26 19:40:42,kiran.iyer53,EMP0053,PC-LEG-053,office365.com,0,0
H003089,2026-01-11 17:50:50,kiran.iyer53,EMP0053,PC-LEG-053,atlassian.net,0,0
H003090,2026-01-04 11:42:38,kiran.iyer53,EMP0053,PC-LEG-053,company-intranet.local,0,0
H003091,2026-01-20 13:34:43,kiran.iyer53,EMP0053,PC-LEG-053,office365.com,0,0
H003092,2026-01-16 12:42:33,kiran.iyer53,EMP0053,PC-LEG-053,office365.com,0,0
H003093,2026-02-06 06:07:06,kiran.iyer53,EMP0053,PC-LEG-053,atlassian.net,0,0
H003094,2026-01-22 14:31:50,kiran.iyer53,EMP0053,PC-LEG-053,slack.com,0,0
H003095,2026-01-30 11:57:04,kiran.iyer53,EMP0053,PC-LEG-053,google.com,0,0
H003096,2026-01-22 07:36:25,kiran.iyer53,EMP0053,PC-LEG-053,company-intranet.local,0,0
H003097,2026-01-07 11:36:09,kiran.iyer53,EMP0053,PC-LEG-053,office365.com,0,0
H003098,2026-01-29 11:21:04,kiran.iyer53,EMP0053,PC-LEG-053,linkedin.com,0,0
H003099,2026-01-30 15:02:08,kiran.iyer53,EMP0053,PC-LEG-053,github.com,0,0
H003100,2026-02-12 08:00:16,kiran.iyer53,EMP0053,PC-LEG-053,zoom.us,0,0
H003101,2026-01-15 09:32:55,kiran.iyer53,EMP0053,PC-LEG-053,github.com,0,0
H003102,2026-01-29 11:08:20,kiran.iyer53,EMP0053,PC-LEG-053,stackoverflow.com,0,0
H003103,2026-01-10 06:58:22,kiran.iyer53,EMP0053,PC-LEG-053,google.com,0,0
H003104,2026-02-11 14:34:17,kiran.iyer53,EMP0053,PC-LEG-053,wikipedia.org,0,0
H003105,2026-02-06 12:50:15,kiran.iyer53,EMP0053,PC-LEG-053,zoom.us,0,0
H003106,2026-02-02 12:29:10,kiran.iyer53,EMP0053,PC-LEG-053,google.com,0,0
H003107,2026-01-13 08:46:21,karthik.bose54,EMP0054,PC-SAL-054,linkedin.com,0,0
H003108,2026-02-13 13:10:44,karthik.bose54,EMP0054,PC-SAL-054,atlassian.net,0,0
H003109,2026-01-02 17:39:15,karthik.bose54,EMP0054,PC-SAL-054,google.com,0,0
H003110,2026-02-02 10:27:12,karthik.bose54,EMP0054,PC-SAL-054,google.com,0,0
H003111,2026-02-03 09:24:18,karthik.bose54,EMP0054,PC-SAL-054,wikipedia.org,0,0
H003112,2026-01-19 09:43:29,karthik.bose54,EMP0054,PC-SAL-054,stackoverflow.com,0,0
H003113,2026-02-07 12:20:46,karthik.bose54,EMP0054,PC-SAL-054,slack.com,0,0
H003114,2026-02-13 10:45:15,karthik.bose54,EMP0054,PC-SAL-054,google.com,0,0
H003115,2026-01-05 12:35:26,karthik.bose54,EMP0054,PC-SAL-054,linkedin.com,0,0
H003116,2026-01-26 08:09:30,karthik.bose54,EMP0054,PC-SAL-054,stackoverflow.com,0,0
H003117,2026-01-22 21:55:14,karthik.bose54,EMP0054,PC-SAL-054,stackoverflow.com,0,0
H003118,2026-01-20 17:24:40,karthik.bose54,EMP0054,PC-SAL-054,github.com,0,0
H003119,2026-01-04 16:26:27,karthik.bose54,EMP0054,PC-SAL-054,stackoverflow.com,0,0
H003120,2026-01-16 09:03:07,karthik.bose54,EMP0054,PC-SAL-054,atlassian.net,0,0
H003121,2026-02-14 16:05:23,karthik.bose54,EMP0054,PC-SAL-054,slack.com,0,0
H003122,2026-02-14 08:56:44,karthik.bose54,EMP0054,PC-SAL-054,zoom.us,0,0
H003123,2026-01-12 21:26:13,karthik.bose54,EMP0054,PC-SAL-054,slack.com,0,0
H003124,2026-01-11 15:33:35,karthik.bose54,EMP0054,PC-SAL-054,slack.com,0,0
H003125,2026-01-12 16:12:23,karthik.bose54,EMP0054,PC-SAL-054,linkedin.com,0,0
H003126,2026-01-03 09:17:23,karthik.bose54,EMP0054,PC-SAL-054,zoom.us,0,0
H003127,2026-01-08 15:56:41,karthik.bose54,EMP0054,PC-SAL-054,atlassian.net,0,0
H003128,2026-01-14 09:18:59,karthik.bose54,EMP0054,PC-SAL-054,github.com,0,0
H003129,2026-01-06 07:29:21,karthik.bose54,EMP0054,PC-SAL-054,atlassian.net,0,0
H003130,2026-02-06 09:36:21,karthik.bose54,EMP0054,PC-SAL-054,linkedin.com,0,0
H003131,2026-02-11 09:48:52,karthik.bose54,EMP0054,PC-SAL-054,office365.com,0,0
H003132,2026-02-10 12:45:19,karthik.bose54,EMP0054,PC-SAL-054,github.com,0,0
H003133,2026-02-10 15:24:15,karthik.bose54,EMP0054,PC-SAL-054,wikipedia.org,0,0
H003134,2026-01-08 17:04:10,karthik.bose54,EMP0054,PC-SAL-054,google.com,0,0
H003135,2026-01-08 07:58:26,karthik.bose54,EMP0054,PC-SAL-054,atlassian.net,0,0
H003136,2026-02-01 13:11:57,karthik.bose54,EMP0054,PC-SAL-054,atlassian.net,0,0
H003137,2026-02-12 10:11:37,karthik.bose54,EMP0054,PC-SAL-054,google.com,0,0
H003138,2026-02-02 23:11:16,karthik.bose54,EMP0054,PC-SAL-054,linkedin.com,0,0
H003139,2026-01-14 10:41:58,karthik.bose54,EMP0054,PC-SAL-054,google.com,0,0
H003140,2026-02-09 12:31:23,karthik.bose54,EMP0054,PC-SAL-054,google.com,0,0
H003141,2026-01-08 10:54:00,karthik.bose54,EMP0054,PC-SAL-054,company-intranet.local,0,0
H003142,2026-01-30 09:07:16,karthik.bose54,EMP0054,PC-SAL-054,zoom.us,0,0
H003143,2026-02-11 07:33:14,karthik.bose54,EMP0054,PC-SAL-054,atlassian.net,0,0
H003144,2026-01-31 16:11:58,karthik.bose54,EMP0054,PC-SAL-054,stackoverflow.com,0,0
H003145,2026-01-04 10:29:52,karthik.bose54,EMP0054,PC-SAL-054,wikipedia.org,0,0
H003146,2026-01-11 09:47:12,karthik.bose54,EMP0054,PC-SAL-054,office365.com,0,0
H003147,2026-01-02 14:05:08,karthik.bose54,EMP0054,PC-SAL-054,atlassian.net,0,0
H003148,2026-01-26 21:57:15,karthik.bose54,EMP0054,PC-SAL-054,linkedin.com,0,0
H003149,2026-02-04 13:52:24,karthik.bose54,EMP0054,PC-SAL-054,github.com,0,0
H003150,2026-01-20 08:03:52,karthik.bose54,EMP0054,PC-SAL-054,office365.com,0,0
H003151,2026-01-18 13:00:27,karthik.bose54,EMP0054,PC-SAL-054,slack.com,0,0
H003152,2026-02-07 10:46:01,karthik.bose54,EMP0054,PC-SAL-054,slack.com,0,0
H003153,2026-02-08 13:15:47,karthik.bose54,EMP0054,PC-SAL-054,linkedin.com,0,0
H003154,2026-01-20 13:56:51,karthik.bose54,EMP0054,PC-SAL-054,github.com,0,0
H003155,2026-01-05 12:31:38,karthik.bose54,EMP0054,PC-SAL-054,company-intranet.local,0,0
H003156,2026-01-25 10:27:04,karthik.bose54,EMP0054,PC-SAL-054,atlassian.net,0,0
H003157,2026-01-29 07:37:00,karthik.bose54,EMP0054,PC-SAL-054,office365.com,0,0
H003158,2026-01-07 17:20:00,karthik.bose54,EMP0054,PC-SAL-054,github.com,0,0
H003159,2026-01-13 07:02:00,karthik.bose54,EMP0054,PC-SAL-054,atlassian.net,0,0
H003160,2026-01-04 08:30:10,karthik.bose54,EMP0054,PC-SAL-054,wikipedia.org,0,0
H003161,2026-02-09 12:50:55,karthik.bose54,EMP0054,PC-SAL-054,wikipedia.org,0,0
H003162,2026-01-15 13:07:59,karthik.bose54,EMP0054,PC-SAL-054,github.com,0,0
H003163,2026-01-04 12:56:05,karthik.bose54,EMP0054,PC-SAL-054,atlassian.net,0,0
H003164,2026-02-14 13:18:09,karthik.bose54,EMP0054,PC-SAL-054,zoom.us,0,0
H003165,2026-01-03 16:39:25,karthik.bose54,EMP0054,PC-SAL-054,slack.com,0,0
H003166,2026-02-09 13:40:48,karthik.bose54,EMP0054,PC-SAL-054,linkedin.com,0,0
H003167,2026-02-02 16:10:02,karthik.bose54,EMP0054,PC-SAL-054,company-intranet.local,0,0
H003168,2026-02-11 06:05:17,karthik.bose54,EMP0054,PC-SAL-054,atlassian.net,0,0
H003169,2026-01-09 09:00:41,karthik.bose54,EMP0054,PC-SAL-054,linkedin.com,0,0
H003170,2026-01-15 16:10:15,karthik.bose54,EMP0054,PC-SAL-054,wikipedia.org,0,0
H003171,2026-01-28 06:22:37,karthik.bose54,EMP0054,PC-SAL-054,zoom.us,0,0
H003172,2026-01-11 12:59:53,karthik.bose54,EMP0054,PC-SAL-054,zoom.us,0,0
H003173,2026-02-08 14:38:17,karthik.bose54,EMP0054,PC-SAL-054,linkedin.com,0,0
H003174,2026-01-21 14:44:27,karthik.bose54,EMP0054,PC-SAL-054,stackoverflow.com,0,0
H003175,2026-02-01 14:38:32,rohan.joshi55,EMP0055,PC-LEG-055,github.com,0,0
H003176,2026-02-07 09:21:20,rohan.joshi55,EMP0055,PC-LEG-055,linkedin.com,0,0
H003177,2026-01-31 13:42:52,rohan.joshi55,EMP0055,PC-LEG-055,google.com,0,0
H003178,2026-02-11 12:53:13,rohan.joshi55,EMP0055,PC-LEG-055,slack.com,0,0
H003179,2026-01-29 11:30:19,rohan.joshi55,EMP0055,PC-LEG-055,office365.com,0,0
H003180,2026-01-03 10:13:38,rohan.joshi55,EMP0055,PC-LEG-055,atlassian.net,0,0
H003181,2026-02-13 12:20:00,rohan.joshi55,EMP0055,PC-LEG-055,atlassian.net,0,0
H003182,2026-01-15 13:15:21,rohan.joshi55,EMP0055,PC-LEG-055,slack.com,0,0
H003183,2026-01-02 16:33:22,rohan.joshi55,EMP0055,PC-LEG-055,wikipedia.org,0,0
H003184,2026-02-10 11:40:24,rohan.joshi55,EMP0055,PC-LEG-055,slack.com,0,0
H003185,2026-01-01 16:26:13,rohan.joshi55,EMP0055,PC-LEG-055,zoom.us,0,0
H003186,2026-01-20 14:58:58,rohan.joshi55,EMP0055,PC-LEG-055,slack.com,0,0
H003187,2026-01-02 17:20:54,rohan.joshi55,EMP0055,PC-LEG-055,office365.com,0,0
H003188,2026-01-11 07:05:32,rohan.joshi55,EMP0055,PC-LEG-055,atlassian.net,0,0
H003189,2026-01-09 10:42:08,rohan.joshi55,EMP0055,PC-LEG-055,slack.com,0,0
H003190,2026-01-20 16:18:58,rohan.joshi55,EMP0055,PC-LEG-055,office365.com,0,0
H003191,2026-02-03 02:50:08,rohan.joshi55,EMP0055,PC-LEG-055,atlassian.net,0,0
H003192,2026-01-23 13:03:32,rohan.joshi55,EMP0055,PC-LEG-055,zoom.us,0,0
H003193,2026-02-08 13:20:25,rohan.joshi55,EMP0055,PC-LEG-055,zoom.us,0,0
H003194,2026-01-16 10:51:17,rohan.joshi55,EMP0055,PC-LEG-055,stackoverflow.com,0,0
H003195,2026-01-31 15:48:46,rohan.joshi55,EMP0055,PC-LEG-055,google.com,0,0
H003196,2026-01-22 04:28:46,rohan.joshi55,EMP0055,PC-LEG-055,slack.com,0,0
H003197,2026-02-13 18:49:49,rohan.joshi55,EMP0055,PC-LEG-055,zoom.us,0,0
H003198,2026-01-30 17:31:56,rohan.joshi55,EMP0055,PC-LEG-055,atlassian.net,0,0
H003199,2026-02-05 15:51:46,rohan.joshi55,EMP0055,PC-LEG-055,zoom.us,0,0
H003200,2026-01-10 10:10:10,rohan.joshi55,EMP0055,PC-LEG-055,zoom.us,0,0
H003201,2026-02-05 16:26:29,rohan.joshi55,EMP0055,PC-LEG-055,google.com,0,0
H003202,2026-02-10 05:42:31,rohan.joshi55,EMP0055,PC-LEG-055,zoom.us,0,0
H003203,2026-01-11 16:54:30,rohan.joshi55,EMP0055,PC-LEG-055,google.com,0,0
H003204,2026-02-10 17:39:17,rohan.joshi55,EMP0055,PC-LEG-055,google.com,0,0
H003205,2026-02-13 15:27:20,rohan.joshi55,EMP0055,PC-LEG-055,github.com,0,0
H003206,2026-01-14 15:25:31,rohan.joshi55,EMP0055,PC-LEG-055,atlassian.net,0,0
H003207,2026-02-13 16:59:36,rohan.joshi55,EMP0055,PC-LEG-055,google.com,0,0
H003208,2026-01-04 08:52:14,rohan.joshi55,EMP0055,PC-LEG-055,wikipedia.org,0,0
H003209,2026-01-22 09:28:00,rohan.joshi55,EMP0055,PC-LEG-055,company-intranet.local,0,0
H003210,2026-02-05 09:05:21,rohan.joshi55,EMP0055,PC-LEG-055,google.com,0,0
H003211,2026-01-06 18:18:09,rohan.joshi55,EMP0055,PC-LEG-055,slack.com,0,0
H003212,2026-02-06 15:30:56,rohan.joshi55,EMP0055,PC-LEG-055,zoom.us,0,0
H003213,2026-01-15 16:34:21,rohan.joshi55,EMP0055,PC-LEG-055,office365.com,0,0
H003214,2026-01-13 14:38:55,rohan.joshi55,EMP0055,PC-LEG-055,linkedin.com,0,0
H003215,2026-01-25 14:21:10,rohan.joshi55,EMP0055,PC-LEG-055,google.com,0,0
H003216,2026-01-19 11:19:08,rohan.joshi55,EMP0055,PC-LEG-055,slack.com,0,0
H003217,2026-01-11 02:03:32,rohan.joshi55,EMP0055,PC-LEG-055,zoom.us,0,0
H003218,2026-01-10 02:50:15,rohan.joshi55,EMP0055,PC-LEG-055,stackoverflow.com,0,0
H003219,2026-01-17 16:04:04,rohan.joshi55,EMP0055,PC-LEG-055,wikipedia.org,0,0
H003220,2026-02-08 12:31:12,rohan.joshi55,EMP0055,PC-LEG-055,linkedin.com,0,0
H003221,2026-01-10 12:41:24,rohan.joshi55,EMP0055,PC-LEG-055,zoom.us,0,0
H003222,2026-02-08 17:12:42,rohan.joshi55,EMP0055,PC-LEG-055,stackoverflow.com,0,0
H003223,2026-02-14 12:18:06,rohan.joshi55,EMP0055,PC-LEG-055,google.com,0,0
H003224,2026-01-05 11:51:56,rohan.joshi55,EMP0055,PC-LEG-055,slack.com,0,0
H003225,2026-01-04 23:12:53,rohan.joshi55,EMP0055,PC-LEG-055,stackoverflow.com,0,0
H003226,2026-01-04 12:23:18,rohan.joshi55,EMP0055,PC-LEG-055,atlassian.net,0,0
H003227,2026-01-06 12:19:15,rohan.joshi55,EMP0055,PC-LEG-055,slack.com,0,0
H003228,2026-02-11 15:27:03,rohan.joshi55,EMP0055,PC-LEG-055,github.com,0,0
H003229,2026-02-13 01:38:58,rohan.joshi55,EMP0055,PC-LEG-055,stackoverflow.com,0,0
H003230,2026-01-06 08:58:35,rohan.joshi55,EMP0055,PC-LEG-055,wikipedia.org,0,0
H003231,2026-01-04 14:43:58,rohan.joshi55,EMP0055,PC-LEG-055,office365.com,0,0
H003232,2026-01-03 13:59:26,rohan.joshi55,EMP0055,PC-LEG-055,linkedin.com,0,0
H003233,2026-01-27 12:29:50,rohan.joshi55,EMP0055,PC-LEG-055,linkedin.com,0,0
H003234,2026-01-30 09:26:21,rohan.joshi55,EMP0055,PC-LEG-055,linkedin.com,0,0
H003235,2026-01-25 09:22:19,rohan.joshi55,EMP0055,PC-LEG-055,zoom.us,0,0
H003236,2026-02-09 16:13:16,rohan.joshi55,EMP0055,PC-LEG-055,wikipedia.org,0,0
H003237,2026-01-08 13:51:55,rohan.joshi55,EMP0055,PC-LEG-055,atlassian.net,0,0
H003238,2026-01-13 10:47:46,rohan.joshi55,EMP0055,PC-LEG-055,office365.com,0,0
H003239,2026-01-07 17:08:24,rohan.joshi55,EMP0055,PC-LEG-055,google.com,0,0
H003240,2026-01-14 13:23:13,rohan.joshi55,EMP0055,PC-LEG-055,stackoverflow.com,0,0
H003241,2026-01-04 12:46:48,rohan.joshi55,EMP0055,PC-LEG-055,github.com,0,0
H003242,2026-01-13 14:12:41,rohan.joshi55,EMP0055,PC-LEG-055,office365.com,0,0
H003243,2026-01-14 10:47:04,rohan.joshi55,EMP0055,PC-LEG-055,atlassian.net,0,0
H003244,2026-02-11 12:21:47,rohan.joshi55,EMP0055,PC-LEG-055,company-intranet.local,0,0
H003245,2026-01-30 02:24:16,rohan.joshi55,EMP0055,PC-LEG-055,company-intranet.local,0,0
H003246,2026-01-28 08:50:27,rohan.joshi55,EMP0055,PC-LEG-055,company-intranet.local,0,0
H003247,2026-01-25 11:45:06,rohan.joshi55,EMP0055,PC-LEG-055,zoom.us,0,0
H003248,2026-02-10 23:47:52,rohan.joshi55,EMP0055,PC-LEG-055,atlassian.net,0,0
H003249,2026-01-20 15:30:27,rohan.joshi55,EMP0055,PC-LEG-055,github.com,0,0
H003250,2026-01-07 18:57:26,rohan.joshi55,EMP0055,PC-LEG-055,atlassian.net,0,0
H003251,2026-02-05 22:47:16,rohan.joshi55,EMP0055,PC-LEG-055,github.com,0,0
H003252,2026-01-30 14:53:57,rohan.joshi55,EMP0055,PC-LEG-055,google.com,0,0
H003253,2026-01-16 04:03:27,rajesh.iyer56,EMP0056,PC-FIN-056,dropbox-shared-link.info,1,1
H003254,2026-01-21 17:22:10,rajesh.iyer56,EMP0056,PC-FIN-056,company-intranet.local,0,0
H003255,2026-01-11 05:32:39,rajesh.iyer56,EMP0056,PC-FIN-056,pastebin.com,1,1
H003256,2026-01-30 07:23:34,rajesh.iyer56,EMP0056,PC-FIN-056,github.com,0,0
H003257,2026-02-04 22:35:38,rajesh.iyer56,EMP0056,PC-FIN-056,office365.com,0,0
H003258,2026-02-07 16:37:19,rajesh.iyer56,EMP0056,PC-FIN-056,google.com,0,0
H003259,2026-01-23 10:46:21,rajesh.iyer56,EMP0056,PC-FIN-056,google.com,0,0
H003260,2026-02-07 04:20:53,rajesh.iyer56,EMP0056,PC-FIN-056,competitor-jobsboard.com,1,1
H003261,2026-01-26 09:19:27,rajesh.iyer56,EMP0056,PC-FIN-056,atlassian.net,0,0
H003262,2026-01-21 00:01:16,rajesh.iyer56,EMP0056,PC-FIN-056,file-transfer-anon.net,1,1
H003263,2026-01-24 02:56:56,rajesh.iyer56,EMP0056,PC-FIN-056,competitor-jobsboard.com,1,1
H003264,2026-02-03 12:21:16,rajesh.iyer56,EMP0056,PC-FIN-056,linkedin.com,0,0
H003265,2026-01-01 12:30:48,rajesh.iyer56,EMP0056,PC-FIN-056,linkedin.com,0,0
H003266,2026-02-08 15:07:57,rajesh.iyer56,EMP0056,PC-FIN-056,atlassian.net,0,0
H003267,2026-01-25 04:59:39,rajesh.iyer56,EMP0056,PC-FIN-056,stackoverflow.com,0,0
H003268,2026-01-28 15:21:57,rajesh.iyer56,EMP0056,PC-FIN-056,company-intranet.local,0,0
H003269,2026-01-09 14:03:51,rajesh.iyer56,EMP0056,PC-FIN-056,atlassian.net,0,0
H003270,2026-02-12 23:57:45,rajesh.iyer56,EMP0056,PC-FIN-056,file-transfer-anon.net,1,1
H003271,2026-02-10 09:54:27,rajesh.iyer56,EMP0056,PC-FIN-056,company-intranet.local,0,0
H003272,2026-02-13 22:06:14,rajesh.iyer56,EMP0056,PC-FIN-056,darkweb-mirror.onion.link,1,1
H003273,2026-01-20 23:37:39,rajesh.iyer56,EMP0056,PC-FIN-056,pastebin.com,1,1
H003274,2026-02-13 10:17:22,rajesh.iyer56,EMP0056,PC-FIN-056,linkedin.com,0,0
H003275,2026-01-21 12:18:41,rajesh.iyer56,EMP0056,PC-FIN-056,github.com,0,0
H003276,2026-02-02 14:12:55,rajesh.iyer56,EMP0056,PC-FIN-056,github.com,0,0
H003277,2026-02-05 12:57:32,rajesh.iyer56,EMP0056,PC-FIN-056,zoom.us,0,0
H003278,2026-01-06 14:27:58,rajesh.iyer56,EMP0056,PC-FIN-056,slack.com,0,0
H003279,2026-02-03 06:22:47,rajesh.iyer56,EMP0056,PC-FIN-056,linkedin.com,0,0
H003280,2026-01-08 10:26:43,rajesh.iyer56,EMP0056,PC-FIN-056,slack.com,0,0
H003281,2026-01-06 11:37:57,rajesh.iyer56,EMP0056,PC-FIN-056,atlassian.net,0,0
H003282,2026-01-03 11:47:15,rajesh.iyer56,EMP0056,PC-FIN-056,slack.com,0,0
H003283,2026-01-17 01:36:56,rajesh.iyer56,EMP0056,PC-FIN-056,zoom.us,0,0
H003284,2026-01-21 22:07:55,rajesh.iyer56,EMP0056,PC-FIN-056,file-transfer-anon.net,1,1
H003285,2026-01-15 05:26:12,rajesh.iyer56,EMP0056,PC-FIN-056,pastebin.com,1,1
H003286,2026-01-09 10:04:32,rajesh.iyer56,EMP0056,PC-FIN-056,github.com,0,0
H003287,2026-01-24 11:37:08,rajesh.iyer56,EMP0056,PC-FIN-056,office365.com,0,0
H003288,2026-01-10 11:36:28,rajesh.iyer56,EMP0056,PC-FIN-056,atlassian.net,0,0
H003289,2026-02-05 14:24:37,rajesh.iyer56,EMP0056,PC-FIN-056,linkedin.com,0,0
H003290,2026-02-05 11:48:52,rajesh.iyer56,EMP0056,PC-FIN-056,wikipedia.org,0,0
H003291,2026-02-10 11:12:05,rajesh.iyer56,EMP0056,PC-FIN-056,google.com,0,0
H003292,2026-01-28 06:10:31,rajesh.iyer56,EMP0056,PC-FIN-056,company-intranet.local,0,0
H003293,2026-01-17 10:56:53,rajesh.iyer56,EMP0056,PC-FIN-056,github.com,0,0
H003294,2026-01-12 15:46:05,rajesh.iyer56,EMP0056,PC-FIN-056,slack.com,0,0
H003295,2026-01-17 00:07:08,rajesh.iyer56,EMP0056,PC-FIN-056,wetransfer.com,1,1
H003296,2026-01-19 17:49:00,rajesh.iyer56,EMP0056,PC-FIN-056,office365.com,0,0
H003297,2026-02-01 21:48:38,rajesh.iyer56,EMP0056,PC-FIN-056,office365.com,0,0
H003298,2026-02-06 16:15:29,rajesh.iyer56,EMP0056,PC-FIN-056,company-intranet.local,0,0
H003299,2026-02-03 10:51:24,rajesh.iyer56,EMP0056,PC-FIN-056,company-intranet.local,0,0
H003300,2026-01-27 08:00:26,rajesh.iyer56,EMP0056,PC-FIN-056,stackoverflow.com,0,0
H003301,2026-01-23 08:47:22,rajesh.iyer56,EMP0056,PC-FIN-056,linkedin.com,0,0
H003302,2026-01-30 13:18:10,rajesh.iyer56,EMP0056,PC-FIN-056,google.com,0,0
H003303,2026-02-03 06:51:19,rajesh.iyer56,EMP0056,PC-FIN-056,company-intranet.local,0,0
H003304,2026-01-03 02:30:13,rajesh.iyer56,EMP0056,PC-FIN-056,file-transfer-anon.net,1,1
H003305,2026-01-14 09:33:11,rajesh.iyer56,EMP0056,PC-FIN-056,linkedin.com,0,0
H003306,2026-01-20 22:13:47,rajesh.iyer56,EMP0056,PC-FIN-056,zoom.us,0,0
H003307,2026-01-09 09:21:53,rajesh.iyer56,EMP0056,PC-FIN-056,slack.com,0,0
H003308,2026-01-06 02:00:15,rajesh.iyer56,EMP0056,PC-FIN-056,competitor-jobsboard.com,1,1
H003309,2026-02-04 22:54:52,rajesh.iyer56,EMP0056,PC-FIN-056,darkweb-mirror.onion.link,1,1
H003310,2026-02-07 14:26:08,rajesh.iyer56,EMP0056,PC-FIN-056,office365.com,0,0
H003311,2026-02-05 17:42:55,rajesh.iyer56,EMP0056,PC-FIN-056,office365.com,0,0
H003312,2026-01-07 07:59:10,manoj.mehta57,EMP0057,PC-FIN-057,wikipedia.org,0,0
H003313,2026-01-06 11:50:38,manoj.mehta57,EMP0057,PC-FIN-057,company-intranet.local,0,0
H003314,2026-01-14 13:27:24,manoj.mehta57,EMP0057,PC-FIN-057,slack.com,0,0
H003315,2026-01-15 10:46:39,manoj.mehta57,EMP0057,PC-FIN-057,atlassian.net,0,0
H003316,2026-01-31 08:04:41,manoj.mehta57,EMP0057,PC-FIN-057,stackoverflow.com,0,0
H003317,2026-01-11 11:54:20,manoj.mehta57,EMP0057,PC-FIN-057,google.com,0,0
H003318,2026-02-02 09:00:12,manoj.mehta57,EMP0057,PC-FIN-057,stackoverflow.com,0,0
H003319,2026-02-13 12:03:45,manoj.mehta57,EMP0057,PC-FIN-057,github.com,0,0
H003320,2026-02-12 14:17:01,manoj.mehta57,EMP0057,PC-FIN-057,stackoverflow.com,0,0
H003321,2026-02-01 10:22:40,manoj.mehta57,EMP0057,PC-FIN-057,stackoverflow.com,0,0
H003322,2026-02-12 15:42:12,manoj.mehta57,EMP0057,PC-FIN-057,github.com,0,0
H003323,2026-01-17 15:08:54,manoj.mehta57,EMP0057,PC-FIN-057,linkedin.com,0,0
H003324,2026-02-14 10:28:53,manoj.mehta57,EMP0057,PC-FIN-057,office365.com,0,0
H003325,2026-02-07 13:03:52,manoj.mehta57,EMP0057,PC-FIN-057,stackoverflow.com,0,0
H003326,2026-01-04 10:32:29,manoj.mehta57,EMP0057,PC-FIN-057,wikipedia.org,0,0
H003327,2026-01-04 11:04:08,manoj.mehta57,EMP0057,PC-FIN-057,slack.com,0,0
H003328,2026-01-22 08:54:54,manoj.mehta57,EMP0057,PC-FIN-057,google.com,0,0
H003329,2026-01-19 15:38:04,manoj.mehta57,EMP0057,PC-FIN-057,wikipedia.org,0,0
H003330,2026-01-23 08:46:38,manoj.mehta57,EMP0057,PC-FIN-057,wikipedia.org,0,0
H003331,2026-01-16 12:57:10,manoj.mehta57,EMP0057,PC-FIN-057,company-intranet.local,0,0
H003332,2026-01-05 10:17:37,manoj.mehta57,EMP0057,PC-FIN-057,linkedin.com,0,0
H003333,2026-01-29 12:17:36,manoj.mehta57,EMP0057,PC-FIN-057,office365.com,0,0
H003334,2026-01-16 10:05:26,manoj.mehta57,EMP0057,PC-FIN-057,zoom.us,0,0
H003335,2026-01-29 11:22:08,manoj.mehta57,EMP0057,PC-FIN-057,wikipedia.org,0,0
H003336,2026-01-11 19:45:51,manoj.mehta57,EMP0057,PC-FIN-057,slack.com,0,0
H003337,2026-01-07 16:41:20,manoj.mehta57,EMP0057,PC-FIN-057,atlassian.net,0,0
H003338,2026-02-06 14:01:56,manoj.mehta57,EMP0057,PC-FIN-057,github.com,0,0
H003339,2026-02-06 09:54:16,manoj.mehta57,EMP0057,PC-FIN-057,google.com,0,0
H003340,2026-01-19 08:54:47,manoj.mehta57,EMP0057,PC-FIN-057,atlassian.net,0,0
H003341,2026-01-21 11:53:51,manoj.mehta57,EMP0057,PC-FIN-057,slack.com,0,0
H003342,2026-01-26 07:56:15,manoj.mehta57,EMP0057,PC-FIN-057,wikipedia.org,0,0
H003343,2026-02-04 16:21:40,manoj.mehta57,EMP0057,PC-FIN-057,zoom.us,0,0
H003344,2026-01-02 15:56:58,manoj.mehta57,EMP0057,PC-FIN-057,company-intranet.local,0,0
H003345,2026-02-07 16:44:23,manoj.mehta57,EMP0057,PC-FIN-057,google.com,0,0
H003346,2026-01-23 14:47:28,manoj.mehta57,EMP0057,PC-FIN-057,wikipedia.org,0,0
H003347,2026-01-13 08:13:36,manoj.mehta57,EMP0057,PC-FIN-057,zoom.us,0,0
H003348,2026-02-07 15:24:51,manoj.mehta57,EMP0057,PC-FIN-057,company-intranet.local,0,0
H003349,2026-01-08 13:18:05,manoj.mehta57,EMP0057,PC-FIN-057,github.com,0,0
H003350,2026-02-10 11:26:24,manoj.mehta57,EMP0057,PC-FIN-057,office365.com,0,0
H003351,2026-02-05 15:42:14,manoj.mehta57,EMP0057,PC-FIN-057,slack.com,0,0
H003352,2026-01-03 14:31:34,manoj.mehta57,EMP0057,PC-FIN-057,company-intranet.local,0,0
H003353,2026-01-29 08:42:08,manoj.mehta57,EMP0057,PC-FIN-057,company-intranet.local,0,0
H003354,2026-01-15 18:45:13,manoj.mehta57,EMP0057,PC-FIN-057,wikipedia.org,0,0
H003355,2026-02-05 07:04:10,manoj.mehta57,EMP0057,PC-FIN-057,company-intranet.local,0,0
H003356,2026-02-06 13:25:54,manoj.mehta57,EMP0057,PC-FIN-057,linkedin.com,0,0
H003357,2026-01-28 21:28:10,manoj.mehta57,EMP0057,PC-FIN-057,company-intranet.local,0,0
H003358,2026-01-13 14:14:18,manoj.mehta57,EMP0057,PC-FIN-057,atlassian.net,0,0
H003359,2026-02-02 08:57:24,manoj.mehta57,EMP0057,PC-FIN-057,zoom.us,0,0
H003360,2026-01-27 11:29:40,manoj.mehta57,EMP0057,PC-FIN-057,office365.com,0,0
H003361,2026-02-07 13:00:22,manoj.mehta57,EMP0057,PC-FIN-057,slack.com,0,0
H003362,2026-02-12 16:31:51,manoj.mehta57,EMP0057,PC-FIN-057,atlassian.net,0,0
H003363,2026-01-13 13:31:30,manoj.mehta57,EMP0057,PC-FIN-057,company-intranet.local,0,0
H003364,2026-01-21 09:52:28,manoj.mehta57,EMP0057,PC-FIN-057,stackoverflow.com,0,0
H003365,2026-02-08 09:25:16,manoj.mehta57,EMP0057,PC-FIN-057,google.com,0,0
H003366,2026-01-01 13:47:21,manoj.mehta57,EMP0057,PC-FIN-057,atlassian.net,0,0
H003367,2026-01-28 17:41:34,manoj.mehta57,EMP0057,PC-FIN-057,linkedin.com,0,0
H003368,2026-01-16 14:03:48,manoj.mehta57,EMP0057,PC-FIN-057,zoom.us,0,0
H003369,2026-02-03 20:27:34,manoj.mehta57,EMP0057,PC-FIN-057,office365.com,0,0
H003370,2026-01-04 16:21:13,manoj.mehta57,EMP0057,PC-FIN-057,office365.com,0,0
H003371,2026-01-09 20:51:11,manoj.mehta57,EMP0057,PC-FIN-057,slack.com,0,0
H003372,2026-01-27 07:17:31,manoj.mehta57,EMP0057,PC-FIN-057,wikipedia.org,0,0
H003373,2026-01-04 14:36:20,manoj.mehta57,EMP0057,PC-FIN-057,wikipedia.org,0,0
H003374,2026-01-04 09:54:05,manoj.mehta57,EMP0057,PC-FIN-057,atlassian.net,0,0
H003375,2026-01-25 07:20:38,manoj.mehta57,EMP0057,PC-FIN-057,linkedin.com,0,0
H003376,2026-01-01 04:04:58,manoj.mehta57,EMP0057,PC-FIN-057,google.com,0,0
H003377,2026-02-12 05:56:59,manoj.mehta57,EMP0057,PC-FIN-057,company-intranet.local,0,0
H003378,2026-01-29 08:32:20,manoj.mehta57,EMP0057,PC-FIN-057,atlassian.net,0,0
H003379,2026-01-26 11:48:45,manoj.mehta57,EMP0057,PC-FIN-057,stackoverflow.com,0,0
H003380,2026-02-10 09:31:18,manoj.mehta57,EMP0057,PC-FIN-057,stackoverflow.com,0,0
H003381,2026-01-26 15:14:52,manoj.mehta57,EMP0057,PC-FIN-057,google.com,0,0
H003382,2026-02-10 20:35:38,manoj.mehta57,EMP0057,PC-FIN-057,atlassian.net,0,0
H003383,2026-01-07 08:36:33,manoj.mehta57,EMP0057,PC-FIN-057,zoom.us,0,0
H003384,2026-02-06 10:04:33,manoj.mehta57,EMP0057,PC-FIN-057,stackoverflow.com,0,0
H003385,2026-01-10 07:00:22,manoj.mehta57,EMP0057,PC-FIN-057,atlassian.net,0,0
H003386,2026-01-09 18:34:40,manoj.mehta57,EMP0057,PC-FIN-057,atlassian.net,0,0
H003387,2026-01-12 10:04:06,anjali.mehta58,EMP0058,PC-FIN-058,office365.com,0,0
H003388,2026-02-07 14:12:48,anjali.mehta58,EMP0058,PC-FIN-058,zoom.us,0,0
H003389,2026-02-08 09:47:00,anjali.mehta58,EMP0058,PC-FIN-058,google.com,0,0
H003390,2026-01-19 08:36:18,anjali.mehta58,EMP0058,PC-FIN-058,office365.com,0,0
H003391,2026-01-12 09:28:39,anjali.mehta58,EMP0058,PC-FIN-058,google.com,0,0
H003392,2026-02-07 03:43:14,anjali.mehta58,EMP0058,PC-FIN-058,github.com,0,0
H003393,2026-01-16 12:45:28,anjali.mehta58,EMP0058,PC-FIN-058,slack.com,0,0
H003394,2026-01-30 10:27:02,anjali.mehta58,EMP0058,PC-FIN-058,slack.com,0,0
H003395,2026-01-11 16:33:36,anjali.mehta58,EMP0058,PC-FIN-058,zoom.us,0,0
H003396,2026-01-05 17:49:53,anjali.mehta58,EMP0058,PC-FIN-058,atlassian.net,0,0
H003397,2026-01-02 14:36:39,anjali.mehta58,EMP0058,PC-FIN-058,linkedin.com,0,0
H003398,2026-02-05 08:29:18,anjali.mehta58,EMP0058,PC-FIN-058,atlassian.net,0,0
H003399,2026-02-12 14:12:01,anjali.mehta58,EMP0058,PC-FIN-058,wikipedia.org,0,0
H003400,2026-01-07 12:26:15,anjali.mehta58,EMP0058,PC-FIN-058,github.com,0,0
H003401,2026-02-14 15:42:13,anjali.mehta58,EMP0058,PC-FIN-058,google.com,0,0
H003402,2026-02-13 15:45:00,anjali.mehta58,EMP0058,PC-FIN-058,github.com,0,0
H003403,2026-01-25 15:15:32,anjali.mehta58,EMP0058,PC-FIN-058,github.com,0,0
H003404,2026-01-01 11:22:59,anjali.mehta58,EMP0058,PC-FIN-058,atlassian.net,0,0
H003405,2026-02-05 07:20:07,anjali.mehta58,EMP0058,PC-FIN-058,stackoverflow.com,0,0
H003406,2026-01-15 16:06:04,anjali.mehta58,EMP0058,PC-FIN-058,linkedin.com,0,0
H003407,2026-02-02 11:21:28,anjali.mehta58,EMP0058,PC-FIN-058,linkedin.com,0,0
H003408,2026-01-26 16:31:04,anjali.mehta58,EMP0058,PC-FIN-058,google.com,0,0
H003409,2026-01-09 22:50:55,anjali.mehta58,EMP0058,PC-FIN-058,wikipedia.org,0,0
H003410,2026-02-05 13:48:02,anjali.mehta58,EMP0058,PC-FIN-058,stackoverflow.com,0,0
H003411,2026-01-04 17:33:28,anjali.mehta58,EMP0058,PC-FIN-058,zoom.us,0,0
H003412,2026-01-29 09:22:32,anjali.mehta58,EMP0058,PC-FIN-058,google.com,0,0
H003413,2026-01-12 09:53:00,anjali.mehta58,EMP0058,PC-FIN-058,stackoverflow.com,0,0
H003414,2026-01-27 01:28:31,anjali.mehta58,EMP0058,PC-FIN-058,wikipedia.org,0,0
H003415,2026-01-31 07:55:41,anjali.mehta58,EMP0058,PC-FIN-058,github.com,0,0
H003416,2026-01-18 15:30:42,anjali.mehta58,EMP0058,PC-FIN-058,github.com,0,0
H003417,2026-01-25 10:48:56,anjali.mehta58,EMP0058,PC-FIN-058,linkedin.com,0,0
H003418,2026-01-05 08:25:18,anjali.mehta58,EMP0058,PC-FIN-058,google.com,0,0
H003419,2026-01-27 11:16:44,anjali.mehta58,EMP0058,PC-FIN-058,zoom.us,0,0
H003420,2026-01-07 14:19:20,anjali.mehta58,EMP0058,PC-FIN-058,stackoverflow.com,0,0
H003421,2026-01-29 10:11:22,anjali.mehta58,EMP0058,PC-FIN-058,linkedin.com,0,0
H003422,2026-01-20 21:19:43,anjali.mehta58,EMP0058,PC-FIN-058,wikipedia.org,0,0
H003423,2026-02-04 08:54:20,anjali.mehta58,EMP0058,PC-FIN-058,github.com,0,0
H003424,2026-01-27 14:38:36,anjali.mehta58,EMP0058,PC-FIN-058,company-intranet.local,0,0
H003425,2026-01-08 15:23:06,anjali.mehta58,EMP0058,PC-FIN-058,office365.com,0,0
H003426,2026-01-08 09:27:30,anjali.mehta58,EMP0058,PC-FIN-058,stackoverflow.com,0,0
H003427,2026-01-15 12:22:04,anjali.mehta58,EMP0058,PC-FIN-058,zoom.us,0,0
H003428,2026-01-30 11:47:26,anjali.mehta58,EMP0058,PC-FIN-058,linkedin.com,0,0
H003429,2026-01-03 14:03:42,anjali.mehta58,EMP0058,PC-FIN-058,slack.com,0,0
H003430,2026-02-04 00:38:34,anjali.mehta58,EMP0058,PC-FIN-058,stackoverflow.com,0,0
H003431,2026-02-02 14:04:55,anjali.mehta58,EMP0058,PC-FIN-058,google.com,0,0
H003432,2026-01-15 09:20:44,anjali.mehta58,EMP0058,PC-FIN-058,company-intranet.local,0,0
H003433,2026-01-12 15:20:32,anjali.mehta58,EMP0058,PC-FIN-058,slack.com,0,0
H003434,2026-01-04 09:40:19,anjali.mehta58,EMP0058,PC-FIN-058,zoom.us,0,0
H003435,2026-01-25 08:15:54,anjali.mehta58,EMP0058,PC-FIN-058,stackoverflow.com,0,0
H003436,2026-02-04 13:15:19,anjali.mehta58,EMP0058,PC-FIN-058,google.com,0,0
H003437,2026-01-24 08:49:20,anjali.mehta58,EMP0058,PC-FIN-058,linkedin.com,0,0
H003438,2026-01-04 10:20:55,anjali.mehta58,EMP0058,PC-FIN-058,zoom.us,0,0
H003439,2026-01-31 16:40:08,anjali.mehta58,EMP0058,PC-FIN-058,slack.com,0,0
H003440,2026-01-13 12:00:52,anjali.mehta58,EMP0058,PC-FIN-058,stackoverflow.com,0,0
H003441,2026-01-11 19:43:47,anjali.mehta58,EMP0058,PC-FIN-058,github.com,0,0
H003442,2026-01-30 07:07:42,anjali.mehta58,EMP0058,PC-FIN-058,wikipedia.org,0,0
H003443,2026-02-12 10:10:45,anjali.mehta58,EMP0058,PC-FIN-058,wikipedia.org,0,0
H003444,2026-02-10 10:59:29,anjali.mehta58,EMP0058,PC-FIN-058,atlassian.net,0,0
H003445,2026-01-31 11:51:11,anjali.mehta58,EMP0058,PC-FIN-058,stackoverflow.com,0,0
H003446,2026-02-10 11:13:43,anjali.mehta58,EMP0058,PC-FIN-058,wikipedia.org,0,0
H003447,2026-01-23 14:17:30,anjali.mehta58,EMP0058,PC-FIN-058,wikipedia.org,0,0
H003448,2026-01-29 15:44:11,anjali.mehta58,EMP0058,PC-FIN-058,slack.com,0,0
H003449,2026-02-03 07:55:12,anjali.mehta58,EMP0058,PC-FIN-058,office365.com,0,0
H003450,2026-02-09 08:46:36,anjali.mehta58,EMP0058,PC-FIN-058,atlassian.net,0,0
H003451,2026-01-06 15:45:11,anjali.mehta58,EMP0058,PC-FIN-058,stackoverflow.com,0,0
H003452,2026-01-09 12:44:00,anjali.mehta58,EMP0058,PC-FIN-058,slack.com,0,0
H003453,2026-01-12 10:43:37,anjali.mehta58,EMP0058,PC-FIN-058,atlassian.net,0,0
H003454,2026-01-07 17:23:17,anjali.mehta58,EMP0058,PC-FIN-058,zoom.us,0,0
H003455,2026-01-24 09:53:34,anjali.mehta58,EMP0058,PC-FIN-058,google.com,0,0
H003456,2026-01-11 10:57:33,anjali.mehta58,EMP0058,PC-FIN-058,stackoverflow.com,0,0
H003457,2026-01-06 09:00:03,anjali.mehta58,EMP0058,PC-FIN-058,stackoverflow.com,0,0
H003458,2026-01-26 09:12:57,deepak.naidu59,EMP0059,PC-ENG-059,github.com,0,0
H003459,2026-02-02 08:30:12,deepak.naidu59,EMP0059,PC-ENG-059,zoom.us,0,0
H003460,2026-02-12 09:39:00,deepak.naidu59,EMP0059,PC-ENG-059,atlassian.net,0,0
H003461,2026-01-29 13:48:34,deepak.naidu59,EMP0059,PC-ENG-059,slack.com,0,0
H003462,2026-01-24 11:27:53,deepak.naidu59,EMP0059,PC-ENG-059,wikipedia.org,0,0
H003463,2026-02-07 14:41:08,deepak.naidu59,EMP0059,PC-ENG-059,office365.com,0,0
H003464,2026-01-13 08:47:50,deepak.naidu59,EMP0059,PC-ENG-059,zoom.us,0,0
H003465,2026-01-04 12:11:54,deepak.naidu59,EMP0059,PC-ENG-059,wikipedia.org,0,0
H003466,2026-01-27 17:20:24,deepak.naidu59,EMP0059,PC-ENG-059,atlassian.net,0,0
H003467,2026-02-10 08:28:24,deepak.naidu59,EMP0059,PC-ENG-059,company-intranet.local,0,0
H003468,2026-02-13 14:52:55,deepak.naidu59,EMP0059,PC-ENG-059,wikipedia.org,0,0
H003469,2026-01-12 08:36:10,deepak.naidu59,EMP0059,PC-ENG-059,zoom.us,0,0
H003470,2026-02-04 11:33:38,deepak.naidu59,EMP0059,PC-ENG-059,atlassian.net,0,0
H003471,2026-01-26 11:56:42,deepak.naidu59,EMP0059,PC-ENG-059,stackoverflow.com,0,0
H003472,2026-01-26 08:25:12,deepak.naidu59,EMP0059,PC-ENG-059,stackoverflow.com,0,0
H003473,2026-01-02 16:18:24,deepak.naidu59,EMP0059,PC-ENG-059,company-intranet.local,0,0
H003474,2026-01-07 11:47:25,deepak.naidu59,EMP0059,PC-ENG-059,github.com,0,0
H003475,2026-02-02 15:15:13,deepak.naidu59,EMP0059,PC-ENG-059,slack.com,0,0
H003476,2026-01-20 13:32:52,deepak.naidu59,EMP0059,PC-ENG-059,atlassian.net,0,0
H003477,2026-02-12 12:36:05,deepak.naidu59,EMP0059,PC-ENG-059,office365.com,0,0
H003478,2026-01-28 15:15:16,deepak.naidu59,EMP0059,PC-ENG-059,stackoverflow.com,0,0
H003479,2026-02-13 03:06:03,deepak.naidu59,EMP0059,PC-ENG-059,office365.com,0,0
H003480,2026-01-25 11:49:24,deepak.naidu59,EMP0059,PC-ENG-059,slack.com,0,0
H003481,2026-01-12 22:09:33,deepak.naidu59,EMP0059,PC-ENG-059,atlassian.net,0,0
H003482,2026-01-24 16:19:04,deepak.naidu59,EMP0059,PC-ENG-059,atlassian.net,0,0
H003483,2026-01-01 12:21:29,deepak.naidu59,EMP0059,PC-ENG-059,google.com,0,0
H003484,2026-01-25 08:57:36,deepak.naidu59,EMP0059,PC-ENG-059,zoom.us,0,0
H003485,2026-01-05 15:06:40,deepak.naidu59,EMP0059,PC-ENG-059,company-intranet.local,0,0
H003486,2026-02-02 09:27:05,deepak.naidu59,EMP0059,PC-ENG-059,company-intranet.local,0,0
H003487,2026-01-25 14:49:26,deepak.naidu59,EMP0059,PC-ENG-059,company-intranet.local,0,0
H003488,2026-02-12 15:11:55,deepak.naidu59,EMP0059,PC-ENG-059,slack.com,0,0
H003489,2026-01-01 09:37:01,deepak.naidu59,EMP0059,PC-ENG-059,office365.com,0,0
H003490,2026-01-29 09:42:21,deepak.naidu59,EMP0059,PC-ENG-059,stackoverflow.com,0,0
H003491,2026-02-02 16:39:06,deepak.naidu59,EMP0059,PC-ENG-059,slack.com,0,0
H003492,2026-01-09 17:17:04,deepak.naidu59,EMP0059,PC-ENG-059,company-intranet.local,0,0
H003493,2026-01-27 10:31:34,deepak.naidu59,EMP0059,PC-ENG-059,wikipedia.org,0,0
H003494,2026-01-19 10:30:55,deepak.naidu59,EMP0059,PC-ENG-059,stackoverflow.com,0,0
H003495,2026-01-10 17:27:22,deepak.naidu59,EMP0059,PC-ENG-059,company-intranet.local,0,0
H003496,2026-01-12 17:17:09,deepak.naidu59,EMP0059,PC-ENG-059,stackoverflow.com,0,0
H003497,2026-02-03 13:22:17,deepak.naidu59,EMP0059,PC-ENG-059,atlassian.net,0,0
H003498,2026-01-01 11:51:04,deepak.naidu59,EMP0059,PC-ENG-059,company-intranet.local,0,0
H003499,2026-02-13 11:10:39,deepak.naidu59,EMP0059,PC-ENG-059,wikipedia.org,0,0
H003500,2026-01-24 02:15:42,deepak.naidu59,EMP0059,PC-ENG-059,company-intranet.local,0,0
H003501,2026-01-23 13:47:01,deepak.naidu59,EMP0059,PC-ENG-059,slack.com,0,0
H003502,2026-01-28 11:16:34,deepak.naidu59,EMP0059,PC-ENG-059,zoom.us,0,0
H003503,2026-01-15 18:42:12,deepak.naidu59,EMP0059,PC-ENG-059,office365.com,0,0
H003504,2026-02-01 15:16:29,deepak.naidu59,EMP0059,PC-ENG-059,google.com,0,0
H003505,2026-01-21 10:47:51,deepak.naidu59,EMP0059,PC-ENG-059,office365.com,0,0
H003506,2026-01-11 13:51:55,deepak.naidu59,EMP0059,PC-ENG-059,wikipedia.org,0,0
H003507,2026-02-14 08:48:48,deepak.naidu59,EMP0059,PC-ENG-059,google.com,0,0
H003508,2026-01-12 08:52:50,deepak.naidu59,EMP0059,PC-ENG-059,github.com,0,0
H003509,2026-02-02 19:57:35,deepak.naidu59,EMP0059,PC-ENG-059,office365.com,0,0
H003510,2026-02-11 08:32:37,manoj.sharma60,EMP0060,PC-ENG-060,zoom.us,0,0
H003511,2026-01-09 07:28:55,manoj.sharma60,EMP0060,PC-ENG-060,slack.com,0,0
H003512,2026-02-05 00:52:10,manoj.sharma60,EMP0060,PC-ENG-060,slack.com,0,0
H003513,2026-02-08 11:21:02,manoj.sharma60,EMP0060,PC-ENG-060,zoom.us,0,0
H003514,2026-01-04 11:14:45,manoj.sharma60,EMP0060,PC-ENG-060,github.com,0,0
H003515,2026-01-18 15:38:04,manoj.sharma60,EMP0060,PC-ENG-060,stackoverflow.com,0,0
H003516,2026-02-08 09:03:15,manoj.sharma60,EMP0060,PC-ENG-060,github.com,0,0
H003517,2026-01-24 04:48:10,manoj.sharma60,EMP0060,PC-ENG-060,linkedin.com,0,0
H003518,2026-01-17 13:52:09,manoj.sharma60,EMP0060,PC-ENG-060,stackoverflow.com,0,0
H003519,2026-02-05 09:18:18,manoj.sharma60,EMP0060,PC-ENG-060,company-intranet.local,0,0
H003520,2026-02-13 16:30:41,manoj.sharma60,EMP0060,PC-ENG-060,slack.com,0,0
H003521,2026-01-23 09:38:37,manoj.sharma60,EMP0060,PC-ENG-060,google.com,0,0
H003522,2026-01-18 08:46:35,manoj.sharma60,EMP0060,PC-ENG-060,zoom.us,0,0
H003523,2026-02-03 02:14:01,manoj.sharma60,EMP0060,PC-ENG-060,wikipedia.org,0,0
H003524,2026-01-27 13:52:06,manoj.sharma60,EMP0060,PC-ENG-060,atlassian.net,0,0
H003525,2026-02-05 11:15:53,manoj.sharma60,EMP0060,PC-ENG-060,github.com,0,0
H003526,2026-02-07 14:32:20,manoj.sharma60,EMP0060,PC-ENG-060,company-intranet.local,0,0
H003527,2026-01-22 21:48:53,manoj.sharma60,EMP0060,PC-ENG-060,atlassian.net,0,0
H003528,2026-02-12 12:31:42,manoj.sharma60,EMP0060,PC-ENG-060,office365.com,0,0
H003529,2026-01-22 13:53:20,manoj.sharma60,EMP0060,PC-ENG-060,office365.com,0,0
H003530,2026-02-05 07:13:29,manoj.sharma60,EMP0060,PC-ENG-060,linkedin.com,0,0
H003531,2026-01-11 07:39:03,manoj.sharma60,EMP0060,PC-ENG-060,linkedin.com,0,0
H003532,2026-01-17 09:30:36,manoj.sharma60,EMP0060,PC-ENG-060,stackoverflow.com,0,0
H003533,2026-02-06 07:04:30,manoj.sharma60,EMP0060,PC-ENG-060,office365.com,0,0
H003534,2026-02-01 18:54:45,manoj.sharma60,EMP0060,PC-ENG-060,company-intranet.local,0,0
H003535,2026-01-02 08:16:22,manoj.sharma60,EMP0060,PC-ENG-060,slack.com,0,0
H003536,2026-02-03 14:32:44,manoj.sharma60,EMP0060,PC-ENG-060,atlassian.net,0,0
H003537,2026-02-03 10:43:59,manoj.sharma60,EMP0060,PC-ENG-060,linkedin.com,0,0
H003538,2026-01-14 11:49:17,manoj.sharma60,EMP0060,PC-ENG-060,google.com,0,0
H003539,2026-01-25 11:00:28,manoj.sharma60,EMP0060,PC-ENG-060,github.com,0,0
H003540,2026-01-15 10:46:03,manoj.sharma60,EMP0060,PC-ENG-060,atlassian.net,0,0
H003541,2026-01-31 09:09:00,manoj.sharma60,EMP0060,PC-ENG-060,wikipedia.org,0,0
H003542,2026-01-07 12:12:27,manoj.sharma60,EMP0060,PC-ENG-060,wikipedia.org,0,0
H003543,2026-02-08 08:40:09,manoj.sharma60,EMP0060,PC-ENG-060,zoom.us,0,0
H003544,2026-01-09 15:43:37,manoj.sharma60,EMP0060,PC-ENG-060,atlassian.net,0,0
H003545,2026-01-01 09:37:15,manoj.sharma60,EMP0060,PC-ENG-060,zoom.us,0,0
H003546,2026-01-08 11:08:25,manoj.sharma60,EMP0060,PC-ENG-060,google.com,0,0
H003547,2026-01-22 11:28:23,manoj.sharma60,EMP0060,PC-ENG-060,github.com,0,0
H003548,2026-02-14 17:26:35,manoj.sharma60,EMP0060,PC-ENG-060,atlassian.net,0,0
H003549,2026-02-05 18:13:42,manoj.sharma60,EMP0060,PC-ENG-060,office365.com,0,0
H003550,2026-01-28 08:30:33,manoj.sharma60,EMP0060,PC-ENG-060,office365.com,0,0
H003551,2026-01-30 09:16:53,manoj.sharma60,EMP0060,PC-ENG-060,wikipedia.org,0,0
H003552,2026-01-05 09:15:31,manoj.sharma60,EMP0060,PC-ENG-060,slack.com,0,0
H003553,2026-01-18 08:53:56,manoj.sharma60,EMP0060,PC-ENG-060,wikipedia.org,0,0
H003554,2026-01-15 15:14:00,manoj.sharma60,EMP0060,PC-ENG-060,stackoverflow.com,0,0
H003555,2026-02-09 15:22:15,manoj.sharma60,EMP0060,PC-ENG-060,google.com,0,0
H003556,2026-01-24 08:44:56,manoj.sharma60,EMP0060,PC-ENG-060,slack.com,0,0
H003557,2026-01-03 12:34:22,manoj.sharma60,EMP0060,PC-ENG-060,stackoverflow.com,0,0
H003558,2026-01-12 13:35:53,manoj.sharma60,EMP0060,PC-ENG-060,linkedin.com,0,0
H003559,2026-01-16 09:55:01,manoj.sharma60,EMP0060,PC-ENG-060,office365.com,0,0
H003560,2026-01-06 09:51:38,manoj.sharma60,EMP0060,PC-ENG-060,linkedin.com,0,0
H003561,2026-01-20 11:21:17,manoj.sharma60,EMP0060,PC-ENG-060,linkedin.com,0,0
