id,date,user,employee_id,pc,activity,off_hours_flag
L000001,2026-01-01 08:00:24,farah.iyer1,EMP0001,PC-ENG-001,Logon,0
L000002,2026-01-01 14:48:08,farah.iyer1,EMP0001,PC-ENG-001,Logoff,0
L000003,2026-01-02 11:27:44,farah.iyer1,EMP0001,PC-ENG-001,Logon,0
L000004,2026-01-02 20:20:03,farah.iyer1,EMP0001,PC-ENG-001,Logoff,0
L000005,2026-01-05 08:18:13,farah.iyer1,EMP0001,PC-ENG-001,Logon,0
L000006,2026-01-05 17:12:35,farah.iyer1,EMP0001,PC-ENG-001,Logoff,0
L000007,2026-01-06 12:47:20,farah.iyer1,EMP0001,PC-ENG-001,Logon,0
L000008,2026-01-06 18:57:37,farah.iyer1,EMP0001,PC-ENG-001,Logoff,0
L000009,2026-01-07 12:54:33,farah.iyer1,EMP0001,PC-ENG-001,Logon,0
L000010,2026-01-07 19:22:53,farah.iyer1,EMP0001,PC-ENG-001,Logoff,0
L000011,2026-01-08 07:11:04,farah.iyer1,EMP0001,PC-ENG-001,Logon,0
L000012,2026-01-08 14:58:10,farah.iyer1,EMP0001,PC-ENG-001,Logoff,0
L000013,2026-01-09 09:07:56,farah.iyer1,EMP0001,PC-ENG-001,Logon,0
L000014,2026-01-09 16:50:28,farah.iyer1,EMP0001,PC-ENG-001,Logoff,0
L000015,2026-01-11 14:36:33,farah.iyer1,EMP0001,PC-ENG-001,Logon,0
L000016,2026-01-11 21:33:29,farah.iyer1,EMP0001,PC-ENG-001,Logoff,0
L000017,2026-01-12 14:20:15,farah.iyer1,EMP0001,PC-ENG-001,Logon,0
L000018,2026-01-12 21:08:03,farah.iyer1,EMP0001,PC-ENG-001,Logoff,0
L000019,2026-01-13 14:29:20,farah.iyer1,EMP0001,PC-ENG-001,Logon,0
L000020,2026-01-13 23:16:33,farah.iyer1,EMP0001,PC-ENG-001,Logoff,0
L000021,2026-01-14 00:39:36,farah.iyer1,EMP0001,PC-ENG-001,Logon,0
L000022,2026-01-14 09:38:53,farah.iyer1,EMP0001,PC-ENG-001,Logoff,0
L000023,2026-01-15 08:16:08,farah.iyer1,EMP0001,PC-ENG-001,Logon,0
L000024,2026-01-15 17:04:07,farah.iyer1,EMP0001,PC-ENG-001,Logoff,0
L000025,2026-01-16 16:23:18,farah.iyer1,EMP0001,PC-ENG-001,Logon,0
L000026,2026-01-16 22:51:41,farah.iyer1,EMP0001,PC-ENG-001,Logoff,0
L000027,2026-01-19 22:41:33,farah.iyer1,EMP0001,PC-ENG-001,Logon,0
L000028,2026-01-20 04:42:57,farah.iyer1,EMP0001,PC-ENG-001,Logoff,0
L000029,2026-01-20 09:42:06,farah.iyer1,EMP0001,PC-ENG-001,Logon,0
L000030,2026-01-20 18:31:06,farah.iyer1,EMP0001,PC-ENG-001,Logoff,0
L000031,2026-01-21 07:06:47,farah.iyer1,EMP0001,PC-ENG-001,Logon,0
L000032,2026-01-21 14:46:21,farah.iyer1,EMP0001,PC-ENG-001,Logoff,0
L000033,2026-01-22 13:45:21,farah.iyer1,EMP0001,PC-ENG-001,Logon,0
L000034,2026-01-22 20:21:59,farah.iyer1,EMP0001,PC-ENG-001,Logoff,0
L000035,2026-01-23 09:31:16,farah.iyer1,EMP0001,PC-ENG-001,Logon,0
L000036,2026-01-23 18:14:13,farah.iyer1,EMP0001,PC-ENG-001,Logoff,0
L000037,2026-01-26 09:00:21,farah.iyer1,EMP0001,PC-ENG-001,Logon,0
L000038,2026-01-26 17:19:09,farah.iyer1,EMP0001,PC-ENG-001,Logoff,0
L000039,2026-01-27 09:47:28,farah.iyer1,EMP0001,PC-ENG-001,Logon,0
L000040,2026-01-27 17:26:46,farah.iyer1,EMP0001,PC-ENG-001,Logoff,0
L000041,2026-01-28 01:04:56,farah.iyer1,EMP0001,PC-ENG-001,Logon,0
L000042,2026-01-28 09:09:19,farah.iyer1,EMP0001,PC-ENG-001,Logoff,0
L000043,2026-01-29 03:23:37,farah.iyer1,EMP0001,PC-ENG-001,Logon,0
L000044,2026-01-29 11:03:04,farah.iyer1,EMP0001,PC-ENG-001,Logoff,0
L000045,2026-01-30 04:23:57,farah.iyer1,EMP0001,PC-ENG-001,Logon,0
L000046,2026-01-30 13:11:54,farah.iyer1,EMP0001,PC-ENG-001,Logoff,0
L000047,2026-02-01 14:42:06,farah.iyer1,EMP0001,PC-ENG-001,Logon,0
L000048,2026-02-01 21:45:45,farah.iyer1,EMP0001,PC-ENG-001,Logoff,0
L000049,2026-02-02 16:39:47,farah.iyer1,EMP0001,PC-ENG-001,Logon,0
L000050,2026-02-02 23:07:36,farah.iyer1,EMP0001,PC-ENG-001,Logoff,0
L000051,2026-02-03 16:51:51,farah.iyer1,EMP0001,PC-ENG-001,Logon,0
L000052,2026-02-03 23:23:43,farah.iyer1,EMP0001,PC-ENG-001,Logoff,0
L000053,2026-02-04 08:59:21,farah.iyer1,EMP0001,PC-ENG-001,Logon,0
L000054,2026-02-04 17:20:10,farah.iyer1,EMP0001,PC-ENG-001,Logoff,0
L000055,2026-02-05 14:47:51,farah.iyer1,EMP0001,PC-ENG-001,Logon,0
L000056,2026-02-05 21:32:31,farah.iyer1,EMP0001,PC-ENG-001,Logoff,0
L000057,2026-02-06 14:24:55,farah.iyer1,EMP0001,PC-ENG-001,Logon,0
L000058,2026-02-06 20:31:53,farah.iyer1,EMP0001,PC-ENG-001,Logoff,0
L000059,2026-02-09 10:52:50,farah.iyer1,EMP0001,PC-ENG-001,Logon,0
L000060,2026-02-09 19:29:40,farah.iyer1,EMP0001,PC-ENG-001,Logoff,0
L000061,2026-02-10 14:25:21,farah.iyer1,EMP0001,PC-ENG-001,Logon,0
L000062,2026-02-10 21:15:29,farah.iyer1,EMP0001,PC-ENG-001,Logoff,0
L000063,2026-02-11 15:22:41,farah.iyer1,EMP0001,PC-ENG-001,Logon,0
L000064,2026-02-11 22:54:22,farah.iyer1,EMP0001,PC-ENG-001,Logoff,0
L000065,2026-02-12 16:21:01,farah.iyer1,EMP0001,PC-ENG-001,Logon,0
L000066,2026-02-12 22:41:46,farah.iyer1,EMP0001,PC-ENG-001,Logoff,0
L000067,2026-02-13 08:16:02,farah.iyer1,EMP0001,PC-ENG-001,Logon,0
L000068,2026-02-13 14:35:32,farah.iyer1,EMP0001,PC-ENG-001,Logoff,0
L000069,2026-01-01 09:38:32,vikram.menon2,EMP0002,PC-FIN-002,Logon,0
L000070,2026-01-01 15:59:20,vikram.menon2,EMP0002,PC-FIN-002,Logoff,0
L000071,2026-01-02 08:02:45,vikram.menon2,EMP0002,PC-FIN-002,Logon,0
L000072,2026-01-02 15:21:14,vikram.menon2,EMP0002,PC-FIN-002,Logoff,0
L000073,2026-01-05 18:47:42,vikram.menon2,EMP0002,PC-FIN-002,Logon,0
L000074,2026-01-06 01:23:09,vikram.menon2,EMP0002,PC-FIN-002,Logoff,0
L000075,2026-01-06 19:58:21,vikram.menon2,EMP0002,PC-FIN-002,Logon,0
L000076,2026-01-07 03:50:31,vikram.menon2,EMP0002,PC-FIN-002,Logoff,0
L000077,2026-01-07 07:57:19,vikram.menon2,EMP0002,PC-FIN-002,Logon,0
L000078,2026-01-07 15:28:35,vikram.menon2,EMP0002,PC-FIN-002,Logoff,0
L000079,2026-01-08 10:44:18,vikram.menon2,EMP0002,PC-FIN-002,Logon,0
L000080,2026-01-08 18:24:05,vikram.menon2,EMP0002,PC-FIN-002,Logoff,0
L000081,2026-01-09 14:24:43,vikram.menon2,EMP0002,PC-FIN-002,Logon,0
L000082,2026-01-09 22:39:22,vikram.menon2,EMP0002,PC-FIN-002,Logoff,0
L000083,2026-01-12 16:19:18,vikram.menon2,EMP0002,PC-FIN-002,Logon,0
L000084,2026-01-12 22:57:07,vikram.menon2,EMP0002,PC-FIN-002,Logoff,0
L000085,2026-01-13 13:20:29,vikram.menon2,EMP0002,PC-FIN-002,Logon,0
L000086,2026-01-13 20:40:00,vikram.menon2,EMP0002,PC-FIN-002,Logoff,0
L000087,2026-01-14 12:50:57,vikram.menon2,EMP0002,PC-FIN-002,Logon,0
L000088,2026-01-14 21:43:43,vikram.menon2,EMP0002,PC-FIN-002,Logoff,0
L000089,2026-01-15 14:18:32,vikram.menon2,EMP0002,PC-FIN-002,Logon,0
L000090,2026-01-15 22:18:01,vikram.menon2,EMP0002,PC-FIN-002,Logoff,0
L000091,2026-01-16 07:48:15,vikram.menon2,EMP0002,PC-FIN-002,Logon,0
L000092,2026-01-16 15:49:21,vikram.menon2,EMP0002,PC-FIN-002,Logoff,0
L000093,2026-01-20 11:54:49,vikram.menon2,EMP0002,PC-FIN-002,Logon,0
L000094,2026-01-20 18:07:55,vikram.menon2,EMP0002,PC-FIN-002,Logoff,0
L000095,2026-01-21 13:12:45,vikram.menon2,EMP0002,PC-FIN-002,Logon,0
L000096,2026-01-21 21:18:05,vikram.menon2,EMP0002,PC-FIN-002,Logoff,0
L000097,2026-01-22 09:41:44,vikram.menon2,EMP0002,PC-FIN-002,Logon,0
L000098,2026-01-22 15:42:43,vikram.menon2,EMP0002,PC-FIN-002,Logoff,0
L000099,2026-01-23 15:06:49,vikram.menon2,EMP0002,PC-FIN-002,Logon,0
L000100,2026-01-23 22:23:20,vikram.menon2,EMP0002,PC-FIN-002,Logoff,0
L000101,2026-01-26 05:15:58,vikram.menon2,EMP0002,PC-FIN-002,Logon,0
L000102,2026-01-26 13:48:40,vikram.menon2,EMP0002,PC-FIN-002,Logoff,0
L000103,2026-01-27 15:42:33,vikram.menon2,EMP0002,PC-FIN-002,Logon,0
L000104,2026-01-28 00:40:22,vikram.menon2,EMP0002,PC-FIN-002,Logoff,0
L000105,2026-01-28 19:57:28,vikram.menon2,EMP0002,PC-FIN-002,Logon,0
L000106,2026-01-29 03:47:44,vikram.menon2,EMP0002,PC-FIN-002,Logoff,0
L000107,2026-01-29 12:53:58,vikram.menon2,EMP0002,PC-FIN-002,Logon,0
L000108,2026-01-29 20:32:35,vikram.menon2,EMP0002,PC-FIN-002,Logoff,0
L000109,2026-01-30 15:30:28,vikram.menon2,EMP0002,PC-FIN-002,Logon,0
L000110,2026-01-30 22:17:07,vikram.menon2,EMP0002,PC-FIN-002,Logoff,0
L000111,2026-02-02 12:40:15,vikram.menon2,EMP0002,PC-FIN-002,Logon,0
L000112,2026-02-02 19:29:40,vikram.menon2,EMP0002,PC-FIN-002,Logoff,0
L000113,2026-02-03 09:17:21,vikram.menon2,EMP0002,PC-FIN-002,Logon,0
L000114,2026-02-03 16:14:53,vikram.menon2,EMP0002,PC-FIN-002,Logoff,0
L000115,2026-02-04 08:14:24,vikram.menon2,EMP0002,PC-FIN-002,Logon,0
L000116,2026-02-04 16:19:18,vikram.menon2,EMP0002,PC-FIN-002,Logoff,0
L000117,2026-02-05 06:26:21,vikram.menon2,EMP0002,PC-FIN-002,Logon,0
L000118,2026-02-05 14:04:01,vikram.menon2,EMP0002,PC-FIN-002,Logoff,0
L000119,2026-02-06 08:26:24,vikram.menon2,EMP0002,PC-FIN-002,Logon,0
L000120,2026-02-06 17:09:16,vikram.menon2,EMP0002,PC-FIN-002,Logoff,0
L000121,2026-02-09 15:24:30,vikram.menon2,EMP0002,PC-FIN-002,Logon,0
L000122,2026-02-09 21:25:33,vikram.menon2,EMP0002,PC-FIN-002,Logoff,0
L000123,2026-02-10 15:54:57,vikram.menon2,EMP0002,PC-FIN-002,Logon,0
L000124,2026-02-11 00:46:34,vikram.menon2,EMP0002,PC-FIN-002,Logoff,0
L000125,2026-02-11 15:34:51,vikram.menon2,EMP0002,PC-FIN-002,Logon,0
L000126,2026-02-11 23:23:26,vikram.menon2,EMP0002,PC-FIN-002,Logoff,0
L000127,2026-02-12 08:27:31,vikram.menon2,EMP0002,PC-FIN-002,Logon,0
L000128,2026-02-12 14:32:44,vikram.menon2,EMP0002,PC-FIN-002,Logoff,0
L000129,2026-02-13 14:25:46,vikram.menon2,EMP0002,PC-FIN-002,Logon,0
L000130,2026-02-13 20:55:28,vikram.menon2,EMP0002,PC-FIN-002,Logoff,0
L000131,2026-01-01 13:01:58,yusuf.naidu3,EMP0003,PC-ENG-003,Logon,0
L000132,2026-01-01 20:12:53,yusuf.naidu3,EMP0003,PC-ENG-003,Logoff,0
L000133,2026-01-02 02:41:27,yusuf.naidu3,EMP0003,PC-ENG-003,Logon,0
L000134,2026-01-02 09:05:52,yusuf.naidu3,EMP0003,PC-ENG-003,Logoff,0
L000135,2026-01-05 08:20:21,yusuf.naidu3,EMP0003,PC-ENG-003,Logon,0
L000136,2026-01-05 16:37:22,yusuf.naidu3,EMP0003,PC-ENG-003,Logoff,0
L000137,2026-01-06 15:53:26,yusuf.naidu3,EMP0003,PC-ENG-003,Logon,0
L000138,2026-01-06 22:38:50,yusuf.naidu3,EMP0003,PC-ENG-003,Logoff,0
L000139,2026-01-07 02:34:03,yusuf.naidu3,EMP0003,PC-ENG-003,Logon,0
L000140,2026-01-07 11:34:02,yusuf.naidu3,EMP0003,PC-ENG-003,Logoff,0
L000141,2026-01-08 14:49:41,yusuf.naidu3,EMP0003,PC-ENG-003,Logon,0
L000142,2026-01-08 20:56:55,yusuf.naidu3,EMP0003,PC-ENG-003,Logoff,0
L000143,2026-01-12 09:30:42,yusuf.naidu3,EMP0003,PC-ENG-003,Logon,0
L000144,2026-01-12 15:51:17,yusuf.naidu3,EMP0003,PC-ENG-003,Logoff,0
L000145,2026-01-13 11:16:49,yusuf.naidu3,EMP0003,PC-ENG-003,Logon,0
L000146,2026-01-13 18:23:13,yusuf.naidu3,EMP0003,PC-ENG-003,Logoff,0
L000147,2026-01-14 20:45:07,yusuf.naidu3,EMP0003,PC-ENG-003,Logon,0
L000148,2026-01-15 05:05:07,yusuf.naidu3,EMP0003,PC-ENG-003,Logoff,0
L000149,2026-01-15 09:37:01,yusuf.naidu3,EMP0003,PC-ENG-003,Logon,0
L000150,2026-01-15 18:24:12,yusuf.naidu3,EMP0003,PC-ENG-003,Logoff,0
L000151,2026-01-16 17:24:25,yusuf.naidu3,EMP0003,PC-ENG-003,Logon,0
L000152,2026-01-17 02:13:52,yusuf.naidu3,EMP0003,PC-ENG-003,Logoff,0
L000153,2026-01-19 09:44:49,yusuf.naidu3,EMP0003,PC-ENG-003,Logon,0
L000154,2026-01-19 16:39:06,yusuf.naidu3,EMP0003,PC-ENG-003,Logoff,0
L000155,2026-01-20 15:50:36,yusuf.naidu3,EMP0003,PC-ENG-003,Logon,0
L000156,2026-01-21 00:11:28,yusuf.naidu3,EMP0003,PC-ENG-003,Logoff,0
L000157,2026-01-21 11:23:04,yusuf.naidu3,EMP0003,PC-ENG-003,Logon,0
L000158,2026-01-21 18:54:08,yusuf.naidu3,EMP0003,PC-ENG-003,Logoff,0
L000159,2026-01-22 16:52:31,yusuf.naidu3,EMP0003,PC-ENG-003,Logon,0
L000160,2026-01-22 23:11:30,yusuf.naidu3,EMP0003,PC-ENG-003,Logoff,0
L000161,2026-01-23 13:53:29,yusuf.naidu3,EMP0003,PC-ENG-003,Logon,0
L000162,2026-01-23 22:00:47,yusuf.naidu3,EMP0003,PC-ENG-003,Logoff,0
L000163,2026-01-26 09:51:58,yusuf.naidu3,EMP0003,PC-ENG-003,Logon,0
L000164,2026-01-26 17:28:50,yusuf.naidu3,EMP0003,PC-ENG-003,Logoff,0
L000165,2026-01-27 11:46:37,yusuf.naidu3,EMP0003,PC-ENG-003,Logon,0
L000166,2026-01-27 18:34:55,yusuf.naidu3,EMP0003,PC-ENG-003,Logoff,0
L000167,2026-01-28 16:05:17,yusuf.naidu3,EMP0003,PC-ENG-003,Logon,0
L000168,2026-01-29 00:43:58,yusuf.naidu3,EMP0003,PC-ENG-003,Logoff,0
L000169,2026-01-29 11:39:42,yusuf.naidu3,EMP0003,PC-ENG-003,Logon,0
L000170,2026-01-29 18:47:55,yusuf.naidu3,EMP0003,PC-ENG-003,Logoff,0
L000171,2026-02-02 15:21:17,yusuf.naidu3,EMP0003,PC-ENG-003,Logon,0
L000172,2026-02-02 23:59:44,yusuf.naidu3,EMP0003,PC-ENG-003,Logoff,0
L000173,2026-02-03 09:00:33,yusuf.naidu3,EMP0003,PC-ENG-003,Logon,0
L000174,2026-02-03 17:51:12,yusuf.naidu3,EMP0003,PC-ENG-003,Logoff,0
L000175,2026-02-04 14:31:35,yusuf.naidu3,EMP0003,PC-ENG-003,Logon,0
L000176,2026-02-04 22:48:03,yusuf.naidu3,EMP0003,PC-ENG-003,Logoff,0
L000177,2026-02-05 14:31:28,yusuf.naidu3,EMP0003,PC-ENG-003,Logon,0
L000178,2026-02-05 22:54:11,yusuf.naidu3,EMP0003,PC-ENG-003,Logoff,0
L000179,2026-02-06 08:44:15,yusuf.naidu3,EMP0003,PC-ENG-003,Logon,0
L000180,2026-02-06 15:39:22,yusuf.naidu3,EMP0003,PC-ENG-003,Logoff,0
L000181,2026-02-09 11:47:35,yusuf.naidu3,EMP0003,PC-ENG-003,Logon,0
L000182,2026-02-09 18:47:07,yusuf.naidu3,EMP0003,PC-ENG-003,Logoff,0
L000183,2026-02-10 09:16:14,yusuf.naidu3,EMP0003,PC-ENG-003,Logon,0
L000184,2026-02-10 15:37:57,yusuf.naidu3,EMP0003,PC-ENG-003,Logoff,0
L000185,2026-02-11 07:34:48,yusuf.naidu3,EMP0003,PC-ENG-003,Logon,0
L000186,2026-02-11 15:39:01,yusuf.naidu3,EMP0003,PC-ENG-003,Logoff,0
L000187,2026-02-12 15:17:46,yusuf.naidu3,EMP0003,PC-ENG-003,Logon,0
L000188,2026-02-12 23:03:53,yusuf.naidu3,EMP0003,PC-ENG-003,Logoff,0
L000189,2026-02-13 13:06:53,yusuf.naidu3,EMP0003,PC-ENG-003,Logon,0
L000190,2026-02-13 19:41:49,yusuf.naidu3,EMP0003,PC-ENG-003,Logoff,0
L000191,2026-01-01 01:34:08,rohan.sharma4,EMP0004,PC-ENG-004,Logon,0
L000192,2026-01-01 08:23:30,rohan.sharma4,EMP0004,PC-ENG-004,Logoff,0
L000193,2026-01-02 12:44:08,rohan.sharma4,EMP0004,PC-ENG-004,Logon,0
L000194,2026-01-02 20:38:56,rohan.sharma4,EMP0004,PC-ENG-004,Logoff,0
L000195,2026-01-06 11:21:11,rohan.sharma4,EMP0004,PC-ENG-004,Logon,0
L000196,2026-01-06 20:14:58,rohan.sharma4,EMP0004,PC-ENG-004,Logoff,0
L000197,2026-01-07 16:07:52,rohan.sharma4,EMP0004,PC-ENG-004,Logon,0
L000198,2026-01-07 22:19:37,rohan.sharma4,EMP0004,PC-ENG-004,Logoff,0
L000199,2026-01-08 13:43:03,rohan.sharma4,EMP0004,PC-ENG-004,Logon,0
L000200,2026-01-08 20:10:21,rohan.sharma4,EMP0004,PC-ENG-004,Logoff,0
L000201,2026-01-09 19:05:15,rohan.sharma4,EMP0004,PC-ENG-004,Logon,0
L000202,2026-01-10 01:26:34,rohan.sharma4,EMP0004,PC-ENG-004,Logoff,0
L000203,2026-01-12 09:33:24,rohan.sharma4,EMP0004,PC-ENG-004,Logon,0
L000204,2026-01-12 16:54:29,rohan.sharma4,EMP0004,PC-ENG-004,Logoff,0
L000205,2026-01-13 16:27:19,rohan.sharma4,EMP0004,PC-ENG-004,Logon,0
L000206,2026-01-14 00:09:40,rohan.sharma4,EMP0004,PC-ENG-004,Logoff,0
L000207,2026-01-14 19:06:48,rohan.sharma4,EMP0004,PC-ENG-004,Logon,0
L000208,2026-01-15 01:44:12,rohan.sharma4,EMP0004,PC-ENG-004,Logoff,0
L000209,2026-01-15 14:10:15,rohan.sharma4,EMP0004,PC-ENG-004,Logon,0
L000210,2026-01-15 20:41:32,rohan.sharma4,EMP0004,PC-ENG-004,Logoff,0
L000211,2026-01-16 00:28:44,rohan.sharma4,EMP0004,PC-ENG-004,Logon,0
L000212,2026-01-16 08:15:37,rohan.sharma4,EMP0004,PC-ENG-004,Logoff,0
L000213,2026-01-19 14:29:04,rohan.sharma4,EMP0004,PC-ENG-004,Logon,0
L000214,2026-01-19 22:32:47,rohan.sharma4,EMP0004,PC-ENG-004,Logoff,0
L000215,2026-01-20 15:40:37,rohan.sharma4,EMP0004,PC-ENG-004,Logon,0
L000216,2026-01-20 23:39:37,rohan.sharma4,EMP0004,PC-ENG-004,Logoff,0
L000217,2026-01-21 11:34:14,rohan.sharma4,EMP0004,PC-ENG-004,Logon,0
L000218,2026-01-21 19:30:48,rohan.sharma4,EMP0004,PC-ENG-004,Logoff,0
L000219,2026-01-22 16:04:03,rohan.sharma4,EMP0004,PC-ENG-004,Logon,0
L000220,2026-01-22 22:33:54,rohan.sharma4,EMP0004,PC-ENG-004,Logoff,0
L000221,2026-01-23 15:36:58,rohan.sharma4,EMP0004,PC-ENG-004,Logon,0
L000222,2026-01-23 22:28:54,rohan.sharma4,EMP0004,PC-ENG-004,Logoff,0
L000223,2026-01-26 18:32:34,rohan.sharma4,EMP0004,PC-ENG-004,Logon,0
L000224,2026-01-27 02:01:26,rohan.sharma4,EMP0004,PC-ENG-004,Logoff,0
L000225,2026-01-27 04:27:47,rohan.sharma4,EMP0004,PC-ENG-004,Logon,0
L000226,2026-01-27 11:25:48,rohan.sharma4,EMP0004,PC-ENG-004,Logoff,0
L000227,2026-01-28 07:43:53,rohan.sharma4,EMP0004,PC-ENG-004,Logon,0
L000228,2026-01-28 16:18:46,rohan.sharma4,EMP0004,PC-ENG-004,Logoff,0
L000229,2026-01-29 02:48:43,rohan.sharma4,EMP0004,PC-ENG-004,Logon,0
L000230,2026-01-29 11:16:34,rohan.sharma4,EMP0004,PC-ENG-004,Logoff,0
L000231,2026-01-30 15:11:30,rohan.sharma4,EMP0004,PC-ENG-004,Logon,0
L000232,2026-01-30 22:44:54,rohan.sharma4,EMP0004,PC-ENG-004,Logoff,0
L000233,2026-02-02 11:52:31,rohan.sharma4,EMP0004,PC-ENG-004,Logon,0
L000234,2026-02-02 20:46:56,rohan.sharma4,EMP0004,PC-ENG-004,Logoff,0
L000235,2026-02-03 11:20:42,rohan.sharma4,EMP0004,PC-ENG-004,Logon,0
L000236,2026-02-03 17:39:31,rohan.sharma4,EMP0004,PC-ENG-004,Logoff,0
L000237,2026-02-04 11:31:18,rohan.sharma4,EMP0004,PC-ENG-004,Logon,0
L000238,2026-02-04 19:30:33,rohan.sharma4,EMP0004,PC-ENG-004,Logoff,0
L000239,2026-02-05 15:02:29,rohan.sharma4,EMP0004,PC-ENG-004,Logon,0
L000240,2026-02-05 21:18:20,rohan.sharma4,EMP0004,PC-ENG-004,Logoff,0
L000241,2026-02-06 07:49:25,rohan.sharma4,EMP0004,PC-ENG-004,Logon,0
L000242,2026-02-06 16:25:06,rohan.sharma4,EMP0004,PC-ENG-004,Logoff,0
L000243,2026-02-08 11:03:12,rohan.sharma4,EMP0004,PC-ENG-004,Logon,0
L000244,2026-02-08 18:36:31,rohan.sharma4,EMP0004,PC-ENG-004,Logoff,0
L000245,2026-02-09 12:28:48,rohan.sharma4,EMP0004,PC-ENG-004,Logon,0
L000246,2026-02-09 18:38:05,rohan.sharma4,EMP0004,PC-ENG-004,Logoff,0
L000247,2026-02-10 08:18:28,rohan.sharma4,EMP0004,PC-ENG-004,Logon,0
L000248,2026-02-10 16:57:01,rohan.sharma4,EMP0004,PC-ENG-004,Logoff,0
L000249,2026-02-11 03:40:38,rohan.sharma4,EMP0004,PC-ENG-004,Logon,0
L000250,2026-02-11 12:04:30,rohan.sharma4,EMP0004,PC-ENG-004,Logoff,0
L000251,2026-02-12 09:00:35,rohan.sharma4,EMP0004,PC-ENG-004,Logon,0
L000252,2026-02-12 16:14:01,rohan.sharma4,EMP0004,PC-ENG-004,Logoff,0
L000253,2026-02-13 16:07:29,rohan.sharma4,EMP0004,PC-ENG-004,Logon,0
L000254,2026-02-14 00:57:57,rohan.sharma4,EMP0004,PC-ENG-004,Logoff,0
L000255,2026-01-01 18:18:32,ritu.bhatt5,EMP0005,PC-ENG-005,Logon,0
L000256,2026-01-02 02:25:30,ritu.bhatt5,EMP0005,PC-ENG-005,Logoff,0
L000257,2026-01-02 11:30:15,ritu.bhatt5,EMP0005,PC-ENG-005,Logon,0
L000258,2026-01-02 18:52:28,ritu.bhatt5,EMP0005,PC-ENG-005,Logoff,0
L000259,2026-01-05 15:08:55,ritu.bhatt5,EMP0005,PC-ENG-005,Logon,0
L000260,2026-01-05 21:21:28,ritu.bhatt5,EMP0005,PC-ENG-005,Logoff,0
L000261,2026-01-06 16:21:59,ritu.bhatt5,EMP0005,PC-ENG-005,Logon,0
L000262,2026-01-07 00:43:46,ritu.bhatt5,EMP0005,PC-ENG-005,Logoff,0
L000263,2026-01-07 00:46:19,ritu.bhatt5,EMP0005,PC-ENG-005,Logon,0
L000264,2026-01-07 09:17:03,ritu.bhatt5,EMP0005,PC-ENG-005,Logoff,0
L000265,2026-01-08 14:55:09,ritu.bhatt5,EMP0005,PC-ENG-005,Logon,0
L000266,2026-01-08 22:15:31,ritu.bhatt5,EMP0005,PC-ENG-005,Logoff,0
L000267,2026-01-09 10:48:34,ritu.bhatt5,EMP0005,PC-ENG-005,Logon,0
L000268,2026-01-09 17:56:27,ritu.bhatt5,EMP0005,PC-ENG-005,Logoff,0
L000269,2026-01-12 09:24:14,ritu.bhatt5,EMP0005,PC-ENG-005,Logon,0
L000270,2026-01-12 17:58:18,ritu.bhatt5,EMP0005,PC-ENG-005,Logoff,0
L000271,2026-01-13 10:30:45,ritu.bhatt5,EMP0005,PC-ENG-005,Logon,0
L000272,2026-01-13 19:15:10,ritu.bhatt5,EMP0005,PC-ENG-005,Logoff,0
L000273,2026-01-14 22:50:52,ritu.bhatt5,EMP0005,PC-ENG-005,Logon,0
L000274,2026-01-15 06:48:13,ritu.bhatt5,EMP0005,PC-ENG-005,Logoff,0
L000275,2026-01-15 20:08:32,ritu.bhatt5,EMP0005,PC-ENG-005,Logon,0
L000276,2026-01-16 05:02:17,ritu.bhatt5,EMP0005,PC-ENG-005,Logoff,0
L000277,2026-01-16 07:54:28,ritu.bhatt5,EMP0005,PC-ENG-005,Logon,0
L000278,2026-01-16 14:12:24,ritu.bhatt5,EMP0005,PC-ENG-005,Logoff,0
L000279,2026-01-18 16:09:04,ritu.bhatt5,EMP0005,PC-ENG-005,Logon,0
L000280,2026-01-18 23:33:34,ritu.bhatt5,EMP0005,PC-ENG-005,Logoff,0
L000281,2026-01-19 10:44:25,ritu.bhatt5,EMP0005,PC-ENG-005,Logon,0
L000282,2026-01-19 18:41:23,ritu.bhatt5,EMP0005,PC-ENG-005,Logoff,0
L000283,2026-01-20 16:54:34,ritu.bhatt5,EMP0005,PC-ENG-005,Logon,0
L000284,2026-01-21 00:02:58,ritu.bhatt5,EMP0005,PC-ENG-005,Logoff,0
L000285,2026-01-21 14:48:31,ritu.bhatt5,EMP0005,PC-ENG-005,Logon,0
L000286,2026-01-21 23:25:32,ritu.bhatt5,EMP0005,PC-ENG-005,Logoff,0
L000287,2026-01-23 13:58:18,ritu.bhatt5,EMP0005,PC-ENG-005,Logon,0
L000288,2026-01-23 22:57:50,ritu.bhatt5,EMP0005,PC-ENG-005,Logoff,0
L000289,2026-01-26 13:55:06,ritu.bhatt5,EMP0005,PC-ENG-005,Logon,0
L000290,2026-01-26 21:14:57,ritu.bhatt5,EMP0005,PC-ENG-005,Logoff,0
L000291,2026-01-27 17:02:20,ritu.bhatt5,EMP0005,PC-ENG-005,Logon,0
L000292,2026-01-28 01:25:38,ritu.bhatt5,EMP0005,PC-ENG-005,Logoff,0
L000293,2026-01-28 10:09:15,ritu.bhatt5,EMP0005,PC-ENG-005,Logon,0
L000294,2026-01-28 17:44:51,ritu.bhatt5,EMP0005,PC-ENG-005,Logoff,0
L000295,2026-01-29 15:10:11,ritu.bhatt5,EMP0005,PC-ENG-005,Logon,0
L000296,2026-01-29 21:24:23,ritu.bhatt5,EMP0005,PC-ENG-005,Logoff,0
L000297,2026-01-30 13:15:31,ritu.bhatt5,EMP0005,PC-ENG-005,Logon,0
L000298,2026-01-30 21:59:49,ritu.bhatt5,EMP0005,PC-ENG-005,Logoff,0
L000299,2026-02-02 09:00:57,ritu.bhatt5,EMP0005,PC-ENG-005,Logon,0
L000300,2026-02-02 17:25:47,ritu.bhatt5,EMP0005,PC-ENG-005,Logoff,0
L000301,2026-02-03 14:10:04,ritu.bhatt5,EMP0005,PC-ENG-005,Logon,0
L000302,2026-02-03 21:29:34,ritu.bhatt5,EMP0005,PC-ENG-005,Logoff,0
L000303,2026-02-04 13:40:27,ritu.bhatt5,EMP0005,PC-ENG-005,Logon,0
L000304,2026-02-04 21:44:42,ritu.bhatt5,EMP0005,PC-ENG-005,Logoff,0
L000305,2026-02-05 09:24:54,ritu.bhatt5,EMP0005,PC-ENG-005,Logon,0
L000306,2026-02-05 16:51:52,ritu.bhatt5,EMP0005,PC-ENG-005,Logoff,0
L000307,2026-02-06 13:36:18,ritu.bhatt5,EMP0005,PC-ENG-005,Logon,0
L000308,2026-02-06 22:34:59,ritu.bhatt5,EMP0005,PC-ENG-005,Logoff,0
L000309,2026-02-09 09:36:55,ritu.bhatt5,EMP0005,PC-ENG-005,Logon,0
L000310,2026-02-09 17:40:21,ritu.bhatt5,EMP0005,PC-ENG-005,Logoff,0
L000311,2026-02-10 05:38:47,ritu.bhatt5,EMP0005,PC-ENG-005,Logon,0
L000312,2026-02-10 13:08:11,ritu.bhatt5,EMP0005,PC-ENG-005,Logoff,0
L000313,2026-02-11 09:51:14,ritu.bhatt5,EMP0005,PC-ENG-005,Logon,0
L000314,2026-02-11 17:40:30,ritu.bhatt5,EMP0005,PC-ENG-005,Logoff,0
L000315,2026-02-12 13:39:16,ritu.bhatt5,EMP0005,PC-ENG-005,Logon,0
L000316,2026-02-12 21:41:15,ritu.bhatt5,EMP0005,PC-ENG-005,Logoff,0
L000317,2026-02-13 14:53:08,ritu.bhatt5,EMP0005,PC-ENG-005,Logon,0
L000318,2026-02-13 22:46:13,ritu.bhatt5,EMP0005,PC-ENG-005,Logoff,0
L000319,2026-01-01 09:28:02,lakshmi.naidu6,EMP0006,PC-SAL-006,Logon,0
L000320,2026-01-01 17:12:21,lakshmi.naidu6,EMP0006,PC-SAL-006,Logoff,0
L000321,2026-01-02 07:18:20,lakshmi.naidu6,EMP0006,PC-SAL-006,Logon,0
L000322,2026-01-02 15:32:52,lakshmi.naidu6,EMP0006,PC-SAL-006,Logoff,0
L000323,2026-01-05 20:33:32,lakshmi.naidu6,EMP0006,PC-SAL-006,Logon,0
L000324,2026-01-06 05:17:57,lakshmi.naidu6,EMP0006,PC-SAL-006,Logoff,0
L000325,2026-01-06 09:52:30,lakshmi.naidu6,EMP0006,PC-SAL-006,Logon,0
L000326,2026-01-06 18:46:37,lakshmi.naidu6,EMP0006,PC-SAL-006,Logoff,0
L000327,2026-01-07 16:51:07,lakshmi.naidu6,EMP0006,PC-SAL-006,Logon,0
L000328,2026-01-08 00:15:24,lakshmi.naidu6,EMP0006,PC-SAL-006,Logoff,0
L000329,2026-01-08 15:14:55,lakshmi.naidu6,EMP0006,PC-SAL-006,Logon,0
L000330,2026-01-08 23:16:39,lakshmi.naidu6,EMP0006,PC-SAL-006,Logoff,0
L000331,2026-01-09 10:54:51,lakshmi.naidu6,EMP0006,PC-SAL-006,Logon,0
L000332,2026-01-09 18:35:09,lakshmi.naidu6,EMP0006,PC-SAL-006,Logoff,0
L000333,2026-01-12 07:23:43,lakshmi.naidu6,EMP0006,PC-SAL-006,Logon,0
L000334,2026-01-12 15:38:32,lakshmi.naidu6,EMP0006,PC-SAL-006,Logoff,0
L000335,2026-01-13 10:40:23,lakshmi.naidu6,EMP0006,PC-SAL-006,Logon,0
L000336,2026-01-13 16:59:53,lakshmi.naidu6,EMP0006,PC-SAL-006,Logoff,0
L000337,2026-01-14 02:56:35,lakshmi.naidu6,EMP0006,PC-SAL-006,Logon,0
L000338,2026-01-14 09:55:37,lakshmi.naidu6,EMP0006,PC-SAL-006,Logoff,0
L000339,2026-01-15 14:40:52,lakshmi.naidu6,EMP0006,PC-SAL-006,Logon,0
L000340,2026-01-15 22:04:26,lakshmi.naidu6,EMP0006,PC-SAL-006,Logoff,0
L000341,2026-01-16 14:07:08,lakshmi.naidu6,EMP0006,PC-SAL-006,Logon,0
L000342,2026-01-16 20:15:17,lakshmi.naidu6,EMP0006,PC-SAL-006,Logoff,0
L000343,2026-01-17 07:15:56,lakshmi.naidu6,EMP0006,PC-SAL-006,Logon,0
L000344,2026-01-17 14:52:41,lakshmi.naidu6,EMP0006,PC-SAL-006,Logoff,0
L000345,2026-01-19 19:44:34,lakshmi.naidu6,EMP0006,PC-SAL-006,Logon,0
L000346,2026-01-20 03:00:00,lakshmi.naidu6,EMP0006,PC-SAL-006,Logoff,0
L000347,2026-01-20 08:26:41,lakshmi.naidu6,EMP0006,PC-SAL-006,Logon,0
L000348,2026-01-20 14:44:30,lakshmi.naidu6,EMP0006,PC-SAL-006,Logoff,0
L000349,2026-01-21 11:17:02,lakshmi.naidu6,EMP0006,PC-SAL-006,Logon,0
L000350,2026-01-21 19:21:17,lakshmi.naidu6,EMP0006,PC-SAL-006,Logoff,0
L000351,2026-01-22 11:15:54,lakshmi.naidu6,EMP0006,PC-SAL-006,Logon,0
L000352,2026-01-22 18:21:11,lakshmi.naidu6,EMP0006,PC-SAL-006,Logoff,0
L000353,2026-01-23 10:57:41,lakshmi.naidu6,EMP0006,PC-SAL-006,Logon,0
L000354,2026-01-23 18:02:14,lakshmi.naidu6,EMP0006,PC-SAL-006,Logoff,0
L000355,2026-01-26 16:29:05,lakshmi.naidu6,EMP0006,PC-SAL-006,Logon,0
L000356,2026-01-27 00:28:22,lakshmi.naidu6,EMP0006,PC-SAL-006,Logoff,0
L000357,2026-01-27 13:01:03,lakshmi.naidu6,EMP0006,PC-SAL-006,Logon,0
L000358,2026-01-27 21:22:40,lakshmi.naidu6,EMP0006,PC-SAL-006,Logoff,0
L000359,2026-01-28 07:36:13,lakshmi.naidu6,EMP0006,PC-SAL-006,Logon,0
L000360,2026-01-28 13:48:33,lakshmi.naidu6,EMP0006,PC-SAL-006,Logoff,0
L000361,2026-01-29 08:13:52,lakshmi.naidu6,EMP0006,PC-SAL-006,Logon,0
L000362,2026-01-29 16:50:24,lakshmi.naidu6,EMP0006,PC-SAL-006,Logoff,0
L000363,2026-01-30 08:57:38,lakshmi.naidu6,EMP0006,PC-SAL-006,Logon,0
L000364,2026-01-30 14:58:08,lakshmi.naidu6,EMP0006,PC-SAL-006,Logoff,0
L000365,2026-02-02 09:11:07,lakshmi.naidu6,EMP0006,PC-SAL-006,Logon,0
L000366,2026-02-02 17:10:06,lakshmi.naidu6,EMP0006,PC-SAL-006,Logoff,0
L000367,2026-02-05 09:20:01,lakshmi.naidu6,EMP0006,PC-SAL-006,Logon,0
L000368,2026-02-05 15:51:22,lakshmi.naidu6,EMP0006,PC-SAL-006,Logoff,0
L000369,2026-02-06 15:33:07,lakshmi.naidu6,EMP0006,PC-SAL-006,Logon,0
L000370,2026-02-06 23:47:20,lakshmi.naidu6,EMP0006,PC-SAL-006,Logoff,0
L000371,2026-02-09 07:32:14,lakshmi.naidu6,EMP0006,PC-SAL-006,Logon,0
L000372,2026-02-09 16:22:24,lakshmi.naidu6,EMP0006,PC-SAL-006,Logoff,0
L000373,2026-02-11 16:33:19,lakshmi.naidu6,EMP0006,PC-SAL-006,Logon,0
L000374,2026-02-11 23:55:45,lakshmi.naidu6,EMP0006,PC-SAL-006,Logoff,0
L000375,2026-02-12 06:30:54,lakshmi.naidu6,EMP0006,PC-SAL-006,Logon,0
L000376,2026-02-12 13:43:11,lakshmi.naidu6,EMP0006,PC-SAL-006,Logoff,0
L000377,2026-02-13 12:58:28,lakshmi.naidu6,EMP0006,PC-SAL-006,Logon,0
L000378,2026-02-13 19:11:41,lakshmi.naidu6,EMP0006,PC-SAL-006,Logoff,0
L000379,2026-01-01 06:17:39,swati.das7,EMP0007,PC-R&D-007,Logon,0
L000380,2026-01-01 14:11:36,swati.das7,EMP0007,PC-R&D-007,Logoff,0
L000381,2026-01-02 10:38:33,swati.das7,EMP0007,PC-R&D-007,Logon,0
L000382,2026-01-02 17:31:37,swati.das7,EMP0007,PC-R&D-007,Logoff,0
L000383,2026-01-05 07:41:41,swati.das7,EMP0007,PC-R&D-007,Logon,0
L000384,2026-01-05 16:19:40,swati.das7,EMP0007,PC-R&D-007,Logoff,0
L000385,2026-01-06 16:27:28,swati.das7,EMP0007,PC-R&D-007,Logon,0
L000386,2026-01-07 01:07:19,swati.das7,EMP0007,PC-R&D-007,Logoff,0
L000387,2026-01-07 16:25:26,swati.das7,EMP0007,PC-R&D-007,Logon,0
L000388,2026-01-08 00:36:45,swati.das7,EMP0007,PC-R&D-007,Logoff,0
L000389,2026-01-08 09:16:23,swati.das7,EMP0007,PC-R&D-007,Logon,0
L000390,2026-01-08 18:08:01,swati.das7,EMP0007,PC-R&D-007,Logoff,0
L000391,2026-01-09 11:05:53,swati.das7,EMP0007,PC-R&D-007,Logon,0
L000392,2026-01-09 17:21:14,swati.das7,EMP0007,PC-R&D-007,Logoff,0
L000393,2026-01-12 07:03:37,swati.das7,EMP0007,PC-R&D-007,Logon,0
L000394,2026-01-12 15:55:48,swati.das7,EMP0007,PC-R&D-007,Logoff,0
L000395,2026-01-13 14:26:22,swati.das7,EMP0007,PC-R&D-007,Logon,0
L000396,2026-01-13 23:03:36,swati.das7,EMP0007,PC-R&D-007,Logoff,0
L000397,2026-01-14 11:58:46,swati.das7,EMP0007,PC-R&D-007,Logon,0
L000398,2026-01-14 18:08:01,swati.das7,EMP0007,PC-R&D-007,Logoff,0
L000399,2026-01-15 09:06:36,swati.das7,EMP0007,PC-R&D-007,Logon,0
L000400,2026-01-15 16:37:56,swati.das7,EMP0007,PC-R&D-007,Logoff,0
L000401,2026-01-16 11:54:06,swati.das7,EMP0007,PC-R&D-007,Logon,0
L000402,2026-01-16 18:57:07,swati.das7,EMP0007,PC-R&D-007,Logoff,0
L000403,2026-01-19 09:27:54,swati.das7,EMP0007,PC-R&D-007,Logon,0
L000404,2026-01-19 17:08:52,swati.das7,EMP0007,PC-R&D-007,Logoff,0
L000405,2026-01-20 13:43:41,swati.das7,EMP0007,PC-R&D-007,Logon,0
L000406,2026-01-20 21:23:53,swati.das7,EMP0007,PC-R&D-007,Logoff,0
L000407,2026-01-21 14:44:17,swati.das7,EMP0007,PC-R&D-007,Logon,0
L000408,2026-01-21 20:49:29,swati.das7,EMP0007,PC-R&D-007,Logoff,0
L000409,2026-01-22 15:58:21,swati.das7,EMP0007,PC-R&D-007,Logon,0
L000410,2026-01-22 23:01:32,swati.das7,EMP0007,PC-R&D-007,Logoff,0
L000411,2026-01-23 08:42:25,swati.das7,EMP0007,PC-R&D-007,Logon,0
L000412,2026-01-23 14:54:56,swati.das7,EMP0007,PC-R&D-007,Logoff,0
L000413,2026-01-26 12:24:26,swati.das7,EMP0007,PC-R&D-007,Logon,0
L000414,2026-01-26 19:46:05,swati.das7,EMP0007,PC-R&D-007,Logoff,0
L000415,2026-01-27 09:20:49,swati.das7,EMP0007,PC-R&D-007,Logon,0
L000416,2026-01-27 18:10:16,swati.das7,EMP0007,PC-R&D-007,Logoff,0
L000417,2026-01-28 16:09:10,swati.das7,EMP0007,PC-R&D-007,Logon,0
L000418,2026-01-29 00:24:57,swati.das7,EMP0007,PC-R&D-007,Logoff,0
L000419,2026-01-30 11:27:31,swati.das7,EMP0007,PC-R&D-007,Logon,0
L000420,2026-01-30 19:16:47,swati.das7,EMP0007,PC-R&D-007,Logoff,0
L000421,2026-02-02 10:07:18,swati.das7,EMP0007,PC-R&D-007,Logon,0
L000422,2026-02-02 18:09:22,swati.das7,EMP0007,PC-R&D-007,Logoff,0
L000423,2026-02-03 12:19:02,swati.das7,EMP0007,PC-R&D-007,Logon,0
L000424,2026-02-03 18:58:43,swati.das7,EMP0007,PC-R&D-007,Logoff,0
L000425,2026-02-04 05:13:19,swati.das7,EMP0007,PC-R&D-007,Logon,0
L000426,2026-02-04 14:03:28,swati.das7,EMP0007,PC-R&D-007,Logoff,0
L000427,2026-02-05 15:18:20,swati.das7,EMP0007,PC-R&D-007,Logon,0
L000428,2026-02-05 21:39:55,swati.das7,EMP0007,PC-R&D-007,Logoff,0
L000429,2026-02-06 11:08:24,swati.das7,EMP0007,PC-R&D-007,Logon,0
L000430,2026-02-06 18:44:15,swati.das7,EMP0007,PC-R&D-007,Logoff,0
L000431,2026-02-09 10:25:55,swati.das7,EMP0007,PC-R&D-007,Logon,0
L000432,2026-02-09 18:39:29,swati.das7,EMP0007,PC-R&D-007,Logoff,0
L000433,2026-02-10 11:04:55,swati.das7,EMP0007,PC-R&D-007,Logon,0
L000434,2026-02-10 18:01:16,swati.das7,EMP0007,PC-R&D-007,Logoff,0
L000435,2026-02-11 11:40:26,swati.das7,EMP0007,PC-R&D-007,Logon,0
L000436,2026-02-11 18:32:32,swati.das7,EMP0007,PC-R&D-007,Logoff,0
L000437,2026-02-12 20:10:51,swati.das7,EMP0007,PC-R&D-007,Logon,0
L000438,2026-02-13 05:01:25,swati.das7,EMP0007,PC-R&D-007,Logoff,0
L000439,2026-02-13 14:23:05,swati.das7,EMP0007,PC-R&D-007,Logon,0
L000440,2026-02-13 21:41:41,swati.das7,EMP0007,PC-R&D-007,Logoff,0
L000441,2026-01-01 10:05:25,deepak.gupta8,EMP0008,PC-LEG-008,Logon,0
L000442,2026-01-01 18:42:06,deepak.gupta8,EMP0008,PC-LEG-008,Logoff,0
L000443,2026-01-02 08:49:10,deepak.gupta8,EMP0008,PC-LEG-008,Logon,0
L000444,2026-01-02 15:02:54,deepak.gupta8,EMP0008,PC-LEG-008,Logoff,0
L000445,2026-01-05 15:22:46,deepak.gupta8,EMP0008,PC-LEG-008,Logon,0
L000446,2026-01-06 00:15:14,deepak.gupta8,EMP0008,PC-LEG-008,Logoff,0
L000447,2026-01-06 08:06:09,deepak.gupta8,EMP0008,PC-LEG-008,Logon,0
L000448,2026-01-06 14:52:13,deepak.gupta8,EMP0008,PC-LEG-008,Logoff,0
L000449,2026-01-07 08:48:41,deepak.gupta8,EMP0008,PC-LEG-008,Logon,0
L000450,2026-01-07 15:02:14,deepak.gupta8,EMP0008,PC-LEG-008,Logoff,0
L000451,2026-01-08 13:29:48,deepak.gupta8,EMP0008,PC-LEG-008,Logon,0
L000452,2026-01-08 21:11:16,deepak.gupta8,EMP0008,PC-LEG-008,Logoff,0
L000453,2026-01-09 14:56:36,deepak.gupta8,EMP0008,PC-LEG-008,Logon,0
L000454,2026-01-09 22:52:20,deepak.gupta8,EMP0008,PC-LEG-008,Logoff,0
L000455,2026-01-12 09:28:04,deepak.gupta8,EMP0008,PC-LEG-008,Logon,0
L000456,2026-01-12 16:52:28,deepak.gupta8,EMP0008,PC-LEG-008,Logoff,0
L000457,2026-01-13 15:37:03,deepak.gupta8,EMP0008,PC-LEG-008,Logon,0
L000458,2026-01-13 22:40:23,deepak.gupta8,EMP0008,PC-LEG-008,Logoff,0
L000459,2026-01-14 11:02:03,deepak.gupta8,EMP0008,PC-LEG-008,Logon,0
L000460,2026-01-14 18:08:25,deepak.gupta8,EMP0008,PC-LEG-008,Logoff,0
L000461,2026-01-15 13:54:05,deepak.gupta8,EMP0008,PC-LEG-008,Logon,0
L000462,2026-01-15 21:44:47,deepak.gupta8,EMP0008,PC-LEG-008,Logoff,0
L000463,2026-01-16 11:35:50,deepak.gupta8,EMP0008,PC-LEG-008,Logon,0
L000464,2026-01-16 19:48:50,deepak.gupta8,EMP0008,PC-LEG-008,Logoff,0
L000465,2026-01-17 13:12:20,deepak.gupta8,EMP0008,PC-LEG-008,Logon,0
L000466,2026-01-17 21:01:14,deepak.gupta8,EMP0008,PC-LEG-008,Logoff,0
L000467,2026-01-19 11:51:57,deepak.gupta8,EMP0008,PC-LEG-008,Logon,0
L000468,2026-01-19 20:22:40,deepak.gupta8,EMP0008,PC-LEG-008,Logoff,0
L000469,2026-01-20 07:41:11,deepak.gupta8,EMP0008,PC-LEG-008,Logon,0
L000470,2026-01-20 13:48:13,deepak.gupta8,EMP0008,PC-LEG-008,Logoff,0
L000471,2026-01-21 23:33:33,deepak.gupta8,EMP0008,PC-LEG-008,Logon,0
L000472,2026-01-22 07:23:18,deepak.gupta8,EMP0008,PC-LEG-008,Logoff,0
L000473,2026-01-22 17:24:26,deepak.gupta8,EMP0008,PC-LEG-008,Logon,0
L000474,2026-01-23 01:43:50,deepak.gupta8,EMP0008,PC-LEG-008,Logoff,0
L000475,2026-01-23 05:40:41,deepak.gupta8,EMP0008,PC-LEG-008,Logon,0
L000476,2026-01-23 12:40:55,deepak.gupta8,EMP0008,PC-LEG-008,Logoff,0
L000477,2026-01-26 09:54:42,deepak.gupta8,EMP0008,PC-LEG-008,Logon,0
L000478,2026-01-26 18:48:17,deepak.gupta8,EMP0008,PC-LEG-008,Logoff,0
L000479,2026-01-27 08:05:37,deepak.gupta8,EMP0008,PC-LEG-008,Logon,0
L000480,2026-01-27 16:05:04,deepak.gupta8,EMP0008,PC-LEG-008,Logoff,0
L000481,2026-01-28 09:41:44,deepak.gupta8,EMP0008,PC-LEG-008,Logon,0
L000482,2026-01-28 17:40:55,deepak.gupta8,EMP0008,PC-LEG-008,Logoff,0
L000483,2026-01-29 14:05:19,deepak.gupta8,EMP0008,PC-LEG-008,Logon,0
L000484,2026-01-29 21:45:55,deepak.gupta8,EMP0008,PC-LEG-008,Logoff,0
L000485,2026-01-30 10:08:42,deepak.gupta8,EMP0008,PC-LEG-008,Logon,0
L000486,2026-01-30 18:15:12,deepak.gupta8,EMP0008,PC-LEG-008,Logoff,0
L000487,2026-02-02 07:42:27,deepak.gupta8,EMP0008,PC-LEG-008,Logon,0
L000488,2026-02-02 15:13:58,deepak.gupta8,EMP0008,PC-LEG-008,Logoff,0
L000489,2026-02-04 19:21:49,deepak.gupta8,EMP0008,PC-LEG-008,Logon,0
L000490,2026-02-05 02:49:20,deepak.gupta8,EMP0008,PC-LEG-008,Logoff,0
L000491,2026-02-05 08:04:18,deepak.gupta8,EMP0008,PC-LEG-008,Logon,0
L000492,2026-02-05 16:36:17,deepak.gupta8,EMP0008,PC-LEG-008,Logoff,0
L000493,2026-02-06 15:53:47,deepak.gupta8,EMP0008,PC-LEG-008,Logon,0
L000494,2026-02-07 00:32:50,deepak.gupta8,EMP0008,PC-LEG-008,Logoff,0
L000495,2026-02-07 15:08:38,deepak.gupta8,EMP0008,PC-LEG-008,Logon,0
L000496,2026-02-07 22:16:26,deepak.gupta8,EMP0008,PC-LEG-008,Logoff,0
L000497,2026-02-09 15:51:57,deepak.gupta8,EMP0008,PC-LEG-008,Logon,0
L000498,2026-02-09 22:21:44,deepak.gupta8,EMP0008,PC-LEG-008,Logoff,0
L000499,2026-02-10 11:43:46,deepak.gupta8,EMP0008,PC-LEG-008,Logon,0
L000500,2026-02-10 18:26:31,deepak.gupta8,EMP0008,PC-LEG-008,Logoff,0
L000501,2026-02-11 09:47:50,deepak.gupta8,EMP0008,PC-LEG-008,Logon,0
L000502,2026-02-11 17:08:38,deepak.gupta8,EMP0008,PC-LEG-008,Logoff,0
L000503,2026-02-12 09:51:50,deepak.gupta8,EMP0008,PC-LEG-008,Logon,0
L000504,2026-02-12 17:16:15,deepak.gupta8,EMP0008,PC-LEG-008,Logoff,0
L000505,2026-02-13 10:36:28,deepak.gupta8,EMP0008,PC-LEG-008,Logon,0
L000506,2026-02-13 17:59:34,deepak.gupta8,EMP0008,PC-LEG-008,Logoff,0
L000507,2026-01-01 12:10:52,anjali.nair9,EMP0009,PC-FIN-009,Logon,0
L000508,2026-01-01 18:46:48,anjali.nair9,EMP0009,PC-FIN-009,Logoff,0
L000509,2026-01-02 16:03:41,anjali.nair9,EMP0009,PC-FIN-009,Logon,0
L000510,2026-01-02 23:30:11,anjali.nair9,EMP0009,PC-FIN-009,Logoff,0
L000511,2026-01-05 12:07:18,anjali.nair9,EMP0009,PC-FIN-009,Logon,0
L000512,2026-01-05 18:22:23,anjali.nair9,EMP0009,PC-FIN-009,Logoff,0
L000513,2026-01-06 11:32:09,anjali.nair9,EMP0009,PC-FIN-009,Logon,0
L000514,2026-01-06 20:01:44,anjali.nair9,EMP0009,PC-FIN-009,Logoff,0
L000515,2026-01-07 17:52:28,anjali.nair9,EMP0009,PC-FIN-009,Logon,0
L000516,2026-01-08 02:31:42,anjali.nair9,EMP0009,PC-FIN-009,Logoff,0
L000517,2026-01-08 11:25:32,anjali.nair9,EMP0009,PC-FIN-009,Logon,0
L000518,2026-01-08 18:32:50,anjali.nair9,EMP0009,PC-FIN-009,Logoff,0
L000519,2026-01-09 07:14:01,anjali.nair9,EMP0009,PC-FIN-009,Logon,0
L000520,2026-01-09 14:11:22,anjali.nair9,EMP0009,PC-FIN-009,Logoff,0
L000521,2026-01-12 08:02:18,anjali.nair9,EMP0009,PC-FIN-009,Logon,0
L000522,2026-01-12 16:47:25,anjali.nair9,EMP0009,PC-FIN-009,Logoff,0
L000523,2026-01-13 16:48:45,anjali.nair9,EMP0009,PC-FIN-009,Logon,0
L000524,2026-01-14 00:13:11,anjali.nair9,EMP0009,PC-FIN-009,Logoff,0
L000525,2026-01-14 17:01:16,anjali.nair9,EMP0009,PC-FIN-009,Logon,0
L000526,2026-01-14 23:40:05,anjali.nair9,EMP0009,PC-FIN-009,Logoff,0
L000527,2026-01-15 18:38:33,anjali.nair9,EMP0009,PC-FIN-009,Logon,0
L000528,2026-01-16 01:54:44,anjali.nair9,EMP0009,PC-FIN-009,Logoff,0
L000529,2026-01-16 09:07:03,anjali.nair9,EMP0009,PC-FIN-009,Logon,0
L000530,2026-01-16 15:49:58,anjali.nair9,EMP0009,PC-FIN-009,Logoff,0
L000531,2026-01-19 16:31:38,anjali.nair9,EMP0009,PC-FIN-009,Logon,0
L000532,2026-01-20 00:08:07,anjali.nair9,EMP0009,PC-FIN-009,Logoff,0
L000533,2026-01-20 13:45:09,anjali.nair9,EMP0009,PC-FIN-009,Logon,0
L000534,2026-01-20 20:37:34,anjali.nair9,EMP0009,PC-FIN-009,Logoff,0
L000535,2026-01-22 13:11:42,anjali.nair9,EMP0009,PC-FIN-009,Logon,0
L000536,2026-01-22 21:11:58,anjali.nair9,EMP0009,PC-FIN-009,Logoff,0
L000537,2026-01-23 10:33:34,anjali.nair9,EMP0009,PC-FIN-009,Logon,0
L000538,2026-01-23 18:04:53,anjali.nair9,EMP0009,PC-FIN-009,Logoff,0
L000539,2026-01-26 11:40:24,anjali.nair9,EMP0009,PC-FIN-009,Logon,0
L000540,2026-01-26 20:36:59,anjali.nair9,EMP0009,PC-FIN-009,Logoff,0
L000541,2026-01-27 01:50:04,anjali.nair9,EMP0009,PC-FIN-009,Logon,0
L000542,2026-01-27 08:52:07,anjali.nair9,EMP0009,PC-FIN-009,Logoff,0
L000543,2026-01-28 13:49:37,anjali.nair9,EMP0009,PC-FIN-009,Logon,0
L000544,2026-01-28 22:01:57,anjali.nair9,EMP0009,PC-FIN-009,Logoff,0
L000545,2026-01-29 04:34:21,anjali.nair9,EMP0009,PC-FIN-009,Logon,0
L000546,2026-01-29 13:00:46,anjali.nair9,EMP0009,PC-FIN-009,Logoff,0
L000547,2026-01-30 15:29:44,anjali.nair9,EMP0009,PC-FIN-009,Logon,0
L000548,2026-01-30 22:55:52,anjali.nair9,EMP0009,PC-FIN-009,Logoff,0
L000549,2026-02-02 18:02:18,anjali.nair9,EMP0009,PC-FIN-009,Logon,0
L000550,2026-02-03 00:38:35,anjali.nair9,EMP0009,PC-FIN-009,Logoff,0
L000551,2026-02-03 16:20:59,anjali.nair9,EMP0009,PC-FIN-009,Logon,0
L000552,2026-02-03 23:16:47,anjali.nair9,EMP0009,PC-FIN-009,Logoff,0
L000553,2026-02-04 15:30:16,anjali.nair9,EMP0009,PC-FIN-009,Logon,0
L000554,2026-02-04 21:36:51,anjali.nair9,EMP0009,PC-FIN-009,Logoff,0
L000555,2026-02-05 09:55:49,anjali.nair9,EMP0009,PC-FIN-009,Logon,0
L000556,2026-02-05 16:04:25,anjali.nair9,EMP0009,PC-FIN-009,Logoff,0
L000557,2026-02-06 09:51:23,anjali.nair9,EMP0009,PC-FIN-009,Logon,0
L000558,2026-02-06 17:10:02,anjali.nair9,EMP0009,PC-FIN-009,Logoff,0
L000559,2026-02-09 10:11:31,anjali.nair9,EMP0009,PC-FIN-009,Logon,0
L000560,2026-02-09 18:16:05,anjali.nair9,EMP0009,PC-FIN-009,Logoff,0
L000561,2026-02-10 15:17:51,anjali.nair9,EMP0009,PC-FIN-009,Logon,0
L000562,2026-02-10 21:32:43,anjali.nair9,EMP0009,PC-FIN-009,Logoff,0
L000563,2026-02-11 11:52:11,anjali.nair9,EMP0009,PC-FIN-009,Logon,0
L000564,2026-02-11 19:30:22,anjali.nair9,EMP0009,PC-FIN-009,Logoff,0
L000565,2026-02-12 07:42:18,anjali.nair9,EMP0009,PC-FIN-009,Logon,0
L000566,2026-02-12 14:37:28,anjali.nair9,EMP0009,PC-FIN-009,Logoff,0
L000567,2026-02-13 11:44:28,anjali.nair9,EMP0009,PC-FIN-009,Logon,0
L000568,2026-02-13 18:47:44,anjali.nair9,EMP0009,PC-FIN-009,Logoff,0
L000569,2026-02-14 10:27:17,anjali.nair9,EMP0009,PC-FIN-009,Logon,0
L000570,2026-02-14 18:22:23,anjali.nair9,EMP0009,PC-FIN-009,Logoff,0
L000571,2026-01-01 06:42:40,sneha.joshi10,EMP0010,PC-ENG-010,Logon,0
L000572,2026-01-01 13:55:47,sneha.joshi10,EMP0010,PC-ENG-010,Logoff,0
L000573,2026-01-02 15:10:01,sneha.joshi10,EMP0010,PC-ENG-010,Logon,0
L000574,2026-01-02 21:35:43,sneha.joshi10,EMP0010,PC-ENG-010,Logoff,0
L000575,2026-01-06 15:23:23,sneha.joshi10,EMP0010,PC-ENG-010,Logon,0
L000576,2026-01-06 22:32:17,sneha.joshi10,EMP0010,PC-ENG-010,Logoff,0
L000577,2026-01-07 13:43:28,sneha.joshi10,EMP0010,PC-ENG-010,Logon,0
L000578,2026-01-07 22:34:15,sneha.joshi10,EMP0010,PC-ENG-010,Logoff,0
L000579,2026-01-08 15:36:08,sneha.joshi10,EMP0010,PC-ENG-010,Logon,0
L000580,2026-01-08 23:11:26,sneha.joshi10,EMP0010,PC-ENG-010,Logoff,0
L000581,2026-01-09 14:15:07,sneha.joshi10,EMP0010,PC-ENG-010,Logon,0
L000582,2026-01-09 20:19:46,sneha.joshi10,EMP0010,PC-ENG-010,Logoff,0
L000583,2026-01-12 07:49:16,sneha.joshi10,EMP0010,PC-ENG-010,Logon,0
L000584,2026-01-12 15:55:59,sneha.joshi10,EMP0010,PC-ENG-010,Logoff,0
L000585,2026-01-13 13:44:58,sneha.joshi10,EMP0010,PC-ENG-010,Logon,0
L000586,2026-01-13 22:44:43,sneha.joshi10,EMP0010,PC-ENG-010,Logoff,0
L000587,2026-01-14 08:04:28,sneha.joshi10,EMP0010,PC-ENG-010,Logon,0
L000588,2026-01-14 14:35:32,sneha.joshi10,EMP0010,PC-ENG-010,Logoff,0
L000589,2026-01-15 23:51:43,sneha.joshi10,EMP0010,PC-ENG-010,Logon,0
L000590,2026-01-16 08:45:52,sneha.joshi10,EMP0010,PC-ENG-010,Logoff,0
L000591,2026-01-16 14:45:04,sneha.joshi10,EMP0010,PC-ENG-010,Logon,0
L000592,2026-01-16 22:24:03,sneha.joshi10,EMP0010,PC-ENG-010,Logoff,0
L000593,2026-01-19 14:44:40,sneha.joshi10,EMP0010,PC-ENG-010,Logon,0
L000594,2026-01-19 21:16:00,sneha.joshi10,EMP0010,PC-ENG-010,Logoff,0
L000595,2026-01-20 08:12:50,sneha.joshi10,EMP0010,PC-ENG-010,Logon,0
L000596,2026-01-20 14:37:49,sneha.joshi10,EMP0010,PC-ENG-010,Logoff,0
L000597,2026-01-21 02:35:36,sneha.joshi10,EMP0010,PC-ENG-010,Logon,0
L000598,2026-01-21 09:42:00,sneha.joshi10,EMP0010,PC-ENG-010,Logoff,0
L000599,2026-01-22 12:39:56,sneha.joshi10,EMP0010,PC-ENG-010,Logon,0
L000600,2026-01-22 18:55:27,sneha.joshi10,EMP0010,PC-ENG-010,Logoff,0
L000601,2026-01-23 23:46:30,sneha.joshi10,EMP0010,PC-ENG-010,Logon,0
L000602,2026-01-24 07:21:07,sneha.joshi10,EMP0010,PC-ENG-010,Logoff,0
L000603,2026-01-26 21:41:04,sneha.joshi10,EMP0010,PC-ENG-010,Logon,0
L000604,2026-01-27 05:02:03,sneha.joshi10,EMP0010,PC-ENG-010,Logoff,0
L000605,2026-01-27 10:56:53,sneha.joshi10,EMP0010,PC-ENG-010,Logon,0
L000606,2026-01-27 19:17:19,sneha.joshi10,EMP0010,PC-ENG-010,Logoff,0
L000607,2026-01-28 08:08:27,sneha.joshi10,EMP0010,PC-ENG-010,Logon,0
L000608,2026-01-28 15:38:57,sneha.joshi10,EMP0010,PC-ENG-010,Logoff,0
L000609,2026-01-29 16:33:09,sneha.joshi10,EMP0010,PC-ENG-010,Logon,0
L000610,2026-01-29 23:27:53,sneha.joshi10,EMP0010,PC-ENG-010,Logoff,0
L000611,2026-01-30 18:14:22,sneha.joshi10,EMP0010,PC-ENG-010,Logon,0
L000612,2026-01-31 03:04:54,sneha.joshi10,EMP0010,PC-ENG-010,Logoff,0
L000613,2026-02-02 08:35:17,sneha.joshi10,EMP0010,PC-ENG-010,Logon,0
L000614,2026-02-02 14:57:48,sneha.joshi10,EMP0010,PC-ENG-010,Logoff,0
L000615,2026-02-03 12:32:41,sneha.joshi10,EMP0010,PC-ENG-010,Logon,0
L000616,2026-02-03 19:03:02,sneha.joshi10,EMP0010,PC-ENG-010,Logoff,0
L000617,2026-02-04 08:42:39,sneha.joshi10,EMP0010,PC-ENG-010,Logon,0
L000618,2026-02-04 16:52:21,sneha.joshi10,EMP0010,PC-ENG-010,Logoff,0
L000619,2026-02-05 16:36:02,sneha.joshi10,EMP0010,PC-ENG-010,Logon,0
L000620,2026-02-06 01:04:34,sneha.joshi10,EMP0010,PC-ENG-010,Logoff,0
L000621,2026-02-07 13:41:13,sneha.joshi10,EMP0010,PC-ENG-010,Logon,0
L000622,2026-02-07 21:59:16,sneha.joshi10,EMP0010,PC-ENG-010,Logoff,0
L000623,2026-02-09 12:40:34,sneha.joshi10,EMP0010,PC-ENG-010,Logon,0
L000624,2026-02-09 19:32:42,sneha.joshi10,EMP0010,PC-ENG-010,Logoff,0
L000625,2026-02-10 11:51:51,sneha.joshi10,EMP0010,PC-ENG-010,Logon,0
L000626,2026-02-10 19:55:08,sneha.joshi10,EMP0010,PC-ENG-010,Logoff,0
L000627,2026-02-11 06:03:10,sneha.joshi10,EMP0010,PC-ENG-010,Logon,0
L000628,2026-02-11 13:22:17,sneha.joshi10,EMP0010,PC-ENG-010,Logoff,0
L000629,2026-02-12 08:38:09,sneha.joshi10,EMP0010,PC-ENG-010,Logon,0
L000630,2026-02-12 15:34:24,sneha.joshi10,EMP0010,PC-ENG-010,Logoff,0
L000631,2026-02-13 14:55:22,sneha.joshi10,EMP0010,PC-ENG-010,Logon,0
L000632,2026-02-13 23:50:56,sneha.joshi10,EMP0010,PC-ENG-010,Logoff,0
L000633,2026-01-01 13:20:15,rahul.bhatt11,EMP0011,PC-HR-011,Logon,0
L000634,2026-01-01 20:44:12,rahul.bhatt11,EMP0011,PC-HR-011,Logoff,0
L000635,2026-01-02 09:06:03,rahul.bhatt11,EMP0011,PC-HR-011,Logon,0
L000636,2026-01-02 15:58:17,rahul.bhatt11,EMP0011,PC-HR-011,Logoff,0
L000637,2026-01-05 16:10:52,rahul.bhatt11,EMP0011,PC-HR-011,Logon,0
L000638,2026-01-05 23:09:48,rahul.bhatt11,EMP0011,PC-HR-011,Logoff,0
L000639,2026-01-06 09:48:10,rahul.bhatt11,EMP0011,PC-HR-011,Logon,0
L000640,2026-01-06 17:17:51,rahul.bhatt11,EMP0011,PC-HR-011,Logoff,0
L000641,2026-01-07 12:19:31,rahul.bhatt11,EMP0011,PC-HR-011,Logon,0
L000642,2026-01-07 18:23:41,rahul.bhatt11,EMP0011,PC-HR-011,Logoff,0
L000643,2026-01-08 12:15:13,rahul.bhatt11,EMP0011,PC-HR-011,Logon,0
L000644,2026-01-08 20:00:13,rahul.bhatt11,EMP0011,PC-HR-011,Logoff,0
L000645,2026-01-12 14:18:34,rahul.bhatt11,EMP0011,PC-HR-011,Logon,0
L000646,2026-01-12 20:20:02,rahul.bhatt11,EMP0011,PC-HR-011,Logoff,0
L000647,2026-01-13 08:16:46,rahul.bhatt11,EMP0011,PC-HR-011,Logon,0
L000648,2026-01-13 15:22:36,rahul.bhatt11,EMP0011,PC-HR-011,Logoff,0
L000649,2026-01-14 04:03:36,rahul.bhatt11,EMP0011,PC-HR-011,Logon,0
L000650,2026-01-14 11:44:43,rahul.bhatt11,EMP0011,PC-HR-011,Logoff,0
L000651,2026-01-15 09:24:32,rahul.bhatt11,EMP0011,PC-HR-011,Logon,0
L000652,2026-01-15 16:45:35,rahul.bhatt11,EMP0011,PC-HR-011,Logoff,0
L000653,2026-01-16 16:39:43,rahul.bhatt11,EMP0011,PC-HR-011,Logon,0
L000654,2026-01-17 00:29:42,rahul.bhatt11,EMP0011,PC-HR-011,Logoff,0
L000655,2026-01-19 22:35:23,rahul.bhatt11,EMP0011,PC-HR-011,Logon,0
L000656,2026-01-20 06:51:16,rahul.bhatt11,EMP0011,PC-HR-011,Logoff,0
L000657,2026-01-20 12:32:02,rahul.bhatt11,EMP0011,PC-HR-011,Logon,0
L000658,2026-01-20 18:40:11,rahul.bhatt11,EMP0011,PC-HR-011,Logoff,0
L000659,2026-01-21 10:30:33,rahul.bhatt11,EMP0011,PC-HR-011,Logon,0
L000660,2026-01-21 17:52:48,rahul.bhatt11,EMP0011,PC-HR-011,Logoff,0
L000661,2026-01-22 12:20:59,rahul.bhatt11,EMP0011,PC-HR-011,Logon,0
L000662,2026-01-22 20:11:20,rahul.bhatt11,EMP0011,PC-HR-011,Logoff,0
L000663,2026-01-23 22:47:53,rahul.bhatt11,EMP0011,PC-HR-011,Logon,0
L000664,2026-01-24 05:41:44,rahul.bhatt11,EMP0011,PC-HR-011,Logoff,0
L000665,2026-01-26 14:19:30,rahul.bhatt11,EMP0011,PC-HR-011,Logon,0
L000666,2026-01-26 22:46:20,rahul.bhatt11,EMP0011,PC-HR-011,Logoff,0
L000667,2026-01-27 14:26:37,rahul.bhatt11,EMP0011,PC-HR-011,Logon,0
L000668,2026-01-27 21:21:59,rahul.bhatt11,EMP0011,PC-HR-011,Logoff,0
L000669,2026-01-28 16:40:01,rahul.bhatt11,EMP0011,PC-HR-011,Logon,0
L000670,2026-01-29 00:27:27,rahul.bhatt11,EMP0011,PC-HR-011,Logoff,0
L000671,2026-01-29 14:49:37,rahul.bhatt11,EMP0011,PC-HR-011,Logon,0
L000672,2026-01-29 22:33:35,rahul.bhatt11,EMP0011,PC-HR-011,Logoff,0
L000673,2026-01-30 13:10:33,rahul.bhatt11,EMP0011,PC-HR-011,Logon,0
L000674,2026-01-30 21:03:46,rahul.bhatt11,EMP0011,PC-HR-011,Logoff,0
L000675,2026-02-02 14:02:36,rahul.bhatt11,EMP0011,PC-HR-011,Logon,0
L000676,2026-02-02 22:53:16,rahul.bhatt11,EMP0011,PC-HR-011,Logoff,0
L000677,2026-02-03 02:20:26,rahul.bhatt11,EMP0011,PC-HR-011,Logon,0
L000678,2026-02-03 08:47:41,rahul.bhatt11,EMP0011,PC-HR-011,Logoff,0
L000679,2026-02-04 11:49:39,rahul.bhatt11,EMP0011,PC-HR-011,Logon,0
L000680,2026-02-04 20:35:20,rahul.bhatt11,EMP0011,PC-HR-011,Logoff,0
L000681,2026-02-05 14:03:45,rahul.bhatt11,EMP0011,PC-HR-011,Logon,0
L000682,2026-02-05 20:28:36,rahul.bhatt11,EMP0011,PC-HR-011,Logoff,0
L000683,2026-02-06 10:42:30,rahul.bhatt11,EMP0011,PC-HR-011,Logon,0
L000684,2026-02-06 18:17:05,rahul.bhatt11,EMP0011,PC-HR-011,Logoff,0
L000685,2026-02-09 10:22:43,rahul.bhatt11,EMP0011,PC-HR-011,Logon,0
L000686,2026-02-09 18:41:40,rahul.bhatt11,EMP0011,PC-HR-011,Logoff,0
L000687,2026-02-10 13:44:16,rahul.bhatt11,EMP0011,PC-HR-011,Logon,0
L000688,2026-02-10 21:34:04,rahul.bhatt11,EMP0011,PC-HR-011,Logoff,0
L000689,2026-02-11 09:35:19,rahul.bhatt11,EMP0011,PC-HR-011,Logon,0
L000690,2026-02-11 16:15:47,rahul.bhatt11,EMP0011,PC-HR-011,Logoff,0
L000691,2026-02-12 09:18:45,rahul.bhatt11,EMP0011,PC-HR-011,Logon,0
L000692,2026-02-12 15:56:03,rahul.bhatt11,EMP0011,PC-HR-011,Logoff,0
L000693,2026-02-13 09:22:35,rahul.bhatt11,EMP0011,PC-HR-011,Logon,0
L000694,2026-02-13 18:10:38,rahul.bhatt11,EMP0011,PC-HR-011,Logoff,0
L000695,2026-01-01 07:43:34,neha.naidu12,EMP0012,PC-ENG-012,Logon,0
L000696,2026-01-01 14:51:54,neha.naidu12,EMP0012,PC-ENG-012,Logoff,0
L000697,2026-01-02 15:49:51,neha.naidu12,EMP0012,PC-ENG-012,Logon,0
L000698,2026-01-02 22:16:12,neha.naidu12,EMP0012,PC-ENG-012,Logoff,0
L000699,2026-01-03 07:59:28,neha.naidu12,EMP0012,PC-ENG-012,Logon,0
L000700,2026-01-03 15:57:32,neha.naidu12,EMP0012,PC-ENG-012,Logoff,0
L000701,2026-01-05 16:17:59,neha.naidu12,EMP0012,PC-ENG-012,Logon,0
L000702,2026-01-05 23:59:08,neha.naidu12,EMP0012,PC-ENG-012,Logoff,0
L000703,2026-01-06 07:47:37,neha.naidu12,EMP0012,PC-ENG-012,Logon,0
L000704,2026-01-06 14:30:41,neha.naidu12,EMP0012,PC-ENG-012,Logoff,0
L000705,2026-01-07 17:14:40,neha.naidu12,EMP0012,PC-ENG-012,Logon,0
L000706,2026-01-07 23:56:34,neha.naidu12,EMP0012,PC-ENG-012,Logoff,0
L000707,2026-01-08 10:30:06,neha.naidu12,EMP0012,PC-ENG-012,Logon,0
L000708,2026-01-08 18:32:42,neha.naidu12,EMP0012,PC-ENG-012,Logoff,0
L000709,2026-01-09 20:59:10,neha.naidu12,EMP0012,PC-ENG-012,Logon,0
L000710,2026-01-10 04:12:24,neha.naidu12,EMP0012,PC-ENG-012,Logoff,0
L000711,2026-01-12 08:18:20,neha.naidu12,EMP0012,PC-ENG-012,Logon,0
L000712,2026-01-12 15:09:42,neha.naidu12,EMP0012,PC-ENG-012,Logoff,0
L000713,2026-01-13 15:41:36,neha.naidu12,EMP0012,PC-ENG-012,Logon,0
L000714,2026-01-13 22:23:23,neha.naidu12,EMP0012,PC-ENG-012,Logoff,0
L000715,2026-01-14 16:02:58,neha.naidu12,EMP0012,PC-ENG-012,Logon,0
L000716,2026-01-15 00:48:49,neha.naidu12,EMP0012,PC-ENG-012,Logoff,0
L000717,2026-01-15 16:59:58,neha.naidu12,EMP0012,PC-ENG-012,Logon,0
L000718,2026-01-15 23:06:30,neha.naidu12,EMP0012,PC-ENG-012,Logoff,0
L000719,2026-01-16 15:11:59,neha.naidu12,EMP0012,PC-ENG-012,Logon,0
L000720,2026-01-16 23:26:48,neha.naidu12,EMP0012,PC-ENG-012,Logoff,0
L000721,2026-01-20 13:59:21,neha.naidu12,EMP0012,PC-ENG-012,Logon,0
L000722,2026-01-20 20:50:34,neha.naidu12,EMP0012,PC-ENG-012,Logoff,0
L000723,2026-01-21 12:31:56,neha.naidu12,EMP0012,PC-ENG-012,Logon,0
L000724,2026-01-21 21:20:52,neha.naidu12,EMP0012,PC-ENG-012,Logoff,0
L000725,2026-01-22 11:12:51,neha.naidu12,EMP0012,PC-ENG-012,Logon,0
L000726,2026-01-22 17:33:07,neha.naidu12,EMP0012,PC-ENG-012,Logoff,0
L000727,2026-01-23 11:16:45,neha.naidu12,EMP0012,PC-ENG-012,Logon,0
L000728,2026-01-23 17:50:15,neha.naidu12,EMP0012,PC-ENG-012,Logoff,0
L000729,2026-01-26 15:11:39,neha.naidu12,EMP0012,PC-ENG-012,Logon,0
L000730,2026-01-26 23:45:45,neha.naidu12,EMP0012,PC-ENG-012,Logoff,0
L000731,2026-01-27 16:32:20,neha.naidu12,EMP0012,PC-ENG-012,Logon,0
L000732,2026-01-27 22:47:56,neha.naidu12,EMP0012,PC-ENG-012,Logoff,0
L000733,2026-01-28 08:08:30,neha.naidu12,EMP0012,PC-ENG-012,Logon,0
L000734,2026-01-28 15:06:44,neha.naidu12,EMP0012,PC-ENG-012,Logoff,0
L000735,2026-01-29 09:15:28,neha.naidu12,EMP0012,PC-ENG-012,Logon,0
L000736,2026-01-29 17:31:08,neha.naidu12,EMP0012,PC-ENG-012,Logoff,0
L000737,2026-01-30 09:46:36,neha.naidu12,EMP0012,PC-ENG-012,Logon,0
L000738,2026-01-30 15:48:39,neha.naidu12,EMP0012,PC-ENG-012,Logoff,0
L000739,2026-02-02 07:19:10,neha.naidu12,EMP0012,PC-ENG-012,Logon,0
L000740,2026-02-02 14:32:08,neha.naidu12,EMP0012,PC-ENG-012,Logoff,0
L000741,2026-02-03 17:45:49,neha.naidu12,EMP0012,PC-ENG-012,Logon,0
L000742,2026-02-04 00:41:47,neha.naidu12,EMP0012,PC-ENG-012,Logoff,0
L000743,2026-02-04 17:18:23,neha.naidu12,EMP0012,PC-ENG-012,Logon,0
L000744,2026-02-05 01:09:00,neha.naidu12,EMP0012,PC-ENG-012,Logoff,0
L000745,2026-02-05 08:09:29,neha.naidu12,EMP0012,PC-ENG-012,Logon,0
L000746,2026-02-05 16:24:04,neha.naidu12,EMP0012,PC-ENG-012,Logoff,0
L000747,2026-02-06 11:35:58,neha.naidu12,EMP0012,PC-ENG-012,Logon,0
L000748,2026-02-06 19:00:42,neha.naidu12,EMP0012,PC-ENG-012,Logoff,0
L000749,2026-02-09 09:48:38,neha.naidu12,EMP0012,PC-ENG-012,Logon,0
L000750,2026-02-09 18:25:47,neha.naidu12,EMP0012,PC-ENG-012,Logoff,0
L000751,2026-02-10 11:45:23,neha.naidu12,EMP0012,PC-ENG-012,Logon,0
L000752,2026-02-10 17:59:26,neha.naidu12,EMP0012,PC-ENG-012,Logoff,0
L000753,2026-02-11 06:35:57,neha.naidu12,EMP0012,PC-ENG-012,Logon,0
L000754,2026-02-11 14:06:56,neha.naidu12,EMP0012,PC-ENG-012,Logoff,0
L000755,2026-02-12 08:20:54,neha.naidu12,EMP0012,PC-ENG-012,Logon,0
L000756,2026-02-12 15:54:33,neha.naidu12,EMP0012,PC-ENG-012,Logoff,0
L000757,2026-02-13 08:37:31,neha.naidu12,EMP0012,PC-ENG-012,Logon,0
L000758,2026-02-13 14:53:53,neha.naidu12,EMP0012,PC-ENG-012,Logoff,0
L000759,2026-01-01 11:32:26,manoj.khan13,EMP0013,PC-R&D-013,Logon,0
L000760,2026-01-01 18:54:39,manoj.khan13,EMP0013,PC-R&D-013,Logoff,0
L000761,2026-01-02 11:51:19,manoj.khan13,EMP0013,PC-R&D-013,Logon,0
L000762,2026-01-02 20:01:30,manoj.khan13,EMP0013,PC-R&D-013,Logoff,0
L000763,2026-01-05 13:02:27,manoj.khan13,EMP0013,PC-R&D-013,Logon,0
L000764,2026-01-05 20:04:27,manoj.khan13,EMP0013,PC-R&D-013,Logoff,0
L000765,2026-01-06 23:59:57,manoj.khan13,EMP0013,PC-R&D-013,Logon,0
L000766,2026-01-07 06:12:22,manoj.khan13,EMP0013,PC-R&D-013,Logoff,0
L000767,2026-01-07 03:26:11,manoj.khan13,EMP0013,PC-R&D-013,Logon,0
L000768,2026-01-07 11:44:35,manoj.khan13,EMP0013,PC-R&D-013,Logoff,0
L000769,2026-01-08 21:41:26,manoj.khan13,EMP0013,PC-R&D-013,Logon,0
L000770,2026-01-09 04:48:50,manoj.khan13,EMP0013,PC-R&D-013,Logoff,0
L000771,2026-01-09 11:58:58,manoj.khan13,EMP0013,PC-R&D-013,Logon,0
L000772,2026-01-09 19:06:54,manoj.khan13,EMP0013,PC-R&D-013,Logoff,0
L000773,2026-01-12 08:55:22,manoj.khan13,EMP0013,PC-R&D-013,Logon,0
L000774,2026-01-12 15:16:43,manoj.khan13,EMP0013,PC-R&D-013,Logoff,0
L000775,2026-01-13 10:08:46,manoj.khan13,EMP0013,PC-R&D-013,Logon,0
L000776,2026-01-13 19:04:56,manoj.khan13,EMP0013,PC-R&D-013,Logoff,0
L000777,2026-01-14 15:19:29,manoj.khan13,EMP0013,PC-R&D-013,Logon,0
L000778,2026-01-14 23:20:42,manoj.khan13,EMP0013,PC-R&D-013,Logoff,0
L000779,2026-01-15 12:52:14,manoj.khan13,EMP0013,PC-R&D-013,Logon,0
L000780,2026-01-15 19:36:47,manoj.khan13,EMP0013,PC-R&D-013,Logoff,0
L000781,2026-01-16 09:59:56,manoj.khan13,EMP0013,PC-R&D-013,Logon,0
L000782,2026-01-16 18:10:26,manoj.khan13,EMP0013,PC-R&D-013,Logoff,0
L000783,2026-01-19 15:56:56,manoj.khan13,EMP0013,PC-R&D-013,Logon,0
L000784,2026-01-19 21:59:44,manoj.khan13,EMP0013,PC-R&D-013,Logoff,0
L000785,2026-01-20 07:02:28,manoj.khan13,EMP0013,PC-R&D-013,Logon,0
L000786,2026-01-20 14:50:04,manoj.khan13,EMP0013,PC-R&D-013,Logoff,0
L000787,2026-01-21 05:47:02,manoj.khan13,EMP0013,PC-R&D-013,Logon,0
L000788,2026-01-21 12:59:26,manoj.khan13,EMP0013,PC-R&D-013,Logoff,0
L000789,2026-01-22 08:55:49,manoj.khan13,EMP0013,PC-R&D-013,Logon,0
L000790,2026-01-22 15:05:58,manoj.khan13,EMP0013,PC-R&D-013,Logoff,0
L000791,2026-01-23 09:52:58,manoj.khan13,EMP0013,PC-R&D-013,Logon,0
L000792,2026-01-23 18:04:38,manoj.khan13,EMP0013,PC-R&D-013,Logoff,0
L000793,2026-01-26 10:19:56,manoj.khan13,EMP0013,PC-R&D-013,Logon,0
L000794,2026-01-26 16:45:43,manoj.khan13,EMP0013,PC-R&D-013,Logoff,0
L000795,2026-01-27 08:19:17,manoj.khan13,EMP0013,PC-R&D-013,Logon,0
L000796,2026-01-27 14:30:15,manoj.khan13,EMP0013,PC-R&D-013,Logoff,0
L000797,2026-01-28 16:58:11,manoj.khan13,EMP0013,PC-R&D-013,Logon,0
L000798,2026-01-29 00:50:51,manoj.khan13,EMP0013,PC-R&D-013,Logoff,0
L000799,2026-01-29 12:22:41,manoj.khan13,EMP0013,PC-R&D-013,Logon,0
L000800,2026-01-29 20:23:31,manoj.khan13,EMP0013,PC-R&D-013,Logoff,0
L000801,2026-01-30 10:26:26,manoj.khan13,EMP0013,PC-R&D-013,Logon,0
L000802,2026-01-30 16:53:17,manoj.khan13,EMP0013,PC-R&D-013,Logoff,0
L000803,2026-02-02 16:19:54,manoj.khan13,EMP0013,PC-R&D-013,Logon,0
L000804,2026-02-03 00:27:15,manoj.khan13,EMP0013,PC-R&D-013,Logoff,0
L000805,2026-02-03 17:35:26,manoj.khan13,EMP0013,PC-R&D-013,Logon,0
L000806,2026-02-04 02:29:38,manoj.khan13,EMP0013,PC-R&D-013,Logoff,0
L000807,2026-02-04 08:15:16,manoj.khan13,EMP0013,PC-R&D-013,Logon,0
L000808,2026-02-04 14:51:52,manoj.khan13,EMP0013,PC-R&D-013,Logoff,0
L000809,2026-02-05 17:54:23,manoj.khan13,EMP0013,PC-R&D-013,Logon,0
L000810,2026-02-06 00:11:01,manoj.khan13,EMP0013,PC-R&D-013,Logoff,0
L000811,2026-02-06 08:17:24,manoj.khan13,EMP0013,PC-R&D-013,Logon,0
L000812,2026-02-06 16:18:39,manoj.khan13,EMP0013,PC-R&D-013,Logoff,0
L000813,2026-02-09 15:46:42,manoj.khan13,EMP0013,PC-R&D-013,Logon,0
L000814,2026-02-09 23:27:17,manoj.khan13,EMP0013,PC-R&D-013,Logoff,0
L000815,2026-02-10 16:21:19,manoj.khan13,EMP0013,PC-R&D-013,Logon,0
L000816,2026-02-11 01:13:34,manoj.khan13,EMP0013,PC-R&D-013,Logoff,0
L000817,2026-02-12 19:07:47,manoj.khan13,EMP0013,PC-R&D-013,Logon,0
L000818,2026-02-13 04:07:42,manoj.khan13,EMP0013,PC-R&D-013,Logoff,0
L000819,2026-02-13 09:38:45,manoj.khan13,EMP0013,PC-R&D-013,Logon,0
L000820,2026-02-13 16:15:33,manoj.khan13,EMP0013,PC-R&D-013,Logoff,0
L000821,2026-01-01 10:34:41,meera.reddy14,EMP0014,PC-ENG-014,Logon,0
L000822,2026-01-01 17:39:21,meera.reddy14,EMP0014,PC-ENG-014,Logoff,0
L000823,2026-01-02 12:06:51,meera.reddy14,EMP0014,PC-ENG-014,Logon,0
L000824,2026-01-02 21:03:29,meera.reddy14,EMP0014,PC-ENG-014,Logoff,0
L000825,2026-01-05 11:36:55,meera.reddy14,EMP0014,PC-ENG-014,Logon,0
L000826,2026-01-05 18:16:44,meera.reddy14,EMP0014,PC-ENG-014,Logoff,0
L000827,2026-01-06 22:18:09,meera.reddy14,EMP0014,PC-ENG-014,Logon,1
L000828,2026-01-07 07:28:46,meera.reddy14,EMP0014,PC-ENG-014,Logoff,1
L000829,2026-01-07 09:35:41,meera.reddy14,EMP0014,PC-ENG-014,Logon,0
L000830,2026-01-07 18:25:30,meera.reddy14,EMP0014,PC-ENG-014,Logoff,0
L000831,2026-01-08 12:46:41,meera.reddy14,EMP0014,PC-ENG-014,Logon,0
L000832,2026-01-08 20:59:48,meera.reddy14,EMP0014,PC-ENG-014,Logoff,0
L000833,2026-01-09 10:08:46,meera.reddy14,EMP0014,PC-ENG-014,Logon,0
L000834,2026-01-09 17:47:08,meera.reddy14,EMP0014,PC-ENG-014,Logoff,0
L000835,2026-01-12 12:53:54,meera.reddy14,EMP0014,PC-ENG-014,Logon,0
L000836,2026-01-12 19:07:16,meera.reddy14,EMP0014,PC-ENG-014,Logoff,0
L000837,2026-01-13 00:26:08,meera.reddy14,EMP0014,PC-ENG-014,Logon,1
L000838,2026-01-13 13:29:26,meera.reddy14,EMP0014,PC-ENG-014,Logoff,1
L000839,2026-01-14 00:32:29,meera.reddy14,EMP0014,PC-ENG-014,Logon,0
L000840,2026-01-14 07:39:39,meera.reddy14,EMP0014,PC-ENG-014,Logoff,0
L000841,2026-01-15 13:30:42,meera.reddy14,EMP0014,PC-ENG-014,Logon,0
L000842,2026-01-15 20:58:30,meera.reddy14,EMP0014,PC-ENG-014,Logoff,0
L000843,2026-01-18 04:01:32,meera.reddy14,EMP0014,PC-ENG-014,Logon,1
L000844,2026-01-18 16:54:16,meera.reddy14,EMP0014,PC-ENG-014,Logoff,1
L000845,2026-01-19 17:06:58,meera.reddy14,EMP0014,PC-ENG-014,Logon,0
L000846,2026-01-19 23:24:18,meera.reddy14,EMP0014,PC-ENG-014,Logoff,0
L000847,2026-01-20 04:52:22,meera.reddy14,EMP0014,PC-ENG-014,Logon,1
L000848,2026-01-20 14:28:36,meera.reddy14,EMP0014,PC-ENG-014,Logoff,1
L000849,2026-01-21 11:36:15,meera.reddy14,EMP0014,PC-ENG-014,Logon,0
L000850,2026-01-21 20:34:29,meera.reddy14,EMP0014,PC-ENG-014,Logoff,0
L000851,2026-01-22 16:41:54,meera.reddy14,EMP0014,PC-ENG-014,Logon,0
L000852,2026-01-23 00:38:52,meera.reddy14,EMP0014,PC-ENG-014,Logoff,0
L000853,2026-01-26 14:05:31,meera.reddy14,EMP0014,PC-ENG-014,Logon,0
L000854,2026-01-26 22:37:40,meera.reddy14,EMP0014,PC-ENG-014,Logoff,0
L000855,2026-01-27 01:57:33,meera.reddy14,EMP0014,PC-ENG-014,Logon,1
L000856,2026-01-27 15:28:26,meera.reddy14,EMP0014,PC-ENG-014,Logoff,1
L000857,2026-01-28 14:36:30,meera.reddy14,EMP0014,PC-ENG-014,Logon,0
L000858,2026-01-28 21:25:17,meera.reddy14,EMP0014,PC-ENG-014,Logoff,0
L000859,2026-01-29 09:34:36,meera.reddy14,EMP0014,PC-ENG-014,Logon,0
L000860,2026-01-29 17:33:03,meera.reddy14,EMP0014,PC-ENG-014,Logoff,0
L000861,2026-01-30 01:13:37,meera.reddy14,EMP0014,PC-ENG-014,Logon,0
L000862,2026-01-30 07:39:34,meera.reddy14,EMP0014,PC-ENG-014,Logoff,0
L000863,2026-02-02 03:36:53,meera.reddy14,EMP0014,PC-ENG-014,Logon,1
L000864,2026-02-02 16:42:40,meera.reddy14,EMP0014,PC-ENG-014,Logoff,1
L000865,2026-02-03 10:47:08,meera.reddy14,EMP0014,PC-ENG-014,Logon,0
L000866,2026-02-03 19:09:25,meera.reddy14,EMP0014,PC-ENG-014,Logoff,0
L000867,2026-02-04 05:03:06,meera.reddy14,EMP0014,PC-ENG-014,Logon,1
L000868,2026-02-04 15:40:27,meera.reddy14,EMP0014,PC-ENG-014,Logoff,1
L000869,2026-02-05 22:49:20,meera.reddy14,EMP0014,PC-ENG-014,Logon,1
L000870,2026-02-06 06:59:59,meera.reddy14,EMP0014,PC-ENG-014,Logoff,1
L000871,2026-02-06 12:22:35,meera.reddy14,EMP0014,PC-ENG-014,Logon,0
L000872,2026-02-06 21:11:59,meera.reddy14,EMP0014,PC-ENG-014,Logoff,0
L000873,2026-02-09 04:51:15,meera.reddy14,EMP0014,PC-ENG-014,Logon,1
L000874,2026-02-09 17:07:58,meera.reddy14,EMP0014,PC-ENG-014,Logoff,1
L000875,2026-02-10 02:47:24,meera.reddy14,EMP0014,PC-ENG-014,Logon,1
L000876,2026-02-10 12:41:24,meera.reddy14,EMP0014,PC-ENG-014,Logoff,1
L000877,2026-02-11 04:28:23,meera.reddy14,EMP0014,PC-ENG-014,Logon,1
L000878,2026-02-11 17:02:28,meera.reddy14,EMP0014,PC-ENG-014,Logoff,1
L000879,2026-02-12 22:28:35,meera.reddy14,EMP0014,PC-ENG-014,Logon,1
L000880,2026-02-13 09:48:17,meera.reddy14,EMP0014,PC-ENG-014,Logoff,1
L000881,2026-02-13 05:35:05,meera.reddy14,EMP0014,PC-ENG-014,Logon,1
L000882,2026-02-13 17:09:58,meera.reddy14,EMP0014,PC-ENG-014,Logoff,1
L000883,2026-01-01 01:26:24,tanya.khan15,EMP0015,PC-ENG-015,Logon,0
L000884,2026-01-01 09:46:39,tanya.khan15,EMP0015,PC-ENG-015,Logoff,0
L000885,2026-01-02 12:15:36,tanya.khan15,EMP0015,PC-ENG-015,Logon,0
L000886,2026-01-02 19:49:23,tanya.khan15,EMP0015,PC-ENG-015,Logoff,0
L000887,2026-01-05 09:09:04,tanya.khan15,EMP0015,PC-ENG-015,Logon,0
L000888,2026-01-05 15:39:09,tanya.khan15,EMP0015,PC-ENG-015,Logoff,0
L000889,2026-01-06 09:50:04,tanya.khan15,EMP0015,PC-ENG-015,Logon,0
L000890,2026-01-06 16:55:04,tanya.khan15,EMP0015,PC-ENG-015,Logoff,0
L000891,2026-01-07 14:31:38,tanya.khan15,EMP0015,PC-ENG-015,Logon,0
L000892,2026-01-07 22:22:38,tanya.khan15,EMP0015,PC-ENG-015,Logoff,0
L000893,2026-01-08 08:00:25,tanya.khan15,EMP0015,PC-ENG-015,Logon,0
L000894,2026-01-08 15:00:12,tanya.khan15,EMP0015,PC-ENG-015,Logoff,0
L000895,2026-01-09 15:21:28,tanya.khan15,EMP0015,PC-ENG-015,Logon,0
L000896,2026-01-09 22:21:43,tanya.khan15,EMP0015,PC-ENG-015,Logoff,0
L000897,2026-01-12 08:20:38,tanya.khan15,EMP0015,PC-ENG-015,Logon,0
L000898,2026-01-12 17:11:08,tanya.khan15,EMP0015,PC-ENG-015,Logoff,0
L000899,2026-01-13 09:25:20,tanya.khan15,EMP0015,PC-ENG-015,Logon,0
L000900,2026-01-13 16:17:47,tanya.khan15,EMP0015,PC-ENG-015,Logoff,0
L000901,2026-01-14 12:36:50,tanya.khan15,EMP0015,PC-ENG-015,Logon,0
L000902,2026-01-14 19:20:28,tanya.khan15,EMP0015,PC-ENG-015,Logoff,0
L000903,2026-01-15 15:25:23,tanya.khan15,EMP0015,PC-ENG-015,Logon,0
L000904,2026-01-15 21:45:52,tanya.khan15,EMP0015,PC-ENG-015,Logoff,0
L000905,2026-01-16 13:34:11,tanya.khan15,EMP0015,PC-ENG-015,Logon,0
L000906,2026-01-16 21:36:53,tanya.khan15,EMP0015,PC-ENG-015,Logoff,0
L000907,2026-01-19 14:28:51,tanya.khan15,EMP0015,PC-ENG-015,Logon,0
L000908,2026-01-19 21:21:17,tanya.khan15,EMP0015,PC-ENG-015,Logoff,0
L000909,2026-01-20 15:50:50,tanya.khan15,EMP0015,PC-ENG-015,Logon,0
L000910,2026-01-20 23:04:28,tanya.khan15,EMP0015,PC-ENG-015,Logoff,0
L000911,2026-01-21 13:15:16,tanya.khan15,EMP0015,PC-ENG-015,Logon,0
L000912,2026-01-21 21:13:49,tanya.khan15,EMP0015,PC-ENG-015,Logoff,0
L000913,2026-01-22 15:04:28,tanya.khan15,EMP0015,PC-ENG-015,Logon,0
L000914,2026-01-23 00:02:47,tanya.khan15,EMP0015,PC-ENG-015,Logoff,0
L000915,2026-01-23 10:32:59,tanya.khan15,EMP0015,PC-ENG-015,Logon,0
L000916,2026-01-23 19:18:39,tanya.khan15,EMP0015,PC-ENG-015,Logoff,0
L000917,2026-01-26 10:57:51,tanya.khan15,EMP0015,PC-ENG-015,Logon,0
L000918,2026-01-26 18:34:29,tanya.khan15,EMP0015,PC-ENG-015,Logoff,0
L000919,2026-01-27 07:49:15,tanya.khan15,EMP0015,PC-ENG-015,Logon,0
L000920,2026-01-27 15:47:37,tanya.khan15,EMP0015,PC-ENG-015,Logoff,0
L000921,2026-01-28 14:02:36,tanya.khan15,EMP0015,PC-ENG-015,Logon,0
L000922,2026-01-28 22:59:38,tanya.khan15,EMP0015,PC-ENG-015,Logoff,0
L000923,2026-01-29 10:48:21,tanya.khan15,EMP0015,PC-ENG-015,Logon,0
L000924,2026-01-29 19:42:10,tanya.khan15,EMP0015,PC-ENG-015,Logoff,0
L000925,2026-01-30 01:16:14,tanya.khan15,EMP0015,PC-ENG-015,Logon,0
L000926,2026-01-30 08:48:09,tanya.khan15,EMP0015,PC-ENG-015,Logoff,0
L000927,2026-02-02 11:25:29,tanya.khan15,EMP0015,PC-ENG-015,Logon,0
L000928,2026-02-02 19:44:30,tanya.khan15,EMP0015,PC-ENG-015,Logoff,0
L000929,2026-02-03 12:22:01,tanya.khan15,EMP0015,PC-ENG-015,Logon,0
L000930,2026-02-03 19:48:54,tanya.khan15,EMP0015,PC-ENG-015,Logoff,0
L000931,2026-02-04 17:05:07,tanya.khan15,EMP0015,PC-ENG-015,Logon,0
L000932,2026-02-05 01:34:45,tanya.khan15,EMP0015,PC-ENG-015,Logoff,0
L000933,2026-02-05 10:21:29,tanya.khan15,EMP0015,PC-ENG-015,Logon,0
L000934,2026-02-05 18:42:39,tanya.khan15,EMP0015,PC-ENG-015,Logoff,0
L000935,2026-02-06 10:06:28,tanya.khan15,EMP0015,PC-ENG-015,Logon,0
L000936,2026-02-06 18:16:25,tanya.khan15,EMP0015,PC-ENG-015,Logoff,0
L000937,2026-02-10 02:21:41,tanya.khan15,EMP0015,PC-ENG-015,Logon,0
L000938,2026-02-10 08:41:22,tanya.khan15,EMP0015,PC-ENG-015,Logoff,0
L000939,2026-02-11 18:47:15,tanya.khan15,EMP0015,PC-ENG-015,Logon,0
L000940,2026-02-12 02:20:07,tanya.khan15,EMP0015,PC-ENG-015,Logoff,0
L000941,2026-02-12 10:27:29,tanya.khan15,EMP0015,PC-ENG-015,Logon,0
L000942,2026-02-12 17:09:13,tanya.khan15,EMP0015,PC-ENG-015,Logoff,0
L000943,2026-02-13 08:40:42,tanya.khan15,EMP0015,PC-ENG-015,Logon,0
L000944,2026-02-13 15:58:29,tanya.khan15,EMP0015,PC-ENG-015,Logoff,0
L000945,2026-02-14 08:37:27,tanya.khan15,EMP0015,PC-ENG-015,Logon,0
L000946,2026-02-14 15:47:26,tanya.khan15,EMP0015,PC-ENG-015,Logoff,0
L000947,2026-01-01 08:48:45,kiran.joshi16,EMP0016,PC-HR-016,Logon,0
L000948,2026-01-01 17:14:19,kiran.joshi16,EMP0016,PC-HR-016,Logoff,0
L000949,2026-01-02 07:55:34,kiran.joshi16,EMP0016,PC-HR-016,Logon,0
L000950,2026-01-02 14:29:13,kiran.joshi16,EMP0016,PC-HR-016,Logoff,0
L000951,2026-01-05 16:33:40,kiran.joshi16,EMP0016,PC-HR-016,Logon,0
L000952,2026-01-05 23:30:04,kiran.joshi16,EMP0016,PC-HR-016,Logoff,0
L000953,2026-01-06 10:07:22,kiran.joshi16,EMP0016,PC-HR-016,Logon,0
L000954,2026-01-06 17:10:43,kiran.joshi16,EMP0016,PC-HR-016,Logoff,0
L000955,2026-01-07 08:43:45,kiran.joshi16,EMP0016,PC-HR-016,Logon,0
L000956,2026-01-07 17:07:51,kiran.joshi16,EMP0016,PC-HR-016,Logoff,0
L000957,2026-01-08 13:43:08,kiran.joshi16,EMP0016,PC-HR-016,Logon,0
L000958,2026-01-08 20:39:30,kiran.joshi16,EMP0016,PC-HR-016,Logoff,0
L000959,2026-01-09 07:23:44,kiran.joshi16,EMP0016,PC-HR-016,Logon,0
L000960,2026-01-09 13:49:10,kiran.joshi16,EMP0016,PC-HR-016,Logoff,0
L000961,2026-01-12 11:31:40,kiran.joshi16,EMP0016,PC-HR-016,Logon,0
L000962,2026-01-12 19:08:23,kiran.joshi16,EMP0016,PC-HR-016,Logoff,0
L000963,2026-01-13 18:11:35,kiran.joshi16,EMP0016,PC-HR-016,Logon,0
L000964,2026-01-14 00:41:37,kiran.joshi16,EMP0016,PC-HR-016,Logoff,0
L000965,2026-01-14 08:53:28,kiran.joshi16,EMP0016,PC-HR-016,Logon,0
L000966,2026-01-14 16:44:57,kiran.joshi16,EMP0016,PC-HR-016,Logoff,0
L000967,2026-01-15 19:31:08,kiran.joshi16,EMP0016,PC-HR-016,Logon,0
L000968,2026-01-16 02:06:15,kiran.joshi16,EMP0016,PC-HR-016,Logoff,0
L000969,2026-01-16 13:41:31,kiran.joshi16,EMP0016,PC-HR-016,Logon,0
L000970,2026-01-16 20:55:09,kiran.joshi16,EMP0016,PC-HR-016,Logoff,0
L000971,2026-01-19 08:36:01,kiran.joshi16,EMP0016,PC-HR-016,Logon,0
L000972,2026-01-19 16:59:16,kiran.joshi16,EMP0016,PC-HR-016,Logoff,0
L000973,2026-01-20 03:14:34,kiran.joshi16,EMP0016,PC-HR-016,Logon,0
L000974,2026-01-20 10:06:31,kiran.joshi16,EMP0016,PC-HR-016,Logoff,0
L000975,2026-01-21 13:49:49,kiran.joshi16,EMP0016,PC-HR-016,Logon,0
L000976,2026-01-21 21:18:58,kiran.joshi16,EMP0016,PC-HR-016,Logoff,0
L000977,2026-01-22 13:17:49,kiran.joshi16,EMP0016,PC-HR-016,Logon,0
L000978,2026-01-22 20:55:34,kiran.joshi16,EMP0016,PC-HR-016,Logoff,0
L000979,2026-01-23 12:48:02,kiran.joshi16,EMP0016,PC-HR-016,Logon,0
L000980,2026-01-23 21:04:50,kiran.joshi16,EMP0016,PC-HR-016,Logoff,0
L000981,2026-01-26 14:41:48,kiran.joshi16,EMP0016,PC-HR-016,Logon,0
L000982,2026-01-26 21:26:21,kiran.joshi16,EMP0016,PC-HR-016,Logoff,0
L000983,2026-01-27 03:16:22,kiran.joshi16,EMP0016,PC-HR-016,Logon,0
L000984,2026-01-27 11:51:33,kiran.joshi16,EMP0016,PC-HR-016,Logoff,0
L000985,2026-01-28 16:07:49,kiran.joshi16,EMP0016,PC-HR-016,Logon,0
L000986,2026-01-29 00:33:57,kiran.joshi16,EMP0016,PC-HR-016,Logoff,0
L000987,2026-01-29 14:44:22,kiran.joshi16,EMP0016,PC-HR-016,Logon,0
L000988,2026-01-29 23:19:21,kiran.joshi16,EMP0016,PC-HR-016,Logoff,0
L000989,2026-01-30 11:39:08,kiran.joshi16,EMP0016,PC-HR-016,Logon,0
L000990,2026-01-30 20:00:24,kiran.joshi16,EMP0016,PC-HR-016,Logoff,0
L000991,2026-02-02 12:38:34,kiran.joshi16,EMP0016,PC-HR-016,Logon,0
L000992,2026-02-02 19:08:52,kiran.joshi16,EMP0016,PC-HR-016,Logoff,0
L000993,2026-02-03 09:36:17,kiran.joshi16,EMP0016,PC-HR-016,Logon,0
L000994,2026-02-03 18:27:42,kiran.joshi16,EMP0016,PC-HR-016,Logoff,0
L000995,2026-02-04 17:52:06,kiran.joshi16,EMP0016,PC-HR-016,Logon,0
L000996,2026-02-05 00:16:30,kiran.joshi16,EMP0016,PC-HR-016,Logoff,0
L000997,2026-02-05 11:03:17,kiran.joshi16,EMP0016,PC-HR-016,Logon,0
L000998,2026-02-05 19:39:21,kiran.joshi16,EMP0016,PC-HR-016,Logoff,0
L000999,2026-02-06 16:15:09,kiran.joshi16,EMP0016,PC-HR-016,Logon,0
L001000,2026-02-07 00:23:12,kiran.joshi16,EMP0016,PC-HR-016,Logoff,0
L001001,2026-02-09 12:36:40,kiran.joshi16,EMP0016,PC-HR-016,Logon,0
L001002,2026-02-09 19:25:02,kiran.joshi16,EMP0016,PC-HR-016,Logoff,0
L001003,2026-02-10 11:40:50,kiran.joshi16,EMP0016,PC-HR-016,Logon,0
L001004,2026-02-10 20:19:15,kiran.joshi16,EMP0016,PC-HR-016,Logoff,0
L001005,2026-02-11 12:17:44,kiran.joshi16,EMP0016,PC-HR-016,Logon,0
L001006,2026-02-11 21:06:16,kiran.joshi16,EMP0016,PC-HR-016,Logoff,0
L001007,2026-02-12 19:20:37,kiran.joshi16,EMP0016,PC-HR-016,Logon,0
L001008,2026-02-13 01:21:03,kiran.joshi16,EMP0016,PC-HR-016,Logoff,0
L001009,2026-02-13 14:46:29,kiran.joshi16,EMP0016,PC-HR-016,Logon,0
L001010,2026-02-13 22:40:45,kiran.joshi16,EMP0016,PC-HR-016,Logoff,0
L001011,2026-01-01 15:25:13,kavya.patil17,EMP0017,PC-FIN-017,Logon,0
L001012,2026-01-02 00:19:28,kavya.patil17,EMP0017,PC-FIN-017,Logoff,0
L001013,2026-01-02 12:20:53,kavya.patil17,EMP0017,PC-FIN-017,Logon,0
L001014,2026-01-02 19:11:55,kavya.patil17,EMP0017,PC-FIN-017,Logoff,0
L001015,2026-01-05 15:57:43,kavya.patil17,EMP0017,PC-FIN-017,Logon,0
L001016,2026-01-06 00:14:55,kavya.patil17,EMP0017,PC-FIN-017,Logoff,0
L001017,2026-01-07 16:01:07,kavya.patil17,EMP0017,PC-FIN-017,Logon,0
L001018,2026-01-08 00:48:24,kavya.patil17,EMP0017,PC-FIN-017,Logoff,0
L001019,2026-01-08 11:27:12,kavya.patil17,EMP0017,PC-FIN-017,Logon,0
L001020,2026-01-08 20:26:25,kavya.patil17,EMP0017,PC-FIN-017,Logoff,0
L001021,2026-01-09 16:19:10,kavya.patil17,EMP0017,PC-FIN-017,Logon,0
L001022,2026-01-10 00:56:33,kavya.patil17,EMP0017,PC-FIN-017,Logoff,0
L001023,2026-01-12 07:42:57,kavya.patil17,EMP0017,PC-FIN-017,Logon,0
L001024,2026-01-12 15:39:45,kavya.patil17,EMP0017,PC-FIN-017,Logoff,0
L001025,2026-01-13 13:46:44,kavya.patil17,EMP0017,PC-FIN-017,Logon,0
L001026,2026-01-13 22:02:40,kavya.patil17,EMP0017,PC-FIN-017,Logoff,0
L001027,2026-01-14 07:06:00,kavya.patil17,EMP0017,PC-FIN-017,Logon,0
L001028,2026-01-14 13:44:24,kavya.patil17,EMP0017,PC-FIN-017,Logoff,0
L001029,2026-01-15 13:33:43,kavya.patil17,EMP0017,PC-FIN-017,Logon,0
L001030,2026-01-15 20:53:49,kavya.patil17,EMP0017,PC-FIN-017,Logoff,0
L001031,2026-01-19 14:30:04,kavya.patil17,EMP0017,PC-FIN-017,Logon,0
L001032,2026-01-19 21:11:16,kavya.patil17,EMP0017,PC-FIN-017,Logoff,0
L001033,2026-01-20 15:06:20,kavya.patil17,EMP0017,PC-FIN-017,Logon,0
L001034,2026-01-20 22:12:29,kavya.patil17,EMP0017,PC-FIN-017,Logoff,0
L001035,2026-01-21 10:52:48,kavya.patil17,EMP0017,PC-FIN-017,Logon,0
L001036,2026-01-21 19:30:12,kavya.patil17,EMP0017,PC-FIN-017,Logoff,0
L001037,2026-01-22 14:04:33,kavya.patil17,EMP0017,PC-FIN-017,Logon,0
L001038,2026-01-22 21:45:56,kavya.patil17,EMP0017,PC-FIN-017,Logoff,0
L001039,2026-01-23 08:22:46,kavya.patil17,EMP0017,PC-FIN-017,Logon,0
L001040,2026-01-23 15:01:06,kavya.patil17,EMP0017,PC-FIN-017,Logoff,0
L001041,2026-01-26 11:13:05,kavya.patil17,EMP0017,PC-FIN-017,Logon,0
L001042,2026-01-26 19:54:28,kavya.patil17,EMP0017,PC-FIN-017,Logoff,0
L001043,2026-01-27 07:46:24,kavya.patil17,EMP0017,PC-FIN-017,Logon,0
L001044,2026-01-27 14:49:40,kavya.patil17,EMP0017,PC-FIN-017,Logoff,0
L001045,2026-01-28 15:15:17,kavya.patil17,EMP0017,PC-FIN-017,Logon,0
L001046,2026-01-28 23:11:18,kavya.patil17,EMP0017,PC-FIN-017,Logoff,0
L001047,2026-01-29 13:46:38,kavya.patil17,EMP0017,PC-FIN-017,Logon,0
L001048,2026-01-29 20:37:55,kavya.patil17,EMP0017,PC-FIN-017,Logoff,0
L001049,2026-01-30 02:54:42,kavya.patil17,EMP0017,PC-FIN-017,Logon,0
L001050,2026-01-30 11:32:20,kavya.patil17,EMP0017,PC-FIN-017,Logoff,0
L001051,2026-02-02 10:41:03,kavya.patil17,EMP0017,PC-FIN-017,Logon,0
L001052,2026-02-02 19:02:08,kavya.patil17,EMP0017,PC-FIN-017,Logoff,0
L001053,2026-02-03 09:24:07,kavya.patil17,EMP0017,PC-FIN-017,Logon,0
L001054,2026-02-03 16:07:30,kavya.patil17,EMP0017,PC-FIN-017,Logoff,0
L001055,2026-02-04 06:56:00,kavya.patil17,EMP0017,PC-FIN-017,Logon,0
L001056,2026-02-04 15:53:38,kavya.patil17,EMP0017,PC-FIN-017,Logoff,0
L001057,2026-02-05 08:55:53,kavya.patil17,EMP0017,PC-FIN-017,Logon,0
L001058,2026-02-05 16:38:11,kavya.patil17,EMP0017,PC-FIN-017,Logoff,0
L001059,2026-02-06 14:48:30,kavya.patil17,EMP0017,PC-FIN-017,Logon,0
L001060,2026-02-06 23:40:18,kavya.patil17,EMP0017,PC-FIN-017,Logoff,0
L001061,2026-02-08 09:02:59,kavya.patil17,EMP0017,PC-FIN-017,Logon,0
L001062,2026-02-08 15:13:52,kavya.patil17,EMP0017,PC-FIN-017,Logoff,0
L001063,2026-02-09 12:40:45,kavya.patil17,EMP0017,PC-FIN-017,Logon,0
L001064,2026-02-09 20:10:56,kavya.patil17,EMP0017,PC-FIN-017,Logoff,0
L001065,2026-02-10 14:05:40,kavya.patil17,EMP0017,PC-FIN-017,Logon,0
L001066,2026-02-10 21:42:14,kavya.patil17,EMP0017,PC-FIN-017,Logoff,0
L001067,2026-02-11 09:19:05,kavya.patil17,EMP0017,PC-FIN-017,Logon,0
L001068,2026-02-11 16:51:07,kavya.patil17,EMP0017,PC-FIN-017,Logoff,0
L001069,2026-02-12 15:34:20,kavya.patil17,EMP0017,PC-FIN-017,Logon,0
L001070,2026-02-12 22:44:39,kavya.patil17,EMP0017,PC-FIN-017,Logoff,0
L001071,2026-02-13 16:43:41,kavya.patil17,EMP0017,PC-FIN-017,Logon,0
L001072,2026-02-13 22:55:35,kavya.patil17,EMP0017,PC-FIN-017,Logoff,0
L001073,2026-01-01 16:03:15,meera.das18,EMP0018,PC-LEG-018,Logon,0
L001074,2026-01-01 22:18:46,meera.das18,EMP0018,PC-LEG-018,Logoff,0
L001075,2026-01-02 11:38:03,meera.das18,EMP0018,PC-LEG-018,Logon,0
L001076,2026-01-02 18:33:43,meera.das18,EMP0018,PC-LEG-018,Logoff,0
L001077,2026-01-05 14:44:00,meera.das18,EMP0018,PC-LEG-018,Logon,0
L001078,2026-01-05 21:13:29,meera.das18,EMP0018,PC-LEG-018,Logoff,0
L001079,2026-01-06 12:50:52,meera.das18,EMP0018,PC-LEG-018,Logon,0
L001080,2026-01-06 21:00:36,meera.das18,EMP0018,PC-LEG-018,Logoff,0
L001081,2026-01-07 07:49:55,meera.das18,EMP0018,PC-LEG-018,Logon,0
L001082,2026-01-07 14:38:17,meera.das18,EMP0018,PC-LEG-018,Logoff,0
L001083,2026-01-08 15:01:21,meera.das18,EMP0018,PC-LEG-018,Logon,0
L001084,2026-01-08 23:26:37,meera.das18,EMP0018,PC-LEG-018,Logoff,0
L001085,2026-01-09 06:45:36,meera.das18,EMP0018,PC-LEG-018,Logon,0
L001086,2026-01-09 14:38:33,meera.das18,EMP0018,PC-LEG-018,Logoff,0
L001087,2026-01-12 16:10:23,meera.das18,EMP0018,PC-LEG-018,Logon,0
L001088,2026-01-12 22:38:41,meera.das18,EMP0018,PC-LEG-018,Logoff,0
L001089,2026-01-13 17:43:46,meera.das18,EMP0018,PC-LEG-018,Logon,0
L001090,2026-01-14 00:04:31,meera.das18,EMP0018,PC-LEG-018,Logoff,0
L001091,2026-01-14 00:54:55,meera.das18,EMP0018,PC-LEG-018,Logon,0
L001092,2026-01-14 06:57:07,meera.das18,EMP0018,PC-LEG-018,Logoff,0
L001093,2026-01-16 17:11:59,meera.das18,EMP0018,PC-LEG-018,Logon,0
L001094,2026-01-17 02:04:50,meera.das18,EMP0018,PC-LEG-018,Logoff,0
L001095,2026-01-17 14:41:26,meera.das18,EMP0018,PC-LEG-018,Logon,0
L001096,2026-01-17 21:21:50,meera.das18,EMP0018,PC-LEG-018,Logoff,0
L001097,2026-01-19 10:52:04,meera.das18,EMP0018,PC-LEG-018,Logon,0
L001098,2026-01-19 18:34:56,meera.das18,EMP0018,PC-LEG-018,Logoff,0
L001099,2026-01-20 14:03:11,meera.das18,EMP0018,PC-LEG-018,Logon,0
L001100,2026-01-20 20:43:21,meera.das18,EMP0018,PC-LEG-018,Logoff,0
L001101,2026-01-21 04:25:04,meera.das18,EMP0018,PC-LEG-018,Logon,0
L001102,2026-01-21 13:02:55,meera.das18,EMP0018,PC-LEG-018,Logoff,0
L001103,2026-01-22 15:19:20,meera.das18,EMP0018,PC-LEG-018,Logon,0
L001104,2026-01-22 21:34:52,meera.das18,EMP0018,PC-LEG-018,Logoff,0
L001105,2026-01-23 10:18:36,meera.das18,EMP0018,PC-LEG-018,Logon,0
L001106,2026-01-23 18:39:48,meera.das18,EMP0018,PC-LEG-018,Logoff,0
L001107,2026-01-26 20:49:49,meera.das18,EMP0018,PC-LEG-018,Logon,0
L001108,2026-01-27 03:24:59,meera.das18,EMP0018,PC-LEG-018,Logoff,0
L001109,2026-01-27 15:15:09,meera.das18,EMP0018,PC-LEG-018,Logon,0
L001110,2026-01-27 21:16:17,meera.das18,EMP0018,PC-LEG-018,Logoff,0
L001111,2026-01-28 09:22:40,meera.das18,EMP0018,PC-LEG-018,Logon,0
L001112,2026-01-28 17:53:47,meera.das18,EMP0018,PC-LEG-018,Logoff,0
L001113,2026-01-29 19:00:48,meera.das18,EMP0018,PC-LEG-018,Logon,0
L001114,2026-01-30 02:59:06,meera.das18,EMP0018,PC-LEG-018,Logoff,0
L001115,2026-01-30 14:06:13,meera.das18,EMP0018,PC-LEG-018,Logon,0
L001116,2026-01-30 21:41:34,meera.das18,EMP0018,PC-LEG-018,Logoff,0
L001117,2026-02-02 23:45:17,meera.das18,EMP0018,PC-LEG-018,Logon,0
L001118,2026-02-03 06:02:01,meera.das18,EMP0018,PC-LEG-018,Logoff,0
L001119,2026-02-03 17:33:26,meera.das18,EMP0018,PC-LEG-018,Logon,0
L001120,2026-02-04 01:39:35,meera.das18,EMP0018,PC-LEG-018,Logoff,0
L001121,2026-02-04 21:05:37,meera.das18,EMP0018,PC-LEG-018,Logon,0
L001122,2026-02-05 03:22:49,meera.das18,EMP0018,PC-LEG-018,Logoff,0
L001123,2026-02-05 15:04:37,meera.das18,EMP0018,PC-LEG-018,Logon,0
L001124,2026-02-05 22:46:49,meera.das18,EMP0018,PC-LEG-018,Logoff,0
L001125,2026-02-06 20:15:18,meera.das18,EMP0018,PC-LEG-018,Logon,0
L001126,2026-02-07 03:02:16,meera.das18,EMP0018,PC-LEG-018,Logoff,0
L001127,2026-02-09 14:20:28,meera.das18,EMP0018,PC-LEG-018,Logon,0
L001128,2026-02-09 21:09:25,meera.das18,EMP0018,PC-LEG-018,Logoff,0
L001129,2026-02-10 08:49:49,meera.das18,EMP0018,PC-LEG-018,Logon,0
L001130,2026-02-10 16:35:03,meera.das18,EMP0018,PC-LEG-018,Logoff,0
L001131,2026-02-11 08:29:20,meera.das18,EMP0018,PC-LEG-018,Logon,0
L001132,2026-02-11 15:42:30,meera.das18,EMP0018,PC-LEG-018,Logoff,0
L001133,2026-02-12 20:13:28,meera.das18,EMP0018,PC-LEG-018,Logon,0
L001134,2026-02-13 03:08:57,meera.das18,EMP0018,PC-LEG-018,Logoff,0
L001135,2026-02-13 07:10:51,meera.das18,EMP0018,PC-LEG-018,Logon,0
L001136,2026-02-13 15:14:20,meera.das18,EMP0018,PC-LEG-018,Logoff,0
L001137,2026-01-01 04:53:54,farah.gupta19,EMP0019,PC-IT -019,Logon,0
L001138,2026-01-01 11:52:54,farah.gupta19,EMP0019,PC-IT -019,Logoff,0
L001139,2026-01-02 09:22:25,farah.gupta19,EMP0019,PC-IT -019,Logon,0
L001140,2026-01-02 16:54:50,farah.gupta19,EMP0019,PC-IT -019,Logoff,0
L001141,2026-01-05 03:25:54,farah.gupta19,EMP0019,PC-IT -019,Logon,0
L001142,2026-01-05 10:47:17,farah.gupta19,EMP0019,PC-IT -019,Logoff,0
L001143,2026-01-06 09:29:06,farah.gupta19,EMP0019,PC-IT -019,Logon,0
L001144,2026-01-06 17:53:48,farah.gupta19,EMP0019,PC-IT -019,Logoff,0
L001145,2026-01-07 01:53:49,farah.gupta19,EMP0019,PC-IT -019,Logon,0
L001146,2026-01-07 10:50:40,farah.gupta19,EMP0019,PC-IT -019,Logoff,0
L001147,2026-01-08 16:23:43,farah.gupta19,EMP0019,PC-IT -019,Logon,0
L001148,2026-01-09 00:17:10,farah.gupta19,EMP0019,PC-IT -019,Logoff,0
L001149,2026-01-09 13:16:58,farah.gupta19,EMP0019,PC-IT -019,Logon,0
L001150,2026-01-09 21:43:15,farah.gupta19,EMP0019,PC-IT -019,Logoff,0
L001151,2026-01-10 17:28:51,farah.gupta19,EMP0019,PC-IT -019,Logon,0
L001152,2026-01-10 23:52:01,farah.gupta19,EMP0019,PC-IT -019,Logoff,0
L001153,2026-01-12 10:02:29,farah.gupta19,EMP0019,PC-IT -019,Logon,0
L001154,2026-01-12 16:11:35,farah.gupta19,EMP0019,PC-IT -019,Logoff,0
L001155,2026-01-13 11:46:25,farah.gupta19,EMP0019,PC-IT -019,Logon,0
L001156,2026-01-13 19:15:43,farah.gupta19,EMP0019,PC-IT -019,Logoff,0
L001157,2026-01-14 11:22:13,farah.gupta19,EMP0019,PC-IT -019,Logon,0
L001158,2026-01-14 20:05:42,farah.gupta19,EMP0019,PC-IT -019,Logoff,0
L001159,2026-01-15 11:09:02,farah.gupta19,EMP0019,PC-IT -019,Logon,0
L001160,2026-01-15 18:59:34,farah.gupta19,EMP0019,PC-IT -019,Logoff,0
L001161,2026-01-16 14:31:26,farah.gupta19,EMP0019,PC-IT -019,Logon,0
L001162,2026-01-16 23:10:20,farah.gupta19,EMP0019,PC-IT -019,Logoff,0
L001163,2026-01-19 11:41:56,farah.gupta19,EMP0019,PC-IT -019,Logon,0
L001164,2026-01-19 20:05:25,farah.gupta19,EMP0019,PC-IT -019,Logoff,0
L001165,2026-01-20 23:34:50,farah.gupta19,EMP0019,PC-IT -019,Logon,0
L001166,2026-01-21 05:38:20,farah.gupta19,EMP0019,PC-IT -019,Logoff,0
L001167,2026-01-21 14:30:34,farah.gupta19,EMP0019,PC-IT -019,Logon,0
L001168,2026-01-21 22:51:13,farah.gupta19,EMP0019,PC-IT -019,Logoff,0
L001169,2026-01-22 13:20:24,farah.gupta19,EMP0019,PC-IT -019,Logon,0
L001170,2026-01-22 20:09:04,farah.gupta19,EMP0019,PC-IT -019,Logoff,0
L001171,2026-01-25 09:51:30,farah.gupta19,EMP0019,PC-IT -019,Logon,0
L001172,2026-01-25 17:26:47,farah.gupta19,EMP0019,PC-IT -019,Logoff,0
L001173,2026-01-26 23:10:06,farah.gupta19,EMP0019,PC-IT -019,Logon,0
L001174,2026-01-27 05:54:42,farah.gupta19,EMP0019,PC-IT -019,Logoff,0
L001175,2026-01-27 12:50:58,farah.gupta19,EMP0019,PC-IT -019,Logon,0
L001176,2026-01-27 21:03:38,farah.gupta19,EMP0019,PC-IT -019,Logoff,0
L001177,2026-01-28 19:36:54,farah.gupta19,EMP0019,PC-IT -019,Logon,0
L001178,2026-01-29 04:33:46,farah.gupta19,EMP0019,PC-IT -019,Logoff,0
L001179,2026-01-29 18:54:11,farah.gupta19,EMP0019,PC-IT -019,Logon,0
L001180,2026-01-30 01:25:52,farah.gupta19,EMP0019,PC-IT -019,Logoff,0
L001181,2026-01-30 15:44:22,farah.gupta19,EMP0019,PC-IT -019,Logon,0
L001182,2026-01-31 00:28:52,farah.gupta19,EMP0019,PC-IT -019,Logoff,0
L001183,2026-01-31 19:36:09,farah.gupta19,EMP0019,PC-IT -019,Logon,0
L001184,2026-02-01 03:17:30,farah.gupta19,EMP0019,PC-IT -019,Logoff,0
L001185,2026-02-02 16:31:34,farah.gupta19,EMP0019,PC-IT -019,Logon,0
L001186,2026-02-02 23:27:11,farah.gupta19,EMP0019,PC-IT -019,Logoff,0
L001187,2026-02-03 07:14:38,farah.gupta19,EMP0019,PC-IT -019,Logon,0
L001188,2026-02-03 13:54:01,farah.gupta19,EMP0019,PC-IT -019,Logoff,0
L001189,2026-02-04 00:58:39,farah.gupta19,EMP0019,PC-IT -019,Logon,0
L001190,2026-02-04 07:34:54,farah.gupta19,EMP0019,PC-IT -019,Logoff,0
L001191,2026-02-05 14:58:51,farah.gupta19,EMP0019,PC-IT -019,Logon,0
L001192,2026-02-05 23:30:49,farah.gupta19,EMP0019,PC-IT -019,Logoff,0
L001193,2026-02-06 02:37:45,farah.gupta19,EMP0019,PC-IT -019,Logon,0
L001194,2026-02-06 11:22:51,farah.gupta19,EMP0019,PC-IT -019,Logoff,0
L001195,2026-02-09 19:23:45,farah.gupta19,EMP0019,PC-IT -019,Logon,0
L001196,2026-02-10 04:13:17,farah.gupta19,EMP0019,PC-IT -019,Logoff,0
L001197,2026-02-10 07:19:20,farah.gupta19,EMP0019,PC-IT -019,Logon,0
L001198,2026-02-10 13:43:53,farah.gupta19,EMP0019,PC-IT -019,Logoff,0
L001199,2026-02-11 19:50:40,farah.gupta19,EMP0019,PC-IT -019,Logon,0
L001200,2026-02-12 04:43:35,farah.gupta19,EMP0019,PC-IT -019,Logoff,0
L001201,2026-02-12 08:35:44,farah.gupta19,EMP0019,PC-IT -019,Logon,0
L001202,2026-02-12 17:15:51,farah.gupta19,EMP0019,PC-IT -019,Logoff,0
L001203,2026-02-13 10:42:37,farah.gupta19,EMP0019,PC-IT -019,Logon,0
L001204,2026-02-13 19:09:13,farah.gupta19,EMP0019,PC-IT -019,Logoff,0
L001205,2026-01-01 09:11:46,neha.joshi20,EMP0020,PC-HR-020,Logon,0
L001206,2026-01-01 15:12:05,neha.joshi20,EMP0020,PC-HR-020,Logoff,0
L001207,2026-01-02 13:54:49,neha.joshi20,EMP0020,PC-HR-020,Logon,0
L001208,2026-01-02 22:48:32,neha.joshi20,EMP0020,PC-HR-020,Logoff,0
L001209,2026-01-03 17:39:14,neha.joshi20,EMP0020,PC-HR-020,Logon,0
L001210,2026-01-04 01:34:22,neha.joshi20,EMP0020,PC-HR-020,Logoff,0
L001211,2026-01-05 10:04:15,neha.joshi20,EMP0020,PC-HR-020,Logon,0
L001212,2026-01-05 17:06:40,neha.joshi20,EMP0020,PC-HR-020,Logoff,0
L001213,2026-01-06 13:05:52,neha.joshi20,EMP0020,PC-HR-020,Logon,0
L001214,2026-01-06 21:13:28,neha.joshi20,EMP0020,PC-HR-020,Logoff,0
L001215,2026-01-07 16:28:00,neha.joshi20,EMP0020,PC-HR-020,Logon,0
L001216,2026-01-07 23:15:44,neha.joshi20,EMP0020,PC-HR-020,Logoff,0
L001217,2026-01-08 06:16:50,neha.joshi20,EMP0020,PC-HR-020,Logon,0
L001218,2026-01-08 12:36:16,neha.joshi20,EMP0020,PC-HR-020,Logoff,0
L001219,2026-01-12 16:31:56,neha.joshi20,EMP0020,PC-HR-020,Logon,0
L001220,2026-01-12 23:40:06,neha.joshi20,EMP0020,PC-HR-020,Logoff,0
L001221,2026-01-13 07:30:50,neha.joshi20,EMP0020,PC-HR-020,Logon,0
L001222,2026-01-13 16:06:21,neha.joshi20,EMP0020,PC-HR-020,Logoff,0
L001223,2026-01-14 14:10:28,neha.joshi20,EMP0020,PC-HR-020,Logon,0
L001224,2026-01-14 20:23:44,neha.joshi20,EMP0020,PC-HR-020,Logoff,0
L001225,2026-01-15 09:20:16,neha.joshi20,EMP0020,PC-HR-020,Logon,0
L001226,2026-01-15 18:11:33,neha.joshi20,EMP0020,PC-HR-020,Logoff,0
L001227,2026-01-16 08:24:10,neha.joshi20,EMP0020,PC-HR-020,Logon,0
L001228,2026-01-16 16:35:55,neha.joshi20,EMP0020,PC-HR-020,Logoff,0
L001229,2026-01-19 13:39:57,neha.joshi20,EMP0020,PC-HR-020,Logon,0
L001230,2026-01-19 21:06:50,neha.joshi20,EMP0020,PC-HR-020,Logoff,0
L001231,2026-01-21 08:56:27,neha.joshi20,EMP0020,PC-HR-020,Logon,0
L001232,2026-01-21 15:24:43,neha.joshi20,EMP0020,PC-HR-020,Logoff,0
L001233,2026-01-22 08:12:26,neha.joshi20,EMP0020,PC-HR-020,Logon,0
L001234,2026-01-22 16:17:55,neha.joshi20,EMP0020,PC-HR-020,Logoff,0
L001235,2026-01-23 14:16:42,neha.joshi20,EMP0020,PC-HR-020,Logon,0
L001236,2026-01-23 21:07:22,neha.joshi20,EMP0020,PC-HR-020,Logoff,0
L001237,2026-01-25 16:09:03,neha.joshi20,EMP0020,PC-HR-020,Logon,0
L001238,2026-01-25 23:13:59,neha.joshi20,EMP0020,PC-HR-020,Logoff,0
L001239,2026-01-26 09:42:40,neha.joshi20,EMP0020,PC-HR-020,Logon,0
L001240,2026-01-26 17:30:42,neha.joshi20,EMP0020,PC-HR-020,Logoff,0
L001241,2026-01-27 02:10:40,neha.joshi20,EMP0020,PC-HR-020,Logon,0
L001242,2026-01-27 09:03:11,neha.joshi20,EMP0020,PC-HR-020,Logoff,0
L001243,2026-01-28 16:19:50,neha.joshi20,EMP0020,PC-HR-020,Logon,0
L001244,2026-01-28 23:31:22,neha.joshi20,EMP0020,PC-HR-020,Logoff,0
L001245,2026-01-29 14:05:41,neha.joshi20,EMP0020,PC-HR-020,Logon,0
L001246,2026-01-29 21:43:37,neha.joshi20,EMP0020,PC-HR-020,Logoff,0
L001247,2026-01-30 16:23:11,neha.joshi20,EMP0020,PC-HR-020,Logon,0
L001248,2026-01-30 23:43:25,neha.joshi20,EMP0020,PC-HR-020,Logoff,0
L001249,2026-02-02 09:03:09,neha.joshi20,EMP0020,PC-HR-020,Logon,0
L001250,2026-02-02 17:18:33,neha.joshi20,EMP0020,PC-HR-020,Logoff,0
L001251,2026-02-03 07:22:51,neha.joshi20,EMP0020,PC-HR-020,Logon,0
L001252,2026-02-03 15:00:18,neha.joshi20,EMP0020,PC-HR-020,Logoff,0
L001253,2026-02-04 13:35:03,neha.joshi20,EMP0020,PC-HR-020,Logon,0
L001254,2026-02-04 22:06:23,neha.joshi20,EMP0020,PC-HR-020,Logoff,0
L001255,2026-02-05 11:34:43,neha.joshi20,EMP0020,PC-HR-020,Logon,0
L001256,2026-02-05 20:10:45,neha.joshi20,EMP0020,PC-HR-020,Logoff,0
L001257,2026-02-06 16:30:19,neha.joshi20,EMP0020,PC-HR-020,Logon,0
L001258,2026-02-06 22:44:31,neha.joshi20,EMP0020,PC-HR-020,Logoff,0
L001259,2026-02-09 17:51:36,neha.joshi20,EMP0020,PC-HR-020,Logon,0
L001260,2026-02-10 01:53:33,neha.joshi20,EMP0020,PC-HR-020,Logoff,0
L001261,2026-02-10 07:48:28,neha.joshi20,EMP0020,PC-HR-020,Logon,0
L001262,2026-02-10 14:19:35,neha.joshi20,EMP0020,PC-HR-020,Logoff,0
L001263,2026-02-11 21:51:12,neha.joshi20,EMP0020,PC-HR-020,Logon,0
L001264,2026-02-12 04:13:54,neha.joshi20,EMP0020,PC-HR-020,Logoff,0
L001265,2026-02-12 22:27:12,neha.joshi20,EMP0020,PC-HR-020,Logon,0
L001266,2026-02-13 07:26:42,neha.joshi20,EMP0020,PC-HR-020,Logoff,0
L001267,2026-02-13 16:16:20,neha.joshi20,EMP0020,PC-HR-020,Logon,0
L001268,2026-02-14 01:00:16,neha.joshi20,EMP0020,PC-HR-020,Logoff,0
L001269,2026-01-01 10:25:35,divya.verma21,EMP0021,PC-FIN-021,Logon,0
L001270,2026-01-01 17:24:17,divya.verma21,EMP0021,PC-FIN-021,Logoff,0
L001271,2026-01-02 11:55:00,divya.verma21,EMP0021,PC-FIN-021,Logon,0
L001272,2026-01-02 20:16:34,divya.verma21,EMP0021,PC-FIN-021,Logoff,0
L001273,2026-01-05 11:09:36,divya.verma21,EMP0021,PC-FIN-021,Logon,0
L001274,2026-01-05 18:55:25,divya.verma21,EMP0021,PC-FIN-021,Logoff,0
L001275,2026-01-06 18:59:06,divya.verma21,EMP0021,PC-FIN-021,Logon,0
L001276,2026-01-07 02:40:22,divya.verma21,EMP0021,PC-FIN-021,Logoff,0
L001277,2026-01-07 09:34:56,divya.verma21,EMP0021,PC-FIN-021,Logon,0
L001278,2026-01-07 16:36:49,divya.verma21,EMP0021,PC-FIN-021,Logoff,0
L001279,2026-01-08 10:31:36,divya.verma21,EMP0021,PC-FIN-021,Logon,0
L001280,2026-01-08 18:21:12,divya.verma21,EMP0021,PC-FIN-021,Logoff,0
L001281,2026-01-12 14:02:25,divya.verma21,EMP0021,PC-FIN-021,Logon,0
L001282,2026-01-12 22:42:32,divya.verma21,EMP0021,PC-FIN-021,Logoff,0
L001283,2026-01-13 09:47:30,divya.verma21,EMP0021,PC-FIN-021,Logon,0
L001284,2026-01-13 18:33:15,divya.verma21,EMP0021,PC-FIN-021,Logoff,0
L001285,2026-01-14 02:52:50,divya.verma21,EMP0021,PC-FIN-021,Logon,0
L001286,2026-01-14 09:47:22,divya.verma21,EMP0021,PC-FIN-021,Logoff,0
L001287,2026-01-15 12:44:43,divya.verma21,EMP0021,PC-FIN-021,Logon,0
L001288,2026-01-15 19:02:23,divya.verma21,EMP0021,PC-FIN-021,Logoff,0
L001289,2026-01-16 08:47:28,divya.verma21,EMP0021,PC-FIN-021,Logon,0
L001290,2026-01-16 17:06:47,divya.verma21,EMP0021,PC-FIN-021,Logoff,0
L001291,2026-01-19 07:28:13,divya.verma21,EMP0021,PC-FIN-021,Logon,0
L001292,2026-01-19 16:12:38,divya.verma21,EMP0021,PC-FIN-021,Logoff,0
L001293,2026-01-20 11:33:55,divya.verma21,EMP0021,PC-FIN-021,Logon,0
L001294,2026-01-20 18:41:13,divya.verma21,EMP0021,PC-FIN-021,Logoff,0
L001295,2026-01-21 15:04:19,divya.verma21,EMP0021,PC-FIN-021,Logon,0
L001296,2026-01-21 23:12:02,divya.verma21,EMP0021,PC-FIN-021,Logoff,0
L001297,2026-01-22 15:33:56,divya.verma21,EMP0021,PC-FIN-021,Logon,0
L001298,2026-01-22 23:16:17,divya.verma21,EMP0021,PC-FIN-021,Logoff,0
L001299,2026-01-23 16:12:53,divya.verma21,EMP0021,PC-FIN-021,Logon,0
L001300,2026-01-23 22:23:15,divya.verma21,EMP0021,PC-FIN-021,Logoff,0
L001301,2026-01-24 10:12:17,divya.verma21,EMP0021,PC-FIN-021,Logon,0
L001302,2026-01-24 17:18:35,divya.verma21,EMP0021,PC-FIN-021,Logoff,0
L001303,2026-01-26 17:43:01,divya.verma21,EMP0021,PC-FIN-021,Logon,0
L001304,2026-01-27 00:26:33,divya.verma21,EMP0021,PC-FIN-021,Logoff,0
L001305,2026-01-27 11:55:30,divya.verma21,EMP0021,PC-FIN-021,Logon,0
L001306,2026-01-27 19:41:08,divya.verma21,EMP0021,PC-FIN-021,Logoff,0
L001307,2026-01-28 08:57:16,divya.verma21,EMP0021,PC-FIN-021,Logon,0
L001308,2026-01-28 17:12:04,divya.verma21,EMP0021,PC-FIN-021,Logoff,0
L001309,2026-01-29 09:24:03,divya.verma21,EMP0021,PC-FIN-021,Logon,0
L001310,2026-01-29 15:53:22,divya.verma21,EMP0021,PC-FIN-021,Logoff,0
L001311,2026-01-30 20:54:14,divya.verma21,EMP0021,PC-FIN-021,Logon,0
L001312,2026-01-31 04:50:45,divya.verma21,EMP0021,PC-FIN-021,Logoff,0
L001313,2026-02-02 02:49:49,divya.verma21,EMP0021,PC-FIN-021,Logon,0
L001314,2026-02-02 10:52:36,divya.verma21,EMP0021,PC-FIN-021,Logoff,0
L001315,2026-02-03 08:11:38,divya.verma21,EMP0021,PC-FIN-021,Logon,0
L001316,2026-02-03 16:35:47,divya.verma21,EMP0021,PC-FIN-021,Logoff,0
L001317,2026-02-04 13:19:45,divya.verma21,EMP0021,PC-FIN-021,Logon,0
L001318,2026-02-04 22:13:48,divya.verma21,EMP0021,PC-FIN-021,Logoff,0
L001319,2026-02-05 11:24:54,divya.verma21,EMP0021,PC-FIN-021,Logon,0
L001320,2026-02-05 18:27:40,divya.verma21,EMP0021,PC-FIN-021,Logoff,0
L001321,2026-02-06 11:43:33,divya.verma21,EMP0021,PC-FIN-021,Logon,0
L001322,2026-02-06 20:11:55,divya.verma21,EMP0021,PC-FIN-021,Logoff,0
L001323,2026-02-09 14:53:53,divya.verma21,EMP0021,PC-FIN-021,Logon,0
L001324,2026-02-09 22:01:14,divya.verma21,EMP0021,PC-FIN-021,Logoff,0
L001325,2026-02-10 13:19:43,divya.verma21,EMP0021,PC-FIN-021,Logon,0
L001326,2026-02-10 19:39:10,divya.verma21,EMP0021,PC-FIN-021,Logoff,0
L001327,2026-02-11 22:40:20,divya.verma21,EMP0021,PC-FIN-021,Logon,0
L001328,2026-02-12 07:15:24,divya.verma21,EMP0021,PC-FIN-021,Logoff,0
L001329,2026-02-12 14:57:41,divya.verma21,EMP0021,PC-FIN-021,Logon,0
L001330,2026-02-12 21:51:27,divya.verma21,EMP0021,PC-FIN-021,Logoff,0
L001331,2026-02-13 15:57:03,divya.verma21,EMP0021,PC-FIN-021,Logon,0
L001332,2026-02-14 00:22:01,divya.verma21,EMP0021,PC-FIN-021,Logoff,0
L001333,2026-01-01 14:43:08,divya.joshi22,EMP0022,PC-HR-022,Logon,0
L001334,2026-01-01 22:52:57,divya.joshi22,EMP0022,PC-HR-022,Logoff,0
L001335,2026-01-02 23:16:58,divya.joshi22,EMP0022,PC-HR-022,Logon,0
L001336,2026-01-03 06:32:18,divya.joshi22,EMP0022,PC-HR-022,Logoff,0
L001337,2026-01-04 13:12:21,divya.joshi22,EMP0022,PC-HR-022,Logon,0
L001338,2026-01-04 21:23:07,divya.joshi22,EMP0022,PC-HR-022,Logoff,0
L001339,2026-01-05 12:50:30,divya.joshi22,EMP0022,PC-HR-022,Logon,0
L001340,2026-01-05 21:33:40,divya.joshi22,EMP0022,PC-HR-022,Logoff,0
L001341,2026-01-06 12:54:10,divya.joshi22,EMP0022,PC-HR-022,Logon,0
L001342,2026-01-06 21:25:28,divya.joshi22,EMP0022,PC-HR-022,Logoff,0
L001343,2026-01-07 08:06:30,divya.joshi22,EMP0022,PC-HR-022,Logon,0
L001344,2026-01-07 14:29:31,divya.joshi22,EMP0022,PC-HR-022,Logoff,0
L001345,2026-01-08 15:48:58,divya.joshi22,EMP0022,PC-HR-022,Logon,0
L001346,2026-01-08 22:21:55,divya.joshi22,EMP0022,PC-HR-022,Logoff,0
L001347,2026-01-09 10:05:14,divya.joshi22,EMP0022,PC-HR-022,Logon,0
L001348,2026-01-09 17:09:11,divya.joshi22,EMP0022,PC-HR-022,Logoff,0
L001349,2026-01-12 10:16:37,divya.joshi22,EMP0022,PC-HR-022,Logon,0
L001350,2026-01-12 17:09:32,divya.joshi22,EMP0022,PC-HR-022,Logoff,0
L001351,2026-01-13 11:55:40,divya.joshi22,EMP0022,PC-HR-022,Logon,0
L001352,2026-01-13 19:40:42,divya.joshi22,EMP0022,PC-HR-022,Logoff,0
L001353,2026-01-14 06:56:12,divya.joshi22,EMP0022,PC-HR-022,Logon,0
L001354,2026-01-14 14:26:17,divya.joshi22,EMP0022,PC-HR-022,Logoff,0
L001355,2026-01-15 10:19:26,divya.joshi22,EMP0022,PC-HR-022,Logon,0
L001356,2026-01-15 16:29:09,divya.joshi22,EMP0022,PC-HR-022,Logoff,0
L001357,2026-01-16 08:12:21,divya.joshi22,EMP0022,PC-HR-022,Logon,0
L001358,2026-01-16 15:26:00,divya.joshi22,EMP0022,PC-HR-022,Logoff,0
L001359,2026-01-19 09:45:11,divya.joshi22,EMP0022,PC-HR-022,Logon,0
L001360,2026-01-19 18:05:23,divya.joshi22,EMP0022,PC-HR-022,Logoff,0
L001361,2026-01-20 13:11:20,divya.joshi22,EMP0022,PC-HR-022,Logon,0
L001362,2026-01-20 21:05:32,divya.joshi22,EMP0022,PC-HR-022,Logoff,0
L001363,2026-01-22 15:10:36,divya.joshi22,EMP0022,PC-HR-022,Logon,0
L001364,2026-01-22 23:28:12,divya.joshi22,EMP0022,PC-HR-022,Logoff,0
L001365,2026-01-23 15:05:08,divya.joshi22,EMP0022,PC-HR-022,Logon,0
L001366,2026-01-23 22:55:44,divya.joshi22,EMP0022,PC-HR-022,Logoff,0
L001367,2026-01-26 10:02:34,divya.joshi22,EMP0022,PC-HR-022,Logon,0
L001368,2026-01-26 16:38:27,divya.joshi22,EMP0022,PC-HR-022,Logoff,0
L001369,2026-01-27 01:20:48,divya.joshi22,EMP0022,PC-HR-022,Logon,0
L001370,2026-01-27 09:50:46,divya.joshi22,EMP0022,PC-HR-022,Logoff,0
L001371,2026-01-28 14:40:46,divya.joshi22,EMP0022,PC-HR-022,Logon,0
L001372,2026-01-28 21:25:33,divya.joshi22,EMP0022,PC-HR-022,Logoff,0
L001373,2026-01-29 10:08:06,divya.joshi22,EMP0022,PC-HR-022,Logon,0
L001374,2026-01-29 17:17:08,divya.joshi22,EMP0022,PC-HR-022,Logoff,0
L001375,2026-01-30 08:52:02,divya.joshi22,EMP0022,PC-HR-022,Logon,0
L001376,2026-01-30 15:45:42,divya.joshi22,EMP0022,PC-HR-022,Logoff,0
L001377,2026-02-02 10:56:43,divya.joshi22,EMP0022,PC-HR-022,Logon,0
L001378,2026-02-02 19:55:54,divya.joshi22,EMP0022,PC-HR-022,Logoff,0
L001379,2026-02-03 17:22:48,divya.joshi22,EMP0022,PC-HR-022,Logon,0
L001380,2026-02-03 23:56:43,divya.joshi22,EMP0022,PC-HR-022,Logoff,0
L001381,2026-02-04 17:25:01,divya.joshi22,EMP0022,PC-HR-022,Logon,0
L001382,2026-02-05 00:06:07,divya.joshi22,EMP0022,PC-HR-022,Logoff,0
L001383,2026-02-05 08:46:01,divya.joshi22,EMP0022,PC-HR-022,Logon,0
L001384,2026-02-05 16:32:09,divya.joshi22,EMP0022,PC-HR-022,Logoff,0
L001385,2026-02-06 10:41:50,divya.joshi22,EMP0022,PC-HR-022,Logon,0
L001386,2026-02-06 16:48:33,divya.joshi22,EMP0022,PC-HR-022,Logoff,0
L001387,2026-02-09 05:03:42,divya.joshi22,EMP0022,PC-HR-022,Logon,0
L001388,2026-02-09 11:23:09,divya.joshi22,EMP0022,PC-HR-022,Logoff,0
L001389,2026-02-10 05:07:26,divya.joshi22,EMP0022,PC-HR-022,Logon,0
L001390,2026-02-10 12:27:24,divya.joshi22,EMP0022,PC-HR-022,Logoff,0
L001391,2026-02-11 09:44:09,divya.joshi22,EMP0022,PC-HR-022,Logon,0
L001392,2026-02-11 16:21:08,divya.joshi22,EMP0022,PC-HR-022,Logoff,0
L001393,2026-02-12 00:26:42,divya.joshi22,EMP0022,PC-HR-022,Logon,0
L001394,2026-02-12 06:44:52,divya.joshi22,EMP0022,PC-HR-022,Logoff,0
L001395,2026-02-13 13:44:08,divya.joshi22,EMP0022,PC-HR-022,Logon,0
L001396,2026-02-13 20:59:31,divya.joshi22,EMP0022,PC-HR-022,Logoff,0
L001397,2026-01-01 13:18:07,varun.saxena23,EMP0023,PC-LEG-023,Logon,0
L001398,2026-01-01 21:39:22,varun.saxena23,EMP0023,PC-LEG-023,Logoff,0
L001399,2026-01-02 13:49:16,varun.saxena23,EMP0023,PC-LEG-023,Logon,0
L001400,2026-01-02 22:18:56,varun.saxena23,EMP0023,PC-LEG-023,Logoff,0
L001401,2026-01-05 08:35:31,varun.saxena23,EMP0023,PC-LEG-023,Logon,0
L001402,2026-01-05 17:19:22,varun.saxena23,EMP0023,PC-LEG-023,Logoff,0
L001403,2026-01-06 11:15:00,varun.saxena23,EMP0023,PC-LEG-023,Logon,0
L001404,2026-01-06 17:17:17,varun.saxena23,EMP0023,PC-LEG-023,Logoff,0
L001405,2026-01-07 07:36:42,varun.saxena23,EMP0023,PC-LEG-023,Logon,0
L001406,2026-01-07 15:05:38,varun.saxena23,EMP0023,PC-LEG-023,Logoff,0
L001407,2026-01-08 15:04:46,varun.saxena23,EMP0023,PC-LEG-023,Logon,0
L001408,2026-01-08 23:15:00,varun.saxena23,EMP0023,PC-LEG-023,Logoff,0
L001409,2026-01-09 13:29:18,varun.saxena23,EMP0023,PC-LEG-023,Logon,0
L001410,2026-01-09 20:16:50,varun.saxena23,EMP0023,PC-LEG-023,Logoff,0
L001411,2026-01-12 16:23:51,varun.saxena23,EMP0023,PC-LEG-023,Logon,0
L001412,2026-01-13 00:25:40,varun.saxena23,EMP0023,PC-LEG-023,Logoff,0
L001413,2026-01-13 07:54:48,varun.saxena23,EMP0023,PC-LEG-023,Logon,0
L001414,2026-01-13 16:35:03,varun.saxena23,EMP0023,PC-LEG-023,Logoff,0
L001415,2026-01-15 14:21:22,varun.saxena23,EMP0023,PC-LEG-023,Logon,0
L001416,2026-01-15 23:02:22,varun.saxena23,EMP0023,PC-LEG-023,Logoff,0
L001417,2026-01-16 09:46:05,varun.saxena23,EMP0023,PC-LEG-023,Logon,0
L001418,2026-01-16 16:53:09,varun.saxena23,EMP0023,PC-LEG-023,Logoff,0
L001419,2026-01-19 11:53:24,varun.saxena23,EMP0023,PC-LEG-023,Logon,0
L001420,2026-01-19 19:57:34,varun.saxena23,EMP0023,PC-LEG-023,Logoff,0
L001421,2026-01-20 11:56:51,varun.saxena23,EMP0023,PC-LEG-023,Logon,0
L001422,2026-01-20 18:26:52,varun.saxena23,EMP0023,PC-LEG-023,Logoff,0
L001423,2026-01-21 14:54:10,varun.saxena23,EMP0023,PC-LEG-023,Logon,0
L001424,2026-01-21 21:12:50,varun.saxena23,EMP0023,PC-LEG-023,Logoff,0
L001425,2026-01-22 11:36:43,varun.saxena23,EMP0023,PC-LEG-023,Logon,0
L001426,2026-01-22 18:55:35,varun.saxena23,EMP0023,PC-LEG-023,Logoff,0
L001427,2026-01-23 15:39:01,varun.saxena23,EMP0023,PC-LEG-023,Logon,0
L001428,2026-01-24 00:14:16,varun.saxena23,EMP0023,PC-LEG-023,Logoff,0
L001429,2026-01-26 11:31:07,varun.saxena23,EMP0023,PC-LEG-023,Logon,0
L001430,2026-01-26 20:10:53,varun.saxena23,EMP0023,PC-LEG-023,Logoff,0
L001431,2026-01-27 06:41:20,varun.saxena23,EMP0023,PC-LEG-023,Logon,0
L001432,2026-01-27 12:43:33,varun.saxena23,EMP0023,PC-LEG-023,Logoff,0
L001433,2026-01-28 12:47:36,varun.saxena23,EMP0023,PC-LEG-023,Logon,0
L001434,2026-01-28 20:57:52,varun.saxena23,EMP0023,PC-LEG-023,Logoff,0
L001435,2026-01-29 19:55:21,varun.saxena23,EMP0023,PC-LEG-023,Logon,0
L001436,2026-01-30 03:28:47,varun.saxena23,EMP0023,PC-LEG-023,Logoff,0
L001437,2026-01-30 13:27:42,varun.saxena23,EMP0023,PC-LEG-023,Logon,0
L001438,2026-01-30 21:38:29,varun.saxena23,EMP0023,PC-LEG-023,Logoff,0
L001439,2026-02-02 08:52:35,varun.saxena23,EMP0023,PC-LEG-023,Logon,0
L001440,2026-02-02 17:33:09,varun.saxena23,EMP0023,PC-LEG-023,Logoff,0
L001441,2026-02-03 01:59:10,varun.saxena23,EMP0023,PC-LEG-023,Logon,0
L001442,2026-02-03 09:30:10,varun.saxena23,EMP0023,PC-LEG-023,Logoff,0
L001443,2026-02-04 12:10:04,varun.saxena23,EMP0023,PC-LEG-023,Logon,0
L001444,2026-02-04 20:25:19,varun.saxena23,EMP0023,PC-LEG-023,Logoff,0
L001445,2026-02-05 10:17:03,varun.saxena23,EMP0023,PC-LEG-023,Logon,0
L001446,2026-02-05 17:48:17,varun.saxena23,EMP0023,PC-LEG-023,Logoff,0
L001447,2026-02-06 10:52:15,varun.saxena23,EMP0023,PC-LEG-023,Logon,0
L001448,2026-02-06 17:06:26,varun.saxena23,EMP0023,PC-LEG-023,Logoff,0
L001449,2026-02-09 12:20:07,varun.saxena23,EMP0023,PC-LEG-023,Logon,0
L001450,2026-02-09 21:16:38,varun.saxena23,EMP0023,PC-LEG-023,Logoff,0
L001451,2026-02-10 01:25:26,varun.saxena23,EMP0023,PC-LEG-023,Logon,0
L001452,2026-02-10 07:31:52,varun.saxena23,EMP0023,PC-LEG-023,Logoff,0
L001453,2026-02-11 16:50:38,varun.saxena23,EMP0023,PC-LEG-023,Logon,0
L001454,2026-02-12 01:44:00,varun.saxena23,EMP0023,PC-LEG-023,Logoff,0
L001455,2026-02-12 17:35:13,varun.saxena23,EMP0023,PC-LEG-023,Logon,0
L001456,2026-02-13 01:33:02,varun.saxena23,EMP0023,PC-LEG-023,Logoff,0
L001457,2026-02-13 10:52:03,varun.saxena23,EMP0023,PC-LEG-023,Logon,0
L001458,2026-02-13 19:19:02,varun.saxena23,EMP0023,PC-LEG-023,Logoff,0
L001459,2026-01-01 15:38:30,farah.kapoor24,EMP0024,PC-SAL-024,Logon,0
L001460,2026-01-01 23:47:29,farah.kapoor24,EMP0024,PC-SAL-024,Logoff,0
L001461,2026-01-02 11:06:48,farah.kapoor24,EMP0024,PC-SAL-024,Logon,0
L001462,2026-01-02 19:05:24,farah.kapoor24,EMP0024,PC-SAL-024,Logoff,0
L001463,2026-01-03 13:51:18,farah.kapoor24,EMP0024,PC-SAL-024,Logon,0
L001464,2026-01-03 21:29:53,farah.kapoor24,EMP0024,PC-SAL-024,Logoff,0
L001465,2026-01-05 17:31:08,farah.kapoor24,EMP0024,PC-SAL-024,Logon,0
L001466,2026-01-06 01:59:03,farah.kapoor24,EMP0024,PC-SAL-024,Logoff,0
L001467,2026-01-06 11:16:39,farah.kapoor24,EMP0024,PC-SAL-024,Logon,0
L001468,2026-01-06 17:51:54,farah.kapoor24,EMP0024,PC-SAL-024,Logoff,0
L001469,2026-01-07 16:13:29,farah.kapoor24,EMP0024,PC-SAL-024,Logon,0
L001470,2026-01-08 00:41:54,farah.kapoor24,EMP0024,PC-SAL-024,Logoff,0
L001471,2026-01-08 10:48:26,farah.kapoor24,EMP0024,PC-SAL-024,Logon,0
L001472,2026-01-08 16:56:48,farah.kapoor24,EMP0024,PC-SAL-024,Logoff,0
L001473,2026-01-09 14:07:49,farah.kapoor24,EMP0024,PC-SAL-024,Logon,0
L001474,2026-01-09 22:48:19,farah.kapoor24,EMP0024,PC-SAL-024,Logoff,0
L001475,2026-01-12 20:00:33,farah.kapoor24,EMP0024,PC-SAL-024,Logon,0
L001476,2026-01-13 04:13:04,farah.kapoor24,EMP0024,PC-SAL-024,Logoff,0
L001477,2026-01-13 11:37:30,farah.kapoor24,EMP0024,PC-SAL-024,Logon,0
L001478,2026-01-13 20:23:53,farah.kapoor24,EMP0024,PC-SAL-024,Logoff,0
L001479,2026-01-14 17:44:37,farah.kapoor24,EMP0024,PC-SAL-024,Logon,0
L001480,2026-01-15 00:15:52,farah.kapoor24,EMP0024,PC-SAL-024,Logoff,0
L001481,2026-01-15 07:42:38,farah.kapoor24,EMP0024,PC-SAL-024,Logon,0
L001482,2026-01-15 15:31:44,farah.kapoor24,EMP0024,PC-SAL-024,Logoff,0
L001483,2026-01-16 16:26:38,farah.kapoor24,EMP0024,PC-SAL-024,Logon,0
L001484,2026-01-17 01:11:29,farah.kapoor24,EMP0024,PC-SAL-024,Logoff,0
L001485,2026-01-19 20:28:51,farah.kapoor24,EMP0024,PC-SAL-024,Logon,0
L001486,2026-01-20 02:52:51,farah.kapoor24,EMP0024,PC-SAL-024,Logoff,0
L001487,2026-01-20 14:47:32,farah.kapoor24,EMP0024,PC-SAL-024,Logon,0
L001488,2026-01-20 21:41:20,farah.kapoor24,EMP0024,PC-SAL-024,Logoff,0
L001489,2026-01-21 16:45:47,farah.kapoor24,EMP0024,PC-SAL-024,Logon,0
L001490,2026-01-22 01:34:10,farah.kapoor24,EMP0024,PC-SAL-024,Logoff,0
L001491,2026-01-22 08:39:45,farah.kapoor24,EMP0024,PC-SAL-024,Logon,0
L001492,2026-01-22 15:32:03,farah.kapoor24,EMP0024,PC-SAL-024,Logoff,0
L001493,2026-01-23 14:45:41,farah.kapoor24,EMP0024,PC-SAL-024,Logon,0
L001494,2026-01-23 23:41:12,farah.kapoor24,EMP0024,PC-SAL-024,Logoff,0
L001495,2026-01-26 14:48:22,farah.kapoor24,EMP0024,PC-SAL-024,Logon,0
L001496,2026-01-26 22:29:34,farah.kapoor24,EMP0024,PC-SAL-024,Logoff,0
L001497,2026-01-27 18:45:26,farah.kapoor24,EMP0024,PC-SAL-024,Logon,0
L001498,2026-01-28 02:46:47,farah.kapoor24,EMP0024,PC-SAL-024,Logoff,0
L001499,2026-01-28 12:56:54,farah.kapoor24,EMP0024,PC-SAL-024,Logon,0
L001500,2026-01-28 20:12:55,farah.kapoor24,EMP0024,PC-SAL-024,Logoff,0
L001501,2026-01-30 10:03:42,farah.kapoor24,EMP0024,PC-SAL-024,Logon,0
L001502,2026-01-30 16:13:53,farah.kapoor24,EMP0024,PC-SAL-024,Logoff,0
L001503,2026-02-02 14:09:53,farah.kapoor24,EMP0024,PC-SAL-024,Logon,0
L001504,2026-02-02 20:21:02,farah.kapoor24,EMP0024,PC-SAL-024,Logoff,0
L001505,2026-02-03 08:34:02,farah.kapoor24,EMP0024,PC-SAL-024,Logon,0
L001506,2026-02-03 15:38:35,farah.kapoor24,EMP0024,PC-SAL-024,Logoff,0
L001507,2026-02-04 13:43:47,farah.kapoor24,EMP0024,PC-SAL-024,Logon,0
L001508,2026-02-04 21:24:55,farah.kapoor24,EMP0024,PC-SAL-024,Logoff,0
L001509,2026-02-05 14:24:15,farah.kapoor24,EMP0024,PC-SAL-024,Logon,0
L001510,2026-02-05 21:56:12,farah.kapoor24,EMP0024,PC-SAL-024,Logoff,0
L001511,2026-02-06 14:44:42,farah.kapoor24,EMP0024,PC-SAL-024,Logon,0
L001512,2026-02-06 20:53:09,farah.kapoor24,EMP0024,PC-SAL-024,Logoff,0
L001513,2026-02-09 14:35:03,farah.kapoor24,EMP0024,PC-SAL-024,Logon,0
L001514,2026-02-09 20:37:23,farah.kapoor24,EMP0024,PC-SAL-024,Logoff,0
L001515,2026-02-10 13:49:55,farah.kapoor24,EMP0024,PC-SAL-024,Logon,0
L001516,2026-02-10 22:26:32,farah.kapoor24,EMP0024,PC-SAL-024,Logoff,0
L001517,2026-02-11 17:45:45,farah.kapoor24,EMP0024,PC-SAL-024,Logon,0
L001518,2026-02-12 01:42:19,farah.kapoor24,EMP0024,PC-SAL-024,Logoff,0
L001519,2026-02-12 12:38:12,farah.kapoor24,EMP0024,PC-SAL-024,Logon,0
L001520,2026-02-12 20:57:54,farah.kapoor24,EMP0024,PC-SAL-024,Logoff,0
L001521,2026-02-13 09:11:43,farah.kapoor24,EMP0024,PC-SAL-024,Logon,0
L001522,2026-02-13 15:25:07,farah.kapoor24,EMP0024,PC-SAL-024,Logoff,0
L001523,2026-01-01 07:02:27,vikram.naidu25,EMP0025,PC-IT -025,Logon,0
L001524,2026-01-01 13:52:41,vikram.naidu25,EMP0025,PC-IT -025,Logoff,0
L001525,2026-01-02 08:54:16,vikram.naidu25,EMP0025,PC-IT -025,Logon,0
L001526,2026-01-02 14:55:16,vikram.naidu25,EMP0025,PC-IT -025,Logoff,0
L001527,2026-01-06 13:49:59,vikram.naidu25,EMP0025,PC-IT -025,Logon,0
L001528,2026-01-06 21:42:32,vikram.naidu25,EMP0025,PC-IT -025,Logoff,0
L001529,2026-01-07 09:50:36,vikram.naidu25,EMP0025,PC-IT -025,Logon,0
L001530,2026-01-07 17:29:37,vikram.naidu25,EMP0025,PC-IT -025,Logoff,0
L001531,2026-01-08 14:33:14,vikram.naidu25,EMP0025,PC-IT -025,Logon,0
L001532,2026-01-08 23:25:29,vikram.naidu25,EMP0025,PC-IT -025,Logoff,0
L001533,2026-01-09 15:10:26,vikram.naidu25,EMP0025,PC-IT -025,Logon,0
L001534,2026-01-09 22:48:11,vikram.naidu25,EMP0025,PC-IT -025,Logoff,0
L001535,2026-01-12 14:21:23,vikram.naidu25,EMP0025,PC-IT -025,Logon,0
L001536,2026-01-12 21:14:13,vikram.naidu25,EMP0025,PC-IT -025,Logoff,0
L001537,2026-01-13 13:30:35,vikram.naidu25,EMP0025,PC-IT -025,Logon,0
L001538,2026-01-13 21:58:50,vikram.naidu25,EMP0025,PC-IT -025,Logoff,0
L001539,2026-01-14 00:42:22,vikram.naidu25,EMP0025,PC-IT -025,Logon,0
L001540,2026-01-14 08:02:35,vikram.naidu25,EMP0025,PC-IT -025,Logoff,0
L001541,2026-01-15 13:39:15,vikram.naidu25,EMP0025,PC-IT -025,Logon,0
L001542,2026-01-15 22:31:51,vikram.naidu25,EMP0025,PC-IT -025,Logoff,0
L001543,2026-01-16 10:58:50,vikram.naidu25,EMP0025,PC-IT -025,Logon,0
L001544,2026-01-16 19:48:55,vikram.naidu25,EMP0025,PC-IT -025,Logoff,0
L001545,2026-01-19 17:52:49,vikram.naidu25,EMP0025,PC-IT -025,Logon,0
L001546,2026-01-20 01:00:18,vikram.naidu25,EMP0025,PC-IT -025,Logoff,0
L001547,2026-01-20 11:02:18,vikram.naidu25,EMP0025,PC-IT -025,Logon,0
L001548,2026-01-20 19:43:59,vikram.naidu25,EMP0025,PC-IT -025,Logoff,0
L001549,2026-01-21 12:06:10,vikram.naidu25,EMP0025,PC-IT -025,Logon,0
L001550,2026-01-21 21:01:03,vikram.naidu25,EMP0025,PC-IT -025,Logoff,0
L001551,2026-01-22 12:40:04,vikram.naidu25,EMP0025,PC-IT -025,Logon,0
L001552,2026-01-22 19:18:00,vikram.naidu25,EMP0025,PC-IT -025,Logoff,0
L001553,2026-01-23 08:43:27,vikram.naidu25,EMP0025,PC-IT -025,Logon,0
L001554,2026-01-23 17:13:52,vikram.naidu25,EMP0025,PC-IT -025,Logoff,0
L001555,2026-01-26 15:27:41,vikram.naidu25,EMP0025,PC-IT -025,Logon,0
L001556,2026-01-26 23:54:41,vikram.naidu25,EMP0025,PC-IT -025,Logoff,0
L001557,2026-01-27 14:01:29,vikram.naidu25,EMP0025,PC-IT -025,Logon,0
L001558,2026-01-27 22:10:31,vikram.naidu25,EMP0025,PC-IT -025,Logoff,0
L001559,2026-01-29 08:16:35,vikram.naidu25,EMP0025,PC-IT -025,Logon,0
L001560,2026-01-29 14:29:15,vikram.naidu25,EMP0025,PC-IT -025,Logoff,0
L001561,2026-01-30 17:26:24,vikram.naidu25,EMP0025,PC-IT -025,Logon,0
L001562,2026-01-31 00:47:36,vikram.naidu25,EMP0025,PC-IT -025,Logoff,0
L001563,2026-02-02 07:00:41,vikram.naidu25,EMP0025,PC-IT -025,Logon,0
L001564,2026-02-02 15:10:20,vikram.naidu25,EMP0025,PC-IT -025,Logoff,0
L001565,2026-02-03 15:02:44,vikram.naidu25,EMP0025,PC-IT -025,Logon,0
L001566,2026-02-03 23:35:25,vikram.naidu25,EMP0025,PC-IT -025,Logoff,0
L001567,2026-02-04 12:18:50,vikram.naidu25,EMP0025,PC-IT -025,Logon,0
L001568,2026-02-04 20:22:17,vikram.naidu25,EMP0025,PC-IT -025,Logoff,0
L001569,2026-02-05 09:59:28,vikram.naidu25,EMP0025,PC-IT -025,Logon,0
L001570,2026-02-05 17:08:07,vikram.naidu25,EMP0025,PC-IT -025,Logoff,0
L001571,2026-02-06 03:10:34,vikram.naidu25,EMP0025,PC-IT -025,Logon,0
L001572,2026-02-06 09:50:08,vikram.naidu25,EMP0025,PC-IT -025,Logoff,0
L001573,2026-02-09 09:40:09,vikram.naidu25,EMP0025,PC-IT -025,Logon,0
L001574,2026-02-09 16:33:48,vikram.naidu25,EMP0025,PC-IT -025,Logoff,0
L001575,2026-02-10 20:55:46,vikram.naidu25,EMP0025,PC-IT -025,Logon,0
L001576,2026-02-11 04:52:23,vikram.naidu25,EMP0025,PC-IT -025,Logoff,0
L001577,2026-02-11 01:55:35,vikram.naidu25,EMP0025,PC-IT -025,Logon,0
L001578,2026-02-11 08:21:01,vikram.naidu25,EMP0025,PC-IT -025,Logoff,0
L001579,2026-02-13 10:35:05,vikram.naidu25,EMP0025,PC-IT -025,Logon,0
L001580,2026-02-13 17:29:55,vikram.naidu25,EMP0025,PC-IT -025,Logoff,0
L001581,2026-01-01 22:57:41,swati.bose26,EMP0026,PC-IT -026,Logon,1
L001582,2026-01-02 12:04:12,swati.bose26,EMP0026,PC-IT -026,Logoff,1
L001583,2026-01-02 04:12:07,swati.bose26,EMP0026,PC-IT -026,Logon,1
L001584,2026-01-02 13:17:24,swati.bose26,EMP0026,PC-IT -026,Logoff,1
L001585,2026-01-05 23:29:41,swati.bose26,EMP0026,PC-IT -026,Logon,0
L001586,2026-01-06 07:08:37,swati.bose26,EMP0026,PC-IT -026,Logoff,0
L001587,2026-01-06 01:12:46,swati.bose26,EMP0026,PC-IT -026,Logon,1
L001588,2026-01-06 12:41:46,swati.bose26,EMP0026,PC-IT -026,Logoff,1
L001589,2026-01-07 14:15:06,swati.bose26,EMP0026,PC-IT -026,Logon,0
L001590,2026-01-07 21:06:25,swati.bose26,EMP0026,PC-IT -026,Logoff,0
L001591,2026-01-08 23:28:21,swati.bose26,EMP0026,PC-IT -026,Logon,1
L001592,2026-01-09 11:10:13,swati.bose26,EMP0026,PC-IT -026,Logoff,1
L001593,2026-01-09 13:23:51,swati.bose26,EMP0026,PC-IT -026,Logon,0
L001594,2026-01-09 20:20:47,swati.bose26,EMP0026,PC-IT -026,Logoff,0
L001595,2026-01-11 22:17:53,swati.bose26,EMP0026,PC-IT -026,Logon,1
L001596,2026-01-12 08:27:17,swati.bose26,EMP0026,PC-IT -026,Logoff,1
L001597,2026-01-12 23:29:28,swati.bose26,EMP0026,PC-IT -026,Logon,1
L001598,2026-01-13 09:38:36,swati.bose26,EMP0026,PC-IT -026,Logoff,1
L001599,2026-01-13 08:38:05,swati.bose26,EMP0026,PC-IT -026,Logon,0
L001600,2026-01-13 17:09:36,swati.bose26,EMP0026,PC-IT -026,Logoff,0
L001601,2026-01-14 03:16:46,swati.bose26,EMP0026,PC-IT -026,Logon,1
L001602,2026-01-14 16:35:50,swati.bose26,EMP0026,PC-IT -026,Logoff,1
L001603,2026-01-15 00:54:32,swati.bose26,EMP0026,PC-IT -026,Logon,1
L001604,2026-01-15 12:41:55,swati.bose26,EMP0026,PC-IT -026,Logoff,1
L001605,2026-01-16 15:13:58,swati.bose26,EMP0026,PC-IT -026,Logon,0
L001606,2026-01-16 21:20:33,swati.bose26,EMP0026,PC-IT -026,Logoff,0
L001607,2026-01-19 08:25:14,swati.bose26,EMP0026,PC-IT -026,Logon,0
L001608,2026-01-19 17:05:41,swati.bose26,EMP0026,PC-IT -026,Logoff,0
L001609,2026-01-20 08:32:32,swati.bose26,EMP0026,PC-IT -026,Logon,0
L001610,2026-01-20 14:48:49,swati.bose26,EMP0026,PC-IT -026,Logoff,0
L001611,2026-01-21 03:54:51,swati.bose26,EMP0026,PC-IT -026,Logon,1
L001612,2026-01-21 17:48:19,swati.bose26,EMP0026,PC-IT -026,Logoff,1
L001613,2026-01-22 08:10:11,swati.bose26,EMP0026,PC-IT -026,Logon,0
L001614,2026-01-22 15:52:07,swati.bose26,EMP0026,PC-IT -026,Logoff,0
L001615,2026-01-23 08:46:30,swati.bose26,EMP0026,PC-IT -026,Logon,0
L001616,2026-01-23 17:35:33,swati.bose26,EMP0026,PC-IT -026,Logoff,0
L001617,2026-01-24 04:23:14,swati.bose26,EMP0026,PC-IT -026,Logon,1
L001618,2026-01-24 12:38:38,swati.bose26,EMP0026,PC-IT -026,Logoff,1
L001619,2026-01-26 11:29:56,swati.bose26,EMP0026,PC-IT -026,Logon,0
L001620,2026-01-26 17:38:17,swati.bose26,EMP0026,PC-IT -026,Logoff,0
L001621,2026-01-27 04:53:47,swati.bose26,EMP0026,PC-IT -026,Logon,1
L001622,2026-01-27 14:28:34,swati.bose26,EMP0026,PC-IT -026,Logoff,1
L001623,2026-01-28 22:23:37,swati.bose26,EMP0026,PC-IT -026,Logon,1
L001624,2026-01-29 10:18:49,swati.bose26,EMP0026,PC-IT -026,Logoff,1
L001625,2026-01-29 10:58:14,swati.bose26,EMP0026,PC-IT -026,Logon,0
L001626,2026-01-29 18:31:10,swati.bose26,EMP0026,PC-IT -026,Logoff,0
L001627,2026-01-30 12:30:56,swati.bose26,EMP0026,PC-IT -026,Logon,0
L001628,2026-01-30 20:19:41,swati.bose26,EMP0026,PC-IT -026,Logoff,0
L001629,2026-02-02 04:13:09,swati.bose26,EMP0026,PC-IT -026,Logon,1
L001630,2026-02-02 13:20:26,swati.bose26,EMP0026,PC-IT -026,Logoff,1
L001631,2026-02-03 07:14:26,swati.bose26,EMP0026,PC-IT -026,Logon,0
L001632,2026-02-03 15:40:26,swati.bose26,EMP0026,PC-IT -026,Logoff,0
L001633,2026-02-04 11:13:37,swati.bose26,EMP0026,PC-IT -026,Logon,0
L001634,2026-02-04 17:42:38,swati.bose26,EMP0026,PC-IT -026,Logoff,0
L001635,2026-02-05 00:08:36,swati.bose26,EMP0026,PC-IT -026,Logon,1
L001636,2026-02-05 11:41:50,swati.bose26,EMP0026,PC-IT -026,Logoff,1
L001637,2026-02-06 17:09:03,swati.bose26,EMP0026,PC-IT -026,Logon,0
L001638,2026-02-06 23:38:59,swati.bose26,EMP0026,PC-IT -026,Logoff,0
L001639,2026-02-09 13:56:46,swati.bose26,EMP0026,PC-IT -026,Logon,0
L001640,2026-02-09 22:07:48,swati.bose26,EMP0026,PC-IT -026,Logoff,0
L001641,2026-02-10 08:38:30,swati.bose26,EMP0026,PC-IT -026,Logon,0
L001642,2026-02-10 17:14:36,swati.bose26,EMP0026,PC-IT -026,Logoff,0
L001643,2026-02-11 13:50:37,swati.bose26,EMP0026,PC-IT -026,Logon,0
L001644,2026-02-11 22:18:17,swati.bose26,EMP0026,PC-IT -026,Logoff,0
L001645,2026-02-12 09:46:43,swati.bose26,EMP0026,PC-IT -026,Logon,0
L001646,2026-02-12 16:48:23,swati.bose26,EMP0026,PC-IT -026,Logoff,0
L001647,2026-02-13 09:24:08,swati.bose26,EMP0026,PC-IT -026,Logon,0
L001648,2026-02-13 15:43:40,swati.bose26,EMP0026,PC-IT -026,Logoff,0
L001649,2026-01-01 11:09:38,vikram.nair27,EMP0027,PC-IT -027,Logon,0
L001650,2026-01-01 17:26:58,vikram.nair27,EMP0027,PC-IT -027,Logoff,0
L001651,2026-01-02 04:50:34,vikram.nair27,EMP0027,PC-IT -027,Logon,0
L001652,2026-01-02 12:21:09,vikram.nair27,EMP0027,PC-IT -027,Logoff,0
L001653,2026-01-05 16:57:49,vikram.nair27,EMP0027,PC-IT -027,Logon,0
L001654,2026-01-06 00:59:57,vikram.nair27,EMP0027,PC-IT -027,Logoff,0
L001655,2026-01-06 16:44:33,vikram.nair27,EMP0027,PC-IT -027,Logon,0
L001656,2026-01-07 00:01:45,vikram.nair27,EMP0027,PC-IT -027,Logoff,0
L001657,2026-01-07 15:22:37,vikram.nair27,EMP0027,PC-IT -027,Logon,0
L001658,2026-01-07 23:47:26,vikram.nair27,EMP0027,PC-IT -027,Logoff,0
L001659,2026-01-08 13:27:08,vikram.nair27,EMP0027,PC-IT -027,Logon,0
L001660,2026-01-08 20:12:56,vikram.nair27,EMP0027,PC-IT -027,Logoff,0
L001661,2026-01-09 07:38:56,vikram.nair27,EMP0027,PC-IT -027,Logon,0
L001662,2026-01-09 15:16:48,vikram.nair27,EMP0027,PC-IT -027,Logoff,0
L001663,2026-01-11 01:33:00,vikram.nair27,EMP0027,PC-IT -027,Logon,1
L001664,2026-01-11 11:48:00,vikram.nair27,EMP0027,PC-IT -027,Logoff,1
L001665,2026-01-12 11:06:09,vikram.nair27,EMP0027,PC-IT -027,Logon,0
L001666,2026-01-12 18:22:50,vikram.nair27,EMP0027,PC-IT -027,Logoff,0
L001667,2026-01-13 22:36:23,vikram.nair27,EMP0027,PC-IT -027,Logon,1
L001668,2026-01-14 10:16:39,vikram.nair27,EMP0027,PC-IT -027,Logoff,1
L001669,2026-01-14 08:35:50,vikram.nair27,EMP0027,PC-IT -027,Logon,0
L001670,2026-01-14 16:16:11,vikram.nair27,EMP0027,PC-IT -027,Logoff,0
L001671,2026-01-15 11:19:36,vikram.nair27,EMP0027,PC-IT -027,Logon,0
L001672,2026-01-15 18:21:35,vikram.nair27,EMP0027,PC-IT -027,Logoff,0
L001673,2026-01-16 16:42:07,vikram.nair27,EMP0027,PC-IT -027,Logon,0
L001674,2026-01-17 00:56:43,vikram.nair27,EMP0027,PC-IT -027,Logoff,0
L001675,2026-01-19 22:50:21,vikram.nair27,EMP0027,PC-IT -027,Logon,1
L001676,2026-01-20 11:38:39,vikram.nair27,EMP0027,PC-IT -027,Logoff,1
L001677,2026-01-20 05:24:40,vikram.nair27,EMP0027,PC-IT -027,Logon,0
L001678,2026-01-20 11:25:37,vikram.nair27,EMP0027,PC-IT -027,Logoff,0
L001679,2026-01-21 22:05:04,vikram.nair27,EMP0027,PC-IT -027,Logon,1
L001680,2026-01-22 07:39:46,vikram.nair27,EMP0027,PC-IT -027,Logoff,1
L001681,2026-01-22 14:59:25,vikram.nair27,EMP0027,PC-IT -027,Logon,0
L001682,2026-01-22 22:49:55,vikram.nair27,EMP0027,PC-IT -027,Logoff,0
L001683,2026-01-23 13:49:52,vikram.nair27,EMP0027,PC-IT -027,Logon,0
L001684,2026-01-23 20:21:24,vikram.nair27,EMP0027,PC-IT -027,Logoff,0
L001685,2026-01-25 12:12:02,vikram.nair27,EMP0027,PC-IT -027,Logon,0
L001686,2026-01-25 20:33:08,vikram.nair27,EMP0027,PC-IT -027,Logoff,0
L001687,2026-01-26 13:43:02,vikram.nair27,EMP0027,PC-IT -027,Logon,0
L001688,2026-01-26 20:47:47,vikram.nair27,EMP0027,PC-IT -027,Logoff,0
L001689,2026-01-27 07:17:49,vikram.nair27,EMP0027,PC-IT -027,Logon,0
L001690,2026-01-27 14:29:42,vikram.nair27,EMP0027,PC-IT -027,Logoff,0
L001691,2026-01-28 08:00:47,vikram.nair27,EMP0027,PC-IT -027,Logon,0
L001692,2026-01-28 16:07:26,vikram.nair27,EMP0027,PC-IT -027,Logoff,0
L001693,2026-01-29 14:35:58,vikram.nair27,EMP0027,PC-IT -027,Logon,0
L001694,2026-01-29 22:20:53,vikram.nair27,EMP0027,PC-IT -027,Logoff,0
L001695,2026-01-30 09:12:29,vikram.nair27,EMP0027,PC-IT -027,Logon,0
L001696,2026-01-30 17:59:49,vikram.nair27,EMP0027,PC-IT -027,Logoff,0
L001697,2026-02-02 01:32:18,vikram.nair27,EMP0027,PC-IT -027,Logon,1
L001698,2026-02-02 11:34:41,vikram.nair27,EMP0027,PC-IT -027,Logoff,1
L001699,2026-02-03 09:34:52,vikram.nair27,EMP0027,PC-IT -027,Logon,0
L001700,2026-02-03 17:57:40,vikram.nair27,EMP0027,PC-IT -027,Logoff,0
L001701,2026-02-04 10:30:49,vikram.nair27,EMP0027,PC-IT -027,Logon,0
L001702,2026-02-04 17:14:36,vikram.nair27,EMP0027,PC-IT -027,Logoff,0
L001703,2026-02-05 14:57:37,vikram.nair27,EMP0027,PC-IT -027,Logon,0
L001704,2026-02-05 23:32:46,vikram.nair27,EMP0027,PC-IT -027,Logoff,0
L001705,2026-02-06 22:40:50,vikram.nair27,EMP0027,PC-IT -027,Logon,1
L001706,2026-02-07 12:38:44,vikram.nair27,EMP0027,PC-IT -027,Logoff,1
L001707,2026-02-09 12:00:44,vikram.nair27,EMP0027,PC-IT -027,Logon,0
L001708,2026-02-09 20:30:31,vikram.nair27,EMP0027,PC-IT -027,Logoff,0
L001709,2026-02-10 05:04:35,vikram.nair27,EMP0027,PC-IT -027,Logon,1
L001710,2026-02-10 18:39:53,vikram.nair27,EMP0027,PC-IT -027,Logoff,1
L001711,2026-02-11 17:17:11,vikram.nair27,EMP0027,PC-IT -027,Logon,0
L001712,2026-02-12 02:07:39,vikram.nair27,EMP0027,PC-IT -027,Logoff,0
L001713,2026-02-12 12:12:15,vikram.nair27,EMP0027,PC-IT -027,Logon,0
L001714,2026-02-12 20:24:37,vikram.nair27,EMP0027,PC-IT -027,Logoff,0
L001715,2026-02-13 03:53:15,vikram.nair27,EMP0027,PC-IT -027,Logon,1
L001716,2026-02-13 16:54:19,vikram.nair27,EMP0027,PC-IT -027,Logoff,1
L001717,2026-01-01 07:05:43,tanya.verma28,EMP0028,PC-R&D-028,Logon,0
L001718,2026-01-01 15:57:45,tanya.verma28,EMP0028,PC-R&D-028,Logoff,0
L001719,2026-01-02 00:54:34,tanya.verma28,EMP0028,PC-R&D-028,Logon,0
L001720,2026-01-02 09:47:00,tanya.verma28,EMP0028,PC-R&D-028,Logoff,0
L001721,2026-01-05 17:56:57,tanya.verma28,EMP0028,PC-R&D-028,Logon,0
L001722,2026-01-06 01:40:21,tanya.verma28,EMP0028,PC-R&D-028,Logoff,0
L001723,2026-01-06 08:48:58,tanya.verma28,EMP0028,PC-R&D-028,Logon,0
L001724,2026-01-06 16:20:58,tanya.verma28,EMP0028,PC-R&D-028,Logoff,0
L001725,2026-01-07 15:08:03,tanya.verma28,EMP0028,PC-R&D-028,Logon,0
L001726,2026-01-07 22:42:40,tanya.verma28,EMP0028,PC-R&D-028,Logoff,0
L001727,2026-01-08 18:02:32,tanya.verma28,EMP0028,PC-R&D-028,Logon,0
L001728,2026-01-09 01:05:02,tanya.verma28,EMP0028,PC-R&D-028,Logoff,0
L001729,2026-01-09 15:29:07,tanya.verma28,EMP0028,PC-R&D-028,Logon,0
L001730,2026-01-09 23:34:48,tanya.verma28,EMP0028,PC-R&D-028,Logoff,0
L001731,2026-01-13 13:20:23,tanya.verma28,EMP0028,PC-R&D-028,Logon,0
L001732,2026-01-13 21:10:41,tanya.verma28,EMP0028,PC-R&D-028,Logoff,0
L001733,2026-01-14 12:15:17,tanya.verma28,EMP0028,PC-R&D-028,Logon,0
L001734,2026-01-14 19:40:07,tanya.verma28,EMP0028,PC-R&D-028,Logoff,0
L001735,2026-01-15 10:31:27,tanya.verma28,EMP0028,PC-R&D-028,Logon,0
L001736,2026-01-15 17:09:20,tanya.verma28,EMP0028,PC-R&D-028,Logoff,0
L001737,2026-01-16 10:54:25,tanya.verma28,EMP0028,PC-R&D-028,Logon,0
L001738,2026-01-16 17:44:44,tanya.verma28,EMP0028,PC-R&D-028,Logoff,0
L001739,2026-01-19 09:06:46,tanya.verma28,EMP0028,PC-R&D-028,Logon,0
L001740,2026-01-19 15:55:21,tanya.verma28,EMP0028,PC-R&D-028,Logoff,0
L001741,2026-01-20 11:24:12,tanya.verma28,EMP0028,PC-R&D-028,Logon,0
L001742,2026-01-20 17:50:27,tanya.verma28,EMP0028,PC-R&D-028,Logoff,0
L001743,2026-01-21 08:51:00,tanya.verma28,EMP0028,PC-R&D-028,Logon,0
L001744,2026-01-21 15:22:47,tanya.verma28,EMP0028,PC-R&D-028,Logoff,0
L001745,2026-01-22 23:54:40,tanya.verma28,EMP0028,PC-R&D-028,Logon,0
L001746,2026-01-23 07:27:43,tanya.verma28,EMP0028,PC-R&D-028,Logoff,0
L001747,2026-01-23 15:19:16,tanya.verma28,EMP0028,PC-R&D-028,Logon,0
L001748,2026-01-23 23:00:27,tanya.verma28,EMP0028,PC-R&D-028,Logoff,0
L001749,2026-01-26 06:52:16,tanya.verma28,EMP0028,PC-R&D-028,Logon,0
L001750,2026-01-26 14:18:02,tanya.verma28,EMP0028,PC-R&D-028,Logoff,0
L001751,2026-01-27 11:21:16,tanya.verma28,EMP0028,PC-R&D-028,Logon,0
L001752,2026-01-27 18:26:14,tanya.verma28,EMP0028,PC-R&D-028,Logoff,0
L001753,2026-01-28 18:16:22,tanya.verma28,EMP0028,PC-R&D-028,Logon,0
L001754,2026-01-29 00:19:56,tanya.verma28,EMP0028,PC-R&D-028,Logoff,0
L001755,2026-01-29 16:38:12,tanya.verma28,EMP0028,PC-R&D-028,Logon,0
L001756,2026-01-30 00:22:02,tanya.verma28,EMP0028,PC-R&D-028,Logoff,0
L001757,2026-01-30 12:49:18,tanya.verma28,EMP0028,PC-R&D-028,Logon,0
L001758,2026-01-30 19:53:13,tanya.verma28,EMP0028,PC-R&D-028,Logoff,0
L001759,2026-02-02 17:24:39,tanya.verma28,EMP0028,PC-R&D-028,Logon,0
L001760,2026-02-03 00:16:13,tanya.verma28,EMP0028,PC-R&D-028,Logoff,0
L001761,2026-02-03 08:10:40,tanya.verma28,EMP0028,PC-R&D-028,Logon,0
L001762,2026-02-03 16:36:03,tanya.verma28,EMP0028,PC-R&D-028,Logoff,0
L001763,2026-02-04 13:36:25,tanya.verma28,EMP0028,PC-R&D-028,Logon,0
L001764,2026-02-04 22:09:13,tanya.verma28,EMP0028,PC-R&D-028,Logoff,0
L001765,2026-02-05 08:14:20,tanya.verma28,EMP0028,PC-R&D-028,Logon,0
L001766,2026-02-05 15:11:22,tanya.verma28,EMP0028,PC-R&D-028,Logoff,0
L001767,2026-02-06 09:41:25,tanya.verma28,EMP0028,PC-R&D-028,Logon,0
L001768,2026-02-06 16:30:14,tanya.verma28,EMP0028,PC-R&D-028,Logoff,0
L001769,2026-02-09 13:28:26,tanya.verma28,EMP0028,PC-R&D-028,Logon,0
L001770,2026-02-09 19:58:33,tanya.verma28,EMP0028,PC-R&D-028,Logoff,0
L001771,2026-02-10 07:15:42,tanya.verma28,EMP0028,PC-R&D-028,Logon,0
L001772,2026-02-10 14:00:59,tanya.verma28,EMP0028,PC-R&D-028,Logoff,0
L001773,2026-02-11 15:13:10,tanya.verma28,EMP0028,PC-R&D-028,Logon,0
L001774,2026-02-11 22:24:38,tanya.verma28,EMP0028,PC-R&D-028,Logoff,0
L001775,2026-02-12 18:30:35,tanya.verma28,EMP0028,PC-R&D-028,Logon,0
L001776,2026-02-13 00:40:16,tanya.verma28,EMP0028,PC-R&D-028,Logoff,0
L001777,2026-02-13 12:05:06,tanya.verma28,EMP0028,PC-R&D-028,Logon,0
L001778,2026-02-13 18:52:20,tanya.verma28,EMP0028,PC-R&D-028,Logoff,0
L001779,2026-01-01 16:19:14,deepak.bose29,EMP0029,PC-IT -029,Logon,0
L001780,2026-01-01 23:03:45,deepak.bose29,EMP0029,PC-IT -029,Logoff,0
L001781,2026-01-02 13:08:33,deepak.bose29,EMP0029,PC-IT -029,Logon,0
L001782,2026-01-02 21:39:28,deepak.bose29,EMP0029,PC-IT -029,Logoff,0
L001783,2026-01-03 16:20:55,deepak.bose29,EMP0029,PC-IT -029,Logon,0
L001784,2026-01-03 23:46:37,deepak.bose29,EMP0029,PC-IT -029,Logoff,0
L001785,2026-01-05 09:28:08,deepak.bose29,EMP0029,PC-IT -029,Logon,0
L001786,2026-01-05 18:22:39,deepak.bose29,EMP0029,PC-IT -029,Logoff,0
L001787,2026-01-06 08:38:29,deepak.bose29,EMP0029,PC-IT -029,Logon,0
L001788,2026-01-06 16:32:04,deepak.bose29,EMP0029,PC-IT -029,Logoff,0
L001789,2026-01-07 13:33:40,deepak.bose29,EMP0029,PC-IT -029,Logon,0
L001790,2026-01-07 21:28:46,deepak.bose29,EMP0029,PC-IT -029,Logoff,0
L001791,2026-01-08 10:34:14,deepak.bose29,EMP0029,PC-IT -029,Logon,0
L001792,2026-01-08 18:59:04,deepak.bose29,EMP0029,PC-IT -029,Logoff,0
L001793,2026-01-09 10:16:09,deepak.bose29,EMP0029,PC-IT -029,Logon,0
L001794,2026-01-09 17:10:47,deepak.bose29,EMP0029,PC-IT -029,Logoff,0
L001795,2026-01-10 16:22:18,deepak.bose29,EMP0029,PC-IT -029,Logon,0
L001796,2026-01-10 23:46:45,deepak.bose29,EMP0029,PC-IT -029,Logoff,0
L001797,2026-01-11 19:30:19,deepak.bose29,EMP0029,PC-IT -029,Logon,0
L001798,2026-01-12 01:31:57,deepak.bose29,EMP0029,PC-IT -029,Logoff,0
L001799,2026-01-12 09:14:50,deepak.bose29,EMP0029,PC-IT -029,Logon,0
L001800,2026-01-12 15:16:07,deepak.bose29,EMP0029,PC-IT -029,Logoff,0
L001801,2026-01-13 11:35:27,deepak.bose29,EMP0029,PC-IT -029,Logon,0
L001802,2026-01-13 18:46:30,deepak.bose29,EMP0029,PC-IT -029,Logoff,0
L001803,2026-01-14 14:24:53,deepak.bose29,EMP0029,PC-IT -029,Logon,0
L001804,2026-01-14 21:32:59,deepak.bose29,EMP0029,PC-IT -029,Logoff,0
L001805,2026-01-15 11:15:33,deepak.bose29,EMP0029,PC-IT -029,Logon,0
L001806,2026-01-15 19:33:10,deepak.bose29,EMP0029,PC-IT -029,Logoff,0
L001807,2026-01-16 15:43:17,deepak.bose29,EMP0029,PC-IT -029,Logon,0
L001808,2026-01-16 22:34:31,deepak.bose29,EMP0029,PC-IT -029,Logoff,0
L001809,2026-01-19 16:11:08,deepak.bose29,EMP0029,PC-IT -029,Logon,0
L001810,2026-01-19 23:03:15,deepak.bose29,EMP0029,PC-IT -029,Logoff,0
L001811,2026-01-20 13:17:44,deepak.bose29,EMP0029,PC-IT -029,Logon,0
L001812,2026-01-20 21:09:49,deepak.bose29,EMP0029,PC-IT -029,Logoff,0
L001813,2026-01-21 02:03:34,deepak.bose29,EMP0029,PC-IT -029,Logon,0
L001814,2026-01-21 08:07:33,deepak.bose29,EMP0029,PC-IT -029,Logoff,0
L001815,2026-01-22 09:08:45,deepak.bose29,EMP0029,PC-IT -029,Logon,0
L001816,2026-01-22 16:27:39,deepak.bose29,EMP0029,PC-IT -029,Logoff,0
L001817,2026-01-25 11:50:51,deepak.bose29,EMP0029,PC-IT -029,Logon,0
L001818,2026-01-25 19:20:33,deepak.bose29,EMP0029,PC-IT -029,Logoff,0
L001819,2026-01-26 14:02:21,deepak.bose29,EMP0029,PC-IT -029,Logon,0
L001820,2026-01-26 20:16:47,deepak.bose29,EMP0029,PC-IT -029,Logoff,0
L001821,2026-01-27 08:17:49,deepak.bose29,EMP0029,PC-IT -029,Logon,0
L001822,2026-01-27 15:28:27,deepak.bose29,EMP0029,PC-IT -029,Logoff,0
L001823,2026-01-28 08:57:53,deepak.bose29,EMP0029,PC-IT -029,Logon,0
L001824,2026-01-28 15:42:53,deepak.bose29,EMP0029,PC-IT -029,Logoff,0
L001825,2026-01-29 01:49:45,deepak.bose29,EMP0029,PC-IT -029,Logon,0
L001826,2026-01-29 08:34:33,deepak.bose29,EMP0029,PC-IT -029,Logoff,0
L001827,2026-01-30 11:47:02,deepak.bose29,EMP0029,PC-IT -029,Logon,0
L001828,2026-01-30 18:22:53,deepak.bose29,EMP0029,PC-IT -029,Logoff,0
L001829,2026-02-02 08:24:43,deepak.bose29,EMP0029,PC-IT -029,Logon,0
L001830,2026-02-02 17:17:44,deepak.bose29,EMP0029,PC-IT -029,Logoff,0
L001831,2026-02-03 08:46:02,deepak.bose29,EMP0029,PC-IT -029,Logon,0
L001832,2026-02-03 17:00:05,deepak.bose29,EMP0029,PC-IT -029,Logoff,0
L001833,2026-02-04 07:30:40,deepak.bose29,EMP0029,PC-IT -029,Logon,0
L001834,2026-02-04 14:24:27,deepak.bose29,EMP0029,PC-IT -029,Logoff,0
L001835,2026-02-05 05:42:13,deepak.bose29,EMP0029,PC-IT -029,Logon,0
L001836,2026-02-05 14:37:24,deepak.bose29,EMP0029,PC-IT -029,Logoff,0
L001837,2026-02-06 11:00:10,deepak.bose29,EMP0029,PC-IT -029,Logon,0
L001838,2026-02-06 19:23:09,deepak.bose29,EMP0029,PC-IT -029,Logoff,0
L001839,2026-02-09 20:37:50,deepak.bose29,EMP0029,PC-IT -029,Logon,0
L001840,2026-02-10 04:42:10,deepak.bose29,EMP0029,PC-IT -029,Logoff,0
L001841,2026-02-10 08:49:05,deepak.bose29,EMP0029,PC-IT -029,Logon,0
L001842,2026-02-10 15:33:51,deepak.bose29,EMP0029,PC-IT -029,Logoff,0
L001843,2026-02-11 14:21:59,deepak.bose29,EMP0029,PC-IT -029,Logon,0
L001844,2026-02-11 23:16:31,deepak.bose29,EMP0029,PC-IT -029,Logoff,0
L001845,2026-02-12 06:22:41,deepak.bose29,EMP0029,PC-IT -029,Logon,0
L001846,2026-02-12 12:50:23,deepak.bose29,EMP0029,PC-IT -029,Logoff,0
L001847,2026-02-13 07:31:14,deepak.bose29,EMP0029,PC-IT -029,Logon,0
L001848,2026-02-13 14:28:14,deepak.bose29,EMP0029,PC-IT -029,Logoff,0
L001849,2026-01-01 10:57:28,pooja.bhatt30,EMP0030,PC-SAL-030,Logon,0
L001850,2026-01-01 19:09:26,pooja.bhatt30,EMP0030,PC-SAL-030,Logoff,0
L001851,2026-01-05 04:45:28,pooja.bhatt30,EMP0030,PC-SAL-030,Logon,0
L001852,2026-01-05 12:26:05,pooja.bhatt30,EMP0030,PC-SAL-030,Logoff,0
L001853,2026-01-06 12:36:11,pooja.bhatt30,EMP0030,PC-SAL-030,Logon,0
L001854,2026-01-06 20:14:02,pooja.bhatt30,EMP0030,PC-SAL-030,Logoff,0
L001855,2026-01-07 11:55:53,pooja.bhatt30,EMP0030,PC-SAL-030,Logon,0
L001856,2026-01-07 19:43:38,pooja.bhatt30,EMP0030,PC-SAL-030,Logoff,0
L001857,2026-01-08 08:33:09,pooja.bhatt30,EMP0030,PC-SAL-030,Logon,0
L001858,2026-01-08 15:54:02,pooja.bhatt30,EMP0030,PC-SAL-030,Logoff,0
L001859,2026-01-09 12:29:00,pooja.bhatt30,EMP0030,PC-SAL-030,Logon,0
L001860,2026-01-09 20:48:39,pooja.bhatt30,EMP0030,PC-SAL-030,Logoff,0
L001861,2026-01-12 13:23:49,pooja.bhatt30,EMP0030,PC-SAL-030,Logon,0
L001862,2026-01-12 21:15:27,pooja.bhatt30,EMP0030,PC-SAL-030,Logoff,0
L001863,2026-01-13 06:34:52,pooja.bhatt30,EMP0030,PC-SAL-030,Logon,0
L001864,2026-01-13 13:44:36,pooja.bhatt30,EMP0030,PC-SAL-030,Logoff,0
L001865,2026-01-14 12:35:09,pooja.bhatt30,EMP0030,PC-SAL-030,Logon,0
L001866,2026-01-14 20:25:29,pooja.bhatt30,EMP0030,PC-SAL-030,Logoff,0
L001867,2026-01-15 13:07:06,pooja.bhatt30,EMP0030,PC-SAL-030,Logon,0
L001868,2026-01-15 20:41:16,pooja.bhatt30,EMP0030,PC-SAL-030,Logoff,0
L001869,2026-01-16 16:08:11,pooja.bhatt30,EMP0030,PC-SAL-030,Logon,0
L001870,2026-01-17 00:45:24,pooja.bhatt30,EMP0030,PC-SAL-030,Logoff,0
L001871,2026-01-19 13:53:24,pooja.bhatt30,EMP0030,PC-SAL-030,Logon,0
L001872,2026-01-19 21:51:49,pooja.bhatt30,EMP0030,PC-SAL-030,Logoff,0
L001873,2026-01-20 14:16:03,pooja.bhatt30,EMP0030,PC-SAL-030,Logon,0
L001874,2026-01-20 21:21:59,pooja.bhatt30,EMP0030,PC-SAL-030,Logoff,0
L001875,2026-01-21 06:59:58,pooja.bhatt30,EMP0030,PC-SAL-030,Logon,0
L001876,2026-01-21 13:37:32,pooja.bhatt30,EMP0030,PC-SAL-030,Logoff,0
L001877,2026-01-22 17:05:29,pooja.bhatt30,EMP0030,PC-SAL-030,Logon,0
L001878,2026-01-23 01:29:40,pooja.bhatt30,EMP0030,PC-SAL-030,Logoff,0
L001879,2026-01-23 12:56:26,pooja.bhatt30,EMP0030,PC-SAL-030,Logon,0
L001880,2026-01-23 21:24:23,pooja.bhatt30,EMP0030,PC-SAL-030,Logoff,0
L001881,2026-01-26 12:46:04,pooja.bhatt30,EMP0030,PC-SAL-030,Logon,0
L001882,2026-01-26 21:16:16,pooja.bhatt30,EMP0030,PC-SAL-030,Logoff,0
L001883,2026-01-27 08:33:06,pooja.bhatt30,EMP0030,PC-SAL-030,Logon,0
L001884,2026-01-27 14:51:19,pooja.bhatt30,EMP0030,PC-SAL-030,Logoff,0
L001885,2026-01-28 10:12:33,pooja.bhatt30,EMP0030,PC-SAL-030,Logon,0
L001886,2026-01-28 18:10:47,pooja.bhatt30,EMP0030,PC-SAL-030,Logoff,0
L001887,2026-01-29 19:35:47,pooja.bhatt30,EMP0030,PC-SAL-030,Logon,0
L001888,2026-01-30 03:16:14,pooja.bhatt30,EMP0030,PC-SAL-030,Logoff,0
L001889,2026-01-30 15:36:22,pooja.bhatt30,EMP0030,PC-SAL-030,Logon,0
L001890,2026-01-30 23:37:46,pooja.bhatt30,EMP0030,PC-SAL-030,Logoff,0
L001891,2026-02-02 15:35:25,pooja.bhatt30,EMP0030,PC-SAL-030,Logon,0
L001892,2026-02-02 23:06:15,pooja.bhatt30,EMP0030,PC-SAL-030,Logoff,0
L001893,2026-02-03 12:38:28,pooja.bhatt30,EMP0030,PC-SAL-030,Logon,0
L001894,2026-02-03 21:26:30,pooja.bhatt30,EMP0030,PC-SAL-030,Logoff,0
L001895,2026-02-04 12:20:54,pooja.bhatt30,EMP0030,PC-SAL-030,Logon,0
L001896,2026-02-04 19:27:48,pooja.bhatt30,EMP0030,PC-SAL-030,Logoff,0
L001897,2026-02-05 11:46:20,pooja.bhatt30,EMP0030,PC-SAL-030,Logon,0
L001898,2026-02-05 19:35:50,pooja.bhatt30,EMP0030,PC-SAL-030,Logoff,0
L001899,2026-02-06 08:49:35,pooja.bhatt30,EMP0030,PC-SAL-030,Logon,0
L001900,2026-02-06 17:36:17,pooja.bhatt30,EMP0030,PC-SAL-030,Logoff,0
L001901,2026-02-09 10:46:02,pooja.bhatt30,EMP0030,PC-SAL-030,Logon,0
L001902,2026-02-09 19:42:57,pooja.bhatt30,EMP0030,PC-SAL-030,Logoff,0
L001903,2026-02-10 12:56:19,pooja.bhatt30,EMP0030,PC-SAL-030,Logon,0
L001904,2026-02-10 18:57:29,pooja.bhatt30,EMP0030,PC-SAL-030,Logoff,0
L001905,2026-02-11 08:20:01,pooja.bhatt30,EMP0030,PC-SAL-030,Logon,0
L001906,2026-02-11 16:38:53,pooja.bhatt30,EMP0030,PC-SAL-030,Logoff,0
L001907,2026-02-12 15:58:35,pooja.bhatt30,EMP0030,PC-SAL-030,Logon,0
L001908,2026-02-12 23:30:36,pooja.bhatt30,EMP0030,PC-SAL-030,Logoff,0
L001909,2026-02-13 13:06:02,pooja.bhatt30,EMP0030,PC-SAL-030,Logon,0
L001910,2026-02-13 20:28:53,pooja.bhatt30,EMP0030,PC-SAL-030,Logoff,0
L001911,2026-01-01 09:16:51,rajesh.sharma31,EMP0031,PC-LEG-031,Logon,0
L001912,2026-01-01 16:10:54,rajesh.sharma31,EMP0031,PC-LEG-031,Logoff,0
L001913,2026-01-02 08:04:46,rajesh.sharma31,EMP0031,PC-LEG-031,Logon,0
L001914,2026-01-02 15:03:12,rajesh.sharma31,EMP0031,PC-LEG-031,Logoff,0
L001915,2026-01-05 15:06:38,rajesh.sharma31,EMP0031,PC-LEG-031,Logon,0
L001916,2026-01-05 23:02:14,rajesh.sharma31,EMP0031,PC-LEG-031,Logoff,0
L001917,2026-01-07 15:58:49,rajesh.sharma31,EMP0031,PC-LEG-031,Logon,0
L001918,2026-01-07 22:59:00,rajesh.sharma31,EMP0031,PC-LEG-031,Logoff,0
L001919,2026-01-08 18:07:55,rajesh.sharma31,EMP0031,PC-LEG-031,Logon,0
L001920,2026-01-09 02:26:35,rajesh.sharma31,EMP0031,PC-LEG-031,Logoff,0
L001921,2026-01-09 18:40:49,rajesh.sharma31,EMP0031,PC-LEG-031,Logon,0
L001922,2026-01-10 02:34:36,rajesh.sharma31,EMP0031,PC-LEG-031,Logoff,0
L001923,2026-01-12 10:44:14,rajesh.sharma31,EMP0031,PC-LEG-031,Logon,0
L001924,2026-01-12 17:11:48,rajesh.sharma31,EMP0031,PC-LEG-031,Logoff,0
L001925,2026-01-13 20:48:38,rajesh.sharma31,EMP0031,PC-LEG-031,Logon,0
L001926,2026-01-14 04:32:10,rajesh.sharma31,EMP0031,PC-LEG-031,Logoff,0
L001927,2026-01-14 15:09:08,rajesh.sharma31,EMP0031,PC-LEG-031,Logon,0
L001928,2026-01-14 22:09:38,rajesh.sharma31,EMP0031,PC-LEG-031,Logoff,0
L001929,2026-01-15 12:16:05,rajesh.sharma31,EMP0031,PC-LEG-031,Logon,0
L001930,2026-01-15 19:27:49,rajesh.sharma31,EMP0031,PC-LEG-031,Logoff,0
L001931,2026-01-16 15:30:35,rajesh.sharma31,EMP0031,PC-LEG-031,Logon,0
L001932,2026-01-16 22:06:14,rajesh.sharma31,EMP0031,PC-LEG-031,Logoff,0
L001933,2026-01-19 12:15:04,rajesh.sharma31,EMP0031,PC-LEG-031,Logon,0
L001934,2026-01-19 19:02:59,rajesh.sharma31,EMP0031,PC-LEG-031,Logoff,0
L001935,2026-01-20 13:07:42,rajesh.sharma31,EMP0031,PC-LEG-031,Logon,0
L001936,2026-01-20 20:22:08,rajesh.sharma31,EMP0031,PC-LEG-031,Logoff,0
L001937,2026-01-21 05:38:41,rajesh.sharma31,EMP0031,PC-LEG-031,Logon,1
L001938,2026-01-21 13:47:23,rajesh.sharma31,EMP0031,PC-LEG-031,Logoff,1
L001939,2026-01-22 13:51:28,rajesh.sharma31,EMP0031,PC-LEG-031,Logon,0
L001940,2026-01-22 21:43:38,rajesh.sharma31,EMP0031,PC-LEG-031,Logoff,0
L001941,2026-01-23 09:43:23,rajesh.sharma31,EMP0031,PC-LEG-031,Logon,0
L001942,2026-01-23 16:11:27,rajesh.sharma31,EMP0031,PC-LEG-031,Logoff,0
L001943,2026-01-26 02:55:53,rajesh.sharma31,EMP0031,PC-LEG-031,Logon,1
L001944,2026-01-26 15:51:07,rajesh.sharma31,EMP0031,PC-LEG-031,Logoff,1
L001945,2026-01-28 23:30:01,rajesh.sharma31,EMP0031,PC-LEG-031,Logon,1
L001946,2026-01-29 09:29:29,rajesh.sharma31,EMP0031,PC-LEG-031,Logoff,1
L001947,2026-01-29 04:35:30,rajesh.sharma31,EMP0031,PC-LEG-031,Logon,1
L001948,2026-01-29 16:19:47,rajesh.sharma31,EMP0031,PC-LEG-031,Logoff,1
L001949,2026-01-30 14:24:37,rajesh.sharma31,EMP0031,PC-LEG-031,Logon,0
L001950,2026-01-30 23:07:42,rajesh.sharma31,EMP0031,PC-LEG-031,Logoff,0
L001951,2026-02-02 04:03:29,rajesh.sharma31,EMP0031,PC-LEG-031,Logon,1
L001952,2026-02-02 15:59:11,rajesh.sharma31,EMP0031,PC-LEG-031,Logoff,1
L001953,2026-02-04 05:55:06,rajesh.sharma31,EMP0031,PC-LEG-031,Logon,1
L001954,2026-02-04 14:01:58,rajesh.sharma31,EMP0031,PC-LEG-031,Logoff,1
L001955,2026-02-05 09:24:32,rajesh.sharma31,EMP0031,PC-LEG-031,Logon,0
L001956,2026-02-05 18:20:19,rajesh.sharma31,EMP0031,PC-LEG-031,Logoff,0
L001957,2026-02-06 01:11:12,rajesh.sharma31,EMP0031,PC-LEG-031,Logon,1
L001958,2026-02-06 12:11:26,rajesh.sharma31,EMP0031,PC-LEG-031,Logoff,1
L001959,2026-02-10 10:25:47,rajesh.sharma31,EMP0031,PC-LEG-031,Logon,0
L001960,2026-02-10 16:54:02,rajesh.sharma31,EMP0031,PC-LEG-031,Logoff,0
L001961,2026-02-11 13:15:32,rajesh.sharma31,EMP0031,PC-LEG-031,Logon,0
L001962,2026-02-11 20:05:11,rajesh.sharma31,EMP0031,PC-LEG-031,Logoff,0
L001963,2026-02-12 22:56:52,rajesh.sharma31,EMP0031,PC-LEG-031,Logon,1
L001964,2026-02-13 12:53:23,rajesh.sharma31,EMP0031,PC-LEG-031,Logoff,1
L001965,2026-02-13 09:21:57,rajesh.sharma31,EMP0031,PC-LEG-031,Logon,0
L001966,2026-02-13 16:32:39,rajesh.sharma31,EMP0031,PC-LEG-031,Logoff,0
L001967,2026-01-01 14:55:40,isha.naidu32,EMP0032,PC-R&D-032,Logon,0
L001968,2026-01-01 22:59:14,isha.naidu32,EMP0032,PC-R&D-032,Logoff,0
L001969,2026-01-02 11:19:58,isha.naidu32,EMP0032,PC-R&D-032,Logon,0
L001970,2026-01-02 19:08:55,isha.naidu32,EMP0032,PC-R&D-032,Logoff,0
L001971,2026-01-05 14:12:55,isha.naidu32,EMP0032,PC-R&D-032,Logon,0
L001972,2026-01-05 20:37:46,isha.naidu32,EMP0032,PC-R&D-032,Logoff,0
L001973,2026-01-06 17:27:58,isha.naidu32,EMP0032,PC-R&D-032,Logon,0
L001974,2026-01-07 02:23:36,isha.naidu32,EMP0032,PC-R&D-032,Logoff,0
L001975,2026-01-07 17:20:04,isha.naidu32,EMP0032,PC-R&D-032,Logon,0
L001976,2026-01-08 01:00:23,isha.naidu32,EMP0032,PC-R&D-032,Logoff,0
L001977,2026-01-08 05:53:56,isha.naidu32,EMP0032,PC-R&D-032,Logon,1
L001978,2026-01-08 14:46:19,isha.naidu32,EMP0032,PC-R&D-032,Logoff,1
L001979,2026-01-12 04:09:49,isha.naidu32,EMP0032,PC-R&D-032,Logon,1
L001980,2026-01-12 13:17:28,isha.naidu32,EMP0032,PC-R&D-032,Logoff,1
L001981,2026-01-13 04:38:36,isha.naidu32,EMP0032,PC-R&D-032,Logon,1
L001982,2026-01-13 16:19:03,isha.naidu32,EMP0032,PC-R&D-032,Logoff,1
L001983,2026-01-14 00:22:05,isha.naidu32,EMP0032,PC-R&D-032,Logon,1
L001984,2026-01-14 12:29:48,isha.naidu32,EMP0032,PC-R&D-032,Logoff,1
L001985,2026-01-15 13:45:41,isha.naidu32,EMP0032,PC-R&D-032,Logon,0
L001986,2026-01-15 20:52:59,isha.naidu32,EMP0032,PC-R&D-032,Logoff,0
L001987,2026-01-16 08:12:14,isha.naidu32,EMP0032,PC-R&D-032,Logon,0
L001988,2026-01-16 14:18:02,isha.naidu32,EMP0032,PC-R&D-032,Logoff,0
L001989,2026-01-18 15:12:48,isha.naidu32,EMP0032,PC-R&D-032,Logon,0
L001990,2026-01-18 21:49:37,isha.naidu32,EMP0032,PC-R&D-032,Logoff,0
L001991,2026-01-19 11:39:31,isha.naidu32,EMP0032,PC-R&D-032,Logon,0
L001992,2026-01-19 19:43:19,isha.naidu32,EMP0032,PC-R&D-032,Logoff,0
L001993,2026-01-20 11:49:02,isha.naidu32,EMP0032,PC-R&D-032,Logon,0
L001994,2026-01-20 19:38:27,isha.naidu32,EMP0032,PC-R&D-032,Logoff,0
L001995,2026-01-21 10:47:36,isha.naidu32,EMP0032,PC-R&D-032,Logon,0
L001996,2026-01-21 18:34:29,isha.naidu32,EMP0032,PC-R&D-032,Logoff,0
L001997,2026-01-22 15:33:06,isha.naidu32,EMP0032,PC-R&D-032,Logon,0
L001998,2026-01-22 22:54:23,isha.naidu32,EMP0032,PC-R&D-032,Logoff,0
L001999,2026-01-23 03:33:34,isha.naidu32,EMP0032,PC-R&D-032,Logon,1
L002000,2026-01-23 13:55:59,isha.naidu32,EMP0032,PC-R&D-032,Logoff,1
L002001,2026-01-26 05:18:28,isha.naidu32,EMP0032,PC-R&D-032,Logon,0
L002002,2026-01-26 12:30:06,isha.naidu32,EMP0032,PC-R&D-032,Logoff,0
L002003,2026-01-27 11:27:18,isha.naidu32,EMP0032,PC-R&D-032,Logon,0
L002004,2026-01-27 19:17:39,isha.naidu32,EMP0032,PC-R&D-032,Logoff,0
L002005,2026-01-28 08:53:41,isha.naidu32,EMP0032,PC-R&D-032,Logon,0
L002006,2026-01-28 16:14:59,isha.naidu32,EMP0032,PC-R&D-032,Logoff,0
L002007,2026-01-29 02:25:26,isha.naidu32,EMP0032,PC-R&D-032,Logon,1
L002008,2026-01-29 12:21:52,isha.naidu32,EMP0032,PC-R&D-032,Logoff,1
L002009,2026-02-02 07:20:44,isha.naidu32,EMP0032,PC-R&D-032,Logon,0
L002010,2026-02-02 15:17:28,isha.naidu32,EMP0032,PC-R&D-032,Logoff,0
L002011,2026-02-03 01:05:07,isha.naidu32,EMP0032,PC-R&D-032,Logon,1
L002012,2026-02-03 13:19:21,isha.naidu32,EMP0032,PC-R&D-032,Logoff,1
L002013,2026-02-04 22:46:50,isha.naidu32,EMP0032,PC-R&D-032,Logon,1
L002014,2026-02-05 12:37:54,isha.naidu32,EMP0032,PC-R&D-032,Logoff,1
L002015,2026-02-05 22:02:49,isha.naidu32,EMP0032,PC-R&D-032,Logon,1
L002016,2026-02-06 07:04:20,isha.naidu32,EMP0032,PC-R&D-032,Logoff,1
L002017,2026-02-06 16:10:55,isha.naidu32,EMP0032,PC-R&D-032,Logon,0
L002018,2026-02-06 22:36:56,isha.naidu32,EMP0032,PC-R&D-032,Logoff,0
L002019,2026-02-09 19:18:40,isha.naidu32,EMP0032,PC-R&D-032,Logon,0
L002020,2026-02-10 01:51:11,isha.naidu32,EMP0032,PC-R&D-032,Logoff,0
L002021,2026-02-10 00:48:16,isha.naidu32,EMP0032,PC-R&D-032,Logon,0
L002022,2026-02-10 06:50:27,isha.naidu32,EMP0032,PC-R&D-032,Logoff,0
L002023,2026-02-11 15:38:56,isha.naidu32,EMP0032,PC-R&D-032,Logon,0
L002024,2026-02-11 23:07:45,isha.naidu32,EMP0032,PC-R&D-032,Logoff,0
L002025,2026-02-12 11:28:05,isha.naidu32,EMP0032,PC-R&D-032,Logon,0
L002026,2026-02-12 19:16:18,isha.naidu32,EMP0032,PC-R&D-032,Logoff,0
L002027,2026-01-01 13:52:52,farah.chatterjee33,EMP0033,PC-ENG-033,Logon,0
L002028,2026-01-01 20:30:14,farah.chatterjee33,EMP0033,PC-ENG-033,Logoff,0
L002029,2026-01-02 05:22:02,farah.chatterjee33,EMP0033,PC-ENG-033,Logon,0
L002030,2026-01-02 11:48:12,farah.chatterjee33,EMP0033,PC-ENG-033,Logoff,0
L002031,2026-01-03 13:21:58,farah.chatterjee33,EMP0033,PC-ENG-033,Logon,0
L002032,2026-01-03 19:37:45,farah.chatterjee33,EMP0033,PC-ENG-033,Logoff,0
L002033,2026-01-05 08:18:39,farah.chatterjee33,EMP0033,PC-ENG-033,Logon,0
L002034,2026-01-05 16:17:36,farah.chatterjee33,EMP0033,PC-ENG-033,Logoff,0
L002035,2026-01-06 13:35:11,farah.chatterjee33,EMP0033,PC-ENG-033,Logon,0
L002036,2026-01-06 22:29:06,farah.chatterjee33,EMP0033,PC-ENG-033,Logoff,0
L002037,2026-01-07 10:02:05,farah.chatterjee33,EMP0033,PC-ENG-033,Logon,0
L002038,2026-01-07 18:20:24,farah.chatterjee33,EMP0033,PC-ENG-033,Logoff,0
L002039,2026-01-08 17:52:04,farah.chatterjee33,EMP0033,PC-ENG-033,Logon,0
L002040,2026-01-09 02:08:35,farah.chatterjee33,EMP0033,PC-ENG-033,Logoff,0
L002041,2026-01-09 06:30:08,farah.chatterjee33,EMP0033,PC-ENG-033,Logon,0
L002042,2026-01-09 12:52:05,farah.chatterjee33,EMP0033,PC-ENG-033,Logoff,0
L002043,2026-01-12 08:13:39,farah.chatterjee33,EMP0033,PC-ENG-033,Logon,0
L002044,2026-01-12 14:24:07,farah.chatterjee33,EMP0033,PC-ENG-033,Logoff,0
L002045,2026-01-13 21:33:05,farah.chatterjee33,EMP0033,PC-ENG-033,Logon,0
L002046,2026-01-14 05:00:08,farah.chatterjee33,EMP0033,PC-ENG-033,Logoff,0
L002047,2026-01-14 18:45:18,farah.chatterjee33,EMP0033,PC-ENG-033,Logon,0
L002048,2026-01-15 02:02:10,farah.chatterjee33,EMP0033,PC-ENG-033,Logoff,0
L002049,2026-01-15 09:36:39,farah.chatterjee33,EMP0033,PC-ENG-033,Logon,0
L002050,2026-01-15 16:40:20,farah.chatterjee33,EMP0033,PC-ENG-033,Logoff,0
L002051,2026-01-16 13:33:46,farah.chatterjee33,EMP0033,PC-ENG-033,Logon,0
L002052,2026-01-16 21:27:30,farah.chatterjee33,EMP0033,PC-ENG-033,Logoff,0
L002053,2026-01-19 14:12:00,farah.chatterjee33,EMP0033,PC-ENG-033,Logon,0
L002054,2026-01-19 20:33:16,farah.chatterjee33,EMP0033,PC-ENG-033,Logoff,0
L002055,2026-01-20 15:47:54,farah.chatterjee33,EMP0033,PC-ENG-033,Logon,0
L002056,2026-01-20 22:25:13,farah.chatterjee33,EMP0033,PC-ENG-033,Logoff,0
L002057,2026-01-21 11:02:21,farah.chatterjee33,EMP0033,PC-ENG-033,Logon,0
L002058,2026-01-21 18:05:17,farah.chatterjee33,EMP0033,PC-ENG-033,Logoff,0
L002059,2026-01-22 08:40:12,farah.chatterjee33,EMP0033,PC-ENG-033,Logon,0
L002060,2026-01-22 16:44:24,farah.chatterjee33,EMP0033,PC-ENG-033,Logoff,0
L002061,2026-01-23 06:19:32,farah.chatterjee33,EMP0033,PC-ENG-033,Logon,0
L002062,2026-01-23 13:58:31,farah.chatterjee33,EMP0033,PC-ENG-033,Logoff,0
L002063,2026-01-26 10:36:39,farah.chatterjee33,EMP0033,PC-ENG-033,Logon,0
L002064,2026-01-26 19:29:28,farah.chatterjee33,EMP0033,PC-ENG-033,Logoff,0
L002065,2026-01-27 08:53:21,farah.chatterjee33,EMP0033,PC-ENG-033,Logon,0
L002066,2026-01-27 17:39:21,farah.chatterjee33,EMP0033,PC-ENG-033,Logoff,0
L002067,2026-01-28 11:02:41,farah.chatterjee33,EMP0033,PC-ENG-033,Logon,0
L002068,2026-01-28 17:27:07,farah.chatterjee33,EMP0033,PC-ENG-033,Logoff,0
L002069,2026-01-29 11:55:34,farah.chatterjee33,EMP0033,PC-ENG-033,Logon,0
L002070,2026-01-29 20:36:50,farah.chatterjee33,EMP0033,PC-ENG-033,Logoff,0
L002071,2026-01-30 15:59:47,farah.chatterjee33,EMP0033,PC-ENG-033,Logon,0
L002072,2026-01-30 22:09:52,farah.chatterjee33,EMP0033,PC-ENG-033,Logoff,0
L002073,2026-02-02 12:01:13,farah.chatterjee33,EMP0033,PC-ENG-033,Logon,0
L002074,2026-02-02 19:45:08,farah.chatterjee33,EMP0033,PC-ENG-033,Logoff,0
L002075,2026-02-03 17:50:22,farah.chatterjee33,EMP0033,PC-ENG-033,Logon,0
L002076,2026-02-04 00:02:17,farah.chatterjee33,EMP0033,PC-ENG-033,Logoff,0
L002077,2026-02-04 16:21:24,farah.chatterjee33,EMP0033,PC-ENG-033,Logon,0
L002078,2026-02-05 00:14:10,farah.chatterjee33,EMP0033,PC-ENG-033,Logoff,0
L002079,2026-02-05 13:24:11,farah.chatterjee33,EMP0033,PC-ENG-033,Logon,0
L002080,2026-02-05 21:11:19,farah.chatterjee33,EMP0033,PC-ENG-033,Logoff,0
L002081,2026-02-06 15:45:54,farah.chatterjee33,EMP0033,PC-ENG-033,Logon,0
L002082,2026-02-06 22:42:30,farah.chatterjee33,EMP0033,PC-ENG-033,Logoff,0
L002083,2026-02-07 12:15:23,farah.chatterjee33,EMP0033,PC-ENG-033,Logon,0
L002084,2026-02-07 19:36:43,farah.chatterjee33,EMP0033,PC-ENG-033,Logoff,0
L002085,2026-02-09 09:07:23,farah.chatterjee33,EMP0033,PC-ENG-033,Logon,0
L002086,2026-02-09 17:28:40,farah.chatterjee33,EMP0033,PC-ENG-033,Logoff,0
L002087,2026-02-10 17:28:32,farah.chatterjee33,EMP0033,PC-ENG-033,Logon,0
L002088,2026-02-10 23:33:01,farah.chatterjee33,EMP0033,PC-ENG-033,Logoff,0
L002089,2026-02-11 12:12:21,farah.chatterjee33,EMP0033,PC-ENG-033,Logon,0
L002090,2026-02-11 20:58:36,farah.chatterjee33,EMP0033,PC-ENG-033,Logoff,0
L002091,2026-02-12 12:49:20,farah.chatterjee33,EMP0033,PC-ENG-033,Logon,0
L002092,2026-02-12 19:15:07,farah.chatterjee33,EMP0033,PC-ENG-033,Logoff,0
L002093,2026-02-13 15:33:43,farah.chatterjee33,EMP0033,PC-ENG-033,Logon,0
L002094,2026-02-14 00:32:24,farah.chatterjee33,EMP0033,PC-ENG-033,Logoff,0
L002095,2026-01-02 16:07:00,arjun.mehta34,EMP0034,PC-ENG-034,Logon,0
L002096,2026-01-02 23:02:58,arjun.mehta34,EMP0034,PC-ENG-034,Logoff,0
L002097,2026-01-03 16:21:29,arjun.mehta34,EMP0034,PC-ENG-034,Logon,0
L002098,2026-01-04 01:01:32,arjun.mehta34,EMP0034,PC-ENG-034,Logoff,0
L002099,2026-01-05 15:01:36,arjun.mehta34,EMP0034,PC-ENG-034,Logon,0
L002100,2026-01-05 23:18:07,arjun.mehta34,EMP0034,PC-ENG-034,Logoff,0
L002101,2026-01-06 08:12:12,arjun.mehta34,EMP0034,PC-ENG-034,Logon,0
L002102,2026-01-06 15:03:46,arjun.mehta34,EMP0034,PC-ENG-034,Logoff,0
L002103,2026-01-07 15:42:07,arjun.mehta34,EMP0034,PC-ENG-034,Logon,0
L002104,2026-01-07 22:31:11,arjun.mehta34,EMP0034,PC-ENG-034,Logoff,0
L002105,2026-01-08 07:39:35,arjun.mehta34,EMP0034,PC-ENG-034,Logon,0
L002106,2026-01-08 15:12:06,arjun.mehta34,EMP0034,PC-ENG-034,Logoff,0
L002107,2026-01-09 10:20:17,arjun.mehta34,EMP0034,PC-ENG-034,Logon,0
L002108,2026-01-09 16:45:45,arjun.mehta34,EMP0034,PC-ENG-034,Logoff,0
L002109,2026-01-12 06:39:57,arjun.mehta34,EMP0034,PC-ENG-034,Logon,0
L002110,2026-01-12 13:40:55,arjun.mehta34,EMP0034,PC-ENG-034,Logoff,0
L002111,2026-01-13 07:30:57,arjun.mehta34,EMP0034,PC-ENG-034,Logon,0
L002112,2026-01-13 15:32:32,arjun.mehta34,EMP0034,PC-ENG-034,Logoff,0
L002113,2026-01-14 05:27:25,arjun.mehta34,EMP0034,PC-ENG-034,Logon,0
L002114,2026-01-14 11:59:38,arjun.mehta34,EMP0034,PC-ENG-034,Logoff,0
L002115,2026-01-15 13:53:44,arjun.mehta34,EMP0034,PC-ENG-034,Logon,0
L002116,2026-01-15 21:59:37,arjun.mehta34,EMP0034,PC-ENG-034,Logoff,0
L002117,2026-01-16 09:52:12,arjun.mehta34,EMP0034,PC-ENG-034,Logon,0
L002118,2026-01-16 18:00:31,arjun.mehta34,EMP0034,PC-ENG-034,Logoff,0
L002119,2026-01-19 15:29:36,arjun.mehta34,EMP0034,PC-ENG-034,Logon,0
L002120,2026-01-19 21:53:19,arjun.mehta34,EMP0034,PC-ENG-034,Logoff,0
L002121,2026-01-20 17:29:06,arjun.mehta34,EMP0034,PC-ENG-034,Logon,0
L002122,2026-01-21 00:51:06,arjun.mehta34,EMP0034,PC-ENG-034,Logoff,0
L002123,2026-01-21 14:29:30,arjun.mehta34,EMP0034,PC-ENG-034,Logon,0
L002124,2026-01-21 21:11:12,arjun.mehta34,EMP0034,PC-ENG-034,Logoff,0
L002125,2026-01-22 16:39:16,arjun.mehta34,EMP0034,PC-ENG-034,Logon,0
L002126,2026-01-23 01:23:34,arjun.mehta34,EMP0034,PC-ENG-034,Logoff,0
L002127,2026-01-23 14:42:21,arjun.mehta34,EMP0034,PC-ENG-034,Logon,0
L002128,2026-01-23 23:04:19,arjun.mehta34,EMP0034,PC-ENG-034,Logoff,0
L002129,2026-01-27 10:29:54,arjun.mehta34,EMP0034,PC-ENG-034,Logon,0
L002130,2026-01-27 17:00:38,arjun.mehta34,EMP0034,PC-ENG-034,Logoff,0
L002131,2026-01-28 13:08:32,arjun.mehta34,EMP0034,PC-ENG-034,Logon,0
L002132,2026-01-28 19:27:03,arjun.mehta34,EMP0034,PC-ENG-034,Logoff,0
L002133,2026-01-29 15:20:35,arjun.mehta34,EMP0034,PC-ENG-034,Logon,0
L002134,2026-01-29 23:17:29,arjun.mehta34,EMP0034,PC-ENG-034,Logoff,0
L002135,2026-01-30 12:25:37,arjun.mehta34,EMP0034,PC-ENG-034,Logon,0
L002136,2026-01-30 19:40:02,arjun.mehta34,EMP0034,PC-ENG-034,Logoff,0
L002137,2026-02-02 10:21:13,arjun.mehta34,EMP0034,PC-ENG-034,Logon,0
L002138,2026-02-02 18:47:43,arjun.mehta34,EMP0034,PC-ENG-034,Logoff,0
L002139,2026-02-03 15:27:36,arjun.mehta34,EMP0034,PC-ENG-034,Logon,0
L002140,2026-02-03 23:49:19,arjun.mehta34,EMP0034,PC-ENG-034,Logoff,0
L002141,2026-02-04 09:42:42,arjun.mehta34,EMP0034,PC-ENG-034,Logon,0
L002142,2026-02-04 15:56:43,arjun.mehta34,EMP0034,PC-ENG-034,Logoff,0
L002143,2026-02-05 13:31:07,arjun.mehta34,EMP0034,PC-ENG-034,Logon,0
L002144,2026-02-05 21:17:42,arjun.mehta34,EMP0034,PC-ENG-034,Logoff,0
L002145,2026-02-06 12:52:28,arjun.mehta34,EMP0034,PC-ENG-034,Logon,0
L002146,2026-02-06 19:24:10,arjun.mehta34,EMP0034,PC-ENG-034,Logoff,0
L002147,2026-02-09 15:49:52,arjun.mehta34,EMP0034,PC-ENG-034,Logon,0
L002148,2026-02-09 22:58:04,arjun.mehta34,EMP0034,PC-ENG-034,Logoff,0
L002149,2026-02-10 14:05:13,arjun.mehta34,EMP0034,PC-ENG-034,Logon,0
L002150,2026-02-10 22:32:16,arjun.mehta34,EMP0034,PC-ENG-034,Logoff,0
L002151,2026-02-11 17:40:51,arjun.mehta34,EMP0034,PC-ENG-034,Logon,0
L002152,2026-02-11 23:40:52,arjun.mehta34,EMP0034,PC-ENG-034,Logoff,0
L002153,2026-02-12 08:34:18,arjun.mehta34,EMP0034,PC-ENG-034,Logon,0
L002154,2026-02-12 15:44:29,arjun.mehta34,EMP0034,PC-ENG-034,Logoff,0
L002155,2026-02-13 08:43:56,arjun.mehta34,EMP0034,PC-ENG-034,Logon,0
L002156,2026-02-13 15:40:55,arjun.mehta34,EMP0034,PC-ENG-034,Logoff,0
L002157,2026-01-01 09:59:27,yusuf.das35,EMP0035,PC-IT -035,Logon,0
L002158,2026-01-01 18:08:39,yusuf.das35,EMP0035,PC-IT -035,Logoff,0
L002159,2026-01-02 22:37:00,yusuf.das35,EMP0035,PC-IT -035,Logon,0
L002160,2026-01-03 06:27:04,yusuf.das35,EMP0035,PC-IT -035,Logoff,0
L002161,2026-01-05 06:57:35,yusuf.das35,EMP0035,PC-IT -035,Logon,0
L002162,2026-01-05 15:51:48,yusuf.das35,EMP0035,PC-IT -035,Logoff,0
L002163,2026-01-07 21:07:55,yusuf.das35,EMP0035,PC-IT -035,Logon,0
L002164,2026-01-08 03:58:42,yusuf.das35,EMP0035,PC-IT -035,Logoff,0
L002165,2026-01-09 13:40:20,yusuf.das35,EMP0035,PC-IT -035,Logon,0
L002166,2026-01-09 21:48:27,yusuf.das35,EMP0035,PC-IT -035,Logoff,0
L002167,2026-01-12 08:08:12,yusuf.das35,EMP0035,PC-IT -035,Logon,0
L002168,2026-01-12 15:48:10,yusuf.das35,EMP0035,PC-IT -035,Logoff,0
L002169,2026-01-13 10:26:09,yusuf.das35,EMP0035,PC-IT -035,Logon,0
L002170,2026-01-13 17:18:04,yusuf.das35,EMP0035,PC-IT -035,Logoff,0
L002171,2026-01-14 07:00:04,yusuf.das35,EMP0035,PC-IT -035,Logon,0
L002172,2026-01-14 14:56:46,yusuf.das35,EMP0035,PC-IT -035,Logoff,0
L002173,2026-01-15 16:42:27,yusuf.das35,EMP0035,PC-IT -035,Logon,0
L002174,2026-01-16 01:37:56,yusuf.das35,EMP0035,PC-IT -035,Logoff,0
L002175,2026-01-16 08:51:26,yusuf.das35,EMP0035,PC-IT -035,Logon,0
L002176,2026-01-16 17:26:15,yusuf.das35,EMP0035,PC-IT -035,Logoff,0
L002177,2026-01-19 13:29:32,yusuf.das35,EMP0035,PC-IT -035,Logon,0
L002178,2026-01-19 20:45:52,yusuf.das35,EMP0035,PC-IT -035,Logoff,0
L002179,2026-01-20 10:14:11,yusuf.das35,EMP0035,PC-IT -035,Logon,0
L002180,2026-01-20 17:30:38,yusuf.das35,EMP0035,PC-IT -035,Logoff,0
L002181,2026-01-22 14:45:32,yusuf.das35,EMP0035,PC-IT -035,Logon,0
L002182,2026-01-22 21:33:59,yusuf.das35,EMP0035,PC-IT -035,Logoff,0
L002183,2026-01-23 13:02:02,yusuf.das35,EMP0035,PC-IT -035,Logon,0
L002184,2026-01-23 20:44:18,yusuf.das35,EMP0035,PC-IT -035,Logoff,0
L002185,2026-01-26 14:09:46,yusuf.das35,EMP0035,PC-IT -035,Logon,0
L002186,2026-01-26 22:21:23,yusuf.das35,EMP0035,PC-IT -035,Logoff,0
L002187,2026-01-27 22:49:17,yusuf.das35,EMP0035,PC-IT -035,Logon,0
L002188,2026-01-28 06:12:58,yusuf.das35,EMP0035,PC-IT -035,Logoff,0
L002189,2026-01-28 17:05:15,yusuf.das35,EMP0035,PC-IT -035,Logon,0
L002190,2026-01-29 00:30:17,yusuf.das35,EMP0035,PC-IT -035,Logoff,0
L002191,2026-01-29 19:04:43,yusuf.das35,EMP0035,PC-IT -035,Logon,0
L002192,2026-01-30 02:58:46,yusuf.das35,EMP0035,PC-IT -035,Logoff,0
L002193,2026-01-30 09:03:57,yusuf.das35,EMP0035,PC-IT -035,Logon,0
L002194,2026-01-30 16:05:47,yusuf.das35,EMP0035,PC-IT -035,Logoff,0
L002195,2026-02-02 11:46:21,yusuf.das35,EMP0035,PC-IT -035,Logon,0
L002196,2026-02-02 19:02:07,yusuf.das35,EMP0035,PC-IT -035,Logoff,0
L002197,2026-02-03 15:18:10,yusuf.das35,EMP0035,PC-IT -035,Logon,0
L002198,2026-02-03 21:24:31,yusuf.das35,EMP0035,PC-IT -035,Logoff,0
L002199,2026-02-04 15:46:50,yusuf.das35,EMP0035,PC-IT -035,Logon,0
L002200,2026-02-04 23:28:18,yusuf.das35,EMP0035,PC-IT -035,Logoff,0
L002201,2026-02-05 11:10:36,yusuf.das35,EMP0035,PC-IT -035,Logon,0
L002202,2026-02-05 17:19:53,yusuf.das35,EMP0035,PC-IT -035,Logoff,0
L002203,2026-02-06 15:39:01,yusuf.das35,EMP0035,PC-IT -035,Logon,0
L002204,2026-02-06 22:30:38,yusuf.das35,EMP0035,PC-IT -035,Logoff,0
L002205,2026-02-09 09:08:39,yusuf.das35,EMP0035,PC-IT -035,Logon,0
L002206,2026-02-09 15:59:13,yusuf.das35,EMP0035,PC-IT -035,Logoff,0
L002207,2026-02-10 01:07:38,yusuf.das35,EMP0035,PC-IT -035,Logon,0
L002208,2026-02-10 07:39:03,yusuf.das35,EMP0035,PC-IT -035,Logoff,0
L002209,2026-02-11 08:28:23,yusuf.das35,EMP0035,PC-IT -035,Logon,0
L002210,2026-02-11 16:53:47,yusuf.das35,EMP0035,PC-IT -035,Logoff,0
L002211,2026-02-12 14:31:11,yusuf.das35,EMP0035,PC-IT -035,Logon,0
L002212,2026-02-12 22:55:04,yusuf.das35,EMP0035,PC-IT -035,Logoff,0
L002213,2026-02-13 10:05:09,yusuf.das35,EMP0035,PC-IT -035,Logon,0
L002214,2026-02-13 17:52:20,yusuf.das35,EMP0035,PC-IT -035,Logoff,0
L002215,2026-01-01 15:26:49,varun.iyer36,EMP0036,PC-R&D-036,Logon,0
L002216,2026-01-01 22:35:47,varun.iyer36,EMP0036,PC-R&D-036,Logoff,0
L002217,2026-01-02 14:10:13,varun.iyer36,EMP0036,PC-R&D-036,Logon,0
L002218,2026-01-02 21:54:12,varun.iyer36,EMP0036,PC-R&D-036,Logoff,0
L002219,2026-01-05 15:03:10,varun.iyer36,EMP0036,PC-R&D-036,Logon,0
L002220,2026-01-05 22:26:41,varun.iyer36,EMP0036,PC-R&D-036,Logoff,0
L002221,2026-01-06 11:48:59,varun.iyer36,EMP0036,PC-R&D-036,Logon,0
L002222,2026-01-06 19:24:50,varun.iyer36,EMP0036,PC-R&D-036,Logoff,0
L002223,2026-01-07 14:30:16,varun.iyer36,EMP0036,PC-R&D-036,Logon,0
L002224,2026-01-07 20:56:23,varun.iyer36,EMP0036,PC-R&D-036,Logoff,0
L002225,2026-01-08 01:59:51,varun.iyer36,EMP0036,PC-R&D-036,Logon,0
L002226,2026-01-08 09:20:38,varun.iyer36,EMP0036,PC-R&D-036,Logoff,0
L002227,2026-01-09 19:43:02,varun.iyer36,EMP0036,PC-R&D-036,Logon,0
L002228,2026-01-10 02:00:33,varun.iyer36,EMP0036,PC-R&D-036,Logoff,0
L002229,2026-01-12 13:41:54,varun.iyer36,EMP0036,PC-R&D-036,Logon,0
L002230,2026-01-12 20:30:57,varun.iyer36,EMP0036,PC-R&D-036,Logoff,0
L002231,2026-01-13 15:16:41,varun.iyer36,EMP0036,PC-R&D-036,Logon,0
L002232,2026-01-13 23:01:50,varun.iyer36,EMP0036,PC-R&D-036,Logoff,0
L002233,2026-01-14 14:15:46,varun.iyer36,EMP0036,PC-R&D-036,Logon,0
L002234,2026-01-14 22:16:42,varun.iyer36,EMP0036,PC-R&D-036,Logoff,0
L002235,2026-01-15 12:43:44,varun.iyer36,EMP0036,PC-R&D-036,Logon,0
L002236,2026-01-15 21:42:30,varun.iyer36,EMP0036,PC-R&D-036,Logoff,0
L002237,2026-01-16 01:00:53,varun.iyer36,EMP0036,PC-R&D-036,Logon,0
L002238,2026-01-16 07:13:06,varun.iyer36,EMP0036,PC-R&D-036,Logoff,0
L002239,2026-01-19 10:46:18,varun.iyer36,EMP0036,PC-R&D-036,Logon,0
L002240,2026-01-19 17:31:38,varun.iyer36,EMP0036,PC-R&D-036,Logoff,0
L002241,2026-01-21 06:38:42,varun.iyer36,EMP0036,PC-R&D-036,Logon,0
L002242,2026-01-21 15:19:36,varun.iyer36,EMP0036,PC-R&D-036,Logoff,0
L002243,2026-01-22 13:07:45,varun.iyer36,EMP0036,PC-R&D-036,Logon,0
L002244,2026-01-22 22:00:09,varun.iyer36,EMP0036,PC-R&D-036,Logoff,0
L002245,2026-01-23 13:24:42,varun.iyer36,EMP0036,PC-R&D-036,Logon,0
L002246,2026-01-23 21:42:11,varun.iyer36,EMP0036,PC-R&D-036,Logoff,0
L002247,2026-01-26 07:11:16,varun.iyer36,EMP0036,PC-R&D-036,Logon,0
L002248,2026-01-26 14:04:17,varun.iyer36,EMP0036,PC-R&D-036,Logoff,0
L002249,2026-01-27 07:29:59,varun.iyer36,EMP0036,PC-R&D-036,Logon,0
L002250,2026-01-27 16:29:07,varun.iyer36,EMP0036,PC-R&D-036,Logoff,0
L002251,2026-01-28 14:42:49,varun.iyer36,EMP0036,PC-R&D-036,Logon,0
L002252,2026-01-28 23:01:26,varun.iyer36,EMP0036,PC-R&D-036,Logoff,0
L002253,2026-01-29 15:17:49,varun.iyer36,EMP0036,PC-R&D-036,Logon,0
L002254,2026-01-29 21:29:02,varun.iyer36,EMP0036,PC-R&D-036,Logoff,0
L002255,2026-01-30 23:16:52,varun.iyer36,EMP0036,PC-R&D-036,Logon,0
L002256,2026-01-31 06:04:30,varun.iyer36,EMP0036,PC-R&D-036,Logoff,0
L002257,2026-02-02 13:11:41,varun.iyer36,EMP0036,PC-R&D-036,Logon,0
L002258,2026-02-02 20:40:15,varun.iyer36,EMP0036,PC-R&D-036,Logoff,0
L002259,2026-02-03 15:13:39,varun.iyer36,EMP0036,PC-R&D-036,Logon,0
L002260,2026-02-03 23:09:27,varun.iyer36,EMP0036,PC-R&D-036,Logoff,0
L002261,2026-02-04 14:06:02,varun.iyer36,EMP0036,PC-R&D-036,Logon,0
L002262,2026-02-04 20:19:09,varun.iyer36,EMP0036,PC-R&D-036,Logoff,0
L002263,2026-02-05 09:28:01,varun.iyer36,EMP0036,PC-R&D-036,Logon,0
L002264,2026-02-05 18:09:23,varun.iyer36,EMP0036,PC-R&D-036,Logoff,0
L002265,2026-02-06 13:59:02,varun.iyer36,EMP0036,PC-R&D-036,Logon,0
L002266,2026-02-06 21:58:39,varun.iyer36,EMP0036,PC-R&D-036,Logoff,0
L002267,2026-02-09 13:32:45,varun.iyer36,EMP0036,PC-R&D-036,Logon,0
L002268,2026-02-09 22:21:56,varun.iyer36,EMP0036,PC-R&D-036,Logoff,0
L002269,2026-02-10 11:54:46,varun.iyer36,EMP0036,PC-R&D-036,Logon,0
L002270,2026-02-10 20:15:20,varun.iyer36,EMP0036,PC-R&D-036,Logoff,0
L002271,2026-02-11 12:00:24,varun.iyer36,EMP0036,PC-R&D-036,Logon,0
L002272,2026-02-11 20:52:08,varun.iyer36,EMP0036,PC-R&D-036,Logoff,0
L002273,2026-02-12 11:36:34,varun.iyer36,EMP0036,PC-R&D-036,Logon,0
L002274,2026-02-12 20:24:52,varun.iyer36,EMP0036,PC-R&D-036,Logoff,0
L002275,2026-02-13 14:25:03,varun.iyer36,EMP0036,PC-R&D-036,Logon,0
L002276,2026-02-13 22:18:51,varun.iyer36,EMP0036,PC-R&D-036,Logoff,0
L002277,2026-01-01 12:21:05,farah.pillai37,EMP0037,PC-IT -037,Logon,0
L002278,2026-01-01 20:52:29,farah.pillai37,EMP0037,PC-IT -037,Logoff,0
L002279,2026-01-02 09:12:11,farah.pillai37,EMP0037,PC-IT -037,Logon,0
L002280,2026-01-02 16:51:59,farah.pillai37,EMP0037,PC-IT -037,Logoff,0
L002281,2026-01-05 10:06:40,farah.pillai37,EMP0037,PC-IT -037,Logon,0
L002282,2026-01-05 18:10:39,farah.pillai37,EMP0037,PC-IT -037,Logoff,0
L002283,2026-01-06 16:28:47,farah.pillai37,EMP0037,PC-IT -037,Logon,0
L002284,2026-01-06 23:02:53,farah.pillai37,EMP0037,PC-IT -037,Logoff,0
L002285,2026-01-09 09:24:04,farah.pillai37,EMP0037,PC-IT -037,Logon,0
L002286,2026-01-09 17:46:45,farah.pillai37,EMP0037,PC-IT -037,Logoff,0
L002287,2026-01-12 15:01:02,farah.pillai37,EMP0037,PC-IT -037,Logon,0
L002288,2026-01-12 22:02:06,farah.pillai37,EMP0037,PC-IT -037,Logoff,0
L002289,2026-01-13 14:25:07,farah.pillai37,EMP0037,PC-IT -037,Logon,0
L002290,2026-01-13 21:03:13,farah.pillai37,EMP0037,PC-IT -037,Logoff,0
L002291,2026-01-14 12:43:55,farah.pillai37,EMP0037,PC-IT -037,Logon,0
L002292,2026-01-14 21:21:16,farah.pillai37,EMP0037,PC-IT -037,Logoff,0
L002293,2026-01-15 13:59:04,farah.pillai37,EMP0037,PC-IT -037,Logon,0
L002294,2026-01-15 20:05:42,farah.pillai37,EMP0037,PC-IT -037,Logoff,0
L002295,2026-01-16 14:30:58,farah.pillai37,EMP0037,PC-IT -037,Logon,0
L002296,2026-01-16 23:16:12,farah.pillai37,EMP0037,PC-IT -037,Logoff,0
L002297,2026-01-17 07:11:40,farah.pillai37,EMP0037,PC-IT -037,Logon,0
L002298,2026-01-17 13:20:39,farah.pillai37,EMP0037,PC-IT -037,Logoff,0
L002299,2026-01-19 11:10:53,farah.pillai37,EMP0037,PC-IT -037,Logon,0
L002300,2026-01-19 18:57:16,farah.pillai37,EMP0037,PC-IT -037,Logoff,0
L002301,2026-01-20 07:31:38,farah.pillai37,EMP0037,PC-IT -037,Logon,0
L002302,2026-01-20 15:55:29,farah.pillai37,EMP0037,PC-IT -037,Logoff,0
L002303,2026-01-21 15:27:21,farah.pillai37,EMP0037,PC-IT -037,Logon,0
L002304,2026-01-21 23:53:25,farah.pillai37,EMP0037,PC-IT -037,Logoff,0
L002305,2026-01-22 14:20:07,farah.pillai37,EMP0037,PC-IT -037,Logon,0
L002306,2026-01-22 23:15:46,farah.pillai37,EMP0037,PC-IT -037,Logoff,0
L002307,2026-01-23 08:53:50,farah.pillai37,EMP0037,PC-IT -037,Logon,0
L002308,2026-01-23 15:32:12,farah.pillai37,EMP0037,PC-IT -037,Logoff,0
L002309,2026-01-24 06:17:09,farah.pillai37,EMP0037,PC-IT -037,Logon,0
L002310,2026-01-24 14:33:30,farah.pillai37,EMP0037,PC-IT -037,Logoff,0
L002311,2026-01-26 08:15:59,farah.pillai37,EMP0037,PC-IT -037,Logon,0
L002312,2026-01-26 16:00:44,farah.pillai37,EMP0037,PC-IT -037,Logoff,0
L002313,2026-01-27 15:40:39,farah.pillai37,EMP0037,PC-IT -037,Logon,0
L002314,2026-01-27 22:48:21,farah.pillai37,EMP0037,PC-IT -037,Logoff,0
L002315,2026-01-28 16:05:00,farah.pillai37,EMP0037,PC-IT -037,Logon,0
L002316,2026-01-28 22:06:18,farah.pillai37,EMP0037,PC-IT -037,Logoff,0
L002317,2026-01-29 14:37:56,farah.pillai37,EMP0037,PC-IT -037,Logon,0
L002318,2026-01-29 21:29:00,farah.pillai37,EMP0037,PC-IT -037,Logoff,0
L002319,2026-01-30 15:30:44,farah.pillai37,EMP0037,PC-IT -037,Logon,0
L002320,2026-01-30 21:53:34,farah.pillai37,EMP0037,PC-IT -037,Logoff,0
L002321,2026-02-02 09:11:39,farah.pillai37,EMP0037,PC-IT -037,Logon,0
L002322,2026-02-02 17:16:09,farah.pillai37,EMP0037,PC-IT -037,Logoff,0
L002323,2026-02-03 14:39:05,farah.pillai37,EMP0037,PC-IT -037,Logon,0
L002324,2026-02-03 22:31:58,farah.pillai37,EMP0037,PC-IT -037,Logoff,0
L002325,2026-02-04 10:00:35,farah.pillai37,EMP0037,PC-IT -037,Logon,0
L002326,2026-02-04 16:42:59,farah.pillai37,EMP0037,PC-IT -037,Logoff,0
L002327,2026-02-05 12:06:39,farah.pillai37,EMP0037,PC-IT -037,Logon,0
L002328,2026-02-05 19:11:47,farah.pillai37,EMP0037,PC-IT -037,Logoff,0
L002329,2026-02-06 12:14:29,farah.pillai37,EMP0037,PC-IT -037,Logon,0
L002330,2026-02-06 20:33:08,farah.pillai37,EMP0037,PC-IT -037,Logoff,0
L002331,2026-02-09 15:43:54,farah.pillai37,EMP0037,PC-IT -037,Logon,0
L002332,2026-02-10 00:38:14,farah.pillai37,EMP0037,PC-IT -037,Logoff,0
L002333,2026-02-10 08:42:59,farah.pillai37,EMP0037,PC-IT -037,Logon,0
L002334,2026-02-10 14:50:44,farah.pillai37,EMP0037,PC-IT -037,Logoff,0
L002335,2026-02-11 09:27:16,farah.pillai37,EMP0037,PC-IT -037,Logon,0
L002336,2026-02-11 16:27:26,farah.pillai37,EMP0037,PC-IT -037,Logoff,0
L002337,2026-02-12 15:02:06,farah.pillai37,EMP0037,PC-IT -037,Logon,0
L002338,2026-02-12 23:15:22,farah.pillai37,EMP0037,PC-IT -037,Logoff,0
L002339,2026-02-13 08:50:01,farah.pillai37,EMP0037,PC-IT -037,Logon,0
L002340,2026-02-13 16:17:19,farah.pillai37,EMP0037,PC-IT -037,Logoff,0
L002341,2026-01-01 14:37:37,rahul.gupta38,EMP0038,PC-IT -038,Logon,0
L002342,2026-01-01 21:36:17,rahul.gupta38,EMP0038,PC-IT -038,Logoff,0
L002343,2026-01-02 14:20:14,rahul.gupta38,EMP0038,PC-IT -038,Logon,0
L002344,2026-01-02 22:40:26,rahul.gupta38,EMP0038,PC-IT -038,Logoff,0
L002345,2026-01-05 16:24:57,rahul.gupta38,EMP0038,PC-IT -038,Logon,0
L002346,2026-01-05 23:04:40,rahul.gupta38,EMP0038,PC-IT -038,Logoff,0
L002347,2026-01-06 11:56:27,rahul.gupta38,EMP0038,PC-IT -038,Logon,0
L002348,2026-01-06 18:22:32,rahul.gupta38,EMP0038,PC-IT -038,Logoff,0
L002349,2026-01-07 11:24:23,rahul.gupta38,EMP0038,PC-IT -038,Logon,0
L002350,2026-01-07 17:48:56,rahul.gupta38,EMP0038,PC-IT -038,Logoff,0
L002351,2026-01-08 13:17:12,rahul.gupta38,EMP0038,PC-IT -038,Logon,0
L002352,2026-01-08 20:17:39,rahul.gupta38,EMP0038,PC-IT -038,Logoff,0
L002353,2026-01-12 11:26:10,rahul.gupta38,EMP0038,PC-IT -038,Logon,0
L002354,2026-01-12 19:43:01,rahul.gupta38,EMP0038,PC-IT -038,Logoff,0
L002355,2026-01-13 09:10:50,rahul.gupta38,EMP0038,PC-IT -038,Logon,0
L002356,2026-01-13 17:33:51,rahul.gupta38,EMP0038,PC-IT -038,Logoff,0
L002357,2026-01-14 17:36:35,rahul.gupta38,EMP0038,PC-IT -038,Logon,0
L002358,2026-01-15 02:10:29,rahul.gupta38,EMP0038,PC-IT -038,Logoff,0
L002359,2026-01-15 16:31:55,rahul.gupta38,EMP0038,PC-IT -038,Logon,0
L002360,2026-01-16 01:31:08,rahul.gupta38,EMP0038,PC-IT -038,Logoff,0
L002361,2026-01-16 16:17:00,rahul.gupta38,EMP0038,PC-IT -038,Logon,0
L002362,2026-01-17 00:28:24,rahul.gupta38,EMP0038,PC-IT -038,Logoff,0
L002363,2026-01-19 13:57:59,rahul.gupta38,EMP0038,PC-IT -038,Logon,0
L002364,2026-01-19 21:44:30,rahul.gupta38,EMP0038,PC-IT -038,Logoff,0
L002365,2026-01-20 13:00:26,rahul.gupta38,EMP0038,PC-IT -038,Logon,0
L002366,2026-01-20 21:56:51,rahul.gupta38,EMP0038,PC-IT -038,Logoff,0
L002367,2026-01-22 15:02:27,rahul.gupta38,EMP0038,PC-IT -038,Logon,0
L002368,2026-01-22 22:38:03,rahul.gupta38,EMP0038,PC-IT -038,Logoff,0
L002369,2026-01-23 15:52:06,rahul.gupta38,EMP0038,PC-IT -038,Logon,0
L002370,2026-01-23 23:13:32,rahul.gupta38,EMP0038,PC-IT -038,Logoff,0
L002371,2026-01-27 19:08:22,rahul.gupta38,EMP0038,PC-IT -038,Logon,0
L002372,2026-01-28 02:01:36,rahul.gupta38,EMP0038,PC-IT -038,Logoff,0
L002373,2026-01-28 07:30:42,rahul.gupta38,EMP0038,PC-IT -038,Logon,0
L002374,2026-01-28 14:25:34,rahul.gupta38,EMP0038,PC-IT -038,Logoff,0
L002375,2026-01-29 16:47:37,rahul.gupta38,EMP0038,PC-IT -038,Logon,0
L002376,2026-01-29 22:52:00,rahul.gupta38,EMP0038,PC-IT -038,Logoff,0
L002377,2026-01-30 15:55:45,rahul.gupta38,EMP0038,PC-IT -038,Logon,0
L002378,2026-01-30 23:08:42,rahul.gupta38,EMP0038,PC-IT -038,Logoff,0
L002379,2026-02-02 13:55:40,rahul.gupta38,EMP0038,PC-IT -038,Logon,0
L002380,2026-02-02 20:08:23,rahul.gupta38,EMP0038,PC-IT -038,Logoff,0
L002381,2026-02-03 10:02:18,rahul.gupta38,EMP0038,PC-IT -038,Logon,0
L002382,2026-02-03 17:18:57,rahul.gupta38,EMP0038,PC-IT -038,Logoff,0
L002383,2026-02-04 19:34:36,rahul.gupta38,EMP0038,PC-IT -038,Logon,0
L002384,2026-02-05 03:57:36,rahul.gupta38,EMP0038,PC-IT -038,Logoff,0
L002385,2026-02-05 07:56:21,rahul.gupta38,EMP0038,PC-IT -038,Logon,0
L002386,2026-02-05 16:08:47,rahul.gupta38,EMP0038,PC-IT -038,Logoff,0
L002387,2026-02-06 19:43:23,rahul.gupta38,EMP0038,PC-IT -038,Logon,0
L002388,2026-02-07 04:23:13,rahul.gupta38,EMP0038,PC-IT -038,Logoff,0
L002389,2026-02-09 10:11:41,rahul.gupta38,EMP0038,PC-IT -038,Logon,0
L002390,2026-02-09 17:52:15,rahul.gupta38,EMP0038,PC-IT -038,Logoff,0
L002391,2026-02-10 14:13:08,rahul.gupta38,EMP0038,PC-IT -038,Logon,0
L002392,2026-02-10 23:09:45,rahul.gupta38,EMP0038,PC-IT -038,Logoff,0
L002393,2026-02-11 07:30:47,rahul.gupta38,EMP0038,PC-IT -038,Logon,0
L002394,2026-02-11 16:19:49,rahul.gupta38,EMP0038,PC-IT -038,Logoff,0
L002395,2026-02-12 19:13:48,rahul.gupta38,EMP0038,PC-IT -038,Logon,0
L002396,2026-02-13 03:27:54,rahul.gupta38,EMP0038,PC-IT -038,Logoff,0
L002397,2026-02-13 10:17:32,rahul.gupta38,EMP0038,PC-IT -038,Logon,0
L002398,2026-02-13 18:19:58,rahul.gupta38,EMP0038,PC-IT -038,Logoff,0
L002399,2026-01-01 10:31:32,divya.kapoor39,EMP0039,PC-ENG-039,Logon,0
L002400,2026-01-01 18:06:20,divya.kapoor39,EMP0039,PC-ENG-039,Logoff,0
L002401,2026-01-02 14:43:52,divya.kapoor39,EMP0039,PC-ENG-039,Logon,0
L002402,2026-01-02 22:19:46,divya.kapoor39,EMP0039,PC-ENG-039,Logoff,0
L002403,2026-01-05 19:51:56,divya.kapoor39,EMP0039,PC-ENG-039,Logon,0
L002404,2026-01-06 02:03:44,divya.kapoor39,EMP0039,PC-ENG-039,Logoff,0
L002405,2026-01-06 11:05:25,divya.kapoor39,EMP0039,PC-ENG-039,Logon,0
L002406,2026-01-06 19:47:02,divya.kapoor39,EMP0039,PC-ENG-039,Logoff,0
L002407,2026-01-07 19:06:10,divya.kapoor39,EMP0039,PC-ENG-039,Logon,0
L002408,2026-01-08 01:55:50,divya.kapoor39,EMP0039,PC-ENG-039,Logoff,0
L002409,2026-01-08 12:55:13,divya.kapoor39,EMP0039,PC-ENG-039,Logon,0
L002410,2026-01-08 20:28:56,divya.kapoor39,EMP0039,PC-ENG-039,Logoff,0
L002411,2026-01-09 09:43:34,divya.kapoor39,EMP0039,PC-ENG-039,Logon,0
L002412,2026-01-09 18:31:16,divya.kapoor39,EMP0039,PC-ENG-039,Logoff,0
L002413,2026-01-12 02:12:04,divya.kapoor39,EMP0039,PC-ENG-039,Logon,0
L002414,2026-01-12 08:16:01,divya.kapoor39,EMP0039,PC-ENG-039,Logoff,0
L002415,2026-01-13 16:33:41,divya.kapoor39,EMP0039,PC-ENG-039,Logon,0
L002416,2026-01-13 23:34:08,divya.kapoor39,EMP0039,PC-ENG-039,Logoff,0
L002417,2026-01-14 14:50:20,divya.kapoor39,EMP0039,PC-ENG-039,Logon,0
L002418,2026-01-14 22:17:50,divya.kapoor39,EMP0039,PC-ENG-039,Logoff,0
L002419,2026-01-15 12:35:28,divya.kapoor39,EMP0039,PC-ENG-039,Logon,0
L002420,2026-01-15 19:57:54,divya.kapoor39,EMP0039,PC-ENG-039,Logoff,0
L002421,2026-01-16 17:19:10,divya.kapoor39,EMP0039,PC-ENG-039,Logon,0
L002422,2026-01-17 01:41:14,divya.kapoor39,EMP0039,PC-ENG-039,Logoff,0
L002423,2026-01-19 16:09:22,divya.kapoor39,EMP0039,PC-ENG-039,Logon,0
L002424,2026-01-19 23:00:33,divya.kapoor39,EMP0039,PC-ENG-039,Logoff,0
L002425,2026-01-20 13:10:45,divya.kapoor39,EMP0039,PC-ENG-039,Logon,0
L002426,2026-01-20 20:47:06,divya.kapoor39,EMP0039,PC-ENG-039,Logoff,0
L002427,2026-01-21 08:45:44,divya.kapoor39,EMP0039,PC-ENG-039,Logon,0
L002428,2026-01-21 17:28:34,divya.kapoor39,EMP0039,PC-ENG-039,Logoff,0
L002429,2026-01-22 08:07:02,divya.kapoor39,EMP0039,PC-ENG-039,Logon,0
L002430,2026-01-22 17:05:54,divya.kapoor39,EMP0039,PC-ENG-039,Logoff,0
L002431,2026-01-23 11:23:11,divya.kapoor39,EMP0039,PC-ENG-039,Logon,0
L002432,2026-01-23 18:00:06,divya.kapoor39,EMP0039,PC-ENG-039,Logoff,0
L002433,2026-01-26 08:28:34,divya.kapoor39,EMP0039,PC-ENG-039,Logon,0
L002434,2026-01-26 17:24:09,divya.kapoor39,EMP0039,PC-ENG-039,Logoff,0
L002435,2026-01-27 07:01:25,divya.kapoor39,EMP0039,PC-ENG-039,Logon,0
L002436,2026-01-27 15:49:00,divya.kapoor39,EMP0039,PC-ENG-039,Logoff,0
L002437,2026-01-28 19:59:20,divya.kapoor39,EMP0039,PC-ENG-039,Logon,0
L002438,2026-01-29 02:27:25,divya.kapoor39,EMP0039,PC-ENG-039,Logoff,0
L002439,2026-01-29 12:32:21,divya.kapoor39,EMP0039,PC-ENG-039,Logon,0
L002440,2026-01-29 20:28:51,divya.kapoor39,EMP0039,PC-ENG-039,Logoff,0
L002441,2026-01-30 17:48:36,divya.kapoor39,EMP0039,PC-ENG-039,Logon,0
L002442,2026-01-31 01:48:38,divya.kapoor39,EMP0039,PC-ENG-039,Logoff,0
L002443,2026-02-02 10:07:46,divya.kapoor39,EMP0039,PC-ENG-039,Logon,0
L002444,2026-02-02 17:33:58,divya.kapoor39,EMP0039,PC-ENG-039,Logoff,0
L002445,2026-02-04 07:01:25,divya.kapoor39,EMP0039,PC-ENG-039,Logon,0
L002446,2026-02-04 14:52:34,divya.kapoor39,EMP0039,PC-ENG-039,Logoff,0
L002447,2026-02-05 10:20:03,divya.kapoor39,EMP0039,PC-ENG-039,Logon,0
L002448,2026-02-05 18:09:31,divya.kapoor39,EMP0039,PC-ENG-039,Logoff,0
L002449,2026-02-06 12:50:59,divya.kapoor39,EMP0039,PC-ENG-039,Logon,0
L002450,2026-02-06 21:09:03,divya.kapoor39,EMP0039,PC-ENG-039,Logoff,0
L002451,2026-02-09 14:05:32,divya.kapoor39,EMP0039,PC-ENG-039,Logon,0
L002452,2026-02-09 21:16:31,divya.kapoor39,EMP0039,PC-ENG-039,Logoff,0
L002453,2026-02-10 13:32:03,divya.kapoor39,EMP0039,PC-ENG-039,Logon,0
L002454,2026-02-10 22:15:34,divya.kapoor39,EMP0039,PC-ENG-039,Logoff,0
L002455,2026-02-11 08:54:27,divya.kapoor39,EMP0039,PC-ENG-039,Logon,0
L002456,2026-02-11 16:00:59,divya.kapoor39,EMP0039,PC-ENG-039,Logoff,0
L002457,2026-02-12 09:22:19,divya.kapoor39,EMP0039,PC-ENG-039,Logon,0
L002458,2026-02-12 18:18:16,divya.kapoor39,EMP0039,PC-ENG-039,Logoff,0
L002459,2026-02-13 07:46:56,divya.kapoor39,EMP0039,PC-ENG-039,Logon,0
L002460,2026-02-13 15:06:53,divya.kapoor39,EMP0039,PC-ENG-039,Logoff,0
L002461,2026-01-01 09:51:46,rahul.khan40,EMP0040,PC-FIN-040,Logon,0
L002462,2026-01-01 18:46:25,rahul.khan40,EMP0040,PC-FIN-040,Logoff,0
L002463,2026-01-02 17:08:53,rahul.khan40,EMP0040,PC-FIN-040,Logon,0
L002464,2026-01-03 00:54:34,rahul.khan40,EMP0040,PC-FIN-040,Logoff,0
L002465,2026-01-05 16:21:04,rahul.khan40,EMP0040,PC-FIN-040,Logon,0
L002466,2026-01-06 01:09:02,rahul.khan40,EMP0040,PC-FIN-040,Logoff,0
L002467,2026-01-06 10:00:26,rahul.khan40,EMP0040,PC-FIN-040,Logon,0
L002468,2026-01-06 17:55:25,rahul.khan40,EMP0040,PC-FIN-040,Logoff,0
L002469,2026-01-07 08:29:45,rahul.khan40,EMP0040,PC-FIN-040,Logon,0
L002470,2026-01-07 16:11:58,rahul.khan40,EMP0040,PC-FIN-040,Logoff,0
L002471,2026-01-08 08:53:24,rahul.khan40,EMP0040,PC-FIN-040,Logon,0
L002472,2026-01-08 15:45:30,rahul.khan40,EMP0040,PC-FIN-040,Logoff,0
L002473,2026-01-09 16:19:53,rahul.khan40,EMP0040,PC-FIN-040,Logon,0
L002474,2026-01-10 00:05:13,rahul.khan40,EMP0040,PC-FIN-040,Logoff,0
L002475,2026-01-12 15:09:16,rahul.khan40,EMP0040,PC-FIN-040,Logon,0
L002476,2026-01-12 22:03:17,rahul.khan40,EMP0040,PC-FIN-040,Logoff,0
L002477,2026-01-13 13:07:41,rahul.khan40,EMP0040,PC-FIN-040,Logon,0
L002478,2026-01-13 21:07:32,rahul.khan40,EMP0040,PC-FIN-040,Logoff,0
L002479,2026-01-14 08:58:44,rahul.khan40,EMP0040,PC-FIN-040,Logon,0
L002480,2026-01-14 16:54:47,rahul.khan40,EMP0040,PC-FIN-040,Logoff,0
L002481,2026-01-16 12:04:38,rahul.khan40,EMP0040,PC-FIN-040,Logon,0
L002482,2026-01-16 20:18:50,rahul.khan40,EMP0040,PC-FIN-040,Logoff,0
L002483,2026-01-19 13:30:44,rahul.khan40,EMP0040,PC-FIN-040,Logon,0
L002484,2026-01-19 21:58:01,rahul.khan40,EMP0040,PC-FIN-040,Logoff,0
L002485,2026-01-20 14:01:54,rahul.khan40,EMP0040,PC-FIN-040,Logon,0
L002486,2026-01-20 20:48:37,rahul.khan40,EMP0040,PC-FIN-040,Logoff,0
L002487,2026-01-21 08:29:56,rahul.khan40,EMP0040,PC-FIN-040,Logon,0
L002488,2026-01-21 16:34:43,rahul.khan40,EMP0040,PC-FIN-040,Logoff,0
L002489,2026-01-22 05:23:26,rahul.khan40,EMP0040,PC-FIN-040,Logon,0
L002490,2026-01-22 13:17:57,rahul.khan40,EMP0040,PC-FIN-040,Logoff,0
L002491,2026-01-23 05:18:33,rahul.khan40,EMP0040,PC-FIN-040,Logon,0
L002492,2026-01-23 13:13:33,rahul.khan40,EMP0040,PC-FIN-040,Logoff,0
L002493,2026-01-26 15:38:48,rahul.khan40,EMP0040,PC-FIN-040,Logon,0
L002494,2026-01-26 22:08:53,rahul.khan40,EMP0040,PC-FIN-040,Logoff,0
L002495,2026-01-27 09:54:43,rahul.khan40,EMP0040,PC-FIN-040,Logon,0
L002496,2026-01-27 18:18:41,rahul.khan40,EMP0040,PC-FIN-040,Logoff,0
L002497,2026-01-28 14:23:06,rahul.khan40,EMP0040,PC-FIN-040,Logon,0
L002498,2026-01-28 21:59:17,rahul.khan40,EMP0040,PC-FIN-040,Logoff,0
L002499,2026-01-29 08:08:33,rahul.khan40,EMP0040,PC-FIN-040,Logon,0
L002500,2026-01-29 14:59:12,rahul.khan40,EMP0040,PC-FIN-040,Logoff,0
L002501,2026-01-30 11:58:58,rahul.khan40,EMP0040,PC-FIN-040,Logon,0
L002502,2026-01-30 18:28:18,rahul.khan40,EMP0040,PC-FIN-040,Logoff,0
L002503,2026-02-02 15:35:39,rahul.khan40,EMP0040,PC-FIN-040,Logon,0
L002504,2026-02-02 23:39:47,rahul.khan40,EMP0040,PC-FIN-040,Logoff,0
L002505,2026-02-03 16:45:35,rahul.khan40,EMP0040,PC-FIN-040,Logon,0
L002506,2026-02-04 00:51:59,rahul.khan40,EMP0040,PC-FIN-040,Logoff,0
L002507,2026-02-04 11:58:04,rahul.khan40,EMP0040,PC-FIN-040,Logon,0
L002508,2026-02-04 18:19:02,rahul.khan40,EMP0040,PC-FIN-040,Logoff,0
L002509,2026-02-05 01:22:19,rahul.khan40,EMP0040,PC-FIN-040,Logon,0
L002510,2026-02-05 09:26:42,rahul.khan40,EMP0040,PC-FIN-040,Logoff,0
L002511,2026-02-06 11:38:33,rahul.khan40,EMP0040,PC-FIN-040,Logon,0
L002512,2026-02-06 19:55:59,rahul.khan40,EMP0040,PC-FIN-040,Logoff,0
L002513,2026-02-10 08:54:44,rahul.khan40,EMP0040,PC-FIN-040,Logon,0
L002514,2026-02-10 15:20:21,rahul.khan40,EMP0040,PC-FIN-040,Logoff,0
L002515,2026-02-11 07:08:05,rahul.khan40,EMP0040,PC-FIN-040,Logon,0
L002516,2026-02-11 14:24:32,rahul.khan40,EMP0040,PC-FIN-040,Logoff,0
L002517,2026-02-12 07:01:49,rahul.khan40,EMP0040,PC-FIN-040,Logon,0
L002518,2026-02-12 14:28:58,rahul.khan40,EMP0040,PC-FIN-040,Logoff,0
L002519,2026-02-13 08:02:50,rahul.khan40,EMP0040,PC-FIN-040,Logon,0
L002520,2026-02-13 16:01:35,rahul.khan40,EMP0040,PC-FIN-040,Logoff,0
L002521,2026-01-01 17:02:04,isha.saxena41,EMP0041,PC-ENG-041,Logon,0
L002522,2026-01-01 23:56:21,isha.saxena41,EMP0041,PC-ENG-041,Logoff,0
L002523,2026-01-05 13:12:11,isha.saxena41,EMP0041,PC-ENG-041,Logon,0
L002524,2026-01-05 21:12:53,isha.saxena41,EMP0041,PC-ENG-041,Logoff,0
L002525,2026-01-07 15:17:37,isha.saxena41,EMP0041,PC-ENG-041,Logon,0
L002526,2026-01-07 22:20:13,isha.saxena41,EMP0041,PC-ENG-041,Logoff,0
L002527,2026-01-08 12:46:39,isha.saxena41,EMP0041,PC-ENG-041,Logon,0
L002528,2026-01-08 19:30:10,isha.saxena41,EMP0041,PC-ENG-041,Logoff,0
L002529,2026-01-09 07:37:48,isha.saxena41,EMP0041,PC-ENG-041,Logon,0
L002530,2026-01-09 13:40:19,isha.saxena41,EMP0041,PC-ENG-041,Logoff,0
L002531,2026-01-12 17:34:00,isha.saxena41,EMP0041,PC-ENG-041,Logon,0
L002532,2026-01-13 02:29:14,isha.saxena41,EMP0041,PC-ENG-041,Logoff,0
L002533,2026-01-13 08:32:54,isha.saxena41,EMP0041,PC-ENG-041,Logon,0
L002534,2026-01-13 16:40:17,isha.saxena41,EMP0041,PC-ENG-041,Logoff,0
L002535,2026-01-14 13:28:43,isha.saxena41,EMP0041,PC-ENG-041,Logon,0
L002536,2026-01-14 22:21:06,isha.saxena41,EMP0041,PC-ENG-041,Logoff,0
L002537,2026-01-15 10:24:27,isha.saxena41,EMP0041,PC-ENG-041,Logon,0
L002538,2026-01-15 17:03:01,isha.saxena41,EMP0041,PC-ENG-041,Logoff,0
L002539,2026-01-16 07:20:07,isha.saxena41,EMP0041,PC-ENG-041,Logon,0
L002540,2026-01-16 14:43:58,isha.saxena41,EMP0041,PC-ENG-041,Logoff,0
L002541,2026-01-19 09:46:02,isha.saxena41,EMP0041,PC-ENG-041,Logon,0
L002542,2026-01-19 16:00:50,isha.saxena41,EMP0041,PC-ENG-041,Logoff,0
L002543,2026-01-20 10:29:38,isha.saxena41,EMP0041,PC-ENG-041,Logon,0
L002544,2026-01-20 18:42:08,isha.saxena41,EMP0041,PC-ENG-041,Logoff,0
L002545,2026-01-21 16:14:35,isha.saxena41,EMP0041,PC-ENG-041,Logon,0
L002546,2026-01-21 23:27:53,isha.saxena41,EMP0041,PC-ENG-041,Logoff,0
L002547,2026-01-22 11:54:04,isha.saxena41,EMP0041,PC-ENG-041,Logon,0
L002548,2026-01-22 20:35:07,isha.saxena41,EMP0041,PC-ENG-041,Logoff,0
L002549,2026-01-23 18:23:11,isha.saxena41,EMP0041,PC-ENG-041,Logon,0
L002550,2026-01-24 00:25:29,isha.saxena41,EMP0041,PC-ENG-041,Logoff,0
L002551,2026-01-26 12:43:05,isha.saxena41,EMP0041,PC-ENG-041,Logon,0
L002552,2026-01-26 19:04:32,isha.saxena41,EMP0041,PC-ENG-041,Logoff,0
L002553,2026-01-27 14:06:47,isha.saxena41,EMP0041,PC-ENG-041,Logon,0
L002554,2026-01-27 22:53:20,isha.saxena41,EMP0041,PC-ENG-041,Logoff,0
L002555,2026-01-28 06:12:21,isha.saxena41,EMP0041,PC-ENG-041,Logon,0
L002556,2026-01-28 12:48:23,isha.saxena41,EMP0041,PC-ENG-041,Logoff,0
L002557,2026-01-29 11:14:53,isha.saxena41,EMP0041,PC-ENG-041,Logon,0
L002558,2026-01-29 18:31:19,isha.saxena41,EMP0041,PC-ENG-041,Logoff,0
L002559,2026-01-30 15:49:37,isha.saxena41,EMP0041,PC-ENG-041,Logon,0
L002560,2026-01-30 23:36:28,isha.saxena41,EMP0041,PC-ENG-041,Logoff,0
L002561,2026-02-02 10:42:38,isha.saxena41,EMP0041,PC-ENG-041,Logon,0
L002562,2026-02-02 19:33:39,isha.saxena41,EMP0041,PC-ENG-041,Logoff,0
L002563,2026-02-03 12:09:49,isha.saxena41,EMP0041,PC-ENG-041,Logon,0
L002564,2026-02-03 19:31:39,isha.saxena41,EMP0041,PC-ENG-041,Logoff,0
L002565,2026-02-04 12:14:40,isha.saxena41,EMP0041,PC-ENG-041,Logon,0
L002566,2026-02-04 21:04:17,isha.saxena41,EMP0041,PC-ENG-041,Logoff,0
L002567,2026-02-06 16:31:43,isha.saxena41,EMP0041,PC-ENG-041,Logon,0
L002568,2026-02-06 22:36:31,isha.saxena41,EMP0041,PC-ENG-041,Logoff,0
L002569,2026-02-09 09:39:06,isha.saxena41,EMP0041,PC-ENG-041,Logon,0
L002570,2026-02-09 17:55:55,isha.saxena41,EMP0041,PC-ENG-041,Logoff,0
L002571,2026-02-10 12:31:50,isha.saxena41,EMP0041,PC-ENG-041,Logon,0
L002572,2026-02-10 19:55:43,isha.saxena41,EMP0041,PC-ENG-041,Logoff,0
L002573,2026-02-11 12:32:16,isha.saxena41,EMP0041,PC-ENG-041,Logon,0
L002574,2026-02-11 20:09:54,isha.saxena41,EMP0041,PC-ENG-041,Logoff,0
L002575,2026-02-12 12:01:48,isha.saxena41,EMP0041,PC-ENG-041,Logon,0
L002576,2026-02-12 18:07:29,isha.saxena41,EMP0041,PC-ENG-041,Logoff,0
L002577,2026-02-13 17:24:28,isha.saxena41,EMP0041,PC-ENG-041,Logon,0
L002578,2026-02-14 00:21:05,isha.saxena41,EMP0041,PC-ENG-041,Logoff,0
L002579,2026-01-01 03:35:42,sameer.reddy42,EMP0042,PC-R&D-042,Logon,0
L002580,2026-01-01 12:10:33,sameer.reddy42,EMP0042,PC-R&D-042,Logoff,0
L002581,2026-01-02 14:31:27,sameer.reddy42,EMP0042,PC-R&D-042,Logon,0
L002582,2026-01-02 20:55:39,sameer.reddy42,EMP0042,PC-R&D-042,Logoff,0
L002583,2026-01-05 14:42:35,sameer.reddy42,EMP0042,PC-R&D-042,Logon,0
L002584,2026-01-05 22:45:57,sameer.reddy42,EMP0042,PC-R&D-042,Logoff,0
L002585,2026-01-06 11:54:10,sameer.reddy42,EMP0042,PC-R&D-042,Logon,0
L002586,2026-01-06 19:25:22,sameer.reddy42,EMP0042,PC-R&D-042,Logoff,0
L002587,2026-01-07 12:24:39,sameer.reddy42,EMP0042,PC-R&D-042,Logon,0
L002588,2026-01-07 20:26:25,sameer.reddy42,EMP0042,PC-R&D-042,Logoff,0
L002589,2026-01-08 09:03:01,sameer.reddy42,EMP0042,PC-R&D-042,Logon,0
L002590,2026-01-08 16:49:18,sameer.reddy42,EMP0042,PC-R&D-042,Logoff,0
L002591,2026-01-09 10:51:47,sameer.reddy42,EMP0042,PC-R&D-042,Logon,0
L002592,2026-01-09 18:36:53,sameer.reddy42,EMP0042,PC-R&D-042,Logoff,0
L002593,2026-01-12 11:22:26,sameer.reddy42,EMP0042,PC-R&D-042,Logon,0
L002594,2026-01-12 18:25:39,sameer.reddy42,EMP0042,PC-R&D-042,Logoff,0
L002595,2026-01-13 09:41:19,sameer.reddy42,EMP0042,PC-R&D-042,Logon,0
L002596,2026-01-13 17:27:58,sameer.reddy42,EMP0042,PC-R&D-042,Logoff,0
L002597,2026-01-14 06:19:07,sameer.reddy42,EMP0042,PC-R&D-042,Logon,0
L002598,2026-01-14 13:19:53,sameer.reddy42,EMP0042,PC-R&D-042,Logoff,0
L002599,2026-01-16 11:55:27,sameer.reddy42,EMP0042,PC-R&D-042,Logon,0
L002600,2026-01-16 19:37:41,sameer.reddy42,EMP0042,PC-R&D-042,Logoff,0
L002601,2026-01-19 13:20:24,sameer.reddy42,EMP0042,PC-R&D-042,Logon,0
L002602,2026-01-19 21:03:03,sameer.reddy42,EMP0042,PC-R&D-042,Logoff,0
L002603,2026-01-20 07:31:06,sameer.reddy42,EMP0042,PC-R&D-042,Logon,0
L002604,2026-01-20 15:35:27,sameer.reddy42,EMP0042,PC-R&D-042,Logoff,0
L002605,2026-01-21 12:51:48,sameer.reddy42,EMP0042,PC-R&D-042,Logon,0
L002606,2026-01-21 20:51:55,sameer.reddy42,EMP0042,PC-R&D-042,Logoff,0
L002607,2026-01-22 09:27:12,sameer.reddy42,EMP0042,PC-R&D-042,Logon,0
L002608,2026-01-22 16:56:39,sameer.reddy42,EMP0042,PC-R&D-042,Logoff,0
L002609,2026-01-23 15:53:54,sameer.reddy42,EMP0042,PC-R&D-042,Logon,0
L002610,2026-01-23 23:30:21,sameer.reddy42,EMP0042,PC-R&D-042,Logoff,0
L002611,2026-01-25 11:14:39,sameer.reddy42,EMP0042,PC-R&D-042,Logon,0
L002612,2026-01-25 19:28:22,sameer.reddy42,EMP0042,PC-R&D-042,Logoff,0
L002613,2026-01-26 16:06:37,sameer.reddy42,EMP0042,PC-R&D-042,Logon,0
L002614,2026-01-26 23:07:14,sameer.reddy42,EMP0042,PC-R&D-042,Logoff,0
L002615,2026-01-27 15:30:27,sameer.reddy42,EMP0042,PC-R&D-042,Logon,0
L002616,2026-01-27 22:08:12,sameer.reddy42,EMP0042,PC-R&D-042,Logoff,0
L002617,2026-01-28 14:19:32,sameer.reddy42,EMP0042,PC-R&D-042,Logon,0
L002618,2026-01-28 22:44:16,sameer.reddy42,EMP0042,PC-R&D-042,Logoff,0
L002619,2026-01-29 12:12:26,sameer.reddy42,EMP0042,PC-R&D-042,Logon,0
L002620,2026-01-29 19:24:50,sameer.reddy42,EMP0042,PC-R&D-042,Logoff,0
L002621,2026-01-30 11:48:35,sameer.reddy42,EMP0042,PC-R&D-042,Logon,0
L002622,2026-01-30 18:21:05,sameer.reddy42,EMP0042,PC-R&D-042,Logoff,0
L002623,2026-01-31 16:36:31,sameer.reddy42,EMP0042,PC-R&D-042,Logon,0
L002624,2026-01-31 23:14:50,sameer.reddy42,EMP0042,PC-R&D-042,Logoff,0
L002625,2026-02-02 11:59:40,sameer.reddy42,EMP0042,PC-R&D-042,Logon,0
L002626,2026-02-02 19:35:33,sameer.reddy42,EMP0042,PC-R&D-042,Logoff,0
L002627,2026-02-03 15:27:59,sameer.reddy42,EMP0042,PC-R&D-042,Logon,0
L002628,2026-02-03 23:09:53,sameer.reddy42,EMP0042,PC-R&D-042,Logoff,0
L002629,2026-02-04 12:23:29,sameer.reddy42,EMP0042,PC-R&D-042,Logon,0
L002630,2026-02-04 18:50:04,sameer.reddy42,EMP0042,PC-R&D-042,Logoff,0
L002631,2026-02-05 14:19:54,sameer.reddy42,EMP0042,PC-R&D-042,Logon,0
L002632,2026-02-05 21:38:16,sameer.reddy42,EMP0042,PC-R&D-042,Logoff,0
L002633,2026-02-06 16:04:40,sameer.reddy42,EMP0042,PC-R&D-042,Logon,0
L002634,2026-02-06 22:41:18,sameer.reddy42,EMP0042,PC-R&D-042,Logoff,0
L002635,2026-02-09 09:38:15,sameer.reddy42,EMP0042,PC-R&D-042,Logon,0
L002636,2026-02-09 16:51:18,sameer.reddy42,EMP0042,PC-R&D-042,Logoff,0
L002637,2026-02-10 08:15:51,sameer.reddy42,EMP0042,PC-R&D-042,Logon,0
L002638,2026-02-10 16:44:45,sameer.reddy42,EMP0042,PC-R&D-042,Logoff,0
L002639,2026-02-11 12:27:27,sameer.reddy42,EMP0042,PC-R&D-042,Logon,0
L002640,2026-02-11 20:23:53,sameer.reddy42,EMP0042,PC-R&D-042,Logoff,0
L002641,2026-02-13 08:16:50,sameer.reddy42,EMP0042,PC-R&D-042,Logon,0
L002642,2026-02-13 16:41:28,sameer.reddy42,EMP0042,PC-R&D-042,Logoff,0
L002643,2026-01-01 16:46:31,nikhil.kapoor43,EMP0043,PC-IT -043,Logon,0
L002644,2026-01-02 01:07:19,nikhil.kapoor43,EMP0043,PC-IT -043,Logoff,0
L002645,2026-01-02 17:20:38,nikhil.kapoor43,EMP0043,PC-IT -043,Logon,0
L002646,2026-01-03 00:14:16,nikhil.kapoor43,EMP0043,PC-IT -043,Logoff,0
L002647,2026-01-05 14:56:05,nikhil.kapoor43,EMP0043,PC-IT -043,Logon,0
L002648,2026-01-05 22:07:31,nikhil.kapoor43,EMP0043,PC-IT -043,Logoff,0
L002649,2026-01-06 16:15:07,nikhil.kapoor43,EMP0043,PC-IT -043,Logon,0
L002650,2026-01-06 23:57:53,nikhil.kapoor43,EMP0043,PC-IT -043,Logoff,0
L002651,2026-01-07 07:42:53,nikhil.kapoor43,EMP0043,PC-IT -043,Logon,0
L002652,2026-01-07 15:27:21,nikhil.kapoor43,EMP0043,PC-IT -043,Logoff,0
L002653,2026-01-08 12:31:56,nikhil.kapoor43,EMP0043,PC-IT -043,Logon,0
L002654,2026-01-08 18:48:10,nikhil.kapoor43,EMP0043,PC-IT -043,Logoff,0
L002655,2026-01-09 15:20:21,nikhil.kapoor43,EMP0043,PC-IT -043,Logon,0
L002656,2026-01-09 23:50:10,nikhil.kapoor43,EMP0043,PC-IT -043,Logoff,0
L002657,2026-01-12 18:13:09,nikhil.kapoor43,EMP0043,PC-IT -043,Logon,0
L002658,2026-01-13 00:32:22,nikhil.kapoor43,EMP0043,PC-IT -043,Logoff,0
L002659,2026-01-13 09:26:16,nikhil.kapoor43,EMP0043,PC-IT -043,Logon,0
L002660,2026-01-13 18:01:35,nikhil.kapoor43,EMP0043,PC-IT -043,Logoff,0
L002661,2026-01-14 12:44:07,nikhil.kapoor43,EMP0043,PC-IT -043,Logon,0
L002662,2026-01-14 19:41:05,nikhil.kapoor43,EMP0043,PC-IT -043,Logoff,0
L002663,2026-01-15 14:17:56,nikhil.kapoor43,EMP0043,PC-IT -043,Logon,0
L002664,2026-01-15 22:39:06,nikhil.kapoor43,EMP0043,PC-IT -043,Logoff,0
L002665,2026-01-16 11:23:52,nikhil.kapoor43,EMP0043,PC-IT -043,Logon,0
L002666,2026-01-16 18:19:20,nikhil.kapoor43,EMP0043,PC-IT -043,Logoff,0
L002667,2026-01-20 15:03:44,nikhil.kapoor43,EMP0043,PC-IT -043,Logon,0
L002668,2026-01-20 23:48:52,nikhil.kapoor43,EMP0043,PC-IT -043,Logoff,0
L002669,2026-01-21 09:24:19,nikhil.kapoor43,EMP0043,PC-IT -043,Logon,0
L002670,2026-01-21 17:19:19,nikhil.kapoor43,EMP0043,PC-IT -043,Logoff,0
L002671,2026-01-22 17:43:07,nikhil.kapoor43,EMP0043,PC-IT -043,Logon,0
L002672,2026-01-23 01:19:24,nikhil.kapoor43,EMP0043,PC-IT -043,Logoff,0
L002673,2026-01-23 11:00:58,nikhil.kapoor43,EMP0043,PC-IT -043,Logon,0
L002674,2026-01-23 19:53:54,nikhil.kapoor43,EMP0043,PC-IT -043,Logoff,0
L002675,2026-01-26 18:48:15,nikhil.kapoor43,EMP0043,PC-IT -043,Logon,0
L002676,2026-01-27 01:41:47,nikhil.kapoor43,EMP0043,PC-IT -043,Logoff,0
L002677,2026-01-27 08:28:40,nikhil.kapoor43,EMP0043,PC-IT -043,Logon,0
L002678,2026-01-27 15:25:45,nikhil.kapoor43,EMP0043,PC-IT -043,Logoff,0
L002679,2026-01-28 13:50:02,nikhil.kapoor43,EMP0043,PC-IT -043,Logon,0
L002680,2026-01-28 20:39:21,nikhil.kapoor43,EMP0043,PC-IT -043,Logoff,0
L002681,2026-01-29 15:31:30,nikhil.kapoor43,EMP0043,PC-IT -043,Logon,0
L002682,2026-01-29 23:44:08,nikhil.kapoor43,EMP0043,PC-IT -043,Logoff,0
L002683,2026-01-30 10:27:56,nikhil.kapoor43,EMP0043,PC-IT -043,Logon,0
L002684,2026-01-30 19:13:16,nikhil.kapoor43,EMP0043,PC-IT -043,Logoff,0
L002685,2026-02-02 06:26:38,nikhil.kapoor43,EMP0043,PC-IT -043,Logon,0
L002686,2026-02-02 14:37:53,nikhil.kapoor43,EMP0043,PC-IT -043,Logoff,0
L002687,2026-02-03 10:44:01,nikhil.kapoor43,EMP0043,PC-IT -043,Logon,0
L002688,2026-02-03 19:01:10,nikhil.kapoor43,EMP0043,PC-IT -043,Logoff,0
L002689,2026-02-04 08:28:50,nikhil.kapoor43,EMP0043,PC-IT -043,Logon,0
L002690,2026-02-04 16:24:13,nikhil.kapoor43,EMP0043,PC-IT -043,Logoff,0
L002691,2026-02-06 09:36:05,nikhil.kapoor43,EMP0043,PC-IT -043,Logon,0
L002692,2026-02-06 15:56:01,nikhil.kapoor43,EMP0043,PC-IT -043,Logoff,0
L002693,2026-02-09 14:08:54,nikhil.kapoor43,EMP0043,PC-IT -043,Logon,0
L002694,2026-02-09 21:55:49,nikhil.kapoor43,EMP0043,PC-IT -043,Logoff,0
L002695,2026-02-10 18:28:30,nikhil.kapoor43,EMP0043,PC-IT -043,Logon,0
L002696,2026-02-11 03:05:43,nikhil.kapoor43,EMP0043,PC-IT -043,Logoff,0
L002697,2026-02-11 08:37:52,nikhil.kapoor43,EMP0043,PC-IT -043,Logon,0
L002698,2026-02-11 15:36:49,nikhil.kapoor43,EMP0043,PC-IT -043,Logoff,0
L002699,2026-02-12 07:23:11,nikhil.kapoor43,EMP0043,PC-IT -043,Logon,0
L002700,2026-02-12 14:34:00,nikhil.kapoor43,EMP0043,PC-IT -043,Logoff,0
L002701,2026-02-13 16:36:14,nikhil.kapoor43,EMP0043,PC-IT -043,Logon,0
L002702,2026-02-13 22:39:57,nikhil.kapoor43,EMP0043,PC-IT -043,Logoff,0
L002703,2026-02-14 13:14:58,nikhil.kapoor43,EMP0043,PC-IT -043,Logon,0
L002704,2026-02-14 19:30:58,nikhil.kapoor43,EMP0043,PC-IT -043,Logoff,0
L002705,2026-01-01 09:54:10,karthik.rao44,EMP0044,PC-IT -044,Logon,0
L002706,2026-01-01 16:03:07,karthik.rao44,EMP0044,PC-IT -044,Logoff,0
L002707,2026-01-02 13:09:05,karthik.rao44,EMP0044,PC-IT -044,Logon,0
L002708,2026-01-02 22:01:31,karthik.rao44,EMP0044,PC-IT -044,Logoff,0
L002709,2026-01-06 15:59:29,karthik.rao44,EMP0044,PC-IT -044,Logon,0
L002710,2026-01-07 00:28:23,karthik.rao44,EMP0044,PC-IT -044,Logoff,0
L002711,2026-01-07 09:13:12,karthik.rao44,EMP0044,PC-IT -044,Logon,0
L002712,2026-01-07 18:03:29,karthik.rao44,EMP0044,PC-IT -044,Logoff,0
L002713,2026-01-08 09:47:31,karthik.rao44,EMP0044,PC-IT -044,Logon,0
L002714,2026-01-08 16:56:17,karthik.rao44,EMP0044,PC-IT -044,Logoff,0
L002715,2026-01-09 08:13:52,karthik.rao44,EMP0044,PC-IT -044,Logon,0
L002716,2026-01-09 15:04:48,karthik.rao44,EMP0044,PC-IT -044,Logoff,0
L002717,2026-01-12 08:18:16,karthik.rao44,EMP0044,PC-IT -044,Logon,0
L002718,2026-01-12 15:00:39,karthik.rao44,EMP0044,PC-IT -044,Logoff,0
L002719,2026-01-13 09:37:43,karthik.rao44,EMP0044,PC-IT -044,Logon,0
L002720,2026-01-13 17:34:13,karthik.rao44,EMP0044,PC-IT -044,Logoff,0
L002721,2026-01-14 11:55:20,karthik.rao44,EMP0044,PC-IT -044,Logon,0
L002722,2026-01-14 20:50:43,karthik.rao44,EMP0044,PC-IT -044,Logoff,0
L002723,2026-01-15 08:24:45,karthik.rao44,EMP0044,PC-IT -044,Logon,0
L002724,2026-01-15 15:40:56,karthik.rao44,EMP0044,PC-IT -044,Logoff,0
L002725,2026-01-16 06:35:03,karthik.rao44,EMP0044,PC-IT -044,Logon,0
L002726,2026-01-16 12:44:25,karthik.rao44,EMP0044,PC-IT -044,Logoff,0
L002727,2026-01-19 13:42:51,karthik.rao44,EMP0044,PC-IT -044,Logon,0
L002728,2026-01-19 21:30:31,karthik.rao44,EMP0044,PC-IT -044,Logoff,0
L002729,2026-01-20 04:16:32,karthik.rao44,EMP0044,PC-IT -044,Logon,0
L002730,2026-01-20 12:08:04,karthik.rao44,EMP0044,PC-IT -044,Logoff,0
L002731,2026-01-21 10:23:08,karthik.rao44,EMP0044,PC-IT -044,Logon,0
L002732,2026-01-21 19:17:23,karthik.rao44,EMP0044,PC-IT -044,Logoff,0
L002733,2026-01-22 13:16:10,karthik.rao44,EMP0044,PC-IT -044,Logon,0
L002734,2026-01-22 20:46:50,karthik.rao44,EMP0044,PC-IT -044,Logoff,0
L002735,2026-01-23 16:08:05,karthik.rao44,EMP0044,PC-IT -044,Logon,0
L002736,2026-01-23 23:05:12,karthik.rao44,EMP0044,PC-IT -044,Logoff,0
L002737,2026-01-26 04:08:31,karthik.rao44,EMP0044,PC-IT -044,Logon,0
L002738,2026-01-26 12:45:25,karthik.rao44,EMP0044,PC-IT -044,Logoff,0
L002739,2026-01-27 15:59:27,karthik.rao44,EMP0044,PC-IT -044,Logon,0
L002740,2026-01-27 22:50:22,karthik.rao44,EMP0044,PC-IT -044,Logoff,0
L002741,2026-01-28 13:48:59,karthik.rao44,EMP0044,PC-IT -044,Logon,0
L002742,2026-01-28 20:36:27,karthik.rao44,EMP0044,PC-IT -044,Logoff,0
L002743,2026-01-29 17:20:47,karthik.rao44,EMP0044,PC-IT -044,Logon,0
L002744,2026-01-30 02:19:48,karthik.rao44,EMP0044,PC-IT -044,Logoff,0
L002745,2026-01-30 08:54:59,karthik.rao44,EMP0044,PC-IT -044,Logon,0
L002746,2026-01-30 16:53:19,karthik.rao44,EMP0044,PC-IT -044,Logoff,0
L002747,2026-02-02 09:02:30,karthik.rao44,EMP0044,PC-IT -044,Logon,0
L002748,2026-02-02 15:49:20,karthik.rao44,EMP0044,PC-IT -044,Logoff,0
L002749,2026-02-03 11:57:59,karthik.rao44,EMP0044,PC-IT -044,Logon,0
L002750,2026-02-03 19:27:04,karthik.rao44,EMP0044,PC-IT -044,Logoff,0
L002751,2026-02-04 22:35:31,karthik.rao44,EMP0044,PC-IT -044,Logon,0
L002752,2026-02-05 05:57:54,karthik.rao44,EMP0044,PC-IT -044,Logoff,0
L002753,2026-02-05 14:09:07,karthik.rao44,EMP0044,PC-IT -044,Logon,0
L002754,2026-02-05 21:12:02,karthik.rao44,EMP0044,PC-IT -044,Logoff,0
L002755,2026-02-06 09:53:10,karthik.rao44,EMP0044,PC-IT -044,Logon,0
L002756,2026-02-06 18:08:09,karthik.rao44,EMP0044,PC-IT -044,Logoff,0
L002757,2026-02-09 08:00:33,karthik.rao44,EMP0044,PC-IT -044,Logon,0
L002758,2026-02-09 16:18:34,karthik.rao44,EMP0044,PC-IT -044,Logoff,0
L002759,2026-02-10 17:15:49,karthik.rao44,EMP0044,PC-IT -044,Logon,0
L002760,2026-02-11 00:45:28,karthik.rao44,EMP0044,PC-IT -044,Logoff,0
L002761,2026-02-11 10:18:43,karthik.rao44,EMP0044,PC-IT -044,Logon,0
L002762,2026-02-11 19:15:21,karthik.rao44,EMP0044,PC-IT -044,Logoff,0
L002763,2026-02-12 10:59:06,karthik.rao44,EMP0044,PC-IT -044,Logon,0
L002764,2026-02-12 19:29:45,karthik.rao44,EMP0044,PC-IT -044,Logoff,0
L002765,2026-02-13 07:53:45,karthik.rao44,EMP0044,PC-IT -044,Logon,0
L002766,2026-02-13 15:52:28,karthik.rao44,EMP0044,PC-IT -044,Logoff,0
L002767,2026-01-01 13:00:21,suresh.joshi45,EMP0045,PC-LEG-045,Logon,0
L002768,2026-01-01 21:54:54,suresh.joshi45,EMP0045,PC-LEG-045,Logoff,0
L002769,2026-01-02 19:20:46,suresh.joshi45,EMP0045,PC-LEG-045,Logon,0
L002770,2026-01-03 04:20:44,suresh.joshi45,EMP0045,PC-LEG-045,Logoff,0
L002771,2026-01-05 16:51:41,suresh.joshi45,EMP0045,PC-LEG-045,Logon,0
L002772,2026-01-05 23:42:36,suresh.joshi45,EMP0045,PC-LEG-045,Logoff,0
L002773,2026-01-06 15:35:38,suresh.joshi45,EMP0045,PC-LEG-045,Logon,0
L002774,2026-01-06 22:44:17,suresh.joshi45,EMP0045,PC-LEG-045,Logoff,0
L002775,2026-01-07 08:49:55,suresh.joshi45,EMP0045,PC-LEG-045,Logon,0
L002776,2026-01-07 16:01:43,suresh.joshi45,EMP0045,PC-LEG-045,Logoff,0
L002777,2026-01-09 10:25:18,suresh.joshi45,EMP0045,PC-LEG-045,Logon,0
L002778,2026-01-09 18:21:47,suresh.joshi45,EMP0045,PC-LEG-045,Logoff,0
L002779,2026-01-12 15:47:51,suresh.joshi45,EMP0045,PC-LEG-045,Logon,0
L002780,2026-01-13 00:33:45,suresh.joshi45,EMP0045,PC-LEG-045,Logoff,0
L002781,2026-01-13 13:22:42,suresh.joshi45,EMP0045,PC-LEG-045,Logon,0
L002782,2026-01-13 19:40:00,suresh.joshi45,EMP0045,PC-LEG-045,Logoff,0
L002783,2026-01-14 08:28:56,suresh.joshi45,EMP0045,PC-LEG-045,Logon,0
L002784,2026-01-14 15:38:47,suresh.joshi45,EMP0045,PC-LEG-045,Logoff,0
L002785,2026-01-15 13:05:48,suresh.joshi45,EMP0045,PC-LEG-045,Logon,0
L002786,2026-01-15 20:21:51,suresh.joshi45,EMP0045,PC-LEG-045,Logoff,0
L002787,2026-01-16 08:40:27,suresh.joshi45,EMP0045,PC-LEG-045,Logon,0
L002788,2026-01-16 14:57:10,suresh.joshi45,EMP0045,PC-LEG-045,Logoff,0
L002789,2026-01-19 14:45:09,suresh.joshi45,EMP0045,PC-LEG-045,Logon,0
L002790,2026-01-19 23:32:40,suresh.joshi45,EMP0045,PC-LEG-045,Logoff,0
L002791,2026-01-20 14:05:18,suresh.joshi45,EMP0045,PC-LEG-045,Logon,0
L002792,2026-01-20 21:29:34,suresh.joshi45,EMP0045,PC-LEG-045,Logoff,0
L002793,2026-01-21 15:19:09,suresh.joshi45,EMP0045,PC-LEG-045,Logon,0
L002794,2026-01-22 00:16:18,suresh.joshi45,EMP0045,PC-LEG-045,Logoff,0
L002795,2026-01-22 09:15:33,suresh.joshi45,EMP0045,PC-LEG-045,Logon,0
L002796,2026-01-22 16:32:32,suresh.joshi45,EMP0045,PC-LEG-045,Logoff,0
L002797,2026-01-23 12:58:02,suresh.joshi45,EMP0045,PC-LEG-045,Logon,0
L002798,2026-01-23 20:30:26,suresh.joshi45,EMP0045,PC-LEG-045,Logoff,0
L002799,2026-01-26 14:52:16,suresh.joshi45,EMP0045,PC-LEG-045,Logon,0
L002800,2026-01-26 21:56:14,suresh.joshi45,EMP0045,PC-LEG-045,Logoff,0
L002801,2026-01-27 15:01:07,suresh.joshi45,EMP0045,PC-LEG-045,Logon,0
L002802,2026-01-27 23:14:24,suresh.joshi45,EMP0045,PC-LEG-045,Logoff,0
L002803,2026-01-28 15:53:25,suresh.joshi45,EMP0045,PC-LEG-045,Logon,0
L002804,2026-01-28 22:01:33,suresh.joshi45,EMP0045,PC-LEG-045,Logoff,0
L002805,2026-01-29 14:20:37,suresh.joshi45,EMP0045,PC-LEG-045,Logon,0
L002806,2026-01-29 22:30:57,suresh.joshi45,EMP0045,PC-LEG-045,Logoff,0
L002807,2026-01-30 11:51:16,suresh.joshi45,EMP0045,PC-LEG-045,Logon,0
L002808,2026-01-30 18:52:42,suresh.joshi45,EMP0045,PC-LEG-045,Logoff,0
L002809,2026-02-02 07:38:16,suresh.joshi45,EMP0045,PC-LEG-045,Logon,0
L002810,2026-02-02 16:15:09,suresh.joshi45,EMP0045,PC-LEG-045,Logoff,0
L002811,2026-02-03 12:00:25,suresh.joshi45,EMP0045,PC-LEG-045,Logon,0
L002812,2026-02-03 18:21:25,suresh.joshi45,EMP0045,PC-LEG-045,Logoff,0
L002813,2026-02-04 11:44:25,suresh.joshi45,EMP0045,PC-LEG-045,Logon,0
L002814,2026-02-04 20:20:47,suresh.joshi45,EMP0045,PC-LEG-045,Logoff,0
L002815,2026-02-05 13:31:19,suresh.joshi45,EMP0045,PC-LEG-045,Logon,0
L002816,2026-02-05 21:22:38,suresh.joshi45,EMP0045,PC-LEG-045,Logoff,0
L002817,2026-02-06 10:43:44,suresh.joshi45,EMP0045,PC-LEG-045,Logon,0
L002818,2026-02-06 18:45:15,suresh.joshi45,EMP0045,PC-LEG-045,Logoff,0
L002819,2026-02-09 08:52:01,suresh.joshi45,EMP0045,PC-LEG-045,Logon,0
L002820,2026-02-09 16:57:18,suresh.joshi45,EMP0045,PC-LEG-045,Logoff,0
L002821,2026-02-10 02:30:41,suresh.joshi45,EMP0045,PC-LEG-045,Logon,0
L002822,2026-02-10 08:56:48,suresh.joshi45,EMP0045,PC-LEG-045,Logoff,0
L002823,2026-02-11 16:54:50,suresh.joshi45,EMP0045,PC-LEG-045,Logon,0
L002824,2026-02-12 00:31:46,suresh.joshi45,EMP0045,PC-LEG-045,Logoff,0
L002825,2026-02-12 15:09:30,suresh.joshi45,EMP0045,PC-LEG-045,Logon,0
L002826,2026-02-12 22:25:26,suresh.joshi45,EMP0045,PC-LEG-045,Logoff,0
L002827,2026-02-13 17:47:44,suresh.joshi45,EMP0045,PC-LEG-045,Logon,0
L002828,2026-02-14 01:07:52,suresh.joshi45,EMP0045,PC-LEG-045,Logoff,0
L002829,2026-01-02 09:18:36,isha.pillai46,EMP0046,PC-SAL-046,Logon,0
L002830,2026-01-02 17:47:54,isha.pillai46,EMP0046,PC-SAL-046,Logoff,0
L002831,2026-01-05 16:27:26,isha.pillai46,EMP0046,PC-SAL-046,Logon,0
L002832,2026-01-06 01:00:11,isha.pillai46,EMP0046,PC-SAL-046,Logoff,0
L002833,2026-01-06 13:35:18,isha.pillai46,EMP0046,PC-SAL-046,Logon,0
L002834,2026-01-06 19:41:57,isha.pillai46,EMP0046,PC-SAL-046,Logoff,0
L002835,2026-01-07 12:46:39,isha.pillai46,EMP0046,PC-SAL-046,Logon,0
L002836,2026-01-07 21:35:00,isha.pillai46,EMP0046,PC-SAL-046,Logoff,0
L002837,2026-01-08 16:14:45,isha.pillai46,EMP0046,PC-SAL-046,Logon,0
L002838,2026-01-08 22:25:40,isha.pillai46,EMP0046,PC-SAL-046,Logoff,0
L002839,2026-01-12 14:56:30,isha.pillai46,EMP0046,PC-SAL-046,Logon,0
L002840,2026-01-12 21:17:32,isha.pillai46,EMP0046,PC-SAL-046,Logoff,0
L002841,2026-01-13 14:28:44,isha.pillai46,EMP0046,PC-SAL-046,Logon,0
L002842,2026-01-13 21:47:15,isha.pillai46,EMP0046,PC-SAL-046,Logoff,0
L002843,2026-01-14 14:30:22,isha.pillai46,EMP0046,PC-SAL-046,Logon,0
L002844,2026-01-14 21:49:13,isha.pillai46,EMP0046,PC-SAL-046,Logoff,0
L002845,2026-01-15 13:43:21,isha.pillai46,EMP0046,PC-SAL-046,Logon,0
L002846,2026-01-15 22:29:15,isha.pillai46,EMP0046,PC-SAL-046,Logoff,0
L002847,2026-01-16 14:29:08,isha.pillai46,EMP0046,PC-SAL-046,Logon,0
L002848,2026-01-16 23:08:06,isha.pillai46,EMP0046,PC-SAL-046,Logoff,0
L002849,2026-01-19 18:41:47,isha.pillai46,EMP0046,PC-SAL-046,Logon,0
L002850,2026-01-20 01:46:37,isha.pillai46,EMP0046,PC-SAL-046,Logoff,0
L002851,2026-01-20 20:10:39,isha.pillai46,EMP0046,PC-SAL-046,Logon,0
L002852,2026-01-21 02:47:56,isha.pillai46,EMP0046,PC-SAL-046,Logoff,0
L002853,2026-01-21 07:30:08,isha.pillai46,EMP0046,PC-SAL-046,Logon,0
L002854,2026-01-21 14:01:19,isha.pillai46,EMP0046,PC-SAL-046,Logoff,0
L002855,2026-01-22 12:50:26,isha.pillai46,EMP0046,PC-SAL-046,Logon,0
L002856,2026-01-22 21:40:10,isha.pillai46,EMP0046,PC-SAL-046,Logoff,0
L002857,2026-01-23 09:35:03,isha.pillai46,EMP0046,PC-SAL-046,Logon,0
L002858,2026-01-23 18:34:55,isha.pillai46,EMP0046,PC-SAL-046,Logoff,0
L002859,2026-01-26 08:55:57,isha.pillai46,EMP0046,PC-SAL-046,Logon,0
L002860,2026-01-26 16:26:34,isha.pillai46,EMP0046,PC-SAL-046,Logoff,0
L002861,2026-01-27 10:07:39,isha.pillai46,EMP0046,PC-SAL-046,Logon,0
L002862,2026-01-27 16:48:27,isha.pillai46,EMP0046,PC-SAL-046,Logoff,0
L002863,2026-01-28 12:21:50,isha.pillai46,EMP0046,PC-SAL-046,Logon,0
L002864,2026-01-28 19:25:46,isha.pillai46,EMP0046,PC-SAL-046,Logoff,0
L002865,2026-01-30 09:09:54,isha.pillai46,EMP0046,PC-SAL-046,Logon,0
L002866,2026-01-30 17:14:07,isha.pillai46,EMP0046,PC-SAL-046,Logoff,0
L002867,2026-02-02 18:28:51,isha.pillai46,EMP0046,PC-SAL-046,Logon,0
L002868,2026-02-03 01:51:08,isha.pillai46,EMP0046,PC-SAL-046,Logoff,0
L002869,2026-02-03 07:06:50,isha.pillai46,EMP0046,PC-SAL-046,Logon,0
L002870,2026-02-03 14:56:44,isha.pillai46,EMP0046,PC-SAL-046,Logoff,0
L002871,2026-02-04 19:52:35,isha.pillai46,EMP0046,PC-SAL-046,Logon,0
L002872,2026-02-05 02:00:08,isha.pillai46,EMP0046,PC-SAL-046,Logoff,0
L002873,2026-02-05 13:55:13,isha.pillai46,EMP0046,PC-SAL-046,Logon,0
L002874,2026-02-05 22:39:11,isha.pillai46,EMP0046,PC-SAL-046,Logoff,0
L002875,2026-02-06 09:28:48,isha.pillai46,EMP0046,PC-SAL-046,Logon,0
L002876,2026-02-06 16:59:51,isha.pillai46,EMP0046,PC-SAL-046,Logoff,0
L002877,2026-02-09 10:08:07,isha.pillai46,EMP0046,PC-SAL-046,Logon,0
L002878,2026-02-09 18:40:51,isha.pillai46,EMP0046,PC-SAL-046,Logoff,0
L002879,2026-02-10 11:49:00,isha.pillai46,EMP0046,PC-SAL-046,Logon,0
L002880,2026-02-10 18:33:09,isha.pillai46,EMP0046,PC-SAL-046,Logoff,0
L002881,2026-02-11 10:32:10,isha.pillai46,EMP0046,PC-SAL-046,Logon,0
L002882,2026-02-11 16:47:30,isha.pillai46,EMP0046,PC-SAL-046,Logoff,0
L002883,2026-02-12 15:23:40,isha.pillai46,EMP0046,PC-SAL-046,Logon,0
L002884,2026-02-12 23:23:21,isha.pillai46,EMP0046,PC-SAL-046,Logoff,0
L002885,2026-02-13 15:26:50,isha.pillai46,EMP0046,PC-SAL-046,Logon,0
L002886,2026-02-13 22:07:54,isha.pillai46,EMP0046,PC-SAL-046,Logoff,0
L002887,2026-01-01 11:29:54,vikram.reddy47,EMP0047,PC-HR-047,Logon,0
L002888,2026-01-01 19:02:48,vikram.reddy47,EMP0047,PC-HR-047,Logoff,0
L002889,2026-01-02 18:28:09,vikram.reddy47,EMP0047,PC-HR-047,Logon,0
L002890,2026-01-03 02:46:46,vikram.reddy47,EMP0047,PC-HR-047,Logoff,0
L002891,2026-01-05 10:25:49,vikram.reddy47,EMP0047,PC-HR-047,Logon,0
L002892,2026-01-05 16:55:23,vikram.reddy47,EMP0047,PC-HR-047,Logoff,0
L002893,2026-01-06 15:42:59,vikram.reddy47,EMP0047,PC-HR-047,Logon,0
L002894,2026-01-06 23:38:26,vikram.reddy47,EMP0047,PC-HR-047,Logoff,0
L002895,2026-01-07 06:40:45,vikram.reddy47,EMP0047,PC-HR-047,Logon,0
L002896,2026-01-07 15:04:34,vikram.reddy47,EMP0047,PC-HR-047,Logoff,0
L002897,2026-01-08 21:26:25,vikram.reddy47,EMP0047,PC-HR-047,Logon,0
L002898,2026-01-09 06:05:51,vikram.reddy47,EMP0047,PC-HR-047,Logoff,0
L002899,2026-01-09 16:46:47,vikram.reddy47,EMP0047,PC-HR-047,Logon,0
L002900,2026-01-09 23:43:14,vikram.reddy47,EMP0047,PC-HR-047,Logoff,0
L002901,2026-01-12 13:09:44,vikram.reddy47,EMP0047,PC-HR-047,Logon,0
L002902,2026-01-12 20:22:26,vikram.reddy47,EMP0047,PC-HR-047,Logoff,0
L002903,2026-01-13 16:39:50,vikram.reddy47,EMP0047,PC-HR-047,Logon,0
L002904,2026-01-14 00:31:06,vikram.reddy47,EMP0047,PC-HR-047,Logoff,0
L002905,2026-01-14 10:51:50,vikram.reddy47,EMP0047,PC-HR-047,Logon,0
L002906,2026-01-14 18:48:36,vikram.reddy47,EMP0047,PC-HR-047,Logoff,0
L002907,2026-01-15 16:05:02,vikram.reddy47,EMP0047,PC-HR-047,Logon,0
L002908,2026-01-15 23:41:46,vikram.reddy47,EMP0047,PC-HR-047,Logoff,0
L002909,2026-01-16 14:56:08,vikram.reddy47,EMP0047,PC-HR-047,Logon,0
L002910,2026-01-16 22:29:49,vikram.reddy47,EMP0047,PC-HR-047,Logoff,0
L002911,2026-01-19 09:21:48,vikram.reddy47,EMP0047,PC-HR-047,Logon,0
L002912,2026-01-19 17:16:13,vikram.reddy47,EMP0047,PC-HR-047,Logoff,0
L002913,2026-01-21 12:16:15,vikram.reddy47,EMP0047,PC-HR-047,Logon,0
L002914,2026-01-21 20:46:03,vikram.reddy47,EMP0047,PC-HR-047,Logoff,0
L002915,2026-01-22 11:32:07,vikram.reddy47,EMP0047,PC-HR-047,Logon,0
L002916,2026-01-22 19:43:52,vikram.reddy47,EMP0047,PC-HR-047,Logoff,0
L002917,2026-01-23 09:32:22,vikram.reddy47,EMP0047,PC-HR-047,Logon,0
L002918,2026-01-23 15:54:39,vikram.reddy47,EMP0047,PC-HR-047,Logoff,0
L002919,2026-01-26 13:00:29,vikram.reddy47,EMP0047,PC-HR-047,Logon,0
L002920,2026-01-26 20:01:29,vikram.reddy47,EMP0047,PC-HR-047,Logoff,0
L002921,2026-01-27 15:37:36,vikram.reddy47,EMP0047,PC-HR-047,Logon,0
L002922,2026-01-27 23:46:14,vikram.reddy47,EMP0047,PC-HR-047,Logoff,0
L002923,2026-01-28 14:54:38,vikram.reddy47,EMP0047,PC-HR-047,Logon,0
L002924,2026-01-28 21:36:43,vikram.reddy47,EMP0047,PC-HR-047,Logoff,0
L002925,2026-01-29 14:52:45,vikram.reddy47,EMP0047,PC-HR-047,Logon,0
L002926,2026-01-29 22:35:50,vikram.reddy47,EMP0047,PC-HR-047,Logoff,0
L002927,2026-01-30 10:47:15,vikram.reddy47,EMP0047,PC-HR-047,Logon,0
L002928,2026-01-30 17:06:11,vikram.reddy47,EMP0047,PC-HR-047,Logoff,0
L002929,2026-02-02 11:09:45,vikram.reddy47,EMP0047,PC-HR-047,Logon,0
L002930,2026-02-02 18:26:22,vikram.reddy47,EMP0047,PC-HR-047,Logoff,0
L002931,2026-02-03 07:27:56,vikram.reddy47,EMP0047,PC-HR-047,Logon,0
L002932,2026-02-03 13:51:20,vikram.reddy47,EMP0047,PC-HR-047,Logoff,0
L002933,2026-02-04 07:43:33,vikram.reddy47,EMP0047,PC-HR-047,Logon,0
L002934,2026-02-04 14:56:02,vikram.reddy47,EMP0047,PC-HR-047,Logoff,0
L002935,2026-02-05 15:55:16,vikram.reddy47,EMP0047,PC-HR-047,Logon,0
L002936,2026-02-05 23:40:26,vikram.reddy47,EMP0047,PC-HR-047,Logoff,0
L002937,2026-02-06 23:44:59,vikram.reddy47,EMP0047,PC-HR-047,Logon,0
L002938,2026-02-07 08:35:35,vikram.reddy47,EMP0047,PC-HR-047,Logoff,0
L002939,2026-02-09 12:31:45,vikram.reddy47,EMP0047,PC-HR-047,Logon,0
L002940,2026-02-09 19:54:08,vikram.reddy47,EMP0047,PC-HR-047,Logoff,0
L002941,2026-02-10 12:33:07,vikram.reddy47,EMP0047,PC-HR-047,Logon,0
L002942,2026-02-10 20:38:07,vikram.reddy47,EMP0047,PC-HR-047,Logoff,0
L002943,2026-02-11 03:10:35,vikram.reddy47,EMP0047,PC-HR-047,Logon,0
L002944,2026-02-11 10:17:03,vikram.reddy47,EMP0047,PC-HR-047,Logoff,0
L002945,2026-02-12 13:26:07,vikram.reddy47,EMP0047,PC-HR-047,Logon,0
L002946,2026-02-12 19:47:52,vikram.reddy47,EMP0047,PC-HR-047,Logoff,0
L002947,2026-02-13 04:09:07,vikram.reddy47,EMP0047,PC-HR-047,Logon,0
L002948,2026-02-13 11:15:58,vikram.reddy47,EMP0047,PC-HR-047,Logoff,0
L002949,2026-01-01 11:50:09,manoj.menon48,EMP0048,PC-IT -048,Logon,0
L002950,2026-01-01 18:15:44,manoj.menon48,EMP0048,PC-IT -048,Logoff,0
L002951,2026-01-02 05:57:19,manoj.menon48,EMP0048,PC-IT -048,Logon,0
L002952,2026-01-02 14:37:20,manoj.menon48,EMP0048,PC-IT -048,Logoff,0
L002953,2026-01-05 07:22:04,manoj.menon48,EMP0048,PC-IT -048,Logon,0
L002954,2026-01-05 15:58:44,manoj.menon48,EMP0048,PC-IT -048,Logoff,0
L002955,2026-01-06 13:36:28,manoj.menon48,EMP0048,PC-IT -048,Logon,0
L002956,2026-01-06 22:18:31,manoj.menon48,EMP0048,PC-IT -048,Logoff,0
L002957,2026-01-07 11:46:53,manoj.menon48,EMP0048,PC-IT -048,Logon,0
L002958,2026-01-07 19:35:54,manoj.menon48,EMP0048,PC-IT -048,Logoff,0
L002959,2026-01-08 12:29:48,manoj.menon48,EMP0048,PC-IT -048,Logon,0
L002960,2026-01-08 19:50:47,manoj.menon48,EMP0048,PC-IT -048,Logoff,0
L002961,2026-01-09 16:20:05,manoj.menon48,EMP0048,PC-IT -048,Logon,0
L002962,2026-01-10 00:44:02,manoj.menon48,EMP0048,PC-IT -048,Logoff,0
L002963,2026-01-12 10:34:02,manoj.menon48,EMP0048,PC-IT -048,Logon,0
L002964,2026-01-12 19:26:29,manoj.menon48,EMP0048,PC-IT -048,Logoff,0
L002965,2026-01-13 14:41:05,manoj.menon48,EMP0048,PC-IT -048,Logon,0
L002966,2026-01-13 23:16:57,manoj.menon48,EMP0048,PC-IT -048,Logoff,0
L002967,2026-01-14 13:50:49,manoj.menon48,EMP0048,PC-IT -048,Logon,0
L002968,2026-01-14 21:58:08,manoj.menon48,EMP0048,PC-IT -048,Logoff,0
L002969,2026-01-15 07:35:05,manoj.menon48,EMP0048,PC-IT -048,Logon,0
L002970,2026-01-15 14:09:43,manoj.menon48,EMP0048,PC-IT -048,Logoff,0
L002971,2026-01-16 13:03:36,manoj.menon48,EMP0048,PC-IT -048,Logon,0
L002972,2026-01-16 20:37:30,manoj.menon48,EMP0048,PC-IT -048,Logoff,0
L002973,2026-01-20 12:01:17,manoj.menon48,EMP0048,PC-IT -048,Logon,0
L002974,2026-01-20 20:22:53,manoj.menon48,EMP0048,PC-IT -048,Logoff,0
L002975,2026-01-21 14:56:37,manoj.menon48,EMP0048,PC-IT -048,Logon,0
L002976,2026-01-21 22:16:34,manoj.menon48,EMP0048,PC-IT -048,Logoff,0
L002977,2026-01-22 13:25:37,manoj.menon48,EMP0048,PC-IT -048,Logon,0
L002978,2026-01-22 19:33:42,manoj.menon48,EMP0048,PC-IT -048,Logoff,0
L002979,2026-01-23 02:27:11,manoj.menon48,EMP0048,PC-IT -048,Logon,0
L002980,2026-01-23 09:41:52,manoj.menon48,EMP0048,PC-IT -048,Logoff,0
L002981,2026-01-26 07:06:34,manoj.menon48,EMP0048,PC-IT -048,Logon,0
L002982,2026-01-26 13:36:50,manoj.menon48,EMP0048,PC-IT -048,Logoff,0
L002983,2026-01-27 09:05:09,manoj.menon48,EMP0048,PC-IT -048,Logon,0
L002984,2026-01-27 16:00:22,manoj.menon48,EMP0048,PC-IT -048,Logoff,0
L002985,2026-01-28 08:39:20,manoj.menon48,EMP0048,PC-IT -048,Logon,0
L002986,2026-01-28 15:11:59,manoj.menon48,EMP0048,PC-IT -048,Logoff,0
L002987,2026-01-29 09:06:20,manoj.menon48,EMP0048,PC-IT -048,Logon,0
L002988,2026-01-29 15:31:58,manoj.menon48,EMP0048,PC-IT -048,Logoff,0
L002989,2026-01-30 09:52:57,manoj.menon48,EMP0048,PC-IT -048,Logon,0
L002990,2026-01-30 16:14:43,manoj.menon48,EMP0048,PC-IT -048,Logoff,0
L002991,2026-02-02 12:48:32,manoj.menon48,EMP0048,PC-IT -048,Logon,0
L002992,2026-02-02 19:57:50,manoj.menon48,EMP0048,PC-IT -048,Logoff,0
L002993,2026-02-03 06:29:35,manoj.menon48,EMP0048,PC-IT -048,Logon,0
L002994,2026-02-03 13:42:51,manoj.menon48,EMP0048,PC-IT -048,Logoff,0
L002995,2026-02-04 11:14:58,manoj.menon48,EMP0048,PC-IT -048,Logon,0
L002996,2026-02-04 19:54:28,manoj.menon48,EMP0048,PC-IT -048,Logoff,0
L002997,2026-02-05 20:43:06,manoj.menon48,EMP0048,PC-IT -048,Logon,0
L002998,2026-02-06 03:27:26,manoj.menon48,EMP0048,PC-IT -048,Logoff,0
L002999,2026-02-06 15:19:36,manoj.menon48,EMP0048,PC-IT -048,Logon,0
L003000,2026-02-06 22:32:48,manoj.menon48,EMP0048,PC-IT -048,Logoff,0
L003001,2026-02-09 20:23:34,manoj.menon48,EMP0048,PC-IT -048,Logon,0
L003002,2026-02-10 05:20:55,manoj.menon48,EMP0048,PC-IT -048,Logoff,0
L003003,2026-02-10 12:27:58,manoj.menon48,EMP0048,PC-IT -048,Logon,0
L003004,2026-02-10 20:07:53,manoj.menon48,EMP0048,PC-IT -048,Logoff,0
L003005,2026-02-12 19:39:18,manoj.menon48,EMP0048,PC-IT -048,Logon,0
L003006,2026-02-13 03:36:51,manoj.menon48,EMP0048,PC-IT -048,Logoff,0
L003007,2026-02-13 06:58:30,manoj.menon48,EMP0048,PC-IT -048,Logon,0
L003008,2026-02-13 13:47:41,manoj.menon48,EMP0048,PC-IT -048,Logoff,0
L003009,2026-01-01 23:53:40,sneha.verma49,EMP0049,PC-FIN-049,Logon,0
L003010,2026-01-02 06:31:57,sneha.verma49,EMP0049,PC-FIN-049,Logoff,0
L003011,2026-01-02 09:10:47,sneha.verma49,EMP0049,PC-FIN-049,Logon,0
L003012,2026-01-02 16:46:55,sneha.verma49,EMP0049,PC-FIN-049,Logoff,0
L003013,2026-01-05 16:46:35,sneha.verma49,EMP0049,PC-FIN-049,Logon,0
L003014,2026-01-06 01:46:22,sneha.verma49,EMP0049,PC-FIN-049,Logoff,0
L003015,2026-01-06 08:32:51,sneha.verma49,EMP0049,PC-FIN-049,Logon,0
L003016,2026-01-06 15:30:08,sneha.verma49,EMP0049,PC-FIN-049,Logoff,0
L003017,2026-01-07 10:16:48,sneha.verma49,EMP0049,PC-FIN-049,Logon,0
L003018,2026-01-07 18:24:11,sneha.verma49,EMP0049,PC-FIN-049,Logoff,0
L003019,2026-01-08 14:20:21,sneha.verma49,EMP0049,PC-FIN-049,Logon,0
L003020,2026-01-08 20:58:15,sneha.verma49,EMP0049,PC-FIN-049,Logoff,0
L003021,2026-01-09 10:58:44,sneha.verma49,EMP0049,PC-FIN-049,Logon,0
L003022,2026-01-09 17:22:48,sneha.verma49,EMP0049,PC-FIN-049,Logoff,0
L003023,2026-01-14 12:44:45,sneha.verma49,EMP0049,PC-FIN-049,Logon,0
L003024,2026-01-14 20:12:45,sneha.verma49,EMP0049,PC-FIN-049,Logoff,0
L003025,2026-01-15 07:56:41,sneha.verma49,EMP0049,PC-FIN-049,Logon,0
L003026,2026-01-15 15:53:54,sneha.verma49,EMP0049,PC-FIN-049,Logoff,0
L003027,2026-01-16 17:52:42,sneha.verma49,EMP0049,PC-FIN-049,Logon,0
L003028,2026-01-17 01:12:49,sneha.verma49,EMP0049,PC-FIN-049,Logoff,0
L003029,2026-01-19 13:24:11,sneha.verma49,EMP0049,PC-FIN-049,Logon,0
L003030,2026-01-19 21:55:13,sneha.verma49,EMP0049,PC-FIN-049,Logoff,0
L003031,2026-01-20 22:07:29,sneha.verma49,EMP0049,PC-FIN-049,Logon,0
L003032,2026-01-21 05:14:10,sneha.verma49,EMP0049,PC-FIN-049,Logoff,0
L003033,2026-01-21 01:47:01,sneha.verma49,EMP0049,PC-FIN-049,Logon,0
L003034,2026-01-21 10:03:31,sneha.verma49,EMP0049,PC-FIN-049,Logoff,0
L003035,2026-01-22 14:12:05,sneha.verma49,EMP0049,PC-FIN-049,Logon,0
L003036,2026-01-22 22:39:00,sneha.verma49,EMP0049,PC-FIN-049,Logoff,0
L003037,2026-01-23 15:14:14,sneha.verma49,EMP0049,PC-FIN-049,Logon,0
L003038,2026-01-24 00:10:39,sneha.verma49,EMP0049,PC-FIN-049,Logoff,0
L003039,2026-01-25 14:38:13,sneha.verma49,EMP0049,PC-FIN-049,Logon,0
L003040,2026-01-25 20:39:30,sneha.verma49,EMP0049,PC-FIN-049,Logoff,0
L003041,2026-01-26 13:07:55,sneha.verma49,EMP0049,PC-FIN-049,Logon,0
L003042,2026-01-26 19:57:50,sneha.verma49,EMP0049,PC-FIN-049,Logoff,0
L003043,2026-01-27 08:12:42,sneha.verma49,EMP0049,PC-FIN-049,Logon,0
L003044,2026-01-27 16:25:41,sneha.verma49,EMP0049,PC-FIN-049,Logoff,0
L003045,2026-01-28 13:11:04,sneha.verma49,EMP0049,PC-FIN-049,Logon,0
L003046,2026-01-28 20:56:56,sneha.verma49,EMP0049,PC-FIN-049,Logoff,0
L003047,2026-01-29 07:59:36,sneha.verma49,EMP0049,PC-FIN-049,Logon,0
L003048,2026-01-29 16:33:35,sneha.verma49,EMP0049,PC-FIN-049,Logoff,0
L003049,2026-01-30 14:17:12,sneha.verma49,EMP0049,PC-FIN-049,Logon,0
L003050,2026-01-30 22:49:46,sneha.verma49,EMP0049,PC-FIN-049,Logoff,0
L003051,2026-01-31 14:39:16,sneha.verma49,EMP0049,PC-FIN-049,Logon,0
L003052,2026-01-31 22:41:47,sneha.verma49,EMP0049,PC-FIN-049,Logoff,0
L003053,2026-02-03 14:41:03,sneha.verma49,EMP0049,PC-FIN-049,Logon,0
L003054,2026-02-03 23:14:44,sneha.verma49,EMP0049,PC-FIN-049,Logoff,0
L003055,2026-02-04 16:26:17,sneha.verma49,EMP0049,PC-FIN-049,Logon,0
L003056,2026-02-04 22:48:11,sneha.verma49,EMP0049,PC-FIN-049,Logoff,0
L003057,2026-02-05 12:33:48,sneha.verma49,EMP0049,PC-FIN-049,Logon,0
L003058,2026-02-05 18:41:37,sneha.verma49,EMP0049,PC-FIN-049,Logoff,0
L003059,2026-02-06 05:58:26,sneha.verma49,EMP0049,PC-FIN-049,Logon,0
L003060,2026-02-06 13:34:16,sneha.verma49,EMP0049,PC-FIN-049,Logoff,0
L003061,2026-02-09 16:51:01,sneha.verma49,EMP0049,PC-FIN-049,Logon,0
L003062,2026-02-10 01:49:15,sneha.verma49,EMP0049,PC-FIN-049,Logoff,0
L003063,2026-02-10 14:04:58,sneha.verma49,EMP0049,PC-FIN-049,Logon,0
L003064,2026-02-10 20:49:57,sneha.verma49,EMP0049,PC-FIN-049,Logoff,0
L003065,2026-02-11 09:40:40,sneha.verma49,EMP0049,PC-FIN-049,Logon,0
L003066,2026-02-11 15:58:04,sneha.verma49,EMP0049,PC-FIN-049,Logoff,0
L003067,2026-02-12 15:37:51,sneha.verma49,EMP0049,PC-FIN-049,Logon,0
L003068,2026-02-12 23:30:35,sneha.verma49,EMP0049,PC-FIN-049,Logoff,0
L003069,2026-02-13 09:06:30,sneha.verma49,EMP0049,PC-FIN-049,Logon,0
L003070,2026-02-13 15:49:24,sneha.verma49,EMP0049,PC-FIN-049,Logoff,0
L003071,2026-01-01 10:50:15,rohan.chatterjee50,EMP0050,PC-ENG-050,Logon,0
L003072,2026-01-01 19:40:05,rohan.chatterjee50,EMP0050,PC-ENG-050,Logoff,0
L003073,2026-01-02 13:48:06,rohan.chatterjee50,EMP0050,PC-ENG-050,Logon,0
L003074,2026-01-02 21:40:39,rohan.chatterjee50,EMP0050,PC-ENG-050,Logoff,0
L003075,2026-01-05 03:20:56,rohan.chatterjee50,EMP0050,PC-ENG-050,Logon,0
L003076,2026-01-05 11:53:31,rohan.chatterjee50,EMP0050,PC-ENG-050,Logoff,0
L003077,2026-01-06 07:58:51,rohan.chatterjee50,EMP0050,PC-ENG-050,Logon,0
L003078,2026-01-06 15:18:23,rohan.chatterjee50,EMP0050,PC-ENG-050,Logoff,0
L003079,2026-01-07 13:04:06,rohan.chatterjee50,EMP0050,PC-ENG-050,Logon,0
L003080,2026-01-07 21:06:03,rohan.chatterjee50,EMP0050,PC-ENG-050,Logoff,0
L003081,2026-01-08 09:24:25,rohan.chatterjee50,EMP0050,PC-ENG-050,Logon,0
L003082,2026-01-08 15:41:39,rohan.chatterjee50,EMP0050,PC-ENG-050,Logoff,0
L003083,2026-01-09 09:38:50,rohan.chatterjee50,EMP0050,PC-ENG-050,Logon,0
L003084,2026-01-09 17:37:35,rohan.chatterjee50,EMP0050,PC-ENG-050,Logoff,0
L003085,2026-01-10 15:56:39,rohan.chatterjee50,EMP0050,PC-ENG-050,Logon,0
L003086,2026-01-10 23:48:06,rohan.chatterjee50,EMP0050,PC-ENG-050,Logoff,0
L003087,2026-01-12 15:29:33,rohan.chatterjee50,EMP0050,PC-ENG-050,Logon,0
L003088,2026-01-12 22:28:37,rohan.chatterjee50,EMP0050,PC-ENG-050,Logoff,0
L003089,2026-01-13 07:38:45,rohan.chatterjee50,EMP0050,PC-ENG-050,Logon,0
L003090,2026-01-13 13:50:54,rohan.chatterjee50,EMP0050,PC-ENG-050,Logoff,0
L003091,2026-01-14 08:36:08,rohan.chatterjee50,EMP0050,PC-ENG-050,Logon,0
L003092,2026-01-14 16:30:51,rohan.chatterjee50,EMP0050,PC-ENG-050,Logoff,0
L003093,2026-01-15 11:46:39,rohan.chatterjee50,EMP0050,PC-ENG-050,Logon,0
L003094,2026-01-15 19:06:40,rohan.chatterjee50,EMP0050,PC-ENG-050,Logoff,0
L003095,2026-01-16 15:03:08,rohan.chatterjee50,EMP0050,PC-ENG-050,Logon,0
L003096,2026-01-16 21:59:14,rohan.chatterjee50,EMP0050,PC-ENG-050,Logoff,0
L003097,2026-01-19 09:56:34,rohan.chatterjee50,EMP0050,PC-ENG-050,Logon,0
L003098,2026-01-19 18:16:09,rohan.chatterjee50,EMP0050,PC-ENG-050,Logoff,0
L003099,2026-01-20 09:21:18,rohan.chatterjee50,EMP0050,PC-ENG-050,Logon,0
L003100,2026-01-20 16:27:41,rohan.chatterjee50,EMP0050,PC-ENG-050,Logoff,0
L003101,2026-01-22 14:03:15,rohan.chatterjee50,EMP0050,PC-ENG-050,Logon,0
L003102,2026-01-22 21:34:31,rohan.chatterjee50,EMP0050,PC-ENG-050,Logoff,0
L003103,2026-01-23 16:27:22,rohan.chatterjee50,EMP0050,PC-ENG-050,Logon,0
L003104,2026-01-23 23:02:32,rohan.chatterjee50,EMP0050,PC-ENG-050,Logoff,0
L003105,2026-01-26 10:42:30,rohan.chatterjee50,EMP0050,PC-ENG-050,Logon,0
L003106,2026-01-26 18:47:33,rohan.chatterjee50,EMP0050,PC-ENG-050,Logoff,0
L003107,2026-01-27 13:21:54,rohan.chatterjee50,EMP0050,PC-ENG-050,Logon,0
L003108,2026-01-27 21:06:00,rohan.chatterjee50,EMP0050,PC-ENG-050,Logoff,0
L003109,2026-01-28 13:26:21,rohan.chatterjee50,EMP0050,PC-ENG-050,Logon,0
L003110,2026-01-28 19:55:33,rohan.chatterjee50,EMP0050,PC-ENG-050,Logoff,0
L003111,2026-01-29 15:02:31,rohan.chatterjee50,EMP0050,PC-ENG-050,Logon,0
L003112,2026-01-29 21:42:00,rohan.chatterjee50,EMP0050,PC-ENG-050,Logoff,0
L003113,2026-02-02 09:47:49,rohan.chatterjee50,EMP0050,PC-ENG-050,Logon,0
L003114,2026-02-02 18:39:16,rohan.chatterjee50,EMP0050,PC-ENG-050,Logoff,0
L003115,2026-02-03 15:13:25,rohan.chatterjee50,EMP0050,PC-ENG-050,Logon,0
L003116,2026-02-03 21:46:34,rohan.chatterjee50,EMP0050,PC-ENG-050,Logoff,0
L003117,2026-02-04 10:04:22,rohan.chatterjee50,EMP0050,PC-ENG-050,Logon,0
L003118,2026-02-04 16:09:46,rohan.chatterjee50,EMP0050,PC-ENG-050,Logoff,0
L003119,2026-02-05 09:12:40,rohan.chatterjee50,EMP0050,PC-ENG-050,Logon,0
L003120,2026-02-05 16:58:05,rohan.chatterjee50,EMP0050,PC-ENG-050,Logoff,0
L003121,2026-02-06 04:01:12,rohan.chatterjee50,EMP0050,PC-ENG-050,Logon,0
L003122,2026-02-06 10:36:48,rohan.chatterjee50,EMP0050,PC-ENG-050,Logoff,0
L003123,2026-02-09 10:35:15,rohan.chatterjee50,EMP0050,PC-ENG-050,Logon,0
L003124,2026-02-09 17:07:23,rohan.chatterjee50,EMP0050,PC-ENG-050,Logoff,0
L003125,2026-02-11 17:01:53,rohan.chatterjee50,EMP0050,PC-ENG-050,Logon,0
L003126,2026-02-12 01:03:49,rohan.chatterjee50,EMP0050,PC-ENG-050,Logoff,0
L003127,2026-02-12 15:07:21,rohan.chatterjee50,EMP0050,PC-ENG-050,Logon,0
L003128,2026-02-12 23:55:51,rohan.chatterjee50,EMP0050,PC-ENG-050,Logoff,0
L003129,2026-02-13 09:51:23,rohan.chatterjee50,EMP0050,PC-ENG-050,Logon,0
L003130,2026-02-13 17:50:20,rohan.chatterjee50,EMP0050,PC-ENG-050,Logoff,0
L003131,2026-01-01 23:56:27,anjali.kapoor51,EMP0051,PC-FIN-051,Logon,0
L003132,2026-01-02 08:34:33,anjali.kapoor51,EMP0051,PC-FIN-051,Logoff,0
L003133,2026-01-02 08:59:08,anjali.kapoor51,EMP0051,PC-FIN-051,Logon,0
L003134,2026-01-02 17:22:12,anjali.kapoor51,EMP0051,PC-FIN-051,Logoff,0
L003135,2026-01-05 13:40:15,anjali.kapoor51,EMP0051,PC-FIN-051,Logon,0
L003136,2026-01-05 22:26:01,anjali.kapoor51,EMP0051,PC-FIN-051,Logoff,0
L003137,2026-01-06 13:54:34,anjali.kapoor51,EMP0051,PC-FIN-051,Logon,0
L003138,2026-01-06 20:47:31,anjali.kapoor51,EMP0051,PC-FIN-051,Logoff,0
L003139,2026-01-07 09:40:50,anjali.kapoor51,EMP0051,PC-FIN-051,Logon,0
L003140,2026-01-07 16:31:14,anjali.kapoor51,EMP0051,PC-FIN-051,Logoff,0
L003141,2026-01-08 12:37:56,anjali.kapoor51,EMP0051,PC-FIN-051,Logon,0
L003142,2026-01-08 20:05:57,anjali.kapoor51,EMP0051,PC-FIN-051,Logoff,0
L003143,2026-01-09 15:50:42,anjali.kapoor51,EMP0051,PC-FIN-051,Logon,0
L003144,2026-01-09 23:41:22,anjali.kapoor51,EMP0051,PC-FIN-051,Logoff,0
L003145,2026-01-12 15:23:31,anjali.kapoor51,EMP0051,PC-FIN-051,Logon,0
L003146,2026-01-12 22:56:55,anjali.kapoor51,EMP0051,PC-FIN-051,Logoff,0
L003147,2026-01-13 14:33:44,anjali.kapoor51,EMP0051,PC-FIN-051,Logon,0
L003148,2026-01-13 22:00:43,anjali.kapoor51,EMP0051,PC-FIN-051,Logoff,0
L003149,2026-01-14 11:37:25,anjali.kapoor51,EMP0051,PC-FIN-051,Logon,0
L003150,2026-01-14 19:32:16,anjali.kapoor51,EMP0051,PC-FIN-051,Logoff,0
L003151,2026-01-15 14:13:14,anjali.kapoor51,EMP0051,PC-FIN-051,Logon,0
L003152,2026-01-15 22:54:18,anjali.kapoor51,EMP0051,PC-FIN-051,Logoff,0
L003153,2026-01-16 09:13:19,anjali.kapoor51,EMP0051,PC-FIN-051,Logon,0
L003154,2026-01-16 16:29:49,anjali.kapoor51,EMP0051,PC-FIN-051,Logoff,0
L003155,2026-01-19 09:05:08,anjali.kapoor51,EMP0051,PC-FIN-051,Logon,0
L003156,2026-01-19 17:20:25,anjali.kapoor51,EMP0051,PC-FIN-051,Logoff,0
L003157,2026-01-20 12:14:37,anjali.kapoor51,EMP0051,PC-FIN-051,Logon,0
L003158,2026-01-20 18:22:01,anjali.kapoor51,EMP0051,PC-FIN-051,Logoff,0
L003159,2026-01-21 10:28:29,anjali.kapoor51,EMP0051,PC-FIN-051,Logon,0
L003160,2026-01-21 17:46:20,anjali.kapoor51,EMP0051,PC-FIN-051,Logoff,0
L003161,2026-01-22 12:17:24,anjali.kapoor51,EMP0051,PC-FIN-051,Logon,0
L003162,2026-01-22 18:21:50,anjali.kapoor51,EMP0051,PC-FIN-051,Logoff,0
L003163,2026-01-23 09:04:22,anjali.kapoor51,EMP0051,PC-FIN-051,Logon,0
L003164,2026-01-23 17:46:37,anjali.kapoor51,EMP0051,PC-FIN-051,Logoff,0
L003165,2026-01-26 07:17:59,anjali.kapoor51,EMP0051,PC-FIN-051,Logon,0
L003166,2026-01-26 13:58:58,anjali.kapoor51,EMP0051,PC-FIN-051,Logoff,0
L003167,2026-01-27 10:34:12,anjali.kapoor51,EMP0051,PC-FIN-051,Logon,0
L003168,2026-01-27 17:34:16,anjali.kapoor51,EMP0051,PC-FIN-051,Logoff,0
L003169,2026-01-28 09:47:52,anjali.kapoor51,EMP0051,PC-FIN-051,Logon,0
L003170,2026-01-28 18:06:11,anjali.kapoor51,EMP0051,PC-FIN-051,Logoff,0
L003171,2026-01-29 08:38:08,anjali.kapoor51,EMP0051,PC-FIN-051,Logon,0
L003172,2026-01-29 17:37:50,anjali.kapoor51,EMP0051,PC-FIN-051,Logoff,0
L003173,2026-01-30 15:58:16,anjali.kapoor51,EMP0051,PC-FIN-051,Logon,0
L003174,2026-01-30 21:59:48,anjali.kapoor51,EMP0051,PC-FIN-051,Logoff,0
L003175,2026-02-02 11:25:52,anjali.kapoor51,EMP0051,PC-FIN-051,Logon,0
L003176,2026-02-02 19:10:15,anjali.kapoor51,EMP0051,PC-FIN-051,Logoff,0
L003177,2026-02-03 11:32:48,anjali.kapoor51,EMP0051,PC-FIN-051,Logon,0
L003178,2026-02-03 20:24:04,anjali.kapoor51,EMP0051,PC-FIN-051,Logoff,0
L003179,2026-02-04 09:46:47,anjali.kapoor51,EMP0051,PC-FIN-051,Logon,0
L003180,2026-02-04 16:24:33,anjali.kapoor51,EMP0051,PC-FIN-051,Logoff,0
L003181,2026-02-05 13:35:48,anjali.kapoor51,EMP0051,PC-FIN-051,Logon,0
L003182,2026-02-05 21:00:10,anjali.kapoor51,EMP0051,PC-FIN-051,Logoff,0
L003183,2026-02-06 10:05:20,anjali.kapoor51,EMP0051,PC-FIN-051,Logon,0
L003184,2026-02-06 18:37:34,anjali.kapoor51,EMP0051,PC-FIN-051,Logoff,0
L003185,2026-02-09 11:54:35,anjali.kapoor51,EMP0051,PC-FIN-051,Logon,0
L003186,2026-02-09 18:00:00,anjali.kapoor51,EMP0051,PC-FIN-051,Logoff,0
L003187,2026-02-10 16:19:47,anjali.kapoor51,EMP0051,PC-FIN-051,Logon,0
L003188,2026-02-10 22:21:31,anjali.kapoor51,EMP0051,PC-FIN-051,Logoff,0
L003189,2026-02-11 16:21:14,anjali.kapoor51,EMP0051,PC-FIN-051,Logon,0
L003190,2026-02-11 23:36:40,anjali.kapoor51,EMP0051,PC-FIN-051,Logoff,0
L003191,2026-02-12 11:49:44,anjali.kapoor51,EMP0051,PC-FIN-051,Logon,0
L003192,2026-02-12 19:26:30,anjali.kapoor51,EMP0051,PC-FIN-051,Logoff,0
L003193,2026-02-13 02:50:02,anjali.kapoor51,EMP0051,PC-FIN-051,Logon,0
L003194,2026-02-13 11:36:01,anjali.kapoor51,EMP0051,PC-FIN-051,Logoff,0
L003195,2026-01-01 10:40:51,swati.kapoor52,EMP0052,PC-FIN-052,Logon,0
L003196,2026-01-01 18:29:23,swati.kapoor52,EMP0052,PC-FIN-052,Logoff,0
L003197,2026-01-02 16:24:13,swati.kapoor52,EMP0052,PC-FIN-052,Logon,0
L003198,2026-01-03 01:14:58,swati.kapoor52,EMP0052,PC-FIN-052,Logoff,0
L003199,2026-01-05 10:28:40,swati.kapoor52,EMP0052,PC-FIN-052,Logon,0
L003200,2026-01-05 19:09:43,swati.kapoor52,EMP0052,PC-FIN-052,Logoff,0
L003201,2026-01-06 07:35:11,swati.kapoor52,EMP0052,PC-FIN-052,Logon,0
L003202,2026-01-06 13:40:57,swati.kapoor52,EMP0052,PC-FIN-052,Logoff,0
L003203,2026-01-07 12:11:12,swati.kapoor52,EMP0052,PC-FIN-052,Logon,0
L003204,2026-01-07 18:23:42,swati.kapoor52,EMP0052,PC-FIN-052,Logoff,0
L003205,2026-01-08 09:14:18,swati.kapoor52,EMP0052,PC-FIN-052,Logon,0
L003206,2026-01-08 17:13:01,swati.kapoor52,EMP0052,PC-FIN-052,Logoff,0
L003207,2026-01-09 06:33:00,swati.kapoor52,EMP0052,PC-FIN-052,Logon,0
L003208,2026-01-09 13:03:55,swati.kapoor52,EMP0052,PC-FIN-052,Logoff,0
L003209,2026-01-12 07:34:26,swati.kapoor52,EMP0052,PC-FIN-052,Logon,0
L003210,2026-01-12 15:00:31,swati.kapoor52,EMP0052,PC-FIN-052,Logoff,0
L003211,2026-01-13 19:55:13,swati.kapoor52,EMP0052,PC-FIN-052,Logon,0
L003212,2026-01-14 02:18:36,swati.kapoor52,EMP0052,PC-FIN-052,Logoff,0
L003213,2026-01-14 11:45:42,swati.kapoor52,EMP0052,PC-FIN-052,Logon,0
L003214,2026-01-14 19:11:09,swati.kapoor52,EMP0052,PC-FIN-052,Logoff,0
L003215,2026-01-15 18:37:12,swati.kapoor52,EMP0052,PC-FIN-052,Logon,0
L003216,2026-01-16 02:07:38,swati.kapoor52,EMP0052,PC-FIN-052,Logoff,0
L003217,2026-01-16 09:00:09,swati.kapoor52,EMP0052,PC-FIN-052,Logon,0
L003218,2026-01-16 16:20:22,swati.kapoor52,EMP0052,PC-FIN-052,Logoff,0
L003219,2026-01-19 10:36:56,swati.kapoor52,EMP0052,PC-FIN-052,Logon,0
L003220,2026-01-19 18:05:18,swati.kapoor52,EMP0052,PC-FIN-052,Logoff,0
L003221,2026-01-20 04:05:18,swati.kapoor52,EMP0052,PC-FIN-052,Logon,0
L003222,2026-01-20 12:01:38,swati.kapoor52,EMP0052,PC-FIN-052,Logoff,0
L003223,2026-01-21 10:53:45,swati.kapoor52,EMP0052,PC-FIN-052,Logon,0
L003224,2026-01-21 19:16:22,swati.kapoor52,EMP0052,PC-FIN-052,Logoff,0
L003225,2026-01-22 16:54:11,swati.kapoor52,EMP0052,PC-FIN-052,Logon,0
L003226,2026-01-23 00:08:53,swati.kapoor52,EMP0052,PC-FIN-052,Logoff,0
L003227,2026-01-23 13:27:29,swati.kapoor52,EMP0052,PC-FIN-052,Logon,0
L003228,2026-01-23 20:36:43,swati.kapoor52,EMP0052,PC-FIN-052,Logoff,0
L003229,2026-01-26 14:02:15,swati.kapoor52,EMP0052,PC-FIN-052,Logon,0
L003230,2026-01-26 22:41:38,swati.kapoor52,EMP0052,PC-FIN-052,Logoff,0
L003231,2026-01-27 16:34:18,swati.kapoor52,EMP0052,PC-FIN-052,Logon,0
L003232,2026-01-28 00:34:17,swati.kapoor52,EMP0052,PC-FIN-052,Logoff,0
L003233,2026-01-28 14:57:13,swati.kapoor52,EMP0052,PC-FIN-052,Logon,0
L003234,2026-01-28 23:40:47,swati.kapoor52,EMP0052,PC-FIN-052,Logoff,0
L003235,2026-01-29 15:07:23,swati.kapoor52,EMP0052,PC-FIN-052,Logon,0
L003236,2026-01-29 21:21:09,swati.kapoor52,EMP0052,PC-FIN-052,Logoff,0
L003237,2026-01-30 15:20:26,swati.kapoor52,EMP0052,PC-FIN-052,Logon,0
L003238,2026-01-30 22:41:36,swati.kapoor52,EMP0052,PC-FIN-052,Logoff,0
L003239,2026-02-02 06:44:43,swati.kapoor52,EMP0052,PC-FIN-052,Logon,0
L003240,2026-02-02 14:59:40,swati.kapoor52,EMP0052,PC-FIN-052,Logoff,0
L003241,2026-02-03 15:54:12,swati.kapoor52,EMP0052,PC-FIN-052,Logon,0
L003242,2026-02-03 23:05:36,swati.kapoor52,EMP0052,PC-FIN-052,Logoff,0
L003243,2026-02-05 17:20:42,swati.kapoor52,EMP0052,PC-FIN-052,Logon,0
L003244,2026-02-06 01:35:27,swati.kapoor52,EMP0052,PC-FIN-052,Logoff,0
L003245,2026-02-06 06:35:42,swati.kapoor52,EMP0052,PC-FIN-052,Logon,0
L003246,2026-02-06 13:19:18,swati.kapoor52,EMP0052,PC-FIN-052,Logoff,0
L003247,2026-02-09 16:10:53,swati.kapoor52,EMP0052,PC-FIN-052,Logon,0
L003248,2026-02-09 22:14:08,swati.kapoor52,EMP0052,PC-FIN-052,Logoff,0
L003249,2026-02-10 09:34:47,swati.kapoor52,EMP0052,PC-FIN-052,Logon,0
L003250,2026-02-10 16:45:08,swati.kapoor52,EMP0052,PC-FIN-052,Logoff,0
L003251,2026-02-11 15:43:17,swati.kapoor52,EMP0052,PC-FIN-052,Logon,0
L003252,2026-02-11 22:10:54,swati.kapoor52,EMP0052,PC-FIN-052,Logoff,0
L003253,2026-02-12 08:02:57,swati.kapoor52,EMP0052,PC-FIN-052,Logon,0
L003254,2026-02-12 16:04:27,swati.kapoor52,EMP0052,PC-FIN-052,Logoff,0
L003255,2026-02-13 14:53:40,swati.kapoor52,EMP0052,PC-FIN-052,Logon,0
L003256,2026-02-13 23:19:44,swati.kapoor52,EMP0052,PC-FIN-052,Logoff,0
L003257,2026-01-01 17:24:44,kiran.iyer53,EMP0053,PC-LEG-053,Logon,0
L003258,2026-01-02 00:20:13,kiran.iyer53,EMP0053,PC-LEG-053,Logoff,0
L003259,2026-01-02 00:49:24,kiran.iyer53,EMP0053,PC-LEG-053,Logon,0
L003260,2026-01-02 09:07:28,kiran.iyer53,EMP0053,PC-LEG-053,Logoff,0
L003261,2026-01-05 07:26:01,kiran.iyer53,EMP0053,PC-LEG-053,Logon,0
L003262,2026-01-05 16:24:05,kiran.iyer53,EMP0053,PC-LEG-053,Logoff,0
L003263,2026-01-06 08:42:04,kiran.iyer53,EMP0053,PC-LEG-053,Logon,0
L003264,2026-01-06 15:21:46,kiran.iyer53,EMP0053,PC-LEG-053,Logoff,0
L003265,2026-01-07 15:53:42,kiran.iyer53,EMP0053,PC-LEG-053,Logon,0
L003266,2026-01-07 22:23:55,kiran.iyer53,EMP0053,PC-LEG-053,Logoff,0
L003267,2026-01-08 11:06:52,kiran.iyer53,EMP0053,PC-LEG-053,Logon,0
L003268,2026-01-08 18:05:45,kiran.iyer53,EMP0053,PC-LEG-053,Logoff,0
L003269,2026-01-09 08:13:59,kiran.iyer53,EMP0053,PC-LEG-053,Logon,0
L003270,2026-01-09 15:51:29,kiran.iyer53,EMP0053,PC-LEG-053,Logoff,0
L003271,2026-01-12 10:11:00,kiran.iyer53,EMP0053,PC-LEG-053,Logon,0
L003272,2026-01-12 17:23:23,kiran.iyer53,EMP0053,PC-LEG-053,Logoff,0
L003273,2026-01-13 10:29:14,kiran.iyer53,EMP0053,PC-LEG-053,Logon,0
L003274,2026-01-13 16:41:06,kiran.iyer53,EMP0053,PC-LEG-053,Logoff,0
L003275,2026-01-14 14:23:02,kiran.iyer53,EMP0053,PC-LEG-053,Logon,0
L003276,2026-01-14 20:35:09,kiran.iyer53,EMP0053,PC-LEG-053,Logoff,0
L003277,2026-01-15 09:38:31,kiran.iyer53,EMP0053,PC-LEG-053,Logon,0
L003278,2026-01-15 18:35:28,kiran.iyer53,EMP0053,PC-LEG-053,Logoff,0
L003279,2026-01-16 12:59:54,kiran.iyer53,EMP0053,PC-LEG-053,Logon,0
L003280,2026-01-16 20:42:21,kiran.iyer53,EMP0053,PC-LEG-053,Logoff,0
L003281,2026-01-19 13:24:43,kiran.iyer53,EMP0053,PC-LEG-053,Logon,0
L003282,2026-01-19 22:11:08,kiran.iyer53,EMP0053,PC-LEG-053,Logoff,0
L003283,2026-01-20 08:11:40,kiran.iyer53,EMP0053,PC-LEG-053,Logon,0
L003284,2026-01-20 16:28:46,kiran.iyer53,EMP0053,PC-LEG-053,Logoff,0
L003285,2026-01-21 21:42:30,kiran.iyer53,EMP0053,PC-LEG-053,Logon,0
L003286,2026-01-22 03:54:39,kiran.iyer53,EMP0053,PC-LEG-053,Logoff,0
L003287,2026-01-23 11:32:40,kiran.iyer53,EMP0053,PC-LEG-053,Logon,0
L003288,2026-01-23 19:46:11,kiran.iyer53,EMP0053,PC-LEG-053,Logoff,0
L003289,2026-01-28 07:15:47,kiran.iyer53,EMP0053,PC-LEG-053,Logon,0
L003290,2026-01-28 14:32:54,kiran.iyer53,EMP0053,PC-LEG-053,Logoff,0
L003291,2026-01-29 07:08:23,kiran.iyer53,EMP0053,PC-LEG-053,Logon,0
L003292,2026-01-29 14:38:09,kiran.iyer53,EMP0053,PC-LEG-053,Logoff,0
L003293,2026-01-30 10:41:02,kiran.iyer53,EMP0053,PC-LEG-053,Logon,0
L003294,2026-01-30 17:23:53,kiran.iyer53,EMP0053,PC-LEG-053,Logoff,0
L003295,2026-02-02 16:08:17,kiran.iyer53,EMP0053,PC-LEG-053,Logon,0
L003296,2026-02-02 23:05:26,kiran.iyer53,EMP0053,PC-LEG-053,Logoff,0
L003297,2026-02-03 04:50:26,kiran.iyer53,EMP0053,PC-LEG-053,Logon,0
L003298,2026-02-03 12:47:04,kiran.iyer53,EMP0053,PC-LEG-053,Logoff,0
L003299,2026-02-04 02:54:46,kiran.iyer53,EMP0053,PC-LEG-053,Logon,0
L003300,2026-02-04 09:54:23,kiran.iyer53,EMP0053,PC-LEG-053,Logoff,0
L003301,2026-02-05 12:58:58,kiran.iyer53,EMP0053,PC-LEG-053,Logon,0
L003302,2026-02-05 20:58:40,kiran.iyer53,EMP0053,PC-LEG-053,Logoff,0
L003303,2026-02-06 14:46:14,kiran.iyer53,EMP0053,PC-LEG-053,Logon,0
L003304,2026-02-06 22:35:41,kiran.iyer53,EMP0053,PC-LEG-053,Logoff,0
L003305,2026-02-09 00:55:31,kiran.iyer53,EMP0053,PC-LEG-053,Logon,0
L003306,2026-02-09 07:08:06,kiran.iyer53,EMP0053,PC-LEG-053,Logoff,0
L003307,2026-02-10 13:09:13,kiran.iyer53,EMP0053,PC-LEG-053,Logon,0
L003308,2026-02-10 19:31:49,kiran.iyer53,EMP0053,PC-LEG-053,Logoff,0
L003309,2026-02-11 12:50:59,kiran.iyer53,EMP0053,PC-LEG-053,Logon,0
L003310,2026-02-11 19:27:46,kiran.iyer53,EMP0053,PC-LEG-053,Logoff,0
L003311,2026-02-12 11:29:19,kiran.iyer53,EMP0053,PC-LEG-053,Logon,0
L003312,2026-02-12 17:58:51,kiran.iyer53,EMP0053,PC-LEG-053,Logoff,0
L003313,2026-02-13 11:38:15,kiran.iyer53,EMP0053,PC-LEG-053,Logon,0
L003314,2026-02-13 18:32:48,kiran.iyer53,EMP0053,PC-LEG-053,Logoff,0
L003315,2026-01-01 08:55:50,karthik.bose54,EMP0054,PC-SAL-054,Logon,0
L003316,2026-01-01 16:22:26,karthik.bose54,EMP0054,PC-SAL-054,Logoff,0
L003317,2026-01-02 10:24:10,karthik.bose54,EMP0054,PC-SAL-054,Logon,0
L003318,2026-01-02 17:48:53,karthik.bose54,EMP0054,PC-SAL-054,Logoff,0
L003319,2026-01-05 08:50:30,karthik.bose54,EMP0054,PC-SAL-054,Logon,0
L003320,2026-01-05 14:54:03,karthik.bose54,EMP0054,PC-SAL-054,Logoff,0
L003321,2026-01-06 16:48:58,karthik.bose54,EMP0054,PC-SAL-054,Logon,0
L003322,2026-01-07 01:34:50,karthik.bose54,EMP0054,PC-SAL-054,Logoff,0
L003323,2026-01-07 08:46:11,karthik.bose54,EMP0054,PC-SAL-054,Logon,0
L003324,2026-01-07 15:32:29,karthik.bose54,EMP0054,PC-SAL-054,Logoff,0
L003325,2026-01-08 11:24:35,karthik.bose54,EMP0054,PC-SAL-054,Logon,0
L003326,2026-01-08 19:13:40,karthik.bose54,EMP0054,PC-SAL-054,Logoff,0
L003327,2026-01-09 08:30:12,karthik.bose54,EMP0054,PC-SAL-054,Logon,0
L003328,2026-01-09 14:58:03,karthik.bose54,EMP0054,PC-SAL-054,Logoff,0
L003329,2026-01-11 14:31:25,karthik.bose54,EMP0054,PC-SAL-054,Logon,0
L003330,2026-01-11 23:18:02,karthik.bose54,EMP0054,PC-SAL-054,Logoff,0
L003331,2026-01-12 20:23:24,karthik.bose54,EMP0054,PC-SAL-054,Logon,0
L003332,2026-01-13 03:51:31,karthik.bose54,EMP0054,PC-SAL-054,Logoff,0
L003333,2026-01-13 13:26:56,karthik.bose54,EMP0054,PC-SAL-054,Logon,0
L003334,2026-01-13 19:33:55,karthik.bose54,EMP0054,PC-SAL-054,Logoff,0
L003335,2026-01-14 10:36:10,karthik.bose54,EMP0054,PC-SAL-054,Logon,0
L003336,2026-01-14 17:11:07,karthik.bose54,EMP0054,PC-SAL-054,Logoff,0
L003337,2026-01-15 09:58:48,karthik.bose54,EMP0054,PC-SAL-054,Logon,0
L003338,2026-01-15 18:08:48,karthik.bose54,EMP0054,PC-SAL-054,Logoff,0
L003339,2026-01-16 12:44:23,karthik.bose54,EMP0054,PC-SAL-054,Logon,0
L003340,2026-01-16 20:49:44,karthik.bose54,EMP0054,PC-SAL-054,Logoff,0
L003341,2026-01-19 09:02:58,karthik.bose54,EMP0054,PC-SAL-054,Logon,0
L003342,2026-01-19 17:29:19,karthik.bose54,EMP0054,PC-SAL-054,Logoff,0
L003343,2026-01-20 14:44:42,karthik.bose54,EMP0054,PC-SAL-054,Logon,0
L003344,2026-01-20 22:40:51,karthik.bose54,EMP0054,PC-SAL-054,Logoff,0
L003345,2026-01-21 11:43:09,karthik.bose54,EMP0054,PC-SAL-054,Logon,0
L003346,2026-01-21 18:28:55,karthik.bose54,EMP0054,PC-SAL-054,Logoff,0
L003347,2026-01-22 19:53:10,karthik.bose54,EMP0054,PC-SAL-054,Logon,0
L003348,2026-01-23 01:55:23,karthik.bose54,EMP0054,PC-SAL-054,Logoff,0
L003349,2026-01-23 13:58:24,karthik.bose54,EMP0054,PC-SAL-054,Logon,0
L003350,2026-01-23 21:09:58,karthik.bose54,EMP0054,PC-SAL-054,Logoff,0
L003351,2026-01-26 08:27:10,karthik.bose54,EMP0054,PC-SAL-054,Logon,0
L003352,2026-01-26 16:56:31,karthik.bose54,EMP0054,PC-SAL-054,Logoff,0
L003353,2026-01-27 09:34:42,karthik.bose54,EMP0054,PC-SAL-054,Logon,0
L003354,2026-01-27 18:14:17,karthik.bose54,EMP0054,PC-SAL-054,Logoff,0
L003355,2026-01-28 14:48:56,karthik.bose54,EMP0054,PC-SAL-054,Logon,0
L003356,2026-01-28 23:35:18,karthik.bose54,EMP0054,PC-SAL-054,Logoff,0
L003357,2026-01-29 07:36:49,karthik.bose54,EMP0054,PC-SAL-054,Logon,0
L003358,2026-01-29 16:00:22,karthik.bose54,EMP0054,PC-SAL-054,Logoff,0
L003359,2026-01-30 09:13:59,karthik.bose54,EMP0054,PC-SAL-054,Logon,0
L003360,2026-01-30 17:28:40,karthik.bose54,EMP0054,PC-SAL-054,Logoff,0
L003361,2026-02-01 12:06:04,karthik.bose54,EMP0054,PC-SAL-054,Logon,0
L003362,2026-02-01 20:25:20,karthik.bose54,EMP0054,PC-SAL-054,Logoff,0
L003363,2026-02-02 11:18:46,karthik.bose54,EMP0054,PC-SAL-054,Logon,0
L003364,2026-02-02 18:36:20,karthik.bose54,EMP0054,PC-SAL-054,Logoff,0
L003365,2026-02-03 08:08:12,karthik.bose54,EMP0054,PC-SAL-054,Logon,0
L003366,2026-02-03 15:35:45,karthik.bose54,EMP0054,PC-SAL-054,Logoff,0
L003367,2026-02-04 07:36:52,karthik.bose54,EMP0054,PC-SAL-054,Logon,0
L003368,2026-02-04 14:15:07,karthik.bose54,EMP0054,PC-SAL-054,Logoff,0
L003369,2026-02-05 15:51:48,karthik.bose54,EMP0054,PC-SAL-054,Logon,0
L003370,2026-02-05 22:26:20,karthik.bose54,EMP0054,PC-SAL-054,Logoff,0
L003371,2026-02-06 16:28:40,karthik.bose54,EMP0054,PC-SAL-054,Logon,0
L003372,2026-02-07 01:13:00,karthik.bose54,EMP0054,PC-SAL-054,Logoff,0
L003373,2026-02-09 07:07:17,karthik.bose54,EMP0054,PC-SAL-054,Logon,0
L003374,2026-02-09 13:18:51,karthik.bose54,EMP0054,PC-SAL-054,Logoff,0
L003375,2026-02-11 11:48:06,karthik.bose54,EMP0054,PC-SAL-054,Logon,0
L003376,2026-02-11 17:49:48,karthik.bose54,EMP0054,PC-SAL-054,Logoff,0
L003377,2026-02-12 19:42:37,karthik.bose54,EMP0054,PC-SAL-054,Logon,0
L003378,2026-02-13 04:04:40,karthik.bose54,EMP0054,PC-SAL-054,Logoff,0
L003379,2026-01-01 10:33:48,rohan.joshi55,EMP0055,PC-LEG-055,Logon,0
L003380,2026-01-01 17:21:39,rohan.joshi55,EMP0055,PC-LEG-055,Logoff,0
L003381,2026-01-02 15:38:27,rohan.joshi55,EMP0055,PC-LEG-055,Logon,0
L003382,2026-01-02 22:39:01,rohan.joshi55,EMP0055,PC-LEG-055,Logoff,0
L003383,2026-01-05 09:23:42,rohan.joshi55,EMP0055,PC-LEG-055,Logon,0
L003384,2026-01-05 16:35:25,rohan.joshi55,EMP0055,PC-LEG-055,Logoff,0
L003385,2026-01-06 21:55:21,rohan.joshi55,EMP0055,PC-LEG-055,Logon,0
L003386,2026-01-07 06:20:28,rohan.joshi55,EMP0055,PC-LEG-055,Logoff,0
L003387,2026-01-08 10:53:56,rohan.joshi55,EMP0055,PC-LEG-055,Logon,0
L003388,2026-01-08 19:40:26,rohan.joshi55,EMP0055,PC-LEG-055,Logoff,0
L003389,2026-01-12 15:15:23,rohan.joshi55,EMP0055,PC-LEG-055,Logon,0
L003390,2026-01-12 22:36:43,rohan.joshi55,EMP0055,PC-LEG-055,Logoff,0
L003391,2026-01-13 16:32:26,rohan.joshi55,EMP0055,PC-LEG-055,Logon,0
L003392,2026-01-14 00:31:16,rohan.joshi55,EMP0055,PC-LEG-055,Logoff,0
L003393,2026-01-15 18:20:01,rohan.joshi55,EMP0055,PC-LEG-055,Logon,0
L003394,2026-01-16 02:14:05,rohan.joshi55,EMP0055,PC-LEG-055,Logoff,0
L003395,2026-01-16 20:47:20,rohan.joshi55,EMP0055,PC-LEG-055,Logon,0
L003396,2026-01-17 04:49:21,rohan.joshi55,EMP0055,PC-LEG-055,Logoff,0
L003397,2026-01-19 15:22:27,rohan.joshi55,EMP0055,PC-LEG-055,Logon,0
L003398,2026-01-20 00:11:29,rohan.joshi55,EMP0055,PC-LEG-055,Logoff,0
L003399,2026-01-20 11:42:54,rohan.joshi55,EMP0055,PC-LEG-055,Logon,0
L003400,2026-01-20 19:48:48,rohan.joshi55,EMP0055,PC-LEG-055,Logoff,0
L003401,2026-01-21 10:38:12,rohan.joshi55,EMP0055,PC-LEG-055,Logon,0
L003402,2026-01-21 18:46:20,rohan.joshi55,EMP0055,PC-LEG-055,Logoff,0
L003403,2026-01-22 16:50:54,rohan.joshi55,EMP0055,PC-LEG-055,Logon,0
L003404,2026-01-23 00:59:53,rohan.joshi55,EMP0055,PC-LEG-055,Logoff,0
L003405,2026-01-26 23:55:29,rohan.joshi55,EMP0055,PC-LEG-055,Logon,0
L003406,2026-01-27 06:25:43,rohan.joshi55,EMP0055,PC-LEG-055,Logoff,0
L003407,2026-01-27 07:42:34,rohan.joshi55,EMP0055,PC-LEG-055,Logon,0
L003408,2026-01-27 14:25:55,rohan.joshi55,EMP0055,PC-LEG-055,Logoff,0
L003409,2026-01-28 15:42:44,rohan.joshi55,EMP0055,PC-LEG-055,Logon,0
L003410,2026-01-28 21:58:49,rohan.joshi55,EMP0055,PC-LEG-055,Logoff,0
L003411,2026-01-29 14:10:59,rohan.joshi55,EMP0055,PC-LEG-055,Logon,0
L003412,2026-01-29 22:58:11,rohan.joshi55,EMP0055,PC-LEG-055,Logoff,0
L003413,2026-01-30 15:14:46,rohan.joshi55,EMP0055,PC-LEG-055,Logon,0
L003414,2026-01-30 22:01:08,rohan.joshi55,EMP0055,PC-LEG-055,Logoff,0
L003415,2026-02-02 08:34:40,rohan.joshi55,EMP0055,PC-LEG-055,Logon,0
L003416,2026-02-02 16:45:14,rohan.joshi55,EMP0055,PC-LEG-055,Logoff,0
L003417,2026-02-03 14:55:14,rohan.joshi55,EMP0055,PC-LEG-055,Logon,0
L003418,2026-02-03 23:42:57,rohan.joshi55,EMP0055,PC-LEG-055,Logoff,0
L003419,2026-02-04 13:41:21,rohan.joshi55,EMP0055,PC-LEG-055,Logon,0
L003420,2026-02-04 20:49:12,rohan.joshi55,EMP0055,PC-LEG-055,Logoff,0
L003421,2026-02-05 14:24:41,rohan.joshi55,EMP0055,PC-LEG-055,Logon,0
L003422,2026-02-05 22:20:15,rohan.joshi55,EMP0055,PC-LEG-055,Logoff,0
L003423,2026-02-06 16:51:14,rohan.joshi55,EMP0055,PC-LEG-055,Logon,0
L003424,2026-02-06 23:31:28,rohan.joshi55,EMP0055,PC-LEG-055,Logoff,0
L003425,2026-02-09 15:59:12,rohan.joshi55,EMP0055,PC-LEG-055,Logon,0
L003426,2026-02-10 00:13:13,rohan.joshi55,EMP0055,PC-LEG-055,Logoff,0
L003427,2026-02-10 10:54:20,rohan.joshi55,EMP0055,PC-LEG-055,Logon,0
L003428,2026-02-10 19:46:03,rohan.joshi55,EMP0055,PC-LEG-055,Logoff,0
L003429,2026-02-11 00:03:37,rohan.joshi55,EMP0055,PC-LEG-055,Logon,0
L003430,2026-02-11 07:40:01,rohan.joshi55,EMP0055,PC-LEG-055,Logoff,0
L003431,2026-02-12 21:20:49,rohan.joshi55,EMP0055,PC-LEG-055,Logon,0
L003432,2026-02-13 04:26:31,rohan.joshi55,EMP0055,PC-LEG-055,Logoff,0
L003433,2026-02-13 15:33:42,rohan.joshi55,EMP0055,PC-LEG-055,Logon,0
L003434,2026-02-13 23:21:59,rohan.joshi55,EMP0055,PC-LEG-055,Logoff,0
L003435,2026-01-01 11:09:52,rajesh.iyer56,EMP0056,PC-FIN-056,Logon,0
L003436,2026-01-01 19:59:35,rajesh.iyer56,EMP0056,PC-FIN-056,Logoff,0
L003437,2026-01-02 11:38:18,rajesh.iyer56,EMP0056,PC-FIN-056,Logon,0
L003438,2026-01-02 18:04:33,rajesh.iyer56,EMP0056,PC-FIN-056,Logoff,0
L003439,2026-01-05 09:44:07,rajesh.iyer56,EMP0056,PC-FIN-056,Logon,0
L003440,2026-01-05 16:33:20,rajesh.iyer56,EMP0056,PC-FIN-056,Logoff,0
L003441,2026-01-06 13:13:31,rajesh.iyer56,EMP0056,PC-FIN-056,Logon,0
L003442,2026-01-06 20:05:59,rajesh.iyer56,EMP0056,PC-FIN-056,Logoff,0
L003443,2026-01-07 05:09:52,rajesh.iyer56,EMP0056,PC-FIN-056,Logon,1
L003444,2026-01-07 17:27:54,rajesh.iyer56,EMP0056,PC-FIN-056,Logoff,1
L003445,2026-01-08 09:47:03,rajesh.iyer56,EMP0056,PC-FIN-056,Logon,0
L003446,2026-01-08 18:33:13,rajesh.iyer56,EMP0056,PC-FIN-056,Logoff,0
L003447,2026-01-09 14:19:52,rajesh.iyer56,EMP0056,PC-FIN-056,Logon,0
L003448,2026-01-09 22:18:31,rajesh.iyer56,EMP0056,PC-FIN-056,Logoff,0
L003449,2026-01-12 23:22:48,rajesh.iyer56,EMP0056,PC-FIN-056,Logon,1
L003450,2026-01-13 09:43:41,rajesh.iyer56,EMP0056,PC-FIN-056,Logoff,1
L003451,2026-01-13 09:59:12,rajesh.iyer56,EMP0056,PC-FIN-056,Logon,0
L003452,2026-01-13 18:05:23,rajesh.iyer56,EMP0056,PC-FIN-056,Logoff,0
L003453,2026-01-14 05:48:50,rajesh.iyer56,EMP0056,PC-FIN-056,Logon,1
L003454,2026-01-14 17:17:46,rajesh.iyer56,EMP0056,PC-FIN-056,Logoff,1
L003455,2026-01-15 14:29:41,rajesh.iyer56,EMP0056,PC-FIN-056,Logon,0
L003456,2026-01-15 20:59:08,rajesh.iyer56,EMP0056,PC-FIN-056,Logoff,0
L003457,2026-01-16 09:09:13,rajesh.iyer56,EMP0056,PC-FIN-056,Logon,0
L003458,2026-01-16 15:48:28,rajesh.iyer56,EMP0056,PC-FIN-056,Logoff,0
L003459,2026-01-20 14:54:09,rajesh.iyer56,EMP0056,PC-FIN-056,Logon,0
L003460,2026-01-20 22:01:55,rajesh.iyer56,EMP0056,PC-FIN-056,Logoff,0
L003461,2026-01-21 08:03:06,rajesh.iyer56,EMP0056,PC-FIN-056,Logon,0
L003462,2026-01-21 15:07:06,rajesh.iyer56,EMP0056,PC-FIN-056,Logoff,0
L003463,2026-01-22 07:32:41,rajesh.iyer56,EMP0056,PC-FIN-056,Logon,0
L003464,2026-01-22 14:33:36,rajesh.iyer56,EMP0056,PC-FIN-056,Logoff,0
L003465,2026-01-23 22:15:02,rajesh.iyer56,EMP0056,PC-FIN-056,Logon,1
L003466,2026-01-24 06:57:48,rajesh.iyer56,EMP0056,PC-FIN-056,Logoff,1
L003467,2026-01-26 22:49:44,rajesh.iyer56,EMP0056,PC-FIN-056,Logon,1
L003468,2026-01-27 12:46:33,rajesh.iyer56,EMP0056,PC-FIN-056,Logoff,1
L003469,2026-01-27 23:55:52,rajesh.iyer56,EMP0056,PC-FIN-056,Logon,1
L003470,2026-01-28 11:49:58,rajesh.iyer56,EMP0056,PC-FIN-056,Logoff,1
L003471,2026-01-28 10:07:07,rajesh.iyer56,EMP0056,PC-FIN-056,Logon,0
L003472,2026-01-28 16:21:59,rajesh.iyer56,EMP0056,PC-FIN-056,Logoff,0
L003473,2026-01-29 12:01:37,rajesh.iyer56,EMP0056,PC-FIN-056,Logon,0
L003474,2026-01-29 19:44:45,rajesh.iyer56,EMP0056,PC-FIN-056,Logoff,0
L003475,2026-01-30 01:50:37,rajesh.iyer56,EMP0056,PC-FIN-056,Logon,1
L003476,2026-01-30 10:55:48,rajesh.iyer56,EMP0056,PC-FIN-056,Logoff,1
L003477,2026-02-02 07:04:45,rajesh.iyer56,EMP0056,PC-FIN-056,Logon,0
L003478,2026-02-02 15:48:20,rajesh.iyer56,EMP0056,PC-FIN-056,Logoff,0
L003479,2026-02-03 00:25:35,rajesh.iyer56,EMP0056,PC-FIN-056,Logon,1
L003480,2026-02-03 13:19:52,rajesh.iyer56,EMP0056,PC-FIN-056,Logoff,1
L003481,2026-02-04 06:53:37,rajesh.iyer56,EMP0056,PC-FIN-056,Logon,0
L003482,2026-02-04 14:30:38,rajesh.iyer56,EMP0056,PC-FIN-056,Logoff,0
L003483,2026-02-05 15:13:42,rajesh.iyer56,EMP0056,PC-FIN-056,Logon,0
L003484,2026-02-05 23:55:16,rajesh.iyer56,EMP0056,PC-FIN-056,Logoff,0
L003485,2026-02-06 08:35:28,rajesh.iyer56,EMP0056,PC-FIN-056,Logon,0
L003486,2026-02-06 16:59:33,rajesh.iyer56,EMP0056,PC-FIN-056,Logoff,0
L003487,2026-02-09 04:54:48,rajesh.iyer56,EMP0056,PC-FIN-056,Logon,1
L003488,2026-02-09 13:07:24,rajesh.iyer56,EMP0056,PC-FIN-056,Logoff,1
L003489,2026-02-10 10:34:10,rajesh.iyer56,EMP0056,PC-FIN-056,Logon,0
L003490,2026-02-10 17:50:18,rajesh.iyer56,EMP0056,PC-FIN-056,Logoff,0
L003491,2026-02-11 04:02:33,rajesh.iyer56,EMP0056,PC-FIN-056,Logon,1
L003492,2026-02-11 17:28:12,rajesh.iyer56,EMP0056,PC-FIN-056,Logoff,1
L003493,2026-02-12 08:31:44,rajesh.iyer56,EMP0056,PC-FIN-056,Logon,0
L003494,2026-02-12 15:28:03,rajesh.iyer56,EMP0056,PC-FIN-056,Logoff,0
L003495,2026-02-13 13:32:13,rajesh.iyer56,EMP0056,PC-FIN-056,Logon,0
L003496,2026-02-13 21:36:02,rajesh.iyer56,EMP0056,PC-FIN-056,Logoff,0
L003497,2026-01-05 08:35:13,manoj.mehta57,EMP0057,PC-FIN-057,Logon,0
L003498,2026-01-05 16:21:44,manoj.mehta57,EMP0057,PC-FIN-057,Logoff,0
L003499,2026-01-06 14:27:04,manoj.mehta57,EMP0057,PC-FIN-057,Logon,0
L003500,2026-01-06 22:06:02,manoj.mehta57,EMP0057,PC-FIN-057,Logoff,0
L003501,2026-01-07 14:10:25,manoj.mehta57,EMP0057,PC-FIN-057,Logon,0
L003502,2026-01-07 21:32:30,manoj.mehta57,EMP0057,PC-FIN-057,Logoff,0
L003503,2026-01-08 14:44:09,manoj.mehta57,EMP0057,PC-FIN-057,Logon,0
L003504,2026-01-08 22:20:36,manoj.mehta57,EMP0057,PC-FIN-057,Logoff,0
L003505,2026-01-09 14:40:44,manoj.mehta57,EMP0057,PC-FIN-057,Logon,0
L003506,2026-01-09 22:36:56,manoj.mehta57,EMP0057,PC-FIN-057,Logoff,0
L003507,2026-01-12 12:10:26,manoj.mehta57,EMP0057,PC-FIN-057,Logon,0
L003508,2026-01-12 20:38:18,manoj.mehta57,EMP0057,PC-FIN-057,Logoff,0
L003509,2026-01-13 15:24:01,manoj.mehta57,EMP0057,PC-FIN-057,Logon,0
L003510,2026-01-14 00:17:32,manoj.mehta57,EMP0057,PC-FIN-057,Logoff,0
L003511,2026-01-14 09:34:07,manoj.mehta57,EMP0057,PC-FIN-057,Logon,0
L003512,2026-01-14 17:37:13,manoj.mehta57,EMP0057,PC-FIN-057,Logoff,0
L003513,2026-01-15 10:05:23,manoj.mehta57,EMP0057,PC-FIN-057,Logon,0
L003514,2026-01-15 18:49:02,manoj.mehta57,EMP0057,PC-FIN-057,Logoff,0
L003515,2026-01-16 08:51:14,manoj.mehta57,EMP0057,PC-FIN-057,Logon,0
L003516,2026-01-16 15:40:29,manoj.mehta57,EMP0057,PC-FIN-057,Logoff,0
L003517,2026-01-19 19:50:59,manoj.mehta57,EMP0057,PC-FIN-057,Logon,0
L003518,2026-01-20 02:13:12,manoj.mehta57,EMP0057,PC-FIN-057,Logoff,0
L003519,2026-01-20 16:37:52,manoj.mehta57,EMP0057,PC-FIN-057,Logon,0
L003520,2026-01-21 01:03:05,manoj.mehta57,EMP0057,PC-FIN-057,Logoff,0
L003521,2026-01-21 10:36:55,manoj.mehta57,EMP0057,PC-FIN-057,Logon,0
L003522,2026-01-21 17:27:40,manoj.mehta57,EMP0057,PC-FIN-057,Logoff,0
L003523,2026-01-22 07:03:10,manoj.mehta57,EMP0057,PC-FIN-057,Logon,0
L003524,2026-01-22 14:00:24,manoj.mehta57,EMP0057,PC-FIN-057,Logoff,0
L003525,2026-01-23 08:51:47,manoj.mehta57,EMP0057,PC-FIN-057,Logon,0
L003526,2026-01-23 16:53:47,manoj.mehta57,EMP0057,PC-FIN-057,Logoff,0
L003527,2026-01-26 11:37:08,manoj.mehta57,EMP0057,PC-FIN-057,Logon,0
L003528,2026-01-26 18:23:45,manoj.mehta57,EMP0057,PC-FIN-057,Logoff,0
L003529,2026-01-27 14:42:08,manoj.mehta57,EMP0057,PC-FIN-057,Logon,0
L003530,2026-01-27 21:07:48,manoj.mehta57,EMP0057,PC-FIN-057,Logoff,0
L003531,2026-01-28 09:58:46,manoj.mehta57,EMP0057,PC-FIN-057,Logon,0
L003532,2026-01-28 17:53:49,manoj.mehta57,EMP0057,PC-FIN-057,Logoff,0
L003533,2026-01-29 15:43:38,manoj.mehta57,EMP0057,PC-FIN-057,Logon,0
L003534,2026-01-29 22:58:55,manoj.mehta57,EMP0057,PC-FIN-057,Logoff,0
L003535,2026-01-30 11:22:51,manoj.mehta57,EMP0057,PC-FIN-057,Logon,0
L003536,2026-01-30 18:47:12,manoj.mehta57,EMP0057,PC-FIN-057,Logoff,0
L003537,2026-02-02 14:59:52,manoj.mehta57,EMP0057,PC-FIN-057,Logon,0
L003538,2026-02-02 21:41:02,manoj.mehta57,EMP0057,PC-FIN-057,Logoff,0
L003539,2026-02-03 07:19:26,manoj.mehta57,EMP0057,PC-FIN-057,Logon,0
L003540,2026-02-03 15:38:08,manoj.mehta57,EMP0057,PC-FIN-057,Logoff,0
L003541,2026-02-04 13:04:46,manoj.mehta57,EMP0057,PC-FIN-057,Logon,0
L003542,2026-02-04 19:47:58,manoj.mehta57,EMP0057,PC-FIN-057,Logoff,0
L003543,2026-02-05 13:05:47,manoj.mehta57,EMP0057,PC-FIN-057,Logon,0
L003544,2026-02-05 19:57:14,manoj.mehta57,EMP0057,PC-FIN-057,Logoff,0
L003545,2026-02-06 15:00:27,manoj.mehta57,EMP0057,PC-FIN-057,Logon,0
L003546,2026-02-06 23:02:18,manoj.mehta57,EMP0057,PC-FIN-057,Logoff,0
L003547,2026-02-09 14:43:56,manoj.mehta57,EMP0057,PC-FIN-057,Logon,0
L003548,2026-02-09 22:19:46,manoj.mehta57,EMP0057,PC-FIN-057,Logoff,0
L003549,2026-02-10 01:12:58,manoj.mehta57,EMP0057,PC-FIN-057,Logon,0
L003550,2026-02-10 09:42:37,manoj.mehta57,EMP0057,PC-FIN-057,Logoff,0
L003551,2026-02-12 12:22:15,manoj.mehta57,EMP0057,PC-FIN-057,Logon,0
L003552,2026-02-12 21:21:12,manoj.mehta57,EMP0057,PC-FIN-057,Logoff,0
L003553,2026-02-13 17:56:33,manoj.mehta57,EMP0057,PC-FIN-057,Logon,0
L003554,2026-02-14 01:59:41,manoj.mehta57,EMP0057,PC-FIN-057,Logoff,0
L003555,2026-02-14 08:59:56,manoj.mehta57,EMP0057,PC-FIN-057,Logon,0
L003556,2026-02-14 17:17:24,manoj.mehta57,EMP0057,PC-FIN-057,Logoff,0
L003557,2026-01-01 08:23:53,anjali.mehta58,EMP0058,PC-FIN-058,Logon,0
L003558,2026-01-01 14:47:52,anjali.mehta58,EMP0058,PC-FIN-058,Logoff,0
L003559,2026-01-02 05:31:24,anjali.mehta58,EMP0058,PC-FIN-058,Logon,0
L003560,2026-01-02 12:02:05,anjali.mehta58,EMP0058,PC-FIN-058,Logoff,0
L003561,2026-01-05 16:54:49,anjali.mehta58,EMP0058,PC-FIN-058,Logon,0
L003562,2026-01-06 01:29:13,anjali.mehta58,EMP0058,PC-FIN-058,Logoff,0
L003563,2026-01-06 11:16:13,anjali.mehta58,EMP0058,PC-FIN-058,Logon,0
L003564,2026-01-06 17:16:37,anjali.mehta58,EMP0058,PC-FIN-058,Logoff,0
L003565,2026-01-07 10:59:19,anjali.mehta58,EMP0058,PC-FIN-058,Logon,0
L003566,2026-01-07 19:46:33,anjali.mehta58,EMP0058,PC-FIN-058,Logoff,0
L003567,2026-01-08 12:57:02,anjali.mehta58,EMP0058,PC-FIN-058,Logon,0
L003568,2026-01-08 21:45:24,anjali.mehta58,EMP0058,PC-FIN-058,Logoff,0
L003569,2026-01-09 16:03:22,anjali.mehta58,EMP0058,PC-FIN-058,Logon,0
L003570,2026-01-09 22:04:25,anjali.mehta58,EMP0058,PC-FIN-058,Logoff,0
L003571,2026-01-12 10:46:11,anjali.mehta58,EMP0058,PC-FIN-058,Logon,0
L003572,2026-01-12 17:58:33,anjali.mehta58,EMP0058,PC-FIN-058,Logoff,0
L003573,2026-01-14 08:33:32,anjali.mehta58,EMP0058,PC-FIN-058,Logon,0
L003574,2026-01-14 17:15:15,anjali.mehta58,EMP0058,PC-FIN-058,Logoff,0
L003575,2026-01-15 17:00:09,anjali.mehta58,EMP0058,PC-FIN-058,Logon,0
L003576,2026-01-16 01:18:39,anjali.mehta58,EMP0058,PC-FIN-058,Logoff,0
L003577,2026-01-16 11:23:19,anjali.mehta58,EMP0058,PC-FIN-058,Logon,0
L003578,2026-01-16 18:28:55,anjali.mehta58,EMP0058,PC-FIN-058,Logoff,0
L003579,2026-01-19 22:42:53,anjali.mehta58,EMP0058,PC-FIN-058,Logon,0
L003580,2026-01-20 06:01:58,anjali.mehta58,EMP0058,PC-FIN-058,Logoff,0
L003581,2026-01-20 15:00:22,anjali.mehta58,EMP0058,PC-FIN-058,Logon,0
L003582,2026-01-20 23:39:24,anjali.mehta58,EMP0058,PC-FIN-058,Logoff,0
L003583,2026-01-21 07:18:02,anjali.mehta58,EMP0058,PC-FIN-058,Logon,0
L003584,2026-01-21 13:42:05,anjali.mehta58,EMP0058,PC-FIN-058,Logoff,0
L003585,2026-01-22 10:02:10,anjali.mehta58,EMP0058,PC-FIN-058,Logon,0
L003586,2026-01-22 18:02:05,anjali.mehta58,EMP0058,PC-FIN-058,Logoff,0
L003587,2026-01-23 19:17:07,anjali.mehta58,EMP0058,PC-FIN-058,Logon,0
L003588,2026-01-24 02:32:54,anjali.mehta58,EMP0058,PC-FIN-058,Logoff,0
L003589,2026-01-26 10:48:49,anjali.mehta58,EMP0058,PC-FIN-058,Logon,0
L003590,2026-01-26 19:27:32,anjali.mehta58,EMP0058,PC-FIN-058,Logoff,0
L003591,2026-01-27 17:53:52,anjali.mehta58,EMP0058,PC-FIN-058,Logon,0
L003592,2026-01-28 01:03:51,anjali.mehta58,EMP0058,PC-FIN-058,Logoff,0
L003593,2026-01-28 07:01:08,anjali.mehta58,EMP0058,PC-FIN-058,Logon,0
L003594,2026-01-28 13:29:07,anjali.mehta58,EMP0058,PC-FIN-058,Logoff,0
L003595,2026-01-29 15:15:03,anjali.mehta58,EMP0058,PC-FIN-058,Logon,0
L003596,2026-01-29 23:17:08,anjali.mehta58,EMP0058,PC-FIN-058,Logoff,0
L003597,2026-01-30 21:47:00,anjali.mehta58,EMP0058,PC-FIN-058,Logon,0
L003598,2026-01-31 05:05:10,anjali.mehta58,EMP0058,PC-FIN-058,Logoff,0
L003599,2026-02-02 09:09:46,anjali.mehta58,EMP0058,PC-FIN-058,Logon,0
L003600,2026-02-02 16:41:47,anjali.mehta58,EMP0058,PC-FIN-058,Logoff,0
L003601,2026-02-03 15:55:16,anjali.mehta58,EMP0058,PC-FIN-058,Logon,0
L003602,2026-02-04 00:54:13,anjali.mehta58,EMP0058,PC-FIN-058,Logoff,0
L003603,2026-02-04 15:12:30,anjali.mehta58,EMP0058,PC-FIN-058,Logon,0
L003604,2026-02-04 23:19:39,anjali.mehta58,EMP0058,PC-FIN-058,Logoff,0
L003605,2026-02-05 14:32:39,anjali.mehta58,EMP0058,PC-FIN-058,Logon,0
L003606,2026-02-05 21:05:15,anjali.mehta58,EMP0058,PC-FIN-058,Logoff,0
L003607,2026-02-06 13:40:09,anjali.mehta58,EMP0058,PC-FIN-058,Logon,0
L003608,2026-02-06 20:21:26,anjali.mehta58,EMP0058,PC-FIN-058,Logoff,0
L003609,2026-02-08 18:27:01,anjali.mehta58,EMP0058,PC-FIN-058,Logon,0
L003610,2026-02-09 02:17:58,anjali.mehta58,EMP0058,PC-FIN-058,Logoff,0
L003611,2026-02-09 05:26:33,anjali.mehta58,EMP0058,PC-FIN-058,Logon,0
L003612,2026-02-09 12:21:42,anjali.mehta58,EMP0058,PC-FIN-058,Logoff,0
L003613,2026-02-10 09:21:27,anjali.mehta58,EMP0058,PC-FIN-058,Logon,0
L003614,2026-02-10 16:47:42,anjali.mehta58,EMP0058,PC-FIN-058,Logoff,0
L003615,2026-02-11 13:19:07,anjali.mehta58,EMP0058,PC-FIN-058,Logon,0
L003616,2026-02-11 20:07:34,anjali.mehta58,EMP0058,PC-FIN-058,Logoff,0
L003617,2026-02-12 10:26:15,anjali.mehta58,EMP0058,PC-FIN-058,Logon,0
L003618,2026-02-12 17:23:49,anjali.mehta58,EMP0058,PC-FIN-058,Logoff,0
L003619,2026-02-14 15:13:18,anjali.mehta58,EMP0058,PC-FIN-058,Logon,0
L003620,2026-02-14 22:38:16,anjali.mehta58,EMP0058,PC-FIN-058,Logoff,0
L003621,2026-01-01 07:11:16,deepak.naidu59,EMP0059,PC-ENG-059,Logon,0
L003622,2026-01-01 16:01:57,deepak.naidu59,EMP0059,PC-ENG-059,Logoff,0
L003623,2026-01-02 09:06:42,deepak.naidu59,EMP0059,PC-ENG-059,Logon,0
L003624,2026-01-02 15:09:09,deepak.naidu59,EMP0059,PC-ENG-059,Logoff,0
L003625,2026-01-05 15:23:47,deepak.naidu59,EMP0059,PC-ENG-059,Logon,0
L003626,2026-01-05 23:43:58,deepak.naidu59,EMP0059,PC-ENG-059,Logoff,0
L003627,2026-01-06 10:41:17,deepak.naidu59,EMP0059,PC-ENG-059,Logon,0
L003628,2026-01-06 17:19:05,deepak.naidu59,EMP0059,PC-ENG-059,Logoff,0
L003629,2026-01-07 16:08:40,deepak.naidu59,EMP0059,PC-ENG-059,Logon,0
L003630,2026-01-08 00:22:19,deepak.naidu59,EMP0059,PC-ENG-059,Logoff,0
L003631,2026-01-08 13:58:56,deepak.naidu59,EMP0059,PC-ENG-059,Logon,0
L003632,2026-01-08 21:56:43,deepak.naidu59,EMP0059,PC-ENG-059,Logoff,0
L003633,2026-01-09 14:59:06,deepak.naidu59,EMP0059,PC-ENG-059,Logon,0
L003634,2026-01-09 21:12:34,deepak.naidu59,EMP0059,PC-ENG-059,Logoff,0
L003635,2026-01-12 22:12:34,deepak.naidu59,EMP0059,PC-ENG-059,Logon,0
L003636,2026-01-13 06:22:18,deepak.naidu59,EMP0059,PC-ENG-059,Logoff,0
L003637,2026-01-14 12:16:57,deepak.naidu59,EMP0059,PC-ENG-059,Logon,0
L003638,2026-01-14 20:54:49,deepak.naidu59,EMP0059,PC-ENG-059,Logoff,0
L003639,2026-01-15 17:22:57,deepak.naidu59,EMP0059,PC-ENG-059,Logon,0
L003640,2026-01-16 00:28:49,deepak.naidu59,EMP0059,PC-ENG-059,Logoff,0
L003641,2026-01-16 07:27:04,deepak.naidu59,EMP0059,PC-ENG-059,Logon,0
L003642,2026-01-16 14:53:58,deepak.naidu59,EMP0059,PC-ENG-059,Logoff,0
L003643,2026-01-19 08:17:44,deepak.naidu59,EMP0059,PC-ENG-059,Logon,0
L003644,2026-01-19 17:11:52,deepak.naidu59,EMP0059,PC-ENG-059,Logoff,0
L003645,2026-01-20 19:03:50,deepak.naidu59,EMP0059,PC-ENG-059,Logon,0
L003646,2026-01-21 03:58:52,deepak.naidu59,EMP0059,PC-ENG-059,Logoff,0
L003647,2026-01-21 15:31:43,deepak.naidu59,EMP0059,PC-ENG-059,Logon,0
L003648,2026-01-21 23:07:33,deepak.naidu59,EMP0059,PC-ENG-059,Logoff,0
L003649,2026-01-22 07:28:48,deepak.naidu59,EMP0059,PC-ENG-059,Logon,0
L003650,2026-01-22 15:00:28,deepak.naidu59,EMP0059,PC-ENG-059,Logoff,0
L003651,2026-01-23 10:38:17,deepak.naidu59,EMP0059,PC-ENG-059,Logon,0
L003652,2026-01-23 17:15:31,deepak.naidu59,EMP0059,PC-ENG-059,Logoff,0
L003653,2026-01-24 13:00:56,deepak.naidu59,EMP0059,PC-ENG-059,Logon,0
L003654,2026-01-24 21:48:05,deepak.naidu59,EMP0059,PC-ENG-059,Logoff,0
L003655,2026-01-26 14:16:19,deepak.naidu59,EMP0059,PC-ENG-059,Logon,0
L003656,2026-01-26 22:49:45,deepak.naidu59,EMP0059,PC-ENG-059,Logoff,0
L003657,2026-01-27 09:07:10,deepak.naidu59,EMP0059,PC-ENG-059,Logon,0
L003658,2026-01-27 15:47:28,deepak.naidu59,EMP0059,PC-ENG-059,Logoff,0
L003659,2026-01-28 09:40:09,deepak.naidu59,EMP0059,PC-ENG-059,Logon,0
L003660,2026-01-28 18:29:43,deepak.naidu59,EMP0059,PC-ENG-059,Logoff,0
L003661,2026-01-29 08:55:50,deepak.naidu59,EMP0059,PC-ENG-059,Logon,0
L003662,2026-01-29 15:05:06,deepak.naidu59,EMP0059,PC-ENG-059,Logoff,0
L003663,2026-01-30 22:13:34,deepak.naidu59,EMP0059,PC-ENG-059,Logon,0
L003664,2026-01-31 04:34:28,deepak.naidu59,EMP0059,PC-ENG-059,Logoff,0
L003665,2026-02-02 10:45:56,deepak.naidu59,EMP0059,PC-ENG-059,Logon,0
L003666,2026-02-02 18:24:48,deepak.naidu59,EMP0059,PC-ENG-059,Logoff,0
L003667,2026-02-03 11:39:18,deepak.naidu59,EMP0059,PC-ENG-059,Logon,0
L003668,2026-02-03 18:37:44,deepak.naidu59,EMP0059,PC-ENG-059,Logoff,0
L003669,2026-02-04 15:52:22,deepak.naidu59,EMP0059,PC-ENG-059,Logon,0
L003670,2026-02-04 22:31:50,deepak.naidu59,EMP0059,PC-ENG-059,Logoff,0
L003671,2026-02-05 08:01:34,deepak.naidu59,EMP0059,PC-ENG-059,Logon,0
L003672,2026-02-05 15:59:53,deepak.naidu59,EMP0059,PC-ENG-059,Logoff,0
L003673,2026-02-06 18:37:06,deepak.naidu59,EMP0059,PC-ENG-059,Logon,0
L003674,2026-02-07 02:47:10,deepak.naidu59,EMP0059,PC-ENG-059,Logoff,0
L003675,2026-02-09 13:38:35,deepak.naidu59,EMP0059,PC-ENG-059,Logon,0
L003676,2026-02-09 20:15:41,deepak.naidu59,EMP0059,PC-ENG-059,Logoff,0
L003677,2026-02-10 10:13:37,deepak.naidu59,EMP0059,PC-ENG-059,Logon,0
L003678,2026-02-10 18:06:58,deepak.naidu59,EMP0059,PC-ENG-059,Logoff,0
L003679,2026-02-11 10:28:14,deepak.naidu59,EMP0059,PC-ENG-059,Logon,0
L003680,2026-02-11 18:39:35,deepak.naidu59,EMP0059,PC-ENG-059,Logoff,0
L003681,2026-02-12 08:30:05,deepak.naidu59,EMP0059,PC-ENG-059,Logon,0
L003682,2026-02-12 15:59:21,deepak.naidu59,EMP0059,PC-ENG-059,Logoff,0
L003683,2026-02-13 15:11:12,deepak.naidu59,EMP0059,PC-ENG-059,Logon,0
L003684,2026-02-13 22:53:44,deepak.naidu59,EMP0059,PC-ENG-059,Logoff,0
L003685,2026-01-01 09:19:10,manoj.sharma60,EMP0060,PC-ENG-060,Logon,0
L003686,2026-01-01 17:58:30,manoj.sharma60,EMP0060,PC-ENG-060,Logoff,0
L003687,2026-01-02 14:12:04,manoj.sharma60,EMP0060,PC-ENG-060,Logon,0
L003688,2026-01-02 20:37:54,manoj.sharma60,EMP0060,PC-ENG-060,Logoff,0
L003689,2026-01-05 11:46:33,manoj.sharma60,EMP0060,PC-ENG-060,Logon,0
L003690,2026-01-05 18:11:15,manoj.sharma60,EMP0060,PC-ENG-060,Logoff,0
L003691,2026-01-06 01:06:24,manoj.sharma60,EMP0060,PC-ENG-060,Logon,0
L003692,2026-01-06 08:15:31,manoj.sharma60,EMP0060,PC-ENG-060,Logoff,0
L003693,2026-01-07 01:53:41,manoj.sharma60,EMP0060,PC-ENG-060,Logon,0
L003694,2026-01-07 10:41:55,manoj.sharma60,EMP0060,PC-ENG-060,Logoff,0
L003695,2026-01-08 15:17:09,manoj.sharma60,EMP0060,PC-ENG-060,Logon,0
L003696,2026-01-09 00:06:05,manoj.sharma60,EMP0060,PC-ENG-060,Logoff,0
L003697,2026-01-09 15:00:50,manoj.sharma60,EMP0060,PC-ENG-060,Logon,0
L003698,2026-01-09 21:19:58,manoj.sharma60,EMP0060,PC-ENG-060,Logoff,0
L003699,2026-01-12 08:30:48,manoj.sharma60,EMP0060,PC-ENG-060,Logon,0
L003700,2026-01-12 16:12:06,manoj.sharma60,EMP0060,PC-ENG-060,Logoff,0
L003701,2026-01-13 08:21:30,manoj.sharma60,EMP0060,PC-ENG-060,Logon,0
L003702,2026-01-13 14:49:18,manoj.sharma60,EMP0060,PC-ENG-060,Logoff,0
L003703,2026-01-14 14:40:34,manoj.sharma60,EMP0060,PC-ENG-060,Logon,0
L003704,2026-01-14 21:02:43,manoj.sharma60,EMP0060,PC-ENG-060,Logoff,0
L003705,2026-01-15 07:18:06,manoj.sharma60,EMP0060,PC-ENG-060,Logon,0
L003706,2026-01-15 14:50:10,manoj.sharma60,EMP0060,PC-ENG-060,Logoff,0
L003707,2026-01-16 08:58:14,manoj.sharma60,EMP0060,PC-ENG-060,Logon,0
L003708,2026-01-16 15:02:33,manoj.sharma60,EMP0060,PC-ENG-060,Logoff,0
L003709,2026-01-19 09:56:43,manoj.sharma60,EMP0060,PC-ENG-060,Logon,0
L003710,2026-01-19 17:05:58,manoj.sharma60,EMP0060,PC-ENG-060,Logoff,0
L003711,2026-01-20 16:07:31,manoj.sharma60,EMP0060,PC-ENG-060,Logon,0
L003712,2026-01-20 22:38:02,manoj.sharma60,EMP0060,PC-ENG-060,Logoff,0
L003713,2026-01-21 07:18:22,manoj.sharma60,EMP0060,PC-ENG-060,Logon,0
L003714,2026-01-21 13:32:05,manoj.sharma60,EMP0060,PC-ENG-060,Logoff,0
L003715,2026-01-22 10:59:58,manoj.sharma60,EMP0060,PC-ENG-060,Logon,0
L003716,2026-01-22 17:15:13,manoj.sharma60,EMP0060,PC-ENG-060,Logoff,0
L003717,2026-01-26 08:27:09,manoj.sharma60,EMP0060,PC-ENG-060,Logon,0
L003718,2026-01-26 17:07:54,manoj.sharma60,EMP0060,PC-ENG-060,Logoff,0
L003719,2026-01-27 13:18:22,manoj.sharma60,EMP0060,PC-ENG-060,Logon,0
L003720,2026-01-27 21:55:56,manoj.sharma60,EMP0060,PC-ENG-060,Logoff,0
L003721,2026-01-28 12:23:59,manoj.sharma60,EMP0060,PC-ENG-060,Logon,0
L003722,2026-01-28 19:11:45,manoj.sharma60,EMP0060,PC-ENG-060,Logoff,0
L003723,2026-01-29 15:50:00,manoj.sharma60,EMP0060,PC-ENG-060,Logon,0
L003724,2026-01-30 00:25:06,manoj.sharma60,EMP0060,PC-ENG-060,Logoff,0
L003725,2026-01-30 15:09:20,manoj.sharma60,EMP0060,PC-ENG-060,Logon,0
L003726,2026-01-30 21:35:56,manoj.sharma60,EMP0060,PC-ENG-060,Logoff,0
L003727,2026-02-02 15:07:36,manoj.sharma60,EMP0060,PC-ENG-060,Logon,0
L003728,2026-02-02 22:24:32,manoj.sharma60,EMP0060,PC-ENG-060,Logoff,0
L003729,2026-02-03 08:20:08,manoj.sharma60,EMP0060,PC-ENG-060,Logon,0
L003730,2026-02-03 14:52:52,manoj.sharma60,EMP0060,PC-ENG-060,Logoff,0
L003731,2026-02-04 10:27:30,manoj.sharma60,EMP0060,PC-ENG-060,Logon,0
L003732,2026-02-04 18:32:18,manoj.sharma60,EMP0060,PC-ENG-060,Logoff,0
L003733,2026-02-05 15:21:08,manoj.sharma60,EMP0060,PC-ENG-060,Logon,0
L003734,2026-02-05 23:45:31,manoj.sharma60,EMP0060,PC-ENG-060,Logoff,0
L003735,2026-02-06 09:26:35,manoj.sharma60,EMP0060,PC-ENG-060,Logon,0
L003736,2026-02-06 16:56:03,manoj.sharma60,EMP0060,PC-ENG-060,Logoff,0
L003737,2026-02-09 10:37:45,manoj.sharma60,EMP0060,PC-ENG-060,Logon,0
L003738,2026-02-09 17:53:40,manoj.sharma60,EMP0060,PC-ENG-060,Logoff,0
L003739,2026-02-10 14:47:14,manoj.sharma60,EMP0060,PC-ENG-060,Logon,0
L003740,2026-02-10 22:53:47,manoj.sharma60,EMP0060,PC-ENG-060,Logoff,0
L003741,2026-02-11 00:54:01,manoj.sharma60,EMP0060,PC-ENG-060,Logon,0
L003742,2026-02-11 07:59:14,manoj.sharma60,EMP0060,PC-ENG-060,Logoff,0
L003743,2026-02-12 08:07:03,manoj.sharma60,EMP0060,PC-ENG-060,Logon,0
L003744,2026-02-12 16:51:05,manoj.sharma60,EMP0060,PC-ENG-060,Logoff,0
L003745,2026-02-13 16:49:52,manoj.sharma60,EMP0060,PC-ENG-060,Logon,0
L003746,2026-02-13 23:14:56,manoj.sharma60,EMP0060,PC-ENG-060,Logoff,0
